Expense,Account,Account Balance,Amount,Category,Date,Detail,Expense This Month
Costco,General (https://app.notion.com/p/General-1fe52a1550c180d89a84f6b6694a42f5?pvs=21),3524,"NT$4,657.00",Food (https://app.notion.com/p/Food-1de52a1550c1808585f7c8d0cbbab341?pvs=21),2023/12/31,,$0.00
竹東排骨酥,General (https://app.notion.com/p/General-1fe52a1550c180d89a84f6b6694a42f5?pvs=21),3524,NT$384.00,Food (https://app.notion.com/p/Food-1de52a1550c1808585f7c8d0cbbab341?pvs=21),2023/12/31,,$0.00
健保費,Fixed (https://app.notion.com/p/Fixed-1de52a1550c180f19995d25cbc6f1038?pvs=21),27122,NT$990.00,Insurance (https://app.notion.com/p/Insurance-1de52a1550c181f09d1dfb6d85985a86?pvs=21),2023/12/31,,$0.00
勞保費,Fixed (https://app.notion.com/p/Fixed-1de52a1550c180f19995d25cbc6f1038?pvs=21),27122,"NT$1,100.00",Insurance (https://app.notion.com/p/Insurance-1de52a1550c181f09d1dfb6d85985a86?pvs=21),2023/12/31,,$0.00
匯給媽,Fixed (https://app.notion.com/p/Fixed-1de52a1550c180f19995d25cbc6f1038?pvs=21),27122,"NT$6,000.00",Family (https://app.notion.com/p/Family-1de52a1550c181faa107fcc0a73d8120?pvs=21),2023/12/31,,$0.00
水行俠2,General (https://app.notion.com/p/General-1fe52a1550c180d89a84f6b6694a42f5?pvs=21),8565,NT$965.00,Fun (https://app.notion.com/p/Fun-1de52a1550c180f197e2ff3116ec3fa2?pvs=21),2023/12/30,,$0.00
保齡球,General (https://app.notion.com/p/General-1fe52a1550c180d89a84f6b6694a42f5?pvs=21),8565,NT$897.00,Fun (https://app.notion.com/p/Fun-1de52a1550c180f197e2ff3116ec3fa2?pvs=21),2023/12/30,,$0.00
姜滿堂,General (https://app.notion.com/p/General-1fe52a1550c180d89a84f6b6694a42f5?pvs=21),8565,"NT$2,088.00",Food (https://app.notion.com/p/Food-1de52a1550c1808585f7c8d0cbbab341?pvs=21),2023/12/30,,$0.00
射飛鏢,General (https://app.notion.com/p/General-1fe52a1550c180d89a84f6b6694a42f5?pvs=21),8565,NT$135.00,Fun (https://app.notion.com/p/Fun-1de52a1550c180f197e2ff3116ec3fa2?pvs=21),2023/12/30,,$0.00
大戶屋,General (https://app.notion.com/p/General-1fe52a1550c180d89a84f6b6694a42f5?pvs=21),9850,NT$977.00,Food (https://app.notion.com/p/Food-1de52a1550c1808585f7c8d0cbbab341?pvs=21),2023/12/29,,$0.00
全聯,General (https://app.notion.com/p/General-1fe52a1550c180d89a84f6b6694a42f5?pvs=21),9850,NT$430.00,Food (https://app.notion.com/p/Food-1de52a1550c1808585f7c8d0cbbab341?pvs=21),2023/12/29,,$0.00
矽統福利金,Savings (https://app.notion.com/p/Savings-1de52a1550c18029b280dc7d9d36cb03?pvs=21),242733,NT$271.00,Fun (https://app.notion.com/p/Fun-1de52a1550c180f197e2ff3116ec3fa2?pvs=21),2023/12/29,,$0.00
DoomKeeper,General (https://app.notion.com/p/General-1fe52a1550c180d89a84f6b6694a42f5?pvs=21),-12647,NT$151.00,Fun (https://app.notion.com/p/Fun-1de52a1550c180f197e2ff3116ec3fa2?pvs=21),2023/12/28,,$0.00
AD乳液,General (https://app.notion.com/p/General-1fe52a1550c180d89a84f6b6694a42f5?pvs=21),-12647,NT$458.00,Health (https://app.notion.com/p/Health-1de52a1550c180948ad5c45ef59a5bb8?pvs=21),2023/12/28,,$0.00
綠茶,General (https://app.notion.com/p/General-1fe52a1550c180d89a84f6b6694a42f5?pvs=21),-10424,NT$20.00,Food (https://app.notion.com/p/Food-1de52a1550c1808585f7c8d0cbbab341?pvs=21),2023/12/27,,$0.00
酸菜魚,General (https://app.notion.com/p/General-1fe52a1550c180d89a84f6b6694a42f5?pvs=21),-12647,"NT$1,614.00",Food (https://app.notion.com/p/Food-1de52a1550c1808585f7c8d0cbbab341?pvs=21),2023/12/28,,$0.00
丐幫滷味,General (https://app.notion.com/p/General-1fe52a1550c180d89a84f6b6694a42f5?pvs=21),-10424,NT$140.00,Food (https://app.notion.com/p/Food-1de52a1550c1808585f7c8d0cbbab341?pvs=21),2023/12/27,,$0.00
咖啡,General (https://app.notion.com/p/General-1fe52a1550c180d89a84f6b6694a42f5?pvs=21),-10424,NT$35.00,Food (https://app.notion.com/p/Food-1de52a1550c1808585f7c8d0cbbab341?pvs=21),2023/12/27,,$0.00
加油費,General (https://app.notion.com/p/General-1fe52a1550c180d89a84f6b6694a42f5?pvs=21),-15689,NT$163.00,Traffic (https://app.notion.com/p/Traffic-1de52a1550c1807b8ff6e40f804e1127?pvs=21),2023/12/26,,$0.00
50嵐,General (https://app.notion.com/p/General-1fe52a1550c180d89a84f6b6694a42f5?pvs=21),-15689,NT$40.00,Food (https://app.notion.com/p/Food-1de52a1550c1808585f7c8d0cbbab341?pvs=21),2023/12/26,,$0.00
五鮮級,General (https://app.notion.com/p/General-1fe52a1550c180d89a84f6b6694a42f5?pvs=21),-15689,NT$922.00,Food (https://app.notion.com/p/Food-1de52a1550c1808585f7c8d0cbbab341?pvs=21),2023/12/26,,$0.00
咖啡,General (https://app.notion.com/p/General-1fe52a1550c180d89a84f6b6694a42f5?pvs=21),-15689,NT$35.00,Food (https://app.notion.com/p/Food-1de52a1550c1808585f7c8d0cbbab341?pvs=21),2023/12/26,,$0.00
Costco蛋白粉,General (https://app.notion.com/p/General-1fe52a1550c180d89a84f6b6694a42f5?pvs=21),-14529,"NT$1,699.00",Other (https://app.notion.com/p/Other-1de52a1550c1810a92c1c432337241e8?pvs=21),2023/12/25,,$0.00
上菜,General (https://app.notion.com/p/General-1fe52a1550c180d89a84f6b6694a42f5?pvs=21),-14529,NT$800.00,Food (https://app.notion.com/p/Food-1de52a1550c1808585f7c8d0cbbab341?pvs=21),2023/12/25,,$0.00
地墊,General (https://app.notion.com/p/General-1fe52a1550c180d89a84f6b6694a42f5?pvs=21),-11970,"NT$3,720.00",Other (https://app.notion.com/p/Other-1de52a1550c1810a92c1c432337241e8?pvs=21),2023/12/24,,$0.00
7-11,General (https://app.notion.com/p/General-1fe52a1550c180d89a84f6b6694a42f5?pvs=21),-14529,NT$60.00,Food (https://app.notion.com/p/Food-1de52a1550c1808585f7c8d0cbbab341?pvs=21),2023/12/25,,$0.00
竹東排骨酥,General (https://app.notion.com/p/General-1fe52a1550c180d89a84f6b6694a42f5?pvs=21),-9150,NT$448.00,Food (https://app.notion.com/p/Food-1de52a1550c1808585f7c8d0cbbab341?pvs=21),2023/12/21,,$0.00
龜記,General (https://app.notion.com/p/General-1fe52a1550c180d89a84f6b6694a42f5?pvs=21),-9250,NT$100.00,Food (https://app.notion.com/p/Food-1de52a1550c1808585f7c8d0cbbab341?pvs=21),2023/12/22,,$0.00
豬頰肉,General (https://app.notion.com/p/General-1fe52a1550c180d89a84f6b6694a42f5?pvs=21),-9150,NT$610.00,Food (https://app.notion.com/p/Food-1de52a1550c1808585f7c8d0cbbab341?pvs=21),2023/12/21,,$0.00
Campion 束口褲,General (https://app.notion.com/p/General-1fe52a1550c180d89a84f6b6694a42f5?pvs=21),-9150,NT$639.00,Clothes (https://app.notion.com/p/Clothes-1de52a1550c181c098ebee3f08c04f38?pvs=21),2023/12/21,,$0.00
漱口水,General (https://app.notion.com/p/General-1fe52a1550c180d89a84f6b6694a42f5?pvs=21),-9150,NT$529.00,Groceries (https://app.notion.com/p/Groceries-1de52a1550c180c6be6cdfaeb95cee9a?pvs=21),2023/12/21,,$0.00
Costco熱狗,General (https://app.notion.com/p/General-1fe52a1550c180d89a84f6b6694a42f5?pvs=21),-9150,NT$50.00,Food (https://app.notion.com/p/Food-1de52a1550c1808585f7c8d0cbbab341?pvs=21),2023/12/21,,$0.00
萬歲牌總匯點心包*2,General (https://app.notion.com/p/General-1fe52a1550c180d89a84f6b6694a42f5?pvs=21),-9150,NT$998.00,Other (https://app.notion.com/p/Other-1de52a1550c1810a92c1c432337241e8?pvs=21),2023/12/21,,$0.00
茶湯會,General (https://app.notion.com/p/General-1fe52a1550c180d89a84f6b6694a42f5?pvs=21),-5876,NT$40.00,Food (https://app.notion.com/p/Food-1de52a1550c1808585f7c8d0cbbab341?pvs=21),2023/12/20,,$0.00
羽球拍袋,General (https://app.notion.com/p/General-1fe52a1550c180d89a84f6b6694a42f5?pvs=21),-5876,NT$150.00,Health (https://app.notion.com/p/Health-1de52a1550c180948ad5c45ef59a5bb8?pvs=21),2023/12/20,,$0.00
全聯,General (https://app.notion.com/p/General-1fe52a1550c180d89a84f6b6694a42f5?pvs=21),-5876,NT$154.00,Food (https://app.notion.com/p/Food-1de52a1550c1808585f7c8d0cbbab341?pvs=21),2023/12/20,,$0.00
羽球拍綁線,General (https://app.notion.com/p/General-1fe52a1550c180d89a84f6b6694a42f5?pvs=21),-5876,NT$350.00,Health (https://app.notion.com/p/Health-1de52a1550c180948ad5c45ef59a5bb8?pvs=21),2023/12/20,,$0.00
50嵐,General (https://app.notion.com/p/General-1fe52a1550c180d89a84f6b6694a42f5?pvs=21),-5876,NT$40.00,Food (https://app.notion.com/p/Food-1de52a1550c1808585f7c8d0cbbab341?pvs=21),2023/12/20,,$0.00
水電費,General (https://app.notion.com/p/General-1fe52a1550c180d89a84f6b6694a42f5?pvs=21),-4893,NT$947.00,Groceries (https://app.notion.com/p/Groceries-1de52a1550c180c6be6cdfaeb95cee9a?pvs=21),2023/12/18,,$0.00
全聯,General (https://app.notion.com/p/General-1fe52a1550c180d89a84f6b6694a42f5?pvs=21),-5239,NT$346.00,Food (https://app.notion.com/p/Food-1de52a1550c1808585f7c8d0cbbab341?pvs=21),2023/12/19,,$0.00
全聯,General (https://app.notion.com/p/General-1fe52a1550c180d89a84f6b6694a42f5?pvs=21),-4893,NT$323.00,Food (https://app.notion.com/p/Food-1de52a1550c1808585f7c8d0cbbab341?pvs=21),2023/12/18,,$0.00
小鵲幸,General (https://app.notion.com/p/General-1fe52a1550c180d89a84f6b6694a42f5?pvs=21),-4893,NT$46.00,Food (https://app.notion.com/p/Food-1de52a1550c1808585f7c8d0cbbab341?pvs=21),2023/12/18,,$0.00
全家,General (https://app.notion.com/p/General-1fe52a1550c180d89a84f6b6694a42f5?pvs=21),-4893,NT$109.00,Food (https://app.notion.com/p/Food-1de52a1550c1808585f7c8d0cbbab341?pvs=21),2023/12/18,,$0.00
捷運,General (https://app.notion.com/p/General-1fe52a1550c180d89a84f6b6694a42f5?pvs=21),3282,NT$80.00,Traffic (https://app.notion.com/p/Traffic-1de52a1550c1807b8ff6e40f804e1127?pvs=21),2023/12/17,,$0.00
房租,General (https://app.notion.com/p/General-1fe52a1550c180d89a84f6b6694a42f5?pvs=21),-4893,"NT$6,750.00",Groceries (https://app.notion.com/p/Groceries-1de52a1550c180c6be6cdfaeb95cee9a?pvs=21),2023/12/18,,$0.00
新竹台北來回(豪泰),General (https://app.notion.com/p/General-1fe52a1550c180d89a84f6b6694a42f5?pvs=21),3282,NT$300.00,Traffic (https://app.notion.com/p/Traffic-1de52a1550c1807b8ff6e40f804e1127?pvs=21),2023/12/17,,$0.00
龜記,General (https://app.notion.com/p/General-1fe52a1550c180d89a84f6b6694a42f5?pvs=21),3282,NT$109.00,Food (https://app.notion.com/p/Food-1de52a1550c1808585f7c8d0cbbab341?pvs=21),2023/12/17,,$0.00
尬鍋,Couple's (https://app.notion.com/p/Couple-s-1de52a1550c181d39de7eebc343b38cd?pvs=21),-13239,"NT$1,499.00",Food (https://app.notion.com/p/Food-1de52a1550c1808585f7c8d0cbbab341?pvs=21),2023/12/17,,$0.00
全聯,General (https://app.notion.com/p/General-1fe52a1550c180d89a84f6b6694a42f5?pvs=21),3771,NT$264.00,Food (https://app.notion.com/p/Food-1de52a1550c1808585f7c8d0cbbab341?pvs=21),2023/12/16,,$0.00
讚不絕口,General (https://app.notion.com/p/General-1fe52a1550c180d89a84f6b6694a42f5?pvs=21),4035,NT$520.00,Food (https://app.notion.com/p/Food-1de52a1550c1808585f7c8d0cbbab341?pvs=21),2023/12/15,,$0.00
中華電信網路費,General (https://app.notion.com/p/General-1fe52a1550c180d89a84f6b6694a42f5?pvs=21),4035,NT$848.00,Fun (https://app.notion.com/p/Fun-1de52a1550c180f197e2ff3116ec3fa2?pvs=21),2023/12/15,,$0.00
全聯,General (https://app.notion.com/p/General-1fe52a1550c180d89a84f6b6694a42f5?pvs=21),5403,NT$239.00,Food (https://app.notion.com/p/Food-1de52a1550c1808585f7c8d0cbbab341?pvs=21),2023/12/14,,$0.00
咖啡,General (https://app.notion.com/p/General-1fe52a1550c180d89a84f6b6694a42f5?pvs=21),5642,NT$45.00,Food (https://app.notion.com/p/Food-1de52a1550c1808585f7c8d0cbbab341?pvs=21),2023/12/13,,$0.00
茶湯會,General (https://app.notion.com/p/General-1fe52a1550c180d89a84f6b6694a42f5?pvs=21),5642,NT$40.00,Food (https://app.notion.com/p/Food-1de52a1550c1808585f7c8d0cbbab341?pvs=21),2023/12/13,,$0.00
點爭鮮,General (https://app.notion.com/p/General-1fe52a1550c180d89a84f6b6694a42f5?pvs=21),5907,NT$640.00,Food (https://app.notion.com/p/Food-1de52a1550c1808585f7c8d0cbbab341?pvs=21),2023/12/12,,$0.00
樂房早午餐,General (https://app.notion.com/p/General-1fe52a1550c180d89a84f6b6694a42f5?pvs=21),5642,NT$180.00,Food (https://app.notion.com/p/Food-1de52a1550c1808585f7c8d0cbbab341?pvs=21),2023/12/13,,$0.00
全聯,General (https://app.notion.com/p/General-1fe52a1550c180d89a84f6b6694a42f5?pvs=21),5907,NT$419.00,Food (https://app.notion.com/p/Food-1de52a1550c1808585f7c8d0cbbab341?pvs=21),2023/12/12,,$0.00
全聯,General (https://app.notion.com/p/General-1fe52a1550c180d89a84f6b6694a42f5?pvs=21),6966,NT$418.00,Food (https://app.notion.com/p/Food-1de52a1550c1808585f7c8d0cbbab341?pvs=21),2023/12/11,,$0.00
藏壽司,General (https://app.notion.com/p/General-1fe52a1550c180d89a84f6b6694a42f5?pvs=21),6966,NT$250.00,Food (https://app.notion.com/p/Food-1de52a1550c1808585f7c8d0cbbab341?pvs=21),2023/12/11,,$0.00
烏弄,General (https://app.notion.com/p/General-1fe52a1550c180d89a84f6b6694a42f5?pvs=21),11869,NT$110.00,Food (https://app.notion.com/p/Food-1de52a1550c1808585f7c8d0cbbab341?pvs=21),2023/12/10,,$0.00
新竹花蓮來回,General (https://app.notion.com/p/General-1fe52a1550c180d89a84f6b6694a42f5?pvs=21),6966,"NT$1,235.00",Traffic (https://app.notion.com/p/Traffic-1de52a1550c1807b8ff6e40f804e1127?pvs=21),2023/12/11,,$0.00
蔣好的味道,General (https://app.notion.com/p/General-1fe52a1550c180d89a84f6b6694a42f5?pvs=21),11869,NT$600.00,Food (https://app.notion.com/p/Food-1de52a1550c1808585f7c8d0cbbab341?pvs=21),2023/12/10,,$0.00
桃園機場到新竹,Couple's (https://app.notion.com/p/Couple-s-1de52a1550c181d39de7eebc343b38cd?pvs=21),-19740,NT$300.00,Travel (https://app.notion.com/p/Travel-1de52a1550c18102a04df0c968556b0b?pvs=21),2023/12/10,,$0.00
鐵路車資,General (https://app.notion.com/p/General-1fe52a1550c180d89a84f6b6694a42f5?pvs=21),12579,NT$100.00,Travel (https://app.notion.com/p/Travel-1de52a1550c18102a04df0c968556b0b?pvs=21),2023/12/09,,$0.00
Egg drop,Couple's (https://app.notion.com/p/Couple-s-1de52a1550c181d39de7eebc343b38cd?pvs=21),-19440,NT$128.00,Travel (https://app.notion.com/p/Travel-1de52a1550c18102a04df0c968556b0b?pvs=21),2023/12/09,,$0.00
湯泡飯,Couple's (https://app.notion.com/p/Couple-s-1de52a1550c181d39de7eebc343b38cd?pvs=21),-19440,NT$490.00,Travel (https://app.notion.com/p/Travel-1de52a1550c18102a04df0c968556b0b?pvs=21),2023/12/09,,$0.00
LOOOP Roof Cafe,Couple's (https://app.notion.com/p/Couple-s-1de52a1550c181d39de7eebc343b38cd?pvs=21),-19440,NT$708.00,Travel (https://app.notion.com/p/Travel-1de52a1550c18102a04df0c968556b0b?pvs=21),2023/12/09,,$0.00
Shake Shack,Couple's (https://app.notion.com/p/Couple-s-1de52a1550c181d39de7eebc343b38cd?pvs=21),-19440,NT$785.00,Travel (https://app.notion.com/p/Travel-1de52a1550c18102a04df0c968556b0b?pvs=21),2023/12/09,,$0.00
Harmony mart,Couple's (https://app.notion.com/p/Couple-s-1de52a1550c181d39de7eebc343b38cd?pvs=21),-17329,NT$899.00,Travel (https://app.notion.com/p/Travel-1de52a1550c18102a04df0c968556b0b?pvs=21),2023/12/08,,$0.00
BHC炸雞,Couple's (https://app.notion.com/p/Couple-s-1de52a1550c181d39de7eebc343b38cd?pvs=21),-17329,NT$565.00,Travel (https://app.notion.com/p/Travel-1de52a1550c18102a04df0c968556b0b?pvs=21),2023/12/08,,$0.00
亂打秀,Couple's (https://app.notion.com/p/Couple-s-1de52a1550c181d39de7eebc343b38cd?pvs=21),-15865,"NT$1,594.00",Travel (https://app.notion.com/p/Travel-1de52a1550c18102a04df0c968556b0b?pvs=21),2023/12/07,,$0.00
滑雪場星巴克,Couple's (https://app.notion.com/p/Couple-s-1de52a1550c181d39de7eebc343b38cd?pvs=21),-15865,NT$285.00,Travel (https://app.notion.com/p/Travel-1de52a1550c18102a04df0c968556b0b?pvs=21),2023/12/07,,$0.00
CoCo,Couple's (https://app.notion.com/p/Couple-s-1de52a1550c181d39de7eebc343b38cd?pvs=21),-15865,NT$294.00,Travel (https://app.notion.com/p/Travel-1de52a1550c18102a04df0c968556b0b?pvs=21),2023/12/07,,$0.00
滑雪裝備購買+租用,Couple's (https://app.notion.com/p/Couple-s-1de52a1550c181d39de7eebc343b38cd?pvs=21),-15865,"NT$4,198.00",Travel (https://app.notion.com/p/Travel-1de52a1550c18102a04df0c968556b0b?pvs=21),2023/12/07,,$0.00
鯛魚燒,Couple's (https://app.notion.com/p/Couple-s-1de52a1550c181d39de7eebc343b38cd?pvs=21),-15865,NT$84.00,Travel (https://app.notion.com/p/Travel-1de52a1550c18102a04df0c968556b0b?pvs=21),2023/12/07,,$0.00
宵夜零食CU,Couple's (https://app.notion.com/p/Couple-s-1de52a1550c181d39de7eebc343b38cd?pvs=21),-9410,NT$470.00,Travel (https://app.notion.com/p/Travel-1de52a1550c18102a04df0c968556b0b?pvs=21),2023/12/06,,$0.00
大創,General (https://app.notion.com/p/General-1fe52a1550c180d89a84f6b6694a42f5?pvs=21),12679,NT$581.00,Travel (https://app.notion.com/p/Travel-1de52a1550c18102a04df0c968556b0b?pvs=21),2023/12/06,,$0.00
Shoopen背包,General (https://app.notion.com/p/General-1fe52a1550c180d89a84f6b6694a42f5?pvs=21),12679,NT$966.00,Travel (https://app.notion.com/p/Travel-1de52a1550c18102a04df0c968556b0b?pvs=21),2023/12/06,,$0.00
孔陵一隻雞,Couple's (https://app.notion.com/p/Couple-s-1de52a1550c181d39de7eebc343b38cd?pvs=21),-9410,NT$653.00,Travel (https://app.notion.com/p/Travel-1de52a1550c18102a04df0c968556b0b?pvs=21),2023/12/06,,$0.00
ANKUK Noodles,Couple's (https://app.notion.com/p/Couple-s-1de52a1550c181d39de7eebc343b38cd?pvs=21),-9410,NT$653.00,Travel (https://app.notion.com/p/Travel-1de52a1550c18102a04df0c968556b0b?pvs=21),2023/12/06,,$0.00
甜甜圈,Couple's (https://app.notion.com/p/Couple-s-1de52a1550c181d39de7eebc343b38cd?pvs=21),-9410,NT$240.00,Travel (https://app.notion.com/p/Travel-1de52a1550c18102a04df0c968556b0b?pvs=21),2023/12/06,,$0.00
宵夜零食CU,Couple's (https://app.notion.com/p/Couple-s-1de52a1550c181d39de7eebc343b38cd?pvs=21),-7394,NT$88.00,Travel (https://app.notion.com/p/Travel-1de52a1550c18102a04df0c968556b0b?pvs=21),2023/12/05,,$0.00
Top ten,General (https://app.notion.com/p/General-1fe52a1550c180d89a84f6b6694a42f5?pvs=21),14226,"NT$1,865.00",Travel (https://app.notion.com/p/Travel-1de52a1550c18102a04df0c968556b0b?pvs=21),2023/12/05,,$0.00
貢茶,Couple's (https://app.notion.com/p/Couple-s-1de52a1550c181d39de7eebc343b38cd?pvs=21),-7394,NT$293.00,Travel (https://app.notion.com/p/Travel-1de52a1550c18102a04df0c968556b0b?pvs=21),2023/12/05,,$0.00
土豆豬排鍋,Couple's (https://app.notion.com/p/Couple-s-1de52a1550c181d39de7eebc343b38cd?pvs=21),-7394,"NT$1,416.00",Travel (https://app.notion.com/p/Travel-1de52a1550c18102a04df0c968556b0b?pvs=21),2023/12/05,,$0.00
大創,Couple's (https://app.notion.com/p/Couple-s-1de52a1550c181d39de7eebc343b38cd?pvs=21),-7394,"NT$2,392.00",Travel (https://app.notion.com/p/Travel-1de52a1550c18102a04df0c968556b0b?pvs=21),2023/12/05,,$0.00
換韓幣,Couple's (https://app.notion.com/p/Couple-s-1de52a1550c181d39de7eebc343b38cd?pvs=21),-7394,"NT$3,000.00",Travel (https://app.notion.com/p/Travel-1de52a1550c18102a04df0c968556b0b?pvs=21),2023/12/05,,$0.00
南怡島滑索,General (https://app.notion.com/p/General-1fe52a1550c180d89a84f6b6694a42f5?pvs=21),16091,"NT$2,422.00",Travel (https://app.notion.com/p/Travel-1de52a1550c18102a04df0c968556b0b?pvs=21),2023/12/04,,$0.00
春川炒雞,Couple's (https://app.notion.com/p/Couple-s-1de52a1550c181d39de7eebc343b38cd?pvs=21),-205,NT$947.00,Travel (https://app.notion.com/p/Travel-1de52a1550c18102a04df0c968556b0b?pvs=21),2023/12/04,,$0.00
荒謬的生肉,Couple's (https://app.notion.com/p/Couple-s-1de52a1550c181d39de7eebc343b38cd?pvs=21),-205,NT$767.00,Travel (https://app.notion.com/p/Travel-1de52a1550c18102a04df0c968556b0b?pvs=21),2023/12/04,,$0.00
網路eSIM,General (https://app.notion.com/p/General-1fe52a1550c180d89a84f6b6694a42f5?pvs=21),16091,NT$124.00,Travel (https://app.notion.com/p/Travel-1de52a1550c18102a04df0c968556b0b?pvs=21),2023/12/04,,$0.00
棉褲,Couple's (https://app.notion.com/p/Couple-s-1de52a1550c181d39de7eebc343b38cd?pvs=21),-205,NT$483.00,Travel (https://app.notion.com/p/Travel-1de52a1550c18102a04df0c968556b0b?pvs=21),2023/12/04,,$0.00
宵夜零食CU,Couple's (https://app.notion.com/p/Couple-s-1de52a1550c181d39de7eebc343b38cd?pvs=21),-205,NT$342.00,Travel (https://app.notion.com/p/Travel-1de52a1550c18102a04df0c968556b0b?pvs=21),2023/12/04,,$0.00
韓國晚餐,Couple's (https://app.notion.com/p/Couple-s-1de52a1550c181d39de7eebc343b38cd?pvs=21),2334,"NT$1,284.00",Travel (https://app.notion.com/p/Travel-1de52a1550c18102a04df0c968556b0b?pvs=21),2023/12/03,,$0.00
想想咖喱,Couple's (https://app.notion.com/p/Couple-s-1de52a1550c181d39de7eebc343b38cd?pvs=21),6531,NT$229.00,Travel (https://app.notion.com/p/Travel-1de52a1550c18102a04df0c968556b0b?pvs=21),2023/12/02,,$0.00
圍巾毛帽,Couple's (https://app.notion.com/p/Couple-s-1de52a1550c181d39de7eebc343b38cd?pvs=21),2334,"NT$2,913.00",Travel (https://app.notion.com/p/Travel-1de52a1550c18102a04df0c968556b0b?pvs=21),2023/12/03,,$0.00
大師兄的銷魂麵鋪,Couple's (https://app.notion.com/p/Couple-s-1de52a1550c181d39de7eebc343b38cd?pvs=21),6531,NT$360.00,Travel (https://app.notion.com/p/Travel-1de52a1550c18102a04df0c968556b0b?pvs=21),2023/12/02,,$0.00
新竹到桃園機場,Couple's (https://app.notion.com/p/Couple-s-1de52a1550c181d39de7eebc343b38cd?pvs=21),6531,NT$300.00,Travel (https://app.notion.com/p/Travel-1de52a1550c18102a04df0c968556b0b?pvs=21),2023/12/02,,$0.00
韓國7-11晚餐,Couple's (https://app.notion.com/p/Couple-s-1de52a1550c181d39de7eebc343b38cd?pvs=21),6531,NT$500.00,Travel (https://app.notion.com/p/Travel-1de52a1550c18102a04df0c968556b0b?pvs=21),2023/12/02,,$0.00
上宇林紅龍鮮奶茶加粉角,General (https://app.notion.com/p/General-1fe52a1550c180d89a84f6b6694a42f5?pvs=21),18637,NT$70.00,Food (https://app.notion.com/p/Food-1de52a1550c1808585f7c8d0cbbab341?pvs=21),2023/12/01,,$0.00
肌力貼布,General (https://app.notion.com/p/General-1fe52a1550c180d89a84f6b6694a42f5?pvs=21),18637,NT$369.00,Health (https://app.notion.com/p/Health-1de52a1550c180948ad5c45ef59a5bb8?pvs=21),2023/12/01,,$0.00
美康乳膏,General (https://app.notion.com/p/General-1fe52a1550c180d89a84f6b6694a42f5?pvs=21),18637,NT$190.00,Health (https://app.notion.com/p/Health-1de52a1550c180948ad5c45ef59a5bb8?pvs=21),2023/12/01,,$0.00
Travel用品,Couple's (https://app.notion.com/p/Couple-s-1de52a1550c181d39de7eebc343b38cd?pvs=21),7920,"NT$1,056.00",Travel (https://app.notion.com/p/Travel-1de52a1550c18102a04df0c968556b0b?pvs=21),2023/12/01,,$0.00
機車加油,General (https://app.notion.com/p/General-1fe52a1550c180d89a84f6b6694a42f5?pvs=21),18637,NT$161.00,Traffic (https://app.notion.com/p/Traffic-1de52a1550c1807b8ff6e40f804e1127?pvs=21),2023/12/01,,$0.00
五桐起家雞,General (https://app.notion.com/p/General-1fe52a1550c180d89a84f6b6694a42f5?pvs=21),18637,NT$259.00,Food (https://app.notion.com/p/Food-1de52a1550c1808585f7c8d0cbbab341?pvs=21),2023/12/01,,$0.00
全聯,General (https://app.notion.com/p/General-1fe52a1550c180d89a84f6b6694a42f5?pvs=21),19686,NT$53.00,Food (https://app.notion.com/p/Food-1de52a1550c1808585f7c8d0cbbab341?pvs=21),2023/11/30,,$0.00
病假校正,General (https://app.notion.com/p/General-1fe52a1550c180d89a84f6b6694a42f5?pvs=21),19686,"NT$13,250.00",Other (https://app.notion.com/p/Other-1de52a1550c1810a92c1c432337241e8?pvs=21),2023/11/30,,$0.00
勞保費,Fixed (https://app.notion.com/p/Fixed-1de52a1550c180f19995d25cbc6f1038?pvs=21),16210,"NT$1,100.00",Insurance (https://app.notion.com/p/Insurance-1de52a1550c181f09d1dfb6d85985a86?pvs=21),2023/11/30,,$0.00
健保費,Fixed (https://app.notion.com/p/Fixed-1de52a1550c180f19995d25cbc6f1038?pvs=21),16210,NT$990.00,Insurance (https://app.notion.com/p/Insurance-1de52a1550c181f09d1dfb6d85985a86?pvs=21),2023/11/30,,$0.00
匯給媽,Fixed (https://app.notion.com/p/Fixed-1de52a1550c180f19995d25cbc6f1038?pvs=21),16210,"NT$6,000.00",Family (https://app.notion.com/p/Family-1de52a1550c181faa107fcc0a73d8120?pvs=21),2023/11/30,,$0.00
福利金,General (https://app.notion.com/p/General-1fe52a1550c180d89a84f6b6694a42f5?pvs=21),19686,NT$271.00,Fun (https://app.notion.com/p/Fun-1de52a1550c180f197e2ff3116ec3fa2?pvs=21),2023/11/30,,$0.00
停車費,General (https://app.notion.com/p/General-1fe52a1550c180d89a84f6b6694a42f5?pvs=21),19686,NT$20.00,Traffic (https://app.notion.com/p/Traffic-1de52a1550c1807b8ff6e40f804e1127?pvs=21),2023/11/30,,$0.00
午餐,General (https://app.notion.com/p/General-1fe52a1550c180d89a84f6b6694a42f5?pvs=21),19686,NT$70.00,Food (https://app.notion.com/p/Food-1de52a1550c1808585f7c8d0cbbab341?pvs=21),2023/11/30,,$0.00
全聯,General (https://app.notion.com/p/General-1fe52a1550c180d89a84f6b6694a42f5?pvs=21),24505,NT$144.00,Food (https://app.notion.com/p/Food-1de52a1550c1808585f7c8d0cbbab341?pvs=21),2023/11/29,,$0.00
早餐,General (https://app.notion.com/p/General-1fe52a1550c180d89a84f6b6694a42f5?pvs=21),24505,NT$64.00,Food (https://app.notion.com/p/Food-1de52a1550c1808585f7c8d0cbbab341?pvs=21),2023/11/29,,$0.00
理髮,Dream (https://app.notion.com/p/Dream-1de52a1550c180a4bc6eee5e921cbc2d?pvs=21),1336,NT$720.00,Other (https://app.notion.com/p/Other-1de52a1550c1810a92c1c432337241e8?pvs=21),2023/11/28,,$0.00
晚餐,General (https://app.notion.com/p/General-1fe52a1550c180d89a84f6b6694a42f5?pvs=21),3165,NT$270.00,Food (https://app.notion.com/p/Food-1de52a1550c1808585f7c8d0cbbab341?pvs=21),2023/11/28,,$0.00
[韓國]WowPass,General (https://app.notion.com/p/General-1fe52a1550c180d89a84f6b6694a42f5?pvs=21),3165,NT$292.00,Travel (https://app.notion.com/p/Travel-1de52a1550c18102a04df0c968556b0b?pvs=21),2023/11/28,,$0.00
理髮,Dream (https://app.notion.com/p/Dream-1de52a1550c180a4bc6eee5e921cbc2d?pvs=21),1336,"NT$1,200.00",Cosmetics (https://app.notion.com/p/Cosmetics-1de52a1550c181cb93fdfe1a610bf352?pvs=21),2023/11/28,,$0.00
全聯,General (https://app.notion.com/p/General-1fe52a1550c180d89a84f6b6694a42f5?pvs=21),3727,NT$162.00,Food (https://app.notion.com/p/Food-1de52a1550c1808585f7c8d0cbbab341?pvs=21),2023/11/27,,$0.00
早餐,General (https://app.notion.com/p/General-1fe52a1550c180d89a84f6b6694a42f5?pvs=21),3889,NT$117.00,Food (https://app.notion.com/p/Food-1de52a1550c1808585f7c8d0cbbab341?pvs=21),2023/11/26,,$0.00
早餐,General (https://app.notion.com/p/General-1fe52a1550c180d89a84f6b6694a42f5?pvs=21),4116,NT$250.00,Food (https://app.notion.com/p/Food-1de52a1550c1808585f7c8d0cbbab341?pvs=21),2023/11/25,,$0.00
午餐,General (https://app.notion.com/p/General-1fe52a1550c180d89a84f6b6694a42f5?pvs=21),3889,NT$110.00,Food (https://app.notion.com/p/Food-1de52a1550c1808585f7c8d0cbbab341?pvs=21),2023/11/26,,$0.00
宵夜,General (https://app.notion.com/p/General-1fe52a1550c180d89a84f6b6694a42f5?pvs=21),4116,NT$200.00,Food (https://app.notion.com/p/Food-1de52a1550c1808585f7c8d0cbbab341?pvs=21),2023/11/25,,$0.00
[韓國]南怡島接駁車,General (https://app.notion.com/p/General-1fe52a1550c180d89a84f6b6694a42f5?pvs=21),4116,"NT$1,356.00",Travel (https://app.notion.com/p/Travel-1de52a1550c18102a04df0c968556b0b?pvs=21),2023/11/25,,$0.00
[韓國]eSIM,General (https://app.notion.com/p/General-1fe52a1550c180d89a84f6b6694a42f5?pvs=21),4116,NT$544.00,Travel (https://app.notion.com/p/Travel-1de52a1550c18102a04df0c968556b0b?pvs=21),2023/11/25,,$0.00
[韓國]韓服,General (https://app.notion.com/p/General-1fe52a1550c180d89a84f6b6694a42f5?pvs=21),4116,"NT$1,140.00",Travel (https://app.notion.com/p/Travel-1de52a1550c18102a04df0c968556b0b?pvs=21),2023/11/25,,$0.00
午餐,General (https://app.notion.com/p/General-1fe52a1550c180d89a84f6b6694a42f5?pvs=21),7606,NT$380.00,Food (https://app.notion.com/p/Food-1de52a1550c1808585f7c8d0cbbab341?pvs=21),2023/11/24,,$0.00
全聯,General (https://app.notion.com/p/General-1fe52a1550c180d89a84f6b6694a42f5?pvs=21),7986,NT$414.00,Food (https://app.notion.com/p/Food-1de52a1550c1808585f7c8d0cbbab341?pvs=21),2023/11/23,,$0.00
全聯,General (https://app.notion.com/p/General-1fe52a1550c180d89a84f6b6694a42f5?pvs=21),8400,NT$221.00,Food (https://app.notion.com/p/Food-1de52a1550c1808585f7c8d0cbbab341?pvs=21),2023/11/22,,$0.00
手機費,General (https://app.notion.com/p/General-1fe52a1550c180d89a84f6b6694a42f5?pvs=21),8400,NT$984.00,Fun (https://app.notion.com/p/Fun-1de52a1550c180f197e2ff3116ec3fa2?pvs=21),2023/11/22,,$0.00
網路費,General (https://app.notion.com/p/General-1fe52a1550c180d89a84f6b6694a42f5?pvs=21),8400,NT$848.00,Fun (https://app.notion.com/p/Fun-1de52a1550c180f197e2ff3116ec3fa2?pvs=21),2023/11/22,,$0.00
全聯,General (https://app.notion.com/p/General-1fe52a1550c180d89a84f6b6694a42f5?pvs=21),10453,NT$392.00,Food (https://app.notion.com/p/Food-1de52a1550c1808585f7c8d0cbbab341?pvs=21),2023/11/21,,$0.00
白鬍子,General (https://app.notion.com/p/General-1fe52a1550c180d89a84f6b6694a42f5?pvs=21),10453,NT$450.00,Food (https://app.notion.com/p/Food-1de52a1550c1808585f7c8d0cbbab341?pvs=21),2023/11/21,,$0.00
小米手環,General (https://app.notion.com/p/General-1fe52a1550c180d89a84f6b6694a42f5?pvs=21),10453,NT$350.00,Fun (https://app.notion.com/p/Fun-1de52a1550c180f197e2ff3116ec3fa2?pvs=21),2023/11/21,,$0.00
羽球袋,General (https://app.notion.com/p/General-1fe52a1550c180d89a84f6b6694a42f5?pvs=21),10453,NT$250.00,Health (https://app.notion.com/p/Health-1de52a1550c180948ad5c45ef59a5bb8?pvs=21),2023/11/21,,$0.00
犀牛盾,General (https://app.notion.com/p/General-1fe52a1550c180d89a84f6b6694a42f5?pvs=21),10453,"NT$1,150.00",Fun (https://app.notion.com/p/Fun-1de52a1550c180f197e2ff3116ec3fa2?pvs=21),2023/11/21,,$0.00
羊肉爐,General (https://app.notion.com/p/General-1fe52a1550c180d89a84f6b6694a42f5?pvs=21),13045,NT$550.00,Food (https://app.notion.com/p/Food-1de52a1550c1808585f7c8d0cbbab341?pvs=21),2023/11/20,,$0.00
城隍廟伴手禮,General (https://app.notion.com/p/General-1fe52a1550c180d89a84f6b6694a42f5?pvs=21),13595,NT$500.00,Social (https://app.notion.com/p/Social-1de52a1550c180eaa21cea69f136a638?pvs=21),2023/11/19,,$0.00
全聯,General (https://app.notion.com/p/General-1fe52a1550c180d89a84f6b6694a42f5?pvs=21),14095,NT$626.00,Food (https://app.notion.com/p/Food-1de52a1550c1808585f7c8d0cbbab341?pvs=21),2023/11/17,,$0.00
全聯,General (https://app.notion.com/p/General-1fe52a1550c180d89a84f6b6694a42f5?pvs=21),14095,NT$626.00,Food (https://app.notion.com/p/Food-1de52a1550c1808585f7c8d0cbbab341?pvs=21),2023/11/17,,$0.00
伙食費(退費),General (https://app.notion.com/p/General-1fe52a1550c180d89a84f6b6694a42f5?pvs=21),14095,"NT$1,500.00",Food (https://app.notion.com/p/Food-1de52a1550c1808585f7c8d0cbbab341?pvs=21),2023/11/17,,$0.00
阿婆早餐,General (https://app.notion.com/p/General-1fe52a1550c180d89a84f6b6694a42f5?pvs=21),14095,NT$75.00,Food (https://app.notion.com/p/Food-1de52a1550c1808585f7c8d0cbbab341?pvs=21),2023/11/17,,$0.00
全聯,General (https://app.notion.com/p/General-1fe52a1550c180d89a84f6b6694a42f5?pvs=21),16922,NT$324.00,Food (https://app.notion.com/p/Food-1de52a1550c1808585f7c8d0cbbab341?pvs=21),2023/11/15,,$0.00
房租,General (https://app.notion.com/p/General-1fe52a1550c180d89a84f6b6694a42f5?pvs=21),16922,"NT$6,750.00",Groceries (https://app.notion.com/p/Groceries-1de52a1550c180c6be6cdfaeb95cee9a?pvs=21),2023/11/15,,$0.00
早餐,General (https://app.notion.com/p/General-1fe52a1550c180d89a84f6b6694a42f5?pvs=21),24153,NT$110.00,Food (https://app.notion.com/p/Food-1de52a1550c1808585f7c8d0cbbab341?pvs=21),2023/11/14,,$0.00
加油費,General (https://app.notion.com/p/General-1fe52a1550c180d89a84f6b6694a42f5?pvs=21),16922,NT$157.00,Traffic (https://app.notion.com/p/Traffic-1de52a1550c1807b8ff6e40f804e1127?pvs=21),2023/11/15,,$0.00
晚餐,General (https://app.notion.com/p/General-1fe52a1550c180d89a84f6b6694a42f5?pvs=21),24263,NT$180.00,Food (https://app.notion.com/p/Food-1de52a1550c1808585f7c8d0cbbab341?pvs=21),2023/11/13,,$0.00
晚餐,General (https://app.notion.com/p/General-1fe52a1550c180d89a84f6b6694a42f5?pvs=21),24263,NT$850.00,Food (https://app.notion.com/p/Food-1de52a1550c1808585f7c8d0cbbab341?pvs=21),2023/11/13,,$0.00
全聯,General (https://app.notion.com/p/General-1fe52a1550c180d89a84f6b6694a42f5?pvs=21),25293,NT$298.00,Food (https://app.notion.com/p/Food-1de52a1550c1808585f7c8d0cbbab341?pvs=21),2023/11/12,,$0.00
午餐,General (https://app.notion.com/p/General-1fe52a1550c180d89a84f6b6694a42f5?pvs=21),25293,NT$121.00,Food (https://app.notion.com/p/Food-1de52a1550c1808585f7c8d0cbbab341?pvs=21),2023/11/12,,$0.00
早餐,General (https://app.notion.com/p/General-1fe52a1550c180d89a84f6b6694a42f5?pvs=21),25293,NT$65.00,Food (https://app.notion.com/p/Food-1de52a1550c1808585f7c8d0cbbab341?pvs=21),2023/11/12,,$0.00
高鐵,General (https://app.notion.com/p/General-1fe52a1550c180d89a84f6b6694a42f5?pvs=21),25293,NT$290.00,Traffic (https://app.notion.com/p/Traffic-1de52a1550c1807b8ff6e40f804e1127?pvs=21),2023/11/12,,$0.00
捷運,General (https://app.notion.com/p/General-1fe52a1550c180d89a84f6b6694a42f5?pvs=21),25293,NT$25.00,Traffic (https://app.notion.com/p/Traffic-1de52a1550c1807b8ff6e40f804e1127?pvs=21),2023/11/12,,$0.00
茶湯會,General (https://app.notion.com/p/General-1fe52a1550c180d89a84f6b6694a42f5?pvs=21),25293,NT$45.00,Food (https://app.notion.com/p/Food-1de52a1550c1808585f7c8d0cbbab341?pvs=21),2023/11/12,,$0.00
小南門麵,General (https://app.notion.com/p/General-1fe52a1550c180d89a84f6b6694a42f5?pvs=21),26137,NT$315.00,Food (https://app.notion.com/p/Food-1de52a1550c1808585f7c8d0cbbab341?pvs=21),2023/11/11,,$0.00
客運,General (https://app.notion.com/p/General-1fe52a1550c180d89a84f6b6694a42f5?pvs=21),26137,NT$290.00,Traffic (https://app.notion.com/p/Traffic-1de52a1550c1807b8ff6e40f804e1127?pvs=21),2023/11/11,,$0.00
全家,General (https://app.notion.com/p/General-1fe52a1550c180d89a84f6b6694a42f5?pvs=21),26137,NT$98.00,Food (https://app.notion.com/p/Food-1de52a1550c1808585f7c8d0cbbab341?pvs=21),2023/11/11,,$0.00
星巴克,General (https://app.notion.com/p/General-1fe52a1550c180d89a84f6b6694a42f5?pvs=21),26840,NT$300.00,Food (https://app.notion.com/p/Food-1de52a1550c1808585f7c8d0cbbab341?pvs=21),2023/11/10,,$0.00
鼎泰豐,General (https://app.notion.com/p/General-1fe52a1550c180d89a84f6b6694a42f5?pvs=21),26840,NT$150.00,Food (https://app.notion.com/p/Food-1de52a1550c1808585f7c8d0cbbab341?pvs=21),2023/11/10,,$0.00
飲料,General (https://app.notion.com/p/General-1fe52a1550c180d89a84f6b6694a42f5?pvs=21),26840,NT$90.00,Food (https://app.notion.com/p/Food-1de52a1550c1808585f7c8d0cbbab341?pvs=21),2023/11/10,,$0.00
麥當勞,General (https://app.notion.com/p/General-1fe52a1550c180d89a84f6b6694a42f5?pvs=21),27380,NT$270.00,Food (https://app.notion.com/p/Food-1de52a1550c1808585f7c8d0cbbab341?pvs=21),2023/11/09,,$0.00
早餐,General (https://app.notion.com/p/General-1fe52a1550c180d89a84f6b6694a42f5?pvs=21),27650,NT$60.00,Food (https://app.notion.com/p/Food-1de52a1550c1808585f7c8d0cbbab341?pvs=21),2023/11/08,,$0.00
hooter*2,Couple's (https://app.notion.com/p/Couple-s-1de52a1550c181d39de7eebc343b38cd?pvs=21),3820,"NT$1,140.00",Food (https://app.notion.com/p/Food-1de52a1550c1808585f7c8d0cbbab341?pvs=21),2023/11/07,,$0.00
藍芽卡,General (https://app.notion.com/p/General-1fe52a1550c180d89a84f6b6694a42f5?pvs=21),27710,NT$750.00,Fun (https://app.notion.com/p/Fun-1de52a1550c180f197e2ff3116ec3fa2?pvs=21),2023/11/07,,$0.00
宵夜,General (https://app.notion.com/p/General-1fe52a1550c180d89a84f6b6694a42f5?pvs=21),27710,NT$90.00,Food (https://app.notion.com/p/Food-1de52a1550c1808585f7c8d0cbbab341?pvs=21),2023/11/07,,$0.00
飲料,General (https://app.notion.com/p/General-1fe52a1550c180d89a84f6b6694a42f5?pvs=21),27710,NT$75.00,Food (https://app.notion.com/p/Food-1de52a1550c1808585f7c8d0cbbab341?pvs=21),2023/11/07,,$0.00
全聯,General (https://app.notion.com/p/General-1fe52a1550c180d89a84f6b6694a42f5?pvs=21),28625,NT$677.00,Food (https://app.notion.com/p/Food-1de52a1550c1808585f7c8d0cbbab341?pvs=21),2023/11/06,,$0.00
早餐,General (https://app.notion.com/p/General-1fe52a1550c180d89a84f6b6694a42f5?pvs=21),28625,NT$55.00,Food (https://app.notion.com/p/Food-1de52a1550c1808585f7c8d0cbbab341?pvs=21),2023/11/06,,$0.00
嘉鄉豆腐,General (https://app.notion.com/p/General-1fe52a1550c180d89a84f6b6694a42f5?pvs=21),28625,NT$115.00,Food (https://app.notion.com/p/Food-1de52a1550c1808585f7c8d0cbbab341?pvs=21),2023/11/06,,$0.00
里肌起司可頌,General (https://app.notion.com/p/General-1fe52a1550c180d89a84f6b6694a42f5?pvs=21),29472,NT$85.00,Food (https://app.notion.com/p/Food-1de52a1550c1808585f7c8d0cbbab341?pvs=21),2023/11/05,,$0.00
STX熱美式*2,General (https://app.notion.com/p/General-1fe52a1550c180d89a84f6b6694a42f5?pvs=21),29472,NT$220.00,Food (https://app.notion.com/p/Food-1de52a1550c1808585f7c8d0cbbab341?pvs=21),2023/11/05,,$0.00
飲料,General (https://app.notion.com/p/General-1fe52a1550c180d89a84f6b6694a42f5?pvs=21),29472,NT$80.00,Food (https://app.notion.com/p/Food-1de52a1550c1808585f7c8d0cbbab341?pvs=21),2023/11/05,,$0.00
Procreate,General (https://app.notion.com/p/General-1fe52a1550c180d89a84f6b6694a42f5?pvs=21),29472,NT$390.00,Fun (https://app.notion.com/p/Fun-1de52a1550c180f197e2ff3116ec3fa2?pvs=21),2023/11/05,,$0.00
捷運,General (https://app.notion.com/p/General-1fe52a1550c180d89a84f6b6694a42f5?pvs=21),30323,NT$50.00,Traffic (https://app.notion.com/p/Traffic-1de52a1550c1807b8ff6e40f804e1127?pvs=21),2023/11/04,,$0.00
小鵲幸,General (https://app.notion.com/p/General-1fe52a1550c180d89a84f6b6694a42f5?pvs=21),29472,NT$76.00,Food (https://app.notion.com/p/Food-1de52a1550c1808585f7c8d0cbbab341?pvs=21),2023/11/05,,$0.00
八月堂,General (https://app.notion.com/p/General-1fe52a1550c180d89a84f6b6694a42f5?pvs=21),30323,NT$158.00,Food (https://app.notion.com/p/Food-1de52a1550c1808585f7c8d0cbbab341?pvs=21),2023/11/04,,$0.00
客運,General (https://app.notion.com/p/General-1fe52a1550c180d89a84f6b6694a42f5?pvs=21),30323,NT$300.00,Traffic (https://app.notion.com/p/Traffic-1de52a1550c1807b8ff6e40f804e1127?pvs=21),2023/11/04,,$0.00
咖啡,General (https://app.notion.com/p/General-1fe52a1550c180d89a84f6b6694a42f5?pvs=21),30323,NT$50.00,Food (https://app.notion.com/p/Food-1de52a1550c1808585f7c8d0cbbab341?pvs=21),2023/11/04,,$0.00
飲料,General (https://app.notion.com/p/General-1fe52a1550c180d89a84f6b6694a42f5?pvs=21),30323,NT$120.00,Food (https://app.notion.com/p/Food-1de52a1550c1808585f7c8d0cbbab341?pvs=21),2023/11/04,,$0.00
早餐,General (https://app.notion.com/p/General-1fe52a1550c180d89a84f6b6694a42f5?pvs=21),26478,NT$50.00,Food (https://app.notion.com/p/Food-1de52a1550c1808585f7c8d0cbbab341?pvs=21),2023/11/03,,$0.00
飲料,General (https://app.notion.com/p/General-1fe52a1550c180d89a84f6b6694a42f5?pvs=21),26478,NT$150.00,Food (https://app.notion.com/p/Food-1de52a1550c1808585f7c8d0cbbab341?pvs=21),2023/11/03,,$0.00
午餐,General (https://app.notion.com/p/General-1fe52a1550c180d89a84f6b6694a42f5?pvs=21),26478,NT$235.00,Food (https://app.notion.com/p/Food-1de52a1550c1808585f7c8d0cbbab341?pvs=21),2023/11/03,,$0.00
咻咻熊行李帶,General (https://app.notion.com/p/General-1fe52a1550c180d89a84f6b6694a42f5?pvs=21),26478,"NT$1,250.00",Travel (https://app.notion.com/p/Travel-1de52a1550c18102a04df0c968556b0b?pvs=21),2023/11/03,,$0.00
全聯,General (https://app.notion.com/p/General-1fe52a1550c180d89a84f6b6694a42f5?pvs=21),28733,NT$151.00,Food (https://app.notion.com/p/Food-1de52a1550c1808585f7c8d0cbbab341?pvs=21),2023/11/02,,$0.00
Netfilex,General (https://app.notion.com/p/General-1fe52a1550c180d89a84f6b6694a42f5?pvs=21),26478,NT$570.00,Fun (https://app.notion.com/p/Fun-1de52a1550c180f197e2ff3116ec3fa2?pvs=21),2023/11/03,,$0.00
全聯,General (https://app.notion.com/p/General-1fe52a1550c180d89a84f6b6694a42f5?pvs=21),28884,NT$98.00,Food (https://app.notion.com/p/Food-1de52a1550c1808585f7c8d0cbbab341?pvs=21),2023/11/01,,$0.00
早餐,General (https://app.notion.com/p/General-1fe52a1550c180d89a84f6b6694a42f5?pvs=21),28884,NT$55.00,Food (https://app.notion.com/p/Food-1de52a1550c1808585f7c8d0cbbab341?pvs=21),2023/11/01,,$0.00
下午茶,General (https://app.notion.com/p/General-1fe52a1550c180d89a84f6b6694a42f5?pvs=21),28884,NT$50.00,Food (https://app.notion.com/p/Food-1de52a1550c1808585f7c8d0cbbab341?pvs=21),2023/11/01,,$0.00
全聯,General (https://app.notion.com/p/General-1fe52a1550c180d89a84f6b6694a42f5?pvs=21),29087,NT$718.00,Food (https://app.notion.com/p/Food-1de52a1550c1808585f7c8d0cbbab341?pvs=21),2023/10/31,,$0.00
匯給媽,Fixed (https://app.notion.com/p/Fixed-1de52a1550c180f19995d25cbc6f1038?pvs=21),5321,"NT$6,000.00",Family (https://app.notion.com/p/Family-1de52a1550c181faa107fcc0a73d8120?pvs=21),2023/10/31,,$0.00
健保費,Fixed (https://app.notion.com/p/Fixed-1de52a1550c180f19995d25cbc6f1038?pvs=21),5321,NT$990.00,Insurance (https://app.notion.com/p/Insurance-1de52a1550c181f09d1dfb6d85985a86?pvs=21),2023/10/31,,$0.00
勞保費,Fixed (https://app.notion.com/p/Fixed-1de52a1550c180f19995d25cbc6f1038?pvs=21),5321,"NT$1,100.00",Insurance (https://app.notion.com/p/Insurance-1de52a1550c181f09d1dfb6d85985a86?pvs=21),2023/10/31,,$0.00
福利金,General (https://app.notion.com/p/General-1fe52a1550c180d89a84f6b6694a42f5?pvs=21),29087,NT$271.00,Fun (https://app.notion.com/p/Fun-1de52a1550c180f197e2ff3116ec3fa2?pvs=21),2023/10/31,,$0.00
早餐,General (https://app.notion.com/p/General-1fe52a1550c180d89a84f6b6694a42f5?pvs=21),29087,NT$50.00,Food (https://app.notion.com/p/Food-1de52a1550c1808585f7c8d0cbbab341?pvs=21),2023/10/31,,$0.00
機車加油,General (https://app.notion.com/p/General-1fe52a1550c180d89a84f6b6694a42f5?pvs=21),29087,NT$157.00,Traffic (https://app.notion.com/p/Traffic-1de52a1550c1807b8ff6e40f804e1127?pvs=21),2023/10/31,,$0.00
綠茶,General (https://app.notion.com/p/General-1fe52a1550c180d89a84f6b6694a42f5?pvs=21),29087,NT$10.00,Food (https://app.notion.com/p/Food-1de52a1550c1808585f7c8d0cbbab341?pvs=21),2023/10/31,,$0.00
老井燒肉,Dream (https://app.notion.com/p/Dream-1de52a1550c180a4bc6eee5e921cbc2d?pvs=21),545,"NT$3,239.00",Social (https://app.notion.com/p/Social-1de52a1550c180eaa21cea69f136a638?pvs=21),2023/10/30,,$0.00
晚餐,General (https://app.notion.com/p/General-1fe52a1550c180d89a84f6b6694a42f5?pvs=21),1620,NT$577.00,Food (https://app.notion.com/p/Food-1de52a1550c1808585f7c8d0cbbab341?pvs=21),2023/10/29,,$0.00
麵包,General (https://app.notion.com/p/General-1fe52a1550c180d89a84f6b6694a42f5?pvs=21),1620,NT$185.00,Food (https://app.notion.com/p/Food-1de52a1550c1808585f7c8d0cbbab341?pvs=21),2023/10/29,,$0.00
甜甜圈,General (https://app.notion.com/p/General-1fe52a1550c180d89a84f6b6694a42f5?pvs=21),1620,NT$100.00,Food (https://app.notion.com/p/Food-1de52a1550c1808585f7c8d0cbbab341?pvs=21),2023/10/29,,$0.00
鹽水雞,General (https://app.notion.com/p/General-1fe52a1550c180d89a84f6b6694a42f5?pvs=21),2482,NT$250.00,Food (https://app.notion.com/p/Food-1de52a1550c1808585f7c8d0cbbab341?pvs=21),2023/10/28,,$0.00
機油,General (https://app.notion.com/p/General-1fe52a1550c180d89a84f6b6694a42f5?pvs=21),2482,NT$200.00,Other (https://app.notion.com/p/Other-1de52a1550c1810a92c1c432337241e8?pvs=21),2023/10/28,,$0.00
卡片材料,General (https://app.notion.com/p/General-1fe52a1550c180d89a84f6b6694a42f5?pvs=21),2482,NT$100.00,Social (https://app.notion.com/p/Social-1de52a1550c180eaa21cea69f136a638?pvs=21),2023/10/28,,$0.00
全聯,General (https://app.notion.com/p/General-1fe52a1550c180d89a84f6b6694a42f5?pvs=21),3104,NT$307.00,Food (https://app.notion.com/p/Food-1de52a1550c1808585f7c8d0cbbab341?pvs=21),2023/10/26,,$0.00
冰淇淋,General (https://app.notion.com/p/General-1fe52a1550c180d89a84f6b6694a42f5?pvs=21),3032,NT$72.00,Food (https://app.notion.com/p/Food-1de52a1550c1808585f7c8d0cbbab341?pvs=21),2023/10/27,,$0.00
早餐,General (https://app.notion.com/p/General-1fe52a1550c180d89a84f6b6694a42f5?pvs=21),3104,NT$69.00,Food (https://app.notion.com/p/Food-1de52a1550c1808585f7c8d0cbbab341?pvs=21),2023/10/26,,$0.00
綠豆沙,General (https://app.notion.com/p/General-1fe52a1550c180d89a84f6b6694a42f5?pvs=21),3104,NT$40.00,Food (https://app.notion.com/p/Food-1de52a1550c1808585f7c8d0cbbab341?pvs=21),2023/10/26,,$0.00
小鵲幸,General (https://app.notion.com/p/General-1fe52a1550c180d89a84f6b6694a42f5?pvs=21),3104,NT$42.00,Food (https://app.notion.com/p/Food-1de52a1550c1808585f7c8d0cbbab341?pvs=21),2023/10/26,,$0.00
下午茶,General (https://app.notion.com/p/General-1fe52a1550c180d89a84f6b6694a42f5?pvs=21),3562,NT$85.00,Food (https://app.notion.com/p/Food-1de52a1550c1808585f7c8d0cbbab341?pvs=21),2023/10/25,,$0.00
豆花,General (https://app.notion.com/p/General-1fe52a1550c180d89a84f6b6694a42f5?pvs=21),3562,NT$60.00,Food (https://app.notion.com/p/Food-1de52a1550c1808585f7c8d0cbbab341?pvs=21),2023/10/25,,$0.00
晚餐,General (https://app.notion.com/p/General-1fe52a1550c180d89a84f6b6694a42f5?pvs=21),3562,NT$130.00,Food (https://app.notion.com/p/Food-1de52a1550c1808585f7c8d0cbbab341?pvs=21),2023/10/25,,$0.00
電費,General (https://app.notion.com/p/General-1fe52a1550c180d89a84f6b6694a42f5?pvs=21),3837,"NT$3,064.00",Groceries (https://app.notion.com/p/Groceries-1de52a1550c180c6be6cdfaeb95cee9a?pvs=21),2023/10/24,,$0.00
水費,General (https://app.notion.com/p/General-1fe52a1550c180d89a84f6b6694a42f5?pvs=21),3837,NT$238.00,Groceries (https://app.notion.com/p/Groceries-1de52a1550c180c6be6cdfaeb95cee9a?pvs=21),2023/10/24,,$0.00
Sukiya,General (https://app.notion.com/p/General-1fe52a1550c180d89a84f6b6694a42f5?pvs=21),3837,NT$383.00,Food (https://app.notion.com/p/Food-1de52a1550c1808585f7c8d0cbbab341?pvs=21),2023/10/24,,$0.00
早餐,General (https://app.notion.com/p/General-1fe52a1550c180d89a84f6b6694a42f5?pvs=21),3837,NT$75.00,Food (https://app.notion.com/p/Food-1de52a1550c1808585f7c8d0cbbab341?pvs=21),2023/10/24,,$0.00
早餐,General (https://app.notion.com/p/General-1fe52a1550c180d89a84f6b6694a42f5?pvs=21),7597,NT$40.00,Food (https://app.notion.com/p/Food-1de52a1550c1808585f7c8d0cbbab341?pvs=21),2023/10/23,,$0.00
銀櫃,Couple's (https://app.notion.com/p/Couple-s-1de52a1550c181d39de7eebc343b38cd?pvs=21),2960,"NT$1,125.00",Fun (https://app.notion.com/p/Fun-1de52a1550c180f197e2ff3116ec3fa2?pvs=21),2023/10/22,,$0.00
豆花,General (https://app.notion.com/p/General-1fe52a1550c180d89a84f6b6694a42f5?pvs=21),7637,NT$135.00,Food (https://app.notion.com/p/Food-1de52a1550c1808585f7c8d0cbbab341?pvs=21),2023/10/22,,$0.00
泡芙,General (https://app.notion.com/p/General-1fe52a1550c180d89a84f6b6694a42f5?pvs=21),7637,NT$165.00,Food (https://app.notion.com/p/Food-1de52a1550c1808585f7c8d0cbbab341?pvs=21),2023/10/22,,$0.00
停車費,General (https://app.notion.com/p/General-1fe52a1550c180d89a84f6b6694a42f5?pvs=21),7637,NT$90.00,Traffic (https://app.notion.com/p/Traffic-1de52a1550c1807b8ff6e40f804e1127?pvs=21),2023/10/22,,$0.00
晚餐,General (https://app.notion.com/p/General-1fe52a1550c180d89a84f6b6694a42f5?pvs=21),7637,NT$319.00,Food (https://app.notion.com/p/Food-1de52a1550c1808585f7c8d0cbbab341?pvs=21),2023/10/22,,$0.00
早餐,General (https://app.notion.com/p/General-1fe52a1550c180d89a84f6b6694a42f5?pvs=21),7637,NT$50.00,Food (https://app.notion.com/p/Food-1de52a1550c1808585f7c8d0cbbab341?pvs=21),2023/10/22,,$0.00
石二鍋,General (https://app.notion.com/p/General-1fe52a1550c180d89a84f6b6694a42f5?pvs=21),8396,NT$595.00,Food (https://app.notion.com/p/Food-1de52a1550c1808585f7c8d0cbbab341?pvs=21),2023/10/21,,$0.00
晚餐,General (https://app.notion.com/p/General-1fe52a1550c180d89a84f6b6694a42f5?pvs=21),8396,NT$220.00,Food (https://app.notion.com/p/Food-1de52a1550c1808585f7c8d0cbbab341?pvs=21),2023/10/21,,$0.00
50嵐,General (https://app.notion.com/p/General-1fe52a1550c180d89a84f6b6694a42f5?pvs=21),8396,NT$90.00,Food (https://app.notion.com/p/Food-1de52a1550c1808585f7c8d0cbbab341?pvs=21),2023/10/21,,$0.00
韓國滑雪費用,General (https://app.notion.com/p/General-1fe52a1550c180d89a84f6b6694a42f5?pvs=21),8396,"NT$5,615.00",Travel (https://app.notion.com/p/Travel-1de52a1550c18102a04df0c968556b0b?pvs=21),2023/10/21,,$0.00
柳橙汁,General (https://app.notion.com/p/General-1fe52a1550c180d89a84f6b6694a42f5?pvs=21),14916,NT$45.00,Food (https://app.notion.com/p/Food-1de52a1550c1808585f7c8d0cbbab341?pvs=21),2023/10/20,,$0.00
蔣好的味道,General (https://app.notion.com/p/General-1fe52a1550c180d89a84f6b6694a42f5?pvs=21),14916,NT$250.00,Food (https://app.notion.com/p/Food-1de52a1550c1808585f7c8d0cbbab341?pvs=21),2023/10/20,,$0.00
全聯,General (https://app.notion.com/p/General-1fe52a1550c180d89a84f6b6694a42f5?pvs=21),15211,NT$277.00,Food (https://app.notion.com/p/Food-1de52a1550c1808585f7c8d0cbbab341?pvs=21),2023/10/19,,$0.00
早餐,General (https://app.notion.com/p/General-1fe52a1550c180d89a84f6b6694a42f5?pvs=21),15211,NT$67.00,Food (https://app.notion.com/p/Food-1de52a1550c1808585f7c8d0cbbab341?pvs=21),2023/10/19,,$0.00
早餐,General (https://app.notion.com/p/General-1fe52a1550c180d89a84f6b6694a42f5?pvs=21),15555,NT$91.00,Food (https://app.notion.com/p/Food-1de52a1550c1808585f7c8d0cbbab341?pvs=21),2023/10/18,,$0.00
機車加油,General (https://app.notion.com/p/General-1fe52a1550c180d89a84f6b6694a42f5?pvs=21),15646,NT$159.00,Traffic (https://app.notion.com/p/Traffic-1de52a1550c1807b8ff6e40f804e1127?pvs=21),2023/10/17,,$0.00
房租,General (https://app.notion.com/p/General-1fe52a1550c180d89a84f6b6694a42f5?pvs=21),15805,"NT$4,650.00",Groceries (https://app.notion.com/p/Groceries-1de52a1550c180c6be6cdfaeb95cee9a?pvs=21),2023/10/15,,$0.00
手機費,General (https://app.notion.com/p/General-1fe52a1550c180d89a84f6b6694a42f5?pvs=21),15805,"NT$1,054.00",Fun (https://app.notion.com/p/Fun-1de52a1550c180f197e2ff3116ec3fa2?pvs=21),2023/10/15,,$0.00
網路費,General (https://app.notion.com/p/General-1fe52a1550c180d89a84f6b6694a42f5?pvs=21),15805,NT$848.00,Fun (https://app.notion.com/p/Fun-1de52a1550c180f197e2ff3116ec3fa2?pvs=21),2023/10/15,,$0.00
筷子架,General (https://app.notion.com/p/General-1fe52a1550c180d89a84f6b6694a42f5?pvs=21),22357,NT$149.00,Groceries (https://app.notion.com/p/Groceries-1de52a1550c180c6be6cdfaeb95cee9a?pvs=21),2023/10/14,,$0.00
一品堂,General (https://app.notion.com/p/General-1fe52a1550c180d89a84f6b6694a42f5?pvs=21),22357,"NT$1,670.00",Health (https://app.notion.com/p/Health-1de52a1550c180948ad5c45ef59a5bb8?pvs=21),2023/10/14,,$0.00
河粉,General (https://app.notion.com/p/General-1fe52a1550c180d89a84f6b6694a42f5?pvs=21),24176,NT$349.00,Food (https://app.notion.com/p/Food-1de52a1550c1808585f7c8d0cbbab341?pvs=21),2023/10/13,,$0.00
普拿疼,General (https://app.notion.com/p/General-1fe52a1550c180d89a84f6b6694a42f5?pvs=21),24176,NT$599.00,Health (https://app.notion.com/p/Health-1de52a1550c180948ad5c45ef59a5bb8?pvs=21),2023/10/13,,$0.00
海鮮捲餅,General (https://app.notion.com/p/General-1fe52a1550c180d89a84f6b6694a42f5?pvs=21),24176,NT$99.00,Food (https://app.notion.com/p/Food-1de52a1550c1808585f7c8d0cbbab341?pvs=21),2023/10/13,,$0.00
蛤蜊濃湯,General (https://app.notion.com/p/General-1fe52a1550c180d89a84f6b6694a42f5?pvs=21),24176,NT$89.00,Food (https://app.notion.com/p/Food-1de52a1550c1808585f7c8d0cbbab341?pvs=21),2023/10/13,,$0.00
耳鼻喉科,General (https://app.notion.com/p/General-1fe52a1550c180d89a84f6b6694a42f5?pvs=21),25312,NT$200.00,Health (https://app.notion.com/p/Health-1de52a1550c180948ad5c45ef59a5bb8?pvs=21),2023/10/12,,$0.00
全聯,General (https://app.notion.com/p/General-1fe52a1550c180d89a84f6b6694a42f5?pvs=21),25312,NT$167.00,Food (https://app.notion.com/p/Food-1de52a1550c1808585f7c8d0cbbab341?pvs=21),2023/10/12,,$0.00
moon早午餐,General (https://app.notion.com/p/General-1fe52a1550c180d89a84f6b6694a42f5?pvs=21),30679,NT$655.00,Food (https://app.notion.com/p/Food-1de52a1550c1808585f7c8d0cbbab341?pvs=21),2023/10/10,,$0.00
林宥嘉演唱會,General (https://app.notion.com/p/General-1fe52a1550c180d89a84f6b6694a42f5?pvs=21),25679,"NT$5,000.00",Fun (https://app.notion.com/p/Fun-1de52a1550c180f197e2ff3116ec3fa2?pvs=21),2023/10/11,,$0.00
申記,General (https://app.notion.com/p/General-1fe52a1550c180d89a84f6b6694a42f5?pvs=21),30679,NT$335.00,Food (https://app.notion.com/p/Food-1de52a1550c1808585f7c8d0cbbab341?pvs=21),2023/10/10,,$0.00
50嵐,General (https://app.notion.com/p/General-1fe52a1550c180d89a84f6b6694a42f5?pvs=21),30679,NT$80.00,Food (https://app.notion.com/p/Food-1de52a1550c1808585f7c8d0cbbab341?pvs=21),2023/10/10,,$0.00
蛋糕,General (https://app.notion.com/p/General-1fe52a1550c180d89a84f6b6694a42f5?pvs=21),30679,NT$110.00,Food (https://app.notion.com/p/Food-1de52a1550c1808585f7c8d0cbbab341?pvs=21),2023/10/10,,$0.00
Costco,General (https://app.notion.com/p/General-1fe52a1550c180d89a84f6b6694a42f5?pvs=21),27737,NT$374.00,Other (https://app.notion.com/p/Other-1de52a1550c1810a92c1c432337241e8?pvs=21),2023/10/09,,$0.00
全聯,General (https://app.notion.com/p/General-1fe52a1550c180d89a84f6b6694a42f5?pvs=21),30679,NT$401.00,Food (https://app.notion.com/p/Food-1de52a1550c1808585f7c8d0cbbab341?pvs=21),2023/10/10,,$0.00
ETC,General (https://app.notion.com/p/General-1fe52a1550c180d89a84f6b6694a42f5?pvs=21),27737,NT$62.00,Traffic (https://app.notion.com/p/Traffic-1de52a1550c1807b8ff6e40f804e1127?pvs=21),2023/10/09,,$0.00
Costco,General (https://app.notion.com/p/General-1fe52a1550c180d89a84f6b6694a42f5?pvs=21),27737,"NT$2,180.00",Other (https://app.notion.com/p/Other-1de52a1550c1810a92c1c432337241e8?pvs=21),2023/10/09,,$0.00
停車費,General (https://app.notion.com/p/General-1fe52a1550c180d89a84f6b6694a42f5?pvs=21),27737,NT$220.00,Traffic (https://app.notion.com/p/Traffic-1de52a1550c1807b8ff6e40f804e1127?pvs=21),2023/10/09,,$0.00
汽車加油,General (https://app.notion.com/p/General-1fe52a1550c180d89a84f6b6694a42f5?pvs=21),27737,"NT$1,620.00",Traffic (https://app.notion.com/p/Traffic-1de52a1550c1807b8ff6e40f804e1127?pvs=21),2023/10/09,,$0.00
玉蘭,General (https://app.notion.com/p/General-1fe52a1550c180d89a84f6b6694a42f5?pvs=21),27737,NT$100.00,Food (https://app.notion.com/p/Food-1de52a1550c1808585f7c8d0cbbab341?pvs=21),2023/10/09,,$0.00
小鵲幸,General (https://app.notion.com/p/General-1fe52a1550c180d89a84f6b6694a42f5?pvs=21),27737,NT$81.00,Food (https://app.notion.com/p/Food-1de52a1550c1808585f7c8d0cbbab341?pvs=21),2023/10/09,,$0.00
停車費,General (https://app.notion.com/p/General-1fe52a1550c180d89a84f6b6694a42f5?pvs=21),28330,NT$190.00,Traffic (https://app.notion.com/p/Traffic-1de52a1550c1807b8ff6e40f804e1127?pvs=21),2023/10/08,,$0.00
ETC,General (https://app.notion.com/p/General-1fe52a1550c180d89a84f6b6694a42f5?pvs=21),28330,NT$32.00,Traffic (https://app.notion.com/p/Traffic-1de52a1550c1807b8ff6e40f804e1127?pvs=21),2023/10/08,,$0.00
ETC,General (https://app.notion.com/p/General-1fe52a1550c180d89a84f6b6694a42f5?pvs=21),28712,NT$57.00,Traffic (https://app.notion.com/p/Traffic-1de52a1550c1807b8ff6e40f804e1127?pvs=21),2023/10/07,,$0.00
停車費,General (https://app.notion.com/p/General-1fe52a1550c180d89a84f6b6694a42f5?pvs=21),28330,NT$100.00,Traffic (https://app.notion.com/p/Traffic-1de52a1550c1807b8ff6e40f804e1127?pvs=21),2023/10/08,,$0.00
停車費,General (https://app.notion.com/p/General-1fe52a1550c180d89a84f6b6694a42f5?pvs=21),28330,NT$60.00,Traffic (https://app.notion.com/p/Traffic-1de52a1550c1807b8ff6e40f804e1127?pvs=21),2023/10/08,,$0.00
停車費,General (https://app.notion.com/p/General-1fe52a1550c180d89a84f6b6694a42f5?pvs=21),28712,NT$90.00,Traffic (https://app.notion.com/p/Traffic-1de52a1550c1807b8ff6e40f804e1127?pvs=21),2023/10/07,,$0.00
停車費,General (https://app.notion.com/p/General-1fe52a1550c180d89a84f6b6694a42f5?pvs=21),28712,NT$40.00,Traffic (https://app.notion.com/p/Traffic-1de52a1550c1807b8ff6e40f804e1127?pvs=21),2023/10/07,,$0.00
早餐,General (https://app.notion.com/p/General-1fe52a1550c180d89a84f6b6694a42f5?pvs=21),28899,NT$45.00,Food (https://app.notion.com/p/Food-1de52a1550c1808585f7c8d0cbbab341?pvs=21),2023/10/06,,$0.00
口香糖,General (https://app.notion.com/p/General-1fe52a1550c180d89a84f6b6694a42f5?pvs=21),28899,NT$417.00,Food (https://app.notion.com/p/Food-1de52a1550c1808585f7c8d0cbbab341?pvs=21),2023/10/06,,$0.00
海鮮卷,General (https://app.notion.com/p/General-1fe52a1550c180d89a84f6b6694a42f5?pvs=21),28899,NT$99.00,Food (https://app.notion.com/p/Food-1de52a1550c1808585f7c8d0cbbab341?pvs=21),2023/10/06,,$0.00
茶湯會,General (https://app.notion.com/p/General-1fe52a1550c180d89a84f6b6694a42f5?pvs=21),28899,NT$60.00,Food (https://app.notion.com/p/Food-1de52a1550c1808585f7c8d0cbbab341?pvs=21),2023/10/06,,$0.00
停車費,General (https://app.notion.com/p/General-1fe52a1550c180d89a84f6b6694a42f5?pvs=21),28899,NT$60.00,Traffic (https://app.notion.com/p/Traffic-1de52a1550c1807b8ff6e40f804e1127?pvs=21),2023/10/06,,$0.00
大心,General (https://app.notion.com/p/General-1fe52a1550c180d89a84f6b6694a42f5?pvs=21),29580,NT$570.00,Food (https://app.notion.com/p/Food-1de52a1550c1808585f7c8d0cbbab341?pvs=21),2023/10/05,,$0.00
大創,General (https://app.notion.com/p/General-1fe52a1550c180d89a84f6b6694a42f5?pvs=21),29580,NT$147.00,Groceries (https://app.notion.com/p/Groceries-1de52a1550c180c6be6cdfaeb95cee9a?pvs=21),2023/10/05,,$0.00
龜記,General (https://app.notion.com/p/General-1fe52a1550c180d89a84f6b6694a42f5?pvs=21),29580,NT$95.00,Food (https://app.notion.com/p/Food-1de52a1550c1808585f7c8d0cbbab341?pvs=21),2023/10/05,,$0.00
早餐,General (https://app.notion.com/p/General-1fe52a1550c180d89a84f6b6694a42f5?pvs=21),30392,NT$93.00,Food (https://app.notion.com/p/Food-1de52a1550c1808585f7c8d0cbbab341?pvs=21),2023/10/04,,$0.00
咖啡,General (https://app.notion.com/p/General-1fe52a1550c180d89a84f6b6694a42f5?pvs=21),30392,NT$35.00,Food (https://app.notion.com/p/Food-1de52a1550c1808585f7c8d0cbbab341?pvs=21),2023/10/04,,$0.00
下午茶,General (https://app.notion.com/p/General-1fe52a1550c180d89a84f6b6694a42f5?pvs=21),30392,NT$50.00,Food (https://app.notion.com/p/Food-1de52a1550c1808585f7c8d0cbbab341?pvs=21),2023/10/04,,$0.00
50嵐,General (https://app.notion.com/p/General-1fe52a1550c180d89a84f6b6694a42f5?pvs=21),30570,NT$90.00,Food (https://app.notion.com/p/Food-1de52a1550c1808585f7c8d0cbbab341?pvs=21),2023/10/03,,$0.00
東門雞肉飯,General (https://app.notion.com/p/General-1fe52a1550c180d89a84f6b6694a42f5?pvs=21),30570,NT$295.00,Food (https://app.notion.com/p/Food-1de52a1550c1808585f7c8d0cbbab341?pvs=21),2023/10/03,,$0.00
落地窗維修費,General (https://app.notion.com/p/General-1fe52a1550c180d89a84f6b6694a42f5?pvs=21),30570,"NT$2,100.00",Groceries (https://app.notion.com/p/Groceries-1de52a1550c180c6be6cdfaeb95cee9a?pvs=21),2023/10/03,,$0.00
滾鍋吧,General (https://app.notion.com/p/General-1fe52a1550c180d89a84f6b6694a42f5?pvs=21),30570,NT$410.00,Food (https://app.notion.com/p/Food-1de52a1550c1808585f7c8d0cbbab341?pvs=21),2023/10/03,,$0.00
麥當勞,General (https://app.notion.com/p/General-1fe52a1550c180d89a84f6b6694a42f5?pvs=21),33465,NT$100.00,Food (https://app.notion.com/p/Food-1de52a1550c1808585f7c8d0cbbab341?pvs=21),2023/10/02,,$0.00
全聯,General (https://app.notion.com/p/General-1fe52a1550c180d89a84f6b6694a42f5?pvs=21),33465,NT$460.00,Food (https://app.notion.com/p/Food-1de52a1550c1808585f7c8d0cbbab341?pvs=21),2023/10/02,,$0.00
客運,General (https://app.notion.com/p/General-1fe52a1550c180d89a84f6b6694a42f5?pvs=21),34070,NT$120.00,Traffic (https://app.notion.com/p/Traffic-1de52a1550c1807b8ff6e40f804e1127?pvs=21),2023/09/30,,$0.00
客運,General (https://app.notion.com/p/General-1fe52a1550c180d89a84f6b6694a42f5?pvs=21),34070,NT$110.00,Traffic (https://app.notion.com/p/Traffic-1de52a1550c1807b8ff6e40f804e1127?pvs=21),2023/09/30,,$0.00
早餐,General (https://app.notion.com/p/General-1fe52a1550c180d89a84f6b6694a42f5?pvs=21),34025,NT$45.00,Food (https://app.notion.com/p/Food-1de52a1550c1808585f7c8d0cbbab341?pvs=21),2023/10/01,,$0.00
捷運,General (https://app.notion.com/p/General-1fe52a1550c180d89a84f6b6694a42f5?pvs=21),34070,NT$85.00,Traffic (https://app.notion.com/p/Traffic-1de52a1550c1807b8ff6e40f804e1127?pvs=21),2023/09/30,,$0.00
精品咖啡*22,General (https://app.notion.com/p/General-1fe52a1550c180d89a84f6b6694a42f5?pvs=21),34070,"NT$1,100.00",Food (https://app.notion.com/p/Food-1de52a1550c1808585f7c8d0cbbab341?pvs=21),2023/09/30,,$0.00
早餐,General (https://app.notion.com/p/General-1fe52a1550c180d89a84f6b6694a42f5?pvs=21),34070,NT$250.00,Food (https://app.notion.com/p/Food-1de52a1550c1808585f7c8d0cbbab341?pvs=21),2023/09/30,,$0.00
沐牧鍋物,Couple's (https://app.notion.com/p/Couple-s-1de52a1550c181d39de7eebc343b38cd?pvs=21),4085,"NT$1,000.00",Food (https://app.notion.com/p/Food-1de52a1550c1808585f7c8d0cbbab341?pvs=21),2023/09/30,,$0.00
文博會,Dream (https://app.notion.com/p/Dream-1de52a1550c180a4bc6eee5e921cbc2d?pvs=21),3784,NT$620.00,Fun (https://app.notion.com/p/Fun-1de52a1550c180f197e2ff3116ec3fa2?pvs=21),2023/09/30,,$0.00
健保費,Fixed (https://app.notion.com/p/Fixed-1de52a1550c180f19995d25cbc6f1038?pvs=21),-145,NT$990.00,Insurance (https://app.notion.com/p/Insurance-1de52a1550c181f09d1dfb6d85985a86?pvs=21),2023/09/30,,$0.00
勞保費,Fixed (https://app.notion.com/p/Fixed-1de52a1550c180f19995d25cbc6f1038?pvs=21),-145,"NT$1,100.00",Insurance (https://app.notion.com/p/Insurance-1de52a1550c181f09d1dfb6d85985a86?pvs=21),2023/09/30,,$0.00
米樂早餐,General (https://app.notion.com/p/General-1fe52a1550c180d89a84f6b6694a42f5?pvs=21),35996,NT$245.00,Food (https://app.notion.com/p/Food-1de52a1550c1808585f7c8d0cbbab341?pvs=21),2023/09/29,,$0.00
福委會,General (https://app.notion.com/p/General-1fe52a1550c180d89a84f6b6694a42f5?pvs=21),34070,NT$261.00,Fun (https://app.notion.com/p/Fun-1de52a1550c180f197e2ff3116ec3fa2?pvs=21),2023/09/30,,$0.00
熊讀冊,General (https://app.notion.com/p/General-1fe52a1550c180d89a84f6b6694a42f5?pvs=21),35996,NT$100.00,Learning (https://app.notion.com/p/Learning-1de52a1550c181fba52ed20f1907d909?pvs=21),2023/09/29,,$0.00
蔣好的味道,General (https://app.notion.com/p/General-1fe52a1550c180d89a84f6b6694a42f5?pvs=21),35996,NT$285.00,Food (https://app.notion.com/p/Food-1de52a1550c1808585f7c8d0cbbab341?pvs=21),2023/09/29,,$0.00
飲料,General (https://app.notion.com/p/General-1fe52a1550c180d89a84f6b6694a42f5?pvs=21),35996,NT$145.00,Food (https://app.notion.com/p/Food-1de52a1550c1808585f7c8d0cbbab341?pvs=21),2023/09/29,,$0.00
甜點,General (https://app.notion.com/p/General-1fe52a1550c180d89a84f6b6694a42f5?pvs=21),35996,NT$150.00,Food (https://app.notion.com/p/Food-1de52a1550c1808585f7c8d0cbbab341?pvs=21),2023/09/29,,$0.00
機車加油,General (https://app.notion.com/p/General-1fe52a1550c180d89a84f6b6694a42f5?pvs=21),35996,NT$170.00,Traffic (https://app.notion.com/p/Traffic-1de52a1550c1807b8ff6e40f804e1127?pvs=21),2023/09/29,,$0.00
匯給媽,Fixed (https://app.notion.com/p/Fixed-1de52a1550c180f19995d25cbc6f1038?pvs=21),1945,"NT$6,000.00",Family (https://app.notion.com/p/Family-1de52a1550c181faa107fcc0a73d8120?pvs=21),2023/09/28,,$0.00
上宇林,General (https://app.notion.com/p/General-1fe52a1550c180d89a84f6b6694a42f5?pvs=21),37091,NT$100.00,Food (https://app.notion.com/p/Food-1de52a1550c1808585f7c8d0cbbab341?pvs=21),2023/09/28,,$0.00
全聯,General (https://app.notion.com/p/General-1fe52a1550c180d89a84f6b6694a42f5?pvs=21),-12482,NT$442.00,Food (https://app.notion.com/p/Food-1de52a1550c1808585f7c8d0cbbab341?pvs=21),2023/09/27,,$0.00
雞排,General (https://app.notion.com/p/General-1fe52a1550c180d89a84f6b6694a42f5?pvs=21),37091,NT$143.00,Food (https://app.notion.com/p/Food-1de52a1550c1808585f7c8d0cbbab341?pvs=21),2023/09/28,,$0.00
早餐,General (https://app.notion.com/p/General-1fe52a1550c180d89a84f6b6694a42f5?pvs=21),-12482,NT$89.00,Food (https://app.notion.com/p/Food-1de52a1550c1808585f7c8d0cbbab341?pvs=21),2023/09/27,,$0.00
綠茶,General (https://app.notion.com/p/General-1fe52a1550c180d89a84f6b6694a42f5?pvs=21),-12482,NT$35.00,Food (https://app.notion.com/p/Food-1de52a1550c1808585f7c8d0cbbab341?pvs=21),2023/09/27,,$0.00
紅豆抹茶冰,General (https://app.notion.com/p/General-1fe52a1550c180d89a84f6b6694a42f5?pvs=21),-11916,NT$110.00,Food (https://app.notion.com/p/Food-1de52a1550c1808585f7c8d0cbbab341?pvs=21),2023/09/26,,$0.00
一私,General (https://app.notion.com/p/General-1fe52a1550c180d89a84f6b6694a42f5?pvs=21),-11916,NT$255.00,Food (https://app.notion.com/p/Food-1de52a1550c1808585f7c8d0cbbab341?pvs=21),2023/09/26,,$0.00
早餐,General (https://app.notion.com/p/General-1fe52a1550c180d89a84f6b6694a42f5?pvs=21),-11916,NT$58.00,Food (https://app.notion.com/p/Food-1de52a1550c1808585f7c8d0cbbab341?pvs=21),2023/09/26,,$0.00
中華電信手機費,General (https://app.notion.com/p/General-1fe52a1550c180d89a84f6b6694a42f5?pvs=21),-11493,NT$650.00,Fun (https://app.notion.com/p/Fun-1de52a1550c180f197e2ff3116ec3fa2?pvs=21),2023/09/25,,$0.00
寶慶堂,General (https://app.notion.com/p/General-1fe52a1550c180d89a84f6b6694a42f5?pvs=21),-10843,NT$245.00,Food (https://app.notion.com/p/Food-1de52a1550c1808585f7c8d0cbbab341?pvs=21),2023/09/24,,$0.00
彈跳床,Couple's (https://app.notion.com/p/Couple-s-1de52a1550c181d39de7eebc343b38cd?pvs=21),3085,NT$700.00,Fun (https://app.notion.com/p/Fun-1de52a1550c180f197e2ff3116ec3fa2?pvs=21),2023/09/24,,$0.00
艾森諾多功能剪刀,General (https://app.notion.com/p/General-1fe52a1550c180d89a84f6b6694a42f5?pvs=21),-10598,NT$720.00,Groceries (https://app.notion.com/p/Groceries-1de52a1550c180c6be6cdfaeb95cee9a?pvs=21),2023/09/23,,$0.00
停車費,General (https://app.notion.com/p/General-1fe52a1550c180d89a84f6b6694a42f5?pvs=21),-10598,NT$60.00,Traffic (https://app.notion.com/p/Traffic-1de52a1550c1807b8ff6e40f804e1127?pvs=21),2023/09/23,,$0.00
蔣好的味道,General (https://app.notion.com/p/General-1fe52a1550c180d89a84f6b6694a42f5?pvs=21),-10598,NT$285.00,Food (https://app.notion.com/p/Food-1de52a1550c1808585f7c8d0cbbab341?pvs=21),2023/09/23,,$0.00
烏弄,General (https://app.notion.com/p/General-1fe52a1550c180d89a84f6b6694a42f5?pvs=21),-10598,NT$100.00,Food (https://app.notion.com/p/Food-1de52a1550c1808585f7c8d0cbbab341?pvs=21),2023/09/23,,$0.00
鉅大剉冰,General (https://app.notion.com/p/General-1fe52a1550c180d89a84f6b6694a42f5?pvs=21),-10598,NT$130.00,Food (https://app.notion.com/p/Food-1de52a1550c1808585f7c8d0cbbab341?pvs=21),2023/09/23,,$0.00
品菀,General (https://app.notion.com/p/General-1fe52a1550c180d89a84f6b6694a42f5?pvs=21),-9303,NT$310.00,Food (https://app.notion.com/p/Food-1de52a1550c1808585f7c8d0cbbab341?pvs=21),2023/09/22,,$0.00
早餐,General (https://app.notion.com/p/General-1fe52a1550c180d89a84f6b6694a42f5?pvs=21),-8903,NT$60.00,Food (https://app.notion.com/p/Food-1de52a1550c1808585f7c8d0cbbab341?pvs=21),2023/09/19,,$0.00
玉蘭茶,General (https://app.notion.com/p/General-1fe52a1550c180d89a84f6b6694a42f5?pvs=21),-9303,NT$90.00,Food (https://app.notion.com/p/Food-1de52a1550c1808585f7c8d0cbbab341?pvs=21),2023/09/22,,$0.00
Costco,General (https://app.notion.com/p/General-1fe52a1550c180d89a84f6b6694a42f5?pvs=21),-8903,"NT$1,300.00",Food (https://app.notion.com/p/Food-1de52a1550c1808585f7c8d0cbbab341?pvs=21),2023/09/19,,$0.00
夜市晚餐,General (https://app.notion.com/p/General-1fe52a1550c180d89a84f6b6694a42f5?pvs=21),-8903,NT$435.00,Food (https://app.notion.com/p/Food-1de52a1550c1808585f7c8d0cbbab341?pvs=21),2023/09/19,,$0.00
失能險保費,Fixed (https://app.notion.com/p/Fixed-1de52a1550c180f19995d25cbc6f1038?pvs=21),-5086,"NT$13,741.00",Insurance (https://app.notion.com/p/Insurance-1de52a1550c181f09d1dfb6d85985a86?pvs=21),2023/09/18,,$0.00
房租,General (https://app.notion.com/p/General-1fe52a1550c180d89a84f6b6694a42f5?pvs=21),-7108,"NT$6,750.00",Groceries (https://app.notion.com/p/Groceries-1de52a1550c180c6be6cdfaeb95cee9a?pvs=21),2023/09/18,,$0.00
晚餐,General (https://app.notion.com/p/General-1fe52a1550c180d89a84f6b6694a42f5?pvs=21),-7108,NT$210.00,Food (https://app.notion.com/p/Food-1de52a1550c1808585f7c8d0cbbab341?pvs=21),2023/09/18,,$0.00
汽車加油,General (https://app.notion.com/p/General-1fe52a1550c180d89a84f6b6694a42f5?pvs=21),-148,"NT$1,371.00",Traffic (https://app.notion.com/p/Traffic-1de52a1550c1807b8ff6e40f804e1127?pvs=21),2023/09/17,,$0.00
米樂,General (https://app.notion.com/p/General-1fe52a1550c180d89a84f6b6694a42f5?pvs=21),-148,NT$195.00,Food (https://app.notion.com/p/Food-1de52a1550c1808585f7c8d0cbbab341?pvs=21),2023/09/17,,$0.00
星巴克,General (https://app.notion.com/p/General-1fe52a1550c180d89a84f6b6694a42f5?pvs=21),-148,NT$95.00,Food (https://app.notion.com/p/Food-1de52a1550c1808585f7c8d0cbbab341?pvs=21),2023/09/17,,$0.00
洗髮精+護髮乳,General (https://app.notion.com/p/General-1fe52a1550c180d89a84f6b6694a42f5?pvs=21),-148,"NT$1,080.00",Groceries (https://app.notion.com/p/Groceries-1de52a1550c180c6be6cdfaeb95cee9a?pvs=21),2023/09/17,,$0.00
竹東排骨酥,General (https://app.notion.com/p/General-1fe52a1550c180d89a84f6b6694a42f5?pvs=21),-148,NT$488.00,Food (https://app.notion.com/p/Food-1de52a1550c1808585f7c8d0cbbab341?pvs=21),2023/09/17,,$0.00
飲料,General (https://app.notion.com/p/General-1fe52a1550c180d89a84f6b6694a42f5?pvs=21),-148,NT$90.00,Food (https://app.notion.com/p/Food-1de52a1550c1808585f7c8d0cbbab341?pvs=21),2023/09/17,,$0.00
剉冰,General (https://app.notion.com/p/General-1fe52a1550c180d89a84f6b6694a42f5?pvs=21),-148,NT$60.00,Food (https://app.notion.com/p/Food-1de52a1550c1808585f7c8d0cbbab341?pvs=21),2023/09/17,,$0.00
機車加油,General (https://app.notion.com/p/General-1fe52a1550c180d89a84f6b6694a42f5?pvs=21),3231,NT$160.00,Traffic (https://app.notion.com/p/Traffic-1de52a1550c1807b8ff6e40f804e1127?pvs=21),2023/09/15,,$0.00
咖啡,General (https://app.notion.com/p/General-1fe52a1550c180d89a84f6b6694a42f5?pvs=21),3231,NT$85.00,Food (https://app.notion.com/p/Food-1de52a1550c1808585f7c8d0cbbab341?pvs=21),2023/09/15,,$0.00
寶杏堂,General (https://app.notion.com/p/General-1fe52a1550c180d89a84f6b6694a42f5?pvs=21),3231,NT$335.00,Food (https://app.notion.com/p/Food-1de52a1550c1808585f7c8d0cbbab341?pvs=21),2023/09/15,,$0.00
下午茶,General (https://app.notion.com/p/General-1fe52a1550c180d89a84f6b6694a42f5?pvs=21),4170,NT$50.00,Food (https://app.notion.com/p/Food-1de52a1550c1808585f7c8d0cbbab341?pvs=21),2023/09/13,,$0.00
可愛家,General (https://app.notion.com/p/General-1fe52a1550c180d89a84f6b6694a42f5?pvs=21),3811,NT$299.00,Food (https://app.notion.com/p/Food-1de52a1550c1808585f7c8d0cbbab341?pvs=21),2023/09/14,,$0.00
一沐日,General (https://app.notion.com/p/General-1fe52a1550c180d89a84f6b6694a42f5?pvs=21),3811,NT$60.00,Food (https://app.notion.com/p/Food-1de52a1550c1808585f7c8d0cbbab341?pvs=21),2023/09/14,,$0.00
飲料,General (https://app.notion.com/p/General-1fe52a1550c180d89a84f6b6694a42f5?pvs=21),4170,NT$35.00,Food (https://app.notion.com/p/Food-1de52a1550c1808585f7c8d0cbbab341?pvs=21),2023/09/13,,$0.00
飲料,General (https://app.notion.com/p/General-1fe52a1550c180d89a84f6b6694a42f5?pvs=21),4255,NT$90.00,Food (https://app.notion.com/p/Food-1de52a1550c1808585f7c8d0cbbab341?pvs=21),2023/09/12,,$0.00
延平大飯店,General (https://app.notion.com/p/General-1fe52a1550c180d89a84f6b6694a42f5?pvs=21),4255,NT$430.00,Food (https://app.notion.com/p/Food-1de52a1550c1808585f7c8d0cbbab341?pvs=21),2023/09/12,,$0.00
綠茶,General (https://app.notion.com/p/General-1fe52a1550c180d89a84f6b6694a42f5?pvs=21),4775,NT$20.00,Food (https://app.notion.com/p/Food-1de52a1550c1808585f7c8d0cbbab341?pvs=21),2023/09/11,,$0.00
肯德基,General (https://app.notion.com/p/General-1fe52a1550c180d89a84f6b6694a42f5?pvs=21),4775,NT$417.00,Food (https://app.notion.com/p/Food-1de52a1550c1808585f7c8d0cbbab341?pvs=21),2023/09/11,,$0.00
紅茶,General (https://app.notion.com/p/General-1fe52a1550c180d89a84f6b6694a42f5?pvs=21),4775,NT$10.00,Food (https://app.notion.com/p/Food-1de52a1550c1808585f7c8d0cbbab341?pvs=21),2023/09/11,,$0.00
全聯,General (https://app.notion.com/p/General-1fe52a1550c180d89a84f6b6694a42f5?pvs=21),5292,NT$787.00,Food (https://app.notion.com/p/Food-1de52a1550c1808585f7c8d0cbbab341?pvs=21),2023/09/10,,$0.00
早餐,General (https://app.notion.com/p/General-1fe52a1550c180d89a84f6b6694a42f5?pvs=21),4775,NT$70.00,Food (https://app.notion.com/p/Food-1de52a1550c1808585f7c8d0cbbab341?pvs=21),2023/09/11,,$0.00
早餐,General (https://app.notion.com/p/General-1fe52a1550c180d89a84f6b6694a42f5?pvs=21),6079,NT$60.00,Food (https://app.notion.com/p/Food-1de52a1550c1808585f7c8d0cbbab341?pvs=21),2023/09/09,,$0.00
手套,General (https://app.notion.com/p/General-1fe52a1550c180d89a84f6b6694a42f5?pvs=21),6139,NT$49.00,Groceries (https://app.notion.com/p/Groceries-1de52a1550c180c6be6cdfaeb95cee9a?pvs=21),2023/09/08,,$0.00
麥當勞,General (https://app.notion.com/p/General-1fe52a1550c180d89a84f6b6694a42f5?pvs=21),6139,NT$212.00,Food (https://app.notion.com/p/Food-1de52a1550c1808585f7c8d0cbbab341?pvs=21),2023/09/08,,$0.00
飲料,General (https://app.notion.com/p/General-1fe52a1550c180d89a84f6b6694a42f5?pvs=21),6139,NT$45.00,Food (https://app.notion.com/p/Food-1de52a1550c1808585f7c8d0cbbab341?pvs=21),2023/09/08,,$0.00
髮夾*3,General (https://app.notion.com/p/General-1fe52a1550c180d89a84f6b6694a42f5?pvs=21),6445,NT$147.00,Other (https://app.notion.com/p/Other-1de52a1550c1810a92c1c432337241e8?pvs=21),2023/09/07,,$0.00
藍象廷,General (https://app.notion.com/p/General-1fe52a1550c180d89a84f6b6694a42f5?pvs=21),6445,"NT$1,184.00",Food (https://app.notion.com/p/Food-1de52a1550c1808585f7c8d0cbbab341?pvs=21),2023/09/07,,$0.00
射飛鏢,General (https://app.notion.com/p/General-1fe52a1550c180d89a84f6b6694a42f5?pvs=21),6445,NT$120.00,Fun (https://app.notion.com/p/Fun-1de52a1550c180f197e2ff3116ec3fa2?pvs=21),2023/09/07,,$0.00
飲料,General (https://app.notion.com/p/General-1fe52a1550c180d89a84f6b6694a42f5?pvs=21),6445,NT$90.00,Food (https://app.notion.com/p/Food-1de52a1550c1808585f7c8d0cbbab341?pvs=21),2023/09/07,,$0.00
飲料,General (https://app.notion.com/p/General-1fe52a1550c180d89a84f6b6694a42f5?pvs=21),6445,NT$60.00,Food (https://app.notion.com/p/Food-1de52a1550c1808585f7c8d0cbbab341?pvs=21),2023/09/07,,$0.00
早餐,General (https://app.notion.com/p/General-1fe52a1550c180d89a84f6b6694a42f5?pvs=21),6445,NT$265.00,Food (https://app.notion.com/p/Food-1de52a1550c1808585f7c8d0cbbab341?pvs=21),2023/09/07,,$0.00
水果,General (https://app.notion.com/p/General-1fe52a1550c180d89a84f6b6694a42f5?pvs=21),8059,NT$329.00,Food (https://app.notion.com/p/Food-1de52a1550c1808585f7c8d0cbbab341?pvs=21),2023/09/05,,$0.00
中華電信網路費,General (https://app.notion.com/p/General-1fe52a1550c180d89a84f6b6694a42f5?pvs=21),7211,NT$848.00,Fun (https://app.notion.com/p/Fun-1de52a1550c180f197e2ff3116ec3fa2?pvs=21),2023/09/06,,$0.00
早餐,General (https://app.notion.com/p/General-1fe52a1550c180d89a84f6b6694a42f5?pvs=21),8388,NT$55.00,Food (https://app.notion.com/p/Food-1de52a1550c1808585f7c8d0cbbab341?pvs=21),2023/09/04,,$0.00
紅茶,General (https://app.notion.com/p/General-1fe52a1550c180d89a84f6b6694a42f5?pvs=21),8388,NT$20.00,Food (https://app.notion.com/p/Food-1de52a1550c1808585f7c8d0cbbab341?pvs=21),2023/09/04,,$0.00
牛奶,General (https://app.notion.com/p/General-1fe52a1550c180d89a84f6b6694a42f5?pvs=21),8388,NT$25.00,Food (https://app.notion.com/p/Food-1de52a1550c1808585f7c8d0cbbab341?pvs=21),2023/09/04,,$0.00
大創,General (https://app.notion.com/p/General-1fe52a1550c180d89a84f6b6694a42f5?pvs=21),8488,NT$399.00,Groceries (https://app.notion.com/p/Groceries-1de52a1550c180c6be6cdfaeb95cee9a?pvs=21),2023/09/03,,$0.00
丸龜,General (https://app.notion.com/p/General-1fe52a1550c180d89a84f6b6694a42f5?pvs=21),8488,NT$313.00,Food (https://app.notion.com/p/Food-1de52a1550c1808585f7c8d0cbbab341?pvs=21),2023/09/03,,$0.00
Costco食材,General (https://app.notion.com/p/General-1fe52a1550c180d89a84f6b6694a42f5?pvs=21),8488,"NT$3,524.00",Food (https://app.notion.com/p/Food-1de52a1550c1808585f7c8d0cbbab341?pvs=21),2023/09/03,,$0.00
飲料,General (https://app.notion.com/p/General-1fe52a1550c180d89a84f6b6694a42f5?pvs=21),8488,NT$50.00,Food (https://app.notion.com/p/Food-1de52a1550c1808585f7c8d0cbbab341?pvs=21),2023/09/03,,$0.00
早餐,General (https://app.notion.com/p/General-1fe52a1550c180d89a84f6b6694a42f5?pvs=21),12774,NT$152.00,Food (https://app.notion.com/p/Food-1de52a1550c1808585f7c8d0cbbab341?pvs=21),2023/09/02,,$0.00
茶湯會,General (https://app.notion.com/p/General-1fe52a1550c180d89a84f6b6694a42f5?pvs=21),12774,NT$35.00,Food (https://app.notion.com/p/Food-1de52a1550c1808585f7c8d0cbbab341?pvs=21),2023/09/02,,$0.00
晚餐,General (https://app.notion.com/p/General-1fe52a1550c180d89a84f6b6694a42f5?pvs=21),12774,NT$119.00,Food (https://app.notion.com/p/Food-1de52a1550c1808585f7c8d0cbbab341?pvs=21),2023/09/02,,$0.00
早餐,General (https://app.notion.com/p/General-1fe52a1550c180d89a84f6b6694a42f5?pvs=21),8257,NT$48.00,Food (https://app.notion.com/p/Food-1de52a1550c1808585f7c8d0cbbab341?pvs=21),2023/09/01,,$0.00
匯給媽,Fixed (https://app.notion.com/p/Fixed-1de52a1550c180f19995d25cbc6f1038?pvs=21),8655,"NT$6,000.00",Family (https://app.notion.com/p/Family-1de52a1550c181faa107fcc0a73d8120?pvs=21),2023/08/31,,$0.00
飲料,General (https://app.notion.com/p/General-1fe52a1550c180d89a84f6b6694a42f5?pvs=21),8305,NT$20.00,Food (https://app.notion.com/p/Food-1de52a1550c1808585f7c8d0cbbab341?pvs=21),2023/08/31,,$0.00
一私,General (https://app.notion.com/p/General-1fe52a1550c180d89a84f6b6694a42f5?pvs=21),8305,NT$270.00,Food (https://app.notion.com/p/Food-1de52a1550c1808585f7c8d0cbbab341?pvs=21),2023/08/31,,$0.00
吐司,General (https://app.notion.com/p/General-1fe52a1550c180d89a84f6b6694a42f5?pvs=21),8305,NT$35.00,Food (https://app.notion.com/p/Food-1de52a1550c1808585f7c8d0cbbab341?pvs=21),2023/08/31,,$0.00
剉冰,General (https://app.notion.com/p/General-1fe52a1550c180d89a84f6b6694a42f5?pvs=21),8305,NT$170.00,Food (https://app.notion.com/p/Food-1de52a1550c1808585f7c8d0cbbab341?pvs=21),2023/08/31,,$0.00
飲料,General (https://app.notion.com/p/General-1fe52a1550c180d89a84f6b6694a42f5?pvs=21),8305,NT$90.00,Food (https://app.notion.com/p/Food-1de52a1550c1808585f7c8d0cbbab341?pvs=21),2023/08/31,,$0.00
番茄鐘APP,General (https://app.notion.com/p/General-1fe52a1550c180d89a84f6b6694a42f5?pvs=21),8305,NT$390.00,Fun (https://app.notion.com/p/Fun-1de52a1550c180f197e2ff3116ec3fa2?pvs=21),2023/08/31,,$0.00
健保費,Fixed (https://app.notion.com/p/Fixed-1de52a1550c180f19995d25cbc6f1038?pvs=21),8655,NT$990.00,Insurance (https://app.notion.com/p/Insurance-1de52a1550c181f09d1dfb6d85985a86?pvs=21),2023/08/31,,$0.00
勞保費,Fixed (https://app.notion.com/p/Fixed-1de52a1550c180f19995d25cbc6f1038?pvs=21),8655,"NT$1,100.00",Insurance (https://app.notion.com/p/Insurance-1de52a1550c181f09d1dfb6d85985a86?pvs=21),2023/08/31,,$0.00
福委會,General (https://app.notion.com/p/General-1fe52a1550c180d89a84f6b6694a42f5?pvs=21),8305,NT$261.00,Fun (https://app.notion.com/p/Fun-1de52a1550c180f197e2ff3116ec3fa2?pvs=21),2023/08/31,,$0.00
機車保費(2025/11),Fixed (https://app.notion.com/p/Fixed-1de52a1550c180f19995d25cbc6f1038?pvs=21),5714,"NT$4,143.00",Traffic (https://app.notion.com/p/Traffic-1de52a1550c1807b8ff6e40f804e1127?pvs=21),2023/08/29,,$0.00
機車加油,General (https://app.notion.com/p/General-1fe52a1550c180d89a84f6b6694a42f5?pvs=21),-12563,NT$167.00,Traffic (https://app.notion.com/p/Traffic-1de52a1550c1807b8ff6e40f804e1127?pvs=21),2023/08/30,,$0.00
早餐,General (https://app.notion.com/p/General-1fe52a1550c180d89a84f6b6694a42f5?pvs=21),-12396,NT$45.00,Food (https://app.notion.com/p/Food-1de52a1550c1808585f7c8d0cbbab341?pvs=21),2023/08/29,,$0.00
麥當勞,General (https://app.notion.com/p/General-1fe52a1550c180d89a84f6b6694a42f5?pvs=21),-12396,NT$385.00,Food (https://app.notion.com/p/Food-1de52a1550c1808585f7c8d0cbbab341?pvs=21),2023/08/29,,$0.00
汽車加油Other,General (https://app.notion.com/p/General-1fe52a1550c180d89a84f6b6694a42f5?pvs=21),-11966,"NT$1,514.00",Other (https://app.notion.com/p/Other-1de52a1550c1810a92c1c432337241e8?pvs=21),2023/08/27,,$0.00
小乖住宿,General (https://app.notion.com/p/General-1fe52a1550c180d89a84f6b6694a42f5?pvs=21),-11966,"NT$1,300.00",Other (https://app.notion.com/p/Other-1de52a1550c1810a92c1c432337241e8?pvs=21),2023/08/27,,$0.00
國道費用,General (https://app.notion.com/p/General-1fe52a1550c180d89a84f6b6694a42f5?pvs=21),-11966,NT$129.00,Traffic (https://app.notion.com/p/Traffic-1de52a1550c1807b8ff6e40f804e1127?pvs=21),2023/08/27,,$0.00
台東住宿,General (https://app.notion.com/p/General-1fe52a1550c180d89a84f6b6694a42f5?pvs=21),-18023,"NT$5,730.00",Travel (https://app.notion.com/p/Travel-1de52a1550c18102a04df0c968556b0b?pvs=21),2023/08/26,,$0.00
國道費用,General (https://app.notion.com/p/General-1fe52a1550c180d89a84f6b6694a42f5?pvs=21),-12293,NT$115.00,Traffic (https://app.notion.com/p/Traffic-1de52a1550c1807b8ff6e40f804e1127?pvs=21),2023/08/25,,$0.00
汽車加油Other,General (https://app.notion.com/p/General-1fe52a1550c180d89a84f6b6694a42f5?pvs=21),-12293,"NT$1,350.00",Other (https://app.notion.com/p/Other-1de52a1550c1810a92c1c432337241e8?pvs=21),2023/08/25,,$0.00
Costco牛肋條,General (https://app.notion.com/p/General-1fe52a1550c180d89a84f6b6694a42f5?pvs=21),-10828,"NT$1,630.00",Other (https://app.notion.com/p/Other-1de52a1550c1810a92c1c432337241e8?pvs=21),2023/08/23,,$0.00
蝦皮海藻鈣,General (https://app.notion.com/p/General-1fe52a1550c180d89a84f6b6694a42f5?pvs=21),-10828,NT$768.00,Other (https://app.notion.com/p/Other-1de52a1550c1810a92c1c432337241e8?pvs=21),2023/08/23,,$0.00
CostcoD3,General (https://app.notion.com/p/General-1fe52a1550c180d89a84f6b6694a42f5?pvs=21),-10828,"NT$1,407.00",Other (https://app.notion.com/p/Other-1de52a1550c1810a92c1c432337241e8?pvs=21),2023/08/23,,$0.00
飲料,General (https://app.notion.com/p/General-1fe52a1550c180d89a84f6b6694a42f5?pvs=21),-10828,NT$175.00,Food (https://app.notion.com/p/Food-1de52a1550c1808585f7c8d0cbbab341?pvs=21),2023/08/23,,$0.00
起司,General (https://app.notion.com/p/General-1fe52a1550c180d89a84f6b6694a42f5?pvs=21),-10828,NT$400.00,Food (https://app.notion.com/p/Food-1de52a1550c1808585f7c8d0cbbab341?pvs=21),2023/08/23,,$0.00
充電線,General (https://app.notion.com/p/General-1fe52a1550c180d89a84f6b6694a42f5?pvs=21),-6448,"NT$1,630.00",Fun (https://app.notion.com/p/Fun-1de52a1550c180f197e2ff3116ec3fa2?pvs=21),2023/08/22,,$0.00
早餐,General (https://app.notion.com/p/General-1fe52a1550c180d89a84f6b6694a42f5?pvs=21),-6448,NT$45.00,Food (https://app.notion.com/p/Food-1de52a1550c1808585f7c8d0cbbab341?pvs=21),2023/08/22,,$0.00
開飯川,General (https://app.notion.com/p/General-1fe52a1550c180d89a84f6b6694a42f5?pvs=21),-6448,"NT$1,236.00",Food (https://app.notion.com/p/Food-1de52a1550c1808585f7c8d0cbbab341?pvs=21),2023/08/22,,$0.00
早餐,General (https://app.notion.com/p/General-1fe52a1550c180d89a84f6b6694a42f5?pvs=21),-3537,NT$49.00,Food (https://app.notion.com/p/Food-1de52a1550c1808585f7c8d0cbbab341?pvs=21),2023/08/21,,$0.00
房租,General (https://app.notion.com/p/General-1fe52a1550c180d89a84f6b6694a42f5?pvs=21),-3488,"NT$6,750.00",Groceries (https://app.notion.com/p/Groceries-1de52a1550c180c6be6cdfaeb95cee9a?pvs=21),2023/08/20,,$0.00
飲料,General (https://app.notion.com/p/General-1fe52a1550c180d89a84f6b6694a42f5?pvs=21),-3488,NT$85.00,Food (https://app.notion.com/p/Food-1de52a1550c1808585f7c8d0cbbab341?pvs=21),2023/08/20,,$0.00
麥當勞,General (https://app.notion.com/p/General-1fe52a1550c180d89a84f6b6694a42f5?pvs=21),-3488,NT$298.00,Food (https://app.notion.com/p/Food-1de52a1550c1808585f7c8d0cbbab341?pvs=21),2023/08/20,,$0.00
剉冰,General (https://app.notion.com/p/General-1fe52a1550c180d89a84f6b6694a42f5?pvs=21),-3488,NT$75.00,Food (https://app.notion.com/p/Food-1de52a1550c1808585f7c8d0cbbab341?pvs=21),2023/08/20,,$0.00
石二鍋,General (https://app.notion.com/p/General-1fe52a1550c180d89a84f6b6694a42f5?pvs=21),3720,NT$580.00,Food (https://app.notion.com/p/Food-1de52a1550c1808585f7c8d0cbbab341?pvs=21),2023/08/19,,$0.00
機車加油,General (https://app.notion.com/p/General-1fe52a1550c180d89a84f6b6694a42f5?pvs=21),3720,NT$129.00,Traffic (https://app.notion.com/p/Traffic-1de52a1550c1807b8ff6e40f804e1127?pvs=21),2023/08/19,,$0.00
汽車加機油(工本費),Fixed (https://app.notion.com/p/Fixed-1de52a1550c180f19995d25cbc6f1038?pvs=21),9857,NT$600.00,Traffic (https://app.notion.com/p/Traffic-1de52a1550c1807b8ff6e40f804e1127?pvs=21),2023/08/19,,$0.00
油芯紙,Fixed (https://app.notion.com/p/Fixed-1de52a1550c180f19995d25cbc6f1038?pvs=21),9857,NT$300.00,Traffic (https://app.notion.com/p/Traffic-1de52a1550c1807b8ff6e40f804e1127?pvs=21),2023/08/19,,$0.00
晚餐,General (https://app.notion.com/p/General-1fe52a1550c180d89a84f6b6694a42f5?pvs=21),3720,NT$598.00,Food (https://app.notion.com/p/Food-1de52a1550c1808585f7c8d0cbbab341?pvs=21),2023/08/19,,$0.00
飲料,General (https://app.notion.com/p/General-1fe52a1550c180d89a84f6b6694a42f5?pvs=21),3720,NT$100.00,Food (https://app.notion.com/p/Food-1de52a1550c1808585f7c8d0cbbab341?pvs=21),2023/08/19,,$0.00
柳家,General (https://app.notion.com/p/General-1fe52a1550c180d89a84f6b6694a42f5?pvs=21),5177,NT$170.00,Food (https://app.notion.com/p/Food-1de52a1550c1808585f7c8d0cbbab341?pvs=21),2023/08/18,,$0.00
早餐,General (https://app.notion.com/p/General-1fe52a1550c180d89a84f6b6694a42f5?pvs=21),3720,NT$50.00,Food (https://app.notion.com/p/Food-1de52a1550c1808585f7c8d0cbbab341?pvs=21),2023/08/19,,$0.00
潤餅,General (https://app.notion.com/p/General-1fe52a1550c180d89a84f6b6694a42f5?pvs=21),5177,NT$40.00,Food (https://app.notion.com/p/Food-1de52a1550c1808585f7c8d0cbbab341?pvs=21),2023/08/18,,$0.00
驗車,Fixed (https://app.notion.com/p/Fixed-1de52a1550c180f19995d25cbc6f1038?pvs=21),10757,NT$300.00,Traffic (https://app.notion.com/p/Traffic-1de52a1550c1807b8ff6e40f804e1127?pvs=21),2023/08/17,,$0.00
全聯,General (https://app.notion.com/p/General-1fe52a1550c180d89a84f6b6694a42f5?pvs=21),5387,NT$587.00,Food (https://app.notion.com/p/Food-1de52a1550c1808585f7c8d0cbbab341?pvs=21),2023/08/16,,$0.00
中華電信帳單,General (https://app.notion.com/p/General-1fe52a1550c180d89a84f6b6694a42f5?pvs=21),5974,"NT$1,865.00",Fun (https://app.notion.com/p/Fun-1de52a1550c180f197e2ff3116ec3fa2?pvs=21),2023/08/15,,$0.00
早餐,General (https://app.notion.com/p/General-1fe52a1550c180d89a84f6b6694a42f5?pvs=21),5974,NT$60.00,Food (https://app.notion.com/p/Food-1de52a1550c1808585f7c8d0cbbab341?pvs=21),2023/08/15,,$0.00
晚餐,General (https://app.notion.com/p/General-1fe52a1550c180d89a84f6b6694a42f5?pvs=21),7899,NT$150.00,Food (https://app.notion.com/p/Food-1de52a1550c1808585f7c8d0cbbab341?pvs=21),2023/08/14,,$0.00
飲料,General (https://app.notion.com/p/General-1fe52a1550c180d89a84f6b6694a42f5?pvs=21),7899,NT$44.00,Food (https://app.notion.com/p/Food-1de52a1550c1808585f7c8d0cbbab341?pvs=21),2023/08/14,,$0.00
咖啡,General (https://app.notion.com/p/General-1fe52a1550c180d89a84f6b6694a42f5?pvs=21),7899,NT$35.00,Food (https://app.notion.com/p/Food-1de52a1550c1808585f7c8d0cbbab341?pvs=21),2023/08/14,,$0.00
要活就要動,Dream (https://app.notion.com/p/Dream-1de52a1550c180a4bc6eee5e921cbc2d?pvs=21),-808,"NT$2,000.00",Health (https://app.notion.com/p/Health-1de52a1550c180948ad5c45ef59a5bb8?pvs=21),2023/08/14,,$0.00
麥當勞,General (https://app.notion.com/p/General-1fe52a1550c180d89a84f6b6694a42f5?pvs=21),8128,NT$239.00,Food (https://app.notion.com/p/Food-1de52a1550c1808585f7c8d0cbbab341?pvs=21),2023/08/13,,$0.00
小鵲幸,General (https://app.notion.com/p/General-1fe52a1550c180d89a84f6b6694a42f5?pvs=21),8128,NT$81.00,Food (https://app.notion.com/p/Food-1de52a1550c1808585f7c8d0cbbab341?pvs=21),2023/08/13,,$0.00
airwaves,General (https://app.notion.com/p/General-1fe52a1550c180d89a84f6b6694a42f5?pvs=21),8448,NT$429.00,Food (https://app.notion.com/p/Food-1de52a1550c1808585f7c8d0cbbab341?pvs=21),2023/08/12,,$0.00
濾水箱,General (https://app.notion.com/p/General-1fe52a1550c180d89a84f6b6694a42f5?pvs=21),8448,"NT$1,939.00",Groceries (https://app.notion.com/p/Groceries-1de52a1550c180c6be6cdfaeb95cee9a?pvs=21),2023/08/12,,$0.00
花舞豬,General (https://app.notion.com/p/General-1fe52a1550c180d89a84f6b6694a42f5?pvs=21),8448,"NT$1,098.00",Food (https://app.notion.com/p/Food-1de52a1550c1808585f7c8d0cbbab341?pvs=21),2023/08/12,,$0.00
Milky,General (https://app.notion.com/p/General-1fe52a1550c180d89a84f6b6694a42f5?pvs=21),8448,NT$439.00,Food (https://app.notion.com/p/Food-1de52a1550c1808585f7c8d0cbbab341?pvs=21),2023/08/12,,$0.00
青醬三明治,General (https://app.notion.com/p/General-1fe52a1550c180d89a84f6b6694a42f5?pvs=21),8448,NT$399.00,Food (https://app.notion.com/p/Food-1de52a1550c1808585f7c8d0cbbab341?pvs=21),2023/08/12,,$0.00
布丁,General (https://app.notion.com/p/General-1fe52a1550c180d89a84f6b6694a42f5?pvs=21),8448,NT$239.00,Food (https://app.notion.com/p/Food-1de52a1550c1808585f7c8d0cbbab341?pvs=21),2023/08/12,,$0.00
蜂蜜冰淇淋,General (https://app.notion.com/p/General-1fe52a1550c180d89a84f6b6694a42f5?pvs=21),8448,NT$239.00,Food (https://app.notion.com/p/Food-1de52a1550c1808585f7c8d0cbbab341?pvs=21),2023/08/12,,$0.00
柳丁百香金萱,General (https://app.notion.com/p/General-1fe52a1550c180d89a84f6b6694a42f5?pvs=21),8448,NT$225.00,Food (https://app.notion.com/p/Food-1de52a1550c1808585f7c8d0cbbab341?pvs=21),2023/08/12,,$0.00
什錦豆,General (https://app.notion.com/p/General-1fe52a1550c180d89a84f6b6694a42f5?pvs=21),8448,NT$375.00,Food (https://app.notion.com/p/Food-1de52a1550c1808585f7c8d0cbbab341?pvs=21),2023/08/12,,$0.00
燕麥,General (https://app.notion.com/p/General-1fe52a1550c180d89a84f6b6694a42f5?pvs=21),8448,NT$269.00,Food (https://app.notion.com/p/Food-1de52a1550c1808585f7c8d0cbbab341?pvs=21),2023/08/12,,$0.00
機車加油,General (https://app.notion.com/p/General-1fe52a1550c180d89a84f6b6694a42f5?pvs=21),8448,NT$165.00,Traffic (https://app.notion.com/p/Traffic-1de52a1550c1807b8ff6e40f804e1127?pvs=21),2023/08/12,,$0.00
wakamoto,General (https://app.notion.com/p/General-1fe52a1550c180d89a84f6b6694a42f5?pvs=21),8448,NT$819.00,Health (https://app.notion.com/p/Health-1de52a1550c180948ad5c45ef59a5bb8?pvs=21),2023/08/12,,$0.00
原子習慣,General (https://app.notion.com/p/General-1fe52a1550c180d89a84f6b6694a42f5?pvs=21),15452,NT$180.00,Learning (https://app.notion.com/p/Learning-1de52a1550c181fba52ed20f1907d909?pvs=21),2023/08/11,,$0.00
新甘樫,General (https://app.notion.com/p/General-1fe52a1550c180d89a84f6b6694a42f5?pvs=21),8448,NT$369.00,Health (https://app.notion.com/p/Health-1de52a1550c180948ad5c45ef59a5bb8?pvs=21),2023/08/12,,$0.00
逆思維,General (https://app.notion.com/p/General-1fe52a1550c180d89a84f6b6694a42f5?pvs=21),15452,NT$230.00,Learning (https://app.notion.com/p/Learning-1de52a1550c181fba52ed20f1907d909?pvs=21),2023/08/11,,$0.00
打造第二大腦,General (https://app.notion.com/p/General-1fe52a1550c180d89a84f6b6694a42f5?pvs=21),15452,NT$207.00,Learning (https://app.notion.com/p/Learning-1de52a1550c181fba52ed20f1907d909?pvs=21),2023/08/11,,$0.00
早餐,General (https://app.notion.com/p/General-1fe52a1550c180d89a84f6b6694a42f5?pvs=21),15452,NT$49.00,Food (https://app.notion.com/p/Food-1de52a1550c1808585f7c8d0cbbab341?pvs=21),2023/08/11,,$0.00
飲料,General (https://app.notion.com/p/General-1fe52a1550c180d89a84f6b6694a42f5?pvs=21),15452,NT$90.00,Food (https://app.notion.com/p/Food-1de52a1550c1808585f7c8d0cbbab341?pvs=21),2023/08/11,,$0.00
水電費,General (https://app.notion.com/p/General-1fe52a1550c180d89a84f6b6694a42f5?pvs=21),15452,"NT$1,774.00",Groceries (https://app.notion.com/p/Groceries-1de52a1550c180c6be6cdfaeb95cee9a?pvs=21),2023/08/11,,$0.00
晚餐,General (https://app.notion.com/p/General-1fe52a1550c180d89a84f6b6694a42f5?pvs=21),17982,NT$50.00,Food (https://app.notion.com/p/Food-1de52a1550c1808585f7c8d0cbbab341?pvs=21),2023/08/10,,$0.00
早餐,General (https://app.notion.com/p/General-1fe52a1550c180d89a84f6b6694a42f5?pvs=21),17982,NT$49.00,Food (https://app.notion.com/p/Food-1de52a1550c1808585f7c8d0cbbab341?pvs=21),2023/08/10,,$0.00
全聯,General (https://app.notion.com/p/General-1fe52a1550c180d89a84f6b6694a42f5?pvs=21),18081,NT$159.00,Food (https://app.notion.com/p/Food-1de52a1550c1808585f7c8d0cbbab341?pvs=21),2023/08/09,,$0.00
早餐,General (https://app.notion.com/p/General-1fe52a1550c180d89a84f6b6694a42f5?pvs=21),18081,NT$135.00,Food (https://app.notion.com/p/Food-1de52a1550c1808585f7c8d0cbbab341?pvs=21),2023/08/09,,$0.00
晚餐,General (https://app.notion.com/p/General-1fe52a1550c180d89a84f6b6694a42f5?pvs=21),18081,NT$80.00,Food (https://app.notion.com/p/Food-1de52a1550c1808585f7c8d0cbbab341?pvs=21),2023/08/09,,$0.00
白鬍子牛排,General (https://app.notion.com/p/General-1fe52a1550c180d89a84f6b6694a42f5?pvs=21),18455,NT$360.00,Food (https://app.notion.com/p/Food-1de52a1550c1808585f7c8d0cbbab341?pvs=21),2023/08/08,,$0.00
早餐,General (https://app.notion.com/p/General-1fe52a1550c180d89a84f6b6694a42f5?pvs=21),18455,NT$49.00,Food (https://app.notion.com/p/Food-1de52a1550c1808585f7c8d0cbbab341?pvs=21),2023/08/08,,$0.00
奶茶包,General (https://app.notion.com/p/General-1fe52a1550c180d89a84f6b6694a42f5?pvs=21),18455,NT$650.00,Food (https://app.notion.com/p/Food-1de52a1550c1808585f7c8d0cbbab341?pvs=21),2023/08/08,,$0.00
全聯,General (https://app.notion.com/p/General-1fe52a1550c180d89a84f6b6694a42f5?pvs=21),19514,NT$102.00,Food (https://app.notion.com/p/Food-1de52a1550c1808585f7c8d0cbbab341?pvs=21),2023/08/07,,$0.00
早餐,General (https://app.notion.com/p/General-1fe52a1550c180d89a84f6b6694a42f5?pvs=21),19514,NT$60.00,Food (https://app.notion.com/p/Food-1de52a1550c1808585f7c8d0cbbab341?pvs=21),2023/08/07,,$0.00
下午茶,General (https://app.notion.com/p/General-1fe52a1550c180d89a84f6b6694a42f5?pvs=21),19514,NT$40.00,Food (https://app.notion.com/p/Food-1de52a1550c1808585f7c8d0cbbab341?pvs=21),2023/08/07,,$0.00
汽車加油,General (https://app.notion.com/p/General-1fe52a1550c180d89a84f6b6694a42f5?pvs=21),19716,"NT$1,572.00",Traffic (https://app.notion.com/p/Traffic-1de52a1550c1807b8ff6e40f804e1127?pvs=21),2023/08/06,,$0.00
國道費用,General (https://app.notion.com/p/General-1fe52a1550c180d89a84f6b6694a42f5?pvs=21),19716,NT$215.00,Traffic (https://app.notion.com/p/Traffic-1de52a1550c1807b8ff6e40f804e1127?pvs=21),2023/08/06,,$0.00
停車費,General (https://app.notion.com/p/General-1fe52a1550c180d89a84f6b6694a42f5?pvs=21),19716,NT$105.00,Traffic (https://app.notion.com/p/Traffic-1de52a1550c1807b8ff6e40f804e1127?pvs=21),2023/08/06,,$0.00
汽車換輪胎,Fixed (https://app.notion.com/p/Fixed-1de52a1550c180f19995d25cbc6f1038?pvs=21),11057,"NT$2,400.00",Traffic (https://app.notion.com/p/Traffic-1de52a1550c1807b8ff6e40f804e1127?pvs=21),2023/08/05,,$0.00
烏弄,General (https://app.notion.com/p/General-1fe52a1550c180d89a84f6b6694a42f5?pvs=21),21608,NT$65.00,Food (https://app.notion.com/p/Food-1de52a1550c1808585f7c8d0cbbab341?pvs=21),2023/08/05,,$0.00
飲料,General (https://app.notion.com/p/General-1fe52a1550c180d89a84f6b6694a42f5?pvs=21),21608,NT$32.00,Food (https://app.notion.com/p/Food-1de52a1550c1808585f7c8d0cbbab341?pvs=21),2023/08/05,,$0.00
國道費用,General (https://app.notion.com/p/General-1fe52a1550c180d89a84f6b6694a42f5?pvs=21),21608,NT$66.00,Traffic (https://app.notion.com/p/Traffic-1de52a1550c1807b8ff6e40f804e1127?pvs=21),2023/08/05,,$0.00
早餐,General (https://app.notion.com/p/General-1fe52a1550c180d89a84f6b6694a42f5?pvs=21),21771,NT$60.00,Food (https://app.notion.com/p/Food-1de52a1550c1808585f7c8d0cbbab341?pvs=21),2023/08/04,,$0.00
汽車加油,Couple's (https://app.notion.com/p/Couple-s-1de52a1550c181d39de7eebc343b38cd?pvs=21),1785,"NT$1,481.00",Traffic (https://app.notion.com/p/Traffic-1de52a1550c1807b8ff6e40f804e1127?pvs=21),2023/08/04,,$0.00
奶茶,General (https://app.notion.com/p/General-1fe52a1550c180d89a84f6b6694a42f5?pvs=21),21771,NT$23.00,Food (https://app.notion.com/p/Food-1de52a1550c1808585f7c8d0cbbab341?pvs=21),2023/08/04,,$0.00
國道費用,General (https://app.notion.com/p/General-1fe52a1550c180d89a84f6b6694a42f5?pvs=21),21771,NT$224.00,Traffic (https://app.notion.com/p/Traffic-1de52a1550c1807b8ff6e40f804e1127?pvs=21),2023/08/04,,$0.00
滷味,General (https://app.notion.com/p/General-1fe52a1550c180d89a84f6b6694a42f5?pvs=21),22078,NT$135.00,Food (https://app.notion.com/p/Food-1de52a1550c1808585f7c8d0cbbab341?pvs=21),2023/08/03,,$0.00
50嵐1號,General (https://app.notion.com/p/General-1fe52a1550c180d89a84f6b6694a42f5?pvs=21),22078,NT$50.00,Food (https://app.notion.com/p/Food-1de52a1550c1808585f7c8d0cbbab341?pvs=21),2023/08/03,,$0.00
咖啡,General (https://app.notion.com/p/General-1fe52a1550c180d89a84f6b6694a42f5?pvs=21),22078,NT$35.00,Food (https://app.notion.com/p/Food-1de52a1550c1808585f7c8d0cbbab341?pvs=21),2023/08/03,,$0.00
點心,General (https://app.notion.com/p/General-1fe52a1550c180d89a84f6b6694a42f5?pvs=21),22078,NT$45.00,Food (https://app.notion.com/p/Food-1de52a1550c1808585f7c8d0cbbab341?pvs=21),2023/08/03,,$0.00
龜記,General (https://app.notion.com/p/General-1fe52a1550c180d89a84f6b6694a42f5?pvs=21),22343,NT$40.00,Food (https://app.notion.com/p/Food-1de52a1550c1808585f7c8d0cbbab341?pvs=21),2023/08/02,,$0.00
滷味,General (https://app.notion.com/p/General-1fe52a1550c180d89a84f6b6694a42f5?pvs=21),22343,NT$150.00,Food (https://app.notion.com/p/Food-1de52a1550c1808585f7c8d0cbbab341?pvs=21),2023/08/02,,$0.00
全家早餐,General (https://app.notion.com/p/General-1fe52a1550c180d89a84f6b6694a42f5?pvs=21),22533,NT$49.00,Food (https://app.notion.com/p/Food-1de52a1550c1808585f7c8d0cbbab341?pvs=21),2023/08/01,,$0.00
飲料,General (https://app.notion.com/p/General-1fe52a1550c180d89a84f6b6694a42f5?pvs=21),22533,NT$55.00,Food (https://app.notion.com/p/Food-1de52a1550c1808585f7c8d0cbbab341?pvs=21),2023/08/01,,$0.00
老雲記,General (https://app.notion.com/p/General-1fe52a1550c180d89a84f6b6694a42f5?pvs=21),22533,NT$360.00,Food (https://app.notion.com/p/Food-1de52a1550c1808585f7c8d0cbbab341?pvs=21),2023/08/01,,$0.00
獎金分紅(給女友,Dream (https://app.notion.com/p/Dream-1de52a1550c180a4bc6eee5e921cbc2d?pvs=21),1192,"NT$5,009.00",Other (https://app.notion.com/p/Other-1de52a1550c1810a92c1c432337241e8?pvs=21),2023/08/01,,$0.00
匯給媽,Fixed (https://app.notion.com/p/Fixed-1de52a1550c180f19995d25cbc6f1038?pvs=21),13457,"NT$6,000.00",Family (https://app.notion.com/p/Family-1de52a1550c181faa107fcc0a73d8120?pvs=21),2023/07/31,,$0.00
早餐,General (https://app.notion.com/p/General-1fe52a1550c180d89a84f6b6694a42f5?pvs=21),17945,NT$85.00,Food (https://app.notion.com/p/Food-1de52a1550c1808585f7c8d0cbbab341?pvs=21),2023/07/31,,$0.00
烤雞腿,General (https://app.notion.com/p/General-1fe52a1550c180d89a84f6b6694a42f5?pvs=21),17945,NT$349.00,Food (https://app.notion.com/p/Food-1de52a1550c1808585f7c8d0cbbab341?pvs=21),2023/07/31,,$0.00
菠菜,General (https://app.notion.com/p/General-1fe52a1550c180d89a84f6b6694a42f5?pvs=21),17945,NT$107.00,Food (https://app.notion.com/p/Food-1de52a1550c1808585f7c8d0cbbab341?pvs=21),2023/07/31,,$0.00
衛生紙,General (https://app.notion.com/p/General-1fe52a1550c180d89a84f6b6694a42f5?pvs=21),17945,NT$369.00,Groceries (https://app.notion.com/p/Groceries-1de52a1550c180c6be6cdfaeb95cee9a?pvs=21),2023/07/31,,$0.00
電影,Couple's (https://app.notion.com/p/Couple-s-1de52a1550c181d39de7eebc343b38cd?pvs=21),1266,NT$734.00,Learning (https://app.notion.com/p/Learning-1de52a1550c181fba52ed20f1907d909?pvs=21),2023/07/30,,$0.00
一私,General (https://app.notion.com/p/General-1fe52a1550c180d89a84f6b6694a42f5?pvs=21),-3834,NT$315.00,Food (https://app.notion.com/p/Food-1de52a1550c1808585f7c8d0cbbab341?pvs=21),2023/07/30,,$0.00
綠茶,General (https://app.notion.com/p/General-1fe52a1550c180d89a84f6b6694a42f5?pvs=21),-3519,NT$40.00,Food (https://app.notion.com/p/Food-1de52a1550c1808585f7c8d0cbbab341?pvs=21),2023/07/29,,$0.00
飲料,General (https://app.notion.com/p/General-1fe52a1550c180d89a84f6b6694a42f5?pvs=21),-3519,NT$100.00,Food (https://app.notion.com/p/Food-1de52a1550c1808585f7c8d0cbbab341?pvs=21),2023/07/29,,$0.00
全聯Food,General (https://app.notion.com/p/General-1fe52a1550c180d89a84f6b6694a42f5?pvs=21),-3519,NT$609.00,Food (https://app.notion.com/p/Food-1de52a1550c1808585f7c8d0cbbab341?pvs=21),2023/07/29,,$0.00
全聯Food,General (https://app.notion.com/p/General-1fe52a1550c180d89a84f6b6694a42f5?pvs=21),-2770,NT$332.00,Food (https://app.notion.com/p/Food-1de52a1550c1808585f7c8d0cbbab341?pvs=21),2023/07/28,,$0.00
一風堂,General (https://app.notion.com/p/General-1fe52a1550c180d89a84f6b6694a42f5?pvs=21),-1438,NT$700.00,Food (https://app.notion.com/p/Food-1de52a1550c1808585f7c8d0cbbab341?pvs=21),2023/07/27,,$0.00
勃肯鞋修復,General (https://app.notion.com/p/General-1fe52a1550c180d89a84f6b6694a42f5?pvs=21),-2770,"NT$1,000.00",Clothes (https://app.notion.com/p/Clothes-1de52a1550c181c098ebee3f08c04f38?pvs=21),2023/07/28,,$0.00
早餐,General (https://app.notion.com/p/General-1fe52a1550c180d89a84f6b6694a42f5?pvs=21),-738,NT$60.00,Food (https://app.notion.com/p/Food-1de52a1550c1808585f7c8d0cbbab341?pvs=21),2023/07/26,,$0.00
滷味,General (https://app.notion.com/p/General-1fe52a1550c180d89a84f6b6694a42f5?pvs=21),-738,NT$140.00,Food (https://app.notion.com/p/Food-1de52a1550c1808585f7c8d0cbbab341?pvs=21),2023/07/26,,$0.00
飲料,General (https://app.notion.com/p/General-1fe52a1550c180d89a84f6b6694a42f5?pvs=21),-738,NT$50.00,Food (https://app.notion.com/p/Food-1de52a1550c1808585f7c8d0cbbab341?pvs=21),2023/07/26,,$0.00
肯德基,General (https://app.notion.com/p/General-1fe52a1550c180d89a84f6b6694a42f5?pvs=21),-488,NT$449.00,Food (https://app.notion.com/p/Food-1de52a1550c1808585f7c8d0cbbab341?pvs=21),2023/07/25,,$0.00
綠茶,General (https://app.notion.com/p/General-1fe52a1550c180d89a84f6b6694a42f5?pvs=21),80,NT$20.00,Food (https://app.notion.com/p/Food-1de52a1550c1808585f7c8d0cbbab341?pvs=21),2023/07/24,,$0.00
零食,General (https://app.notion.com/p/General-1fe52a1550c180d89a84f6b6694a42f5?pvs=21),-488,NT$119.00,Food (https://app.notion.com/p/Food-1de52a1550c1808585f7c8d0cbbab341?pvs=21),2023/07/25,,$0.00
蘭花,General (https://app.notion.com/p/General-1fe52a1550c180d89a84f6b6694a42f5?pvs=21),100,"NT$1,440.00",Other (https://app.notion.com/p/Other-1de52a1550c1810a92c1c432337241e8?pvs=21),2023/07/23,,$0.00
飲料,General (https://app.notion.com/p/General-1fe52a1550c180d89a84f6b6694a42f5?pvs=21),100,NT$100.00,Food (https://app.notion.com/p/Food-1de52a1550c1808585f7c8d0cbbab341?pvs=21),2023/07/23,,$0.00
一私麵店,General (https://app.notion.com/p/General-1fe52a1550c180d89a84f6b6694a42f5?pvs=21),100,NT$500.00,Food (https://app.notion.com/p/Food-1de52a1550c1808585f7c8d0cbbab341?pvs=21),2023/07/23,,$0.00
小鵲幸,General (https://app.notion.com/p/General-1fe52a1550c180d89a84f6b6694a42f5?pvs=21),100,NT$76.00,Food (https://app.notion.com/p/Food-1de52a1550c1808585f7c8d0cbbab341?pvs=21),2023/07/23,,$0.00
全聯,General (https://app.notion.com/p/General-1fe52a1550c180d89a84f6b6694a42f5?pvs=21),100,NT$250.00,Food (https://app.notion.com/p/Food-1de52a1550c1808585f7c8d0cbbab341?pvs=21),2023/07/23,,$0.00
太郎燒肉,General (https://app.notion.com/p/General-1fe52a1550c180d89a84f6b6694a42f5?pvs=21),100,NT$638.00,Food (https://app.notion.com/p/Food-1de52a1550c1808585f7c8d0cbbab341?pvs=21),2023/07/23,,$0.00
綠茶,General (https://app.notion.com/p/General-1fe52a1550c180d89a84f6b6694a42f5?pvs=21),1664,NT$20.00,Food (https://app.notion.com/p/Food-1de52a1550c1808585f7c8d0cbbab341?pvs=21),2023/07/22,,$0.00
藜剪髮,General (https://app.notion.com/p/General-1fe52a1550c180d89a84f6b6694a42f5?pvs=21),1664,"NT$1,520.00",Other (https://app.notion.com/p/Other-1de52a1550c1810a92c1c432337241e8?pvs=21),2023/07/22,,$0.00
麵堂,General (https://app.notion.com/p/General-1fe52a1550c180d89a84f6b6694a42f5?pvs=21),1664,NT$305.00,Food (https://app.notion.com/p/Food-1de52a1550c1808585f7c8d0cbbab341?pvs=21),2023/07/22,,$0.00
剪頭髮,General (https://app.notion.com/p/General-1fe52a1550c180d89a84f6b6694a42f5?pvs=21),1664,NT$560.00,Cosmetics (https://app.notion.com/p/Cosmetics-1de52a1550c181cb93fdfe1a610bf352?pvs=21),2023/07/22,,$0.00
飲料,General (https://app.notion.com/p/General-1fe52a1550c180d89a84f6b6694a42f5?pvs=21),1664,NT$100.00,Food (https://app.notion.com/p/Food-1de52a1550c1808585f7c8d0cbbab341?pvs=21),2023/07/22,,$0.00
延平大飯店,General (https://app.notion.com/p/General-1fe52a1550c180d89a84f6b6694a42f5?pvs=21),4169,NT$500.00,Food (https://app.notion.com/p/Food-1de52a1550c1808585f7c8d0cbbab341?pvs=21),2023/07/21,,$0.00
光世代網路,General (https://app.notion.com/p/General-1fe52a1550c180d89a84f6b6694a42f5?pvs=21),11419,NT$848.00,Fun (https://app.notion.com/p/Fun-1de52a1550c180f197e2ff3116ec3fa2?pvs=21),2023/07/20,,$0.00
房租,General (https://app.notion.com/p/General-1fe52a1550c180d89a84f6b6694a42f5?pvs=21),4169,"NT$6,750.00",Groceries (https://app.notion.com/p/Groceries-1de52a1550c180c6be6cdfaeb95cee9a?pvs=21),2023/07/21,,$0.00
Subway,General (https://app.notion.com/p/General-1fe52a1550c180d89a84f6b6694a42f5?pvs=21),12267,NT$105.00,Food (https://app.notion.com/p/Food-1de52a1550c1808585f7c8d0cbbab341?pvs=21),2023/07/19,,$0.00
握把布,General (https://app.notion.com/p/General-1fe52a1550c180d89a84f6b6694a42f5?pvs=21),12372,NT$50.00,Groceries (https://app.notion.com/p/Groceries-1de52a1550c180c6be6cdfaeb95cee9a?pvs=21),2023/07/18,,$0.00
全家咖啡,General (https://app.notion.com/p/General-1fe52a1550c180d89a84f6b6694a42f5?pvs=21),12372,NT$49.00,Food (https://app.notion.com/p/Food-1de52a1550c1808585f7c8d0cbbab341?pvs=21),2023/07/18,,$0.00
金色三麥,General (https://app.notion.com/p/General-1fe52a1550c180d89a84f6b6694a42f5?pvs=21),12471,NT$978.00,Social (https://app.notion.com/p/Social-1de52a1550c180eaa21cea69f136a638?pvs=21),2023/07/16,,$0.00
布丁,General (https://app.notion.com/p/General-1fe52a1550c180d89a84f6b6694a42f5?pvs=21),12471,NT$17.00,Food (https://app.notion.com/p/Food-1de52a1550c1808585f7c8d0cbbab341?pvs=21),2023/07/16,,$0.00
客運（台中→新竹）,General (https://app.notion.com/p/General-1fe52a1550c180d89a84f6b6694a42f5?pvs=21),12471,NT$320.00,Social (https://app.notion.com/p/Social-1de52a1550c180eaa21cea69f136a638?pvs=21),2023/07/16,,$0.00
高麗菜,General (https://app.notion.com/p/General-1fe52a1550c180d89a84f6b6694a42f5?pvs=21),12471,NT$38.00,Food (https://app.notion.com/p/Food-1de52a1550c1808585f7c8d0cbbab341?pvs=21),2023/07/16,,$0.00
蘿蔔,General (https://app.notion.com/p/General-1fe52a1550c180d89a84f6b6694a42f5?pvs=21),12471,NT$36.00,Food (https://app.notion.com/p/Food-1de52a1550c1808585f7c8d0cbbab341?pvs=21),2023/07/16,,$0.00
50嵐,General (https://app.notion.com/p/General-1fe52a1550c180d89a84f6b6694a42f5?pvs=21),12471,NT$90.00,Food (https://app.notion.com/p/Food-1de52a1550c1808585f7c8d0cbbab341?pvs=21),2023/07/16,,$0.00
牛奶,General (https://app.notion.com/p/General-1fe52a1550c180d89a84f6b6694a42f5?pvs=21),12471,NT$102.00,Food (https://app.notion.com/p/Food-1de52a1550c1808585f7c8d0cbbab341?pvs=21),2023/07/16,,$0.00
小鵲幸,General (https://app.notion.com/p/General-1fe52a1550c180d89a84f6b6694a42f5?pvs=21),12471,NT$51.00,Food (https://app.notion.com/p/Food-1de52a1550c1808585f7c8d0cbbab341?pvs=21),2023/07/16,,$0.00
韓國住宿,Dream (https://app.notion.com/p/Dream-1de52a1550c180a4bc6eee5e921cbc2d?pvs=21),3595,"NT$14,214.00",Travel (https://app.notion.com/p/Travel-1de52a1550c18102a04df0c968556b0b?pvs=21),2023/07/16,,$0.00
玉米筍,General (https://app.notion.com/p/General-1fe52a1550c180d89a84f6b6694a42f5?pvs=21),14103,NT$27.00,Food (https://app.notion.com/p/Food-1de52a1550c1808585f7c8d0cbbab341?pvs=21),2023/07/15,,$0.00
五花肉,General (https://app.notion.com/p/General-1fe52a1550c180d89a84f6b6694a42f5?pvs=21),14103,NT$76.00,Food (https://app.notion.com/p/Food-1de52a1550c1808585f7c8d0cbbab341?pvs=21),2023/07/15,,$0.00
豆皮,General (https://app.notion.com/p/General-1fe52a1550c180d89a84f6b6694a42f5?pvs=21),14103,NT$55.00,Food (https://app.notion.com/p/Food-1de52a1550c1808585f7c8d0cbbab341?pvs=21),2023/07/15,,$0.00
豆芽菜,General (https://app.notion.com/p/General-1fe52a1550c180d89a84f6b6694a42f5?pvs=21),14103,NT$20.00,Food (https://app.notion.com/p/Food-1de52a1550c1808585f7c8d0cbbab341?pvs=21),2023/07/15,,$0.00
除塵紙*4,General (https://app.notion.com/p/General-1fe52a1550c180d89a84f6b6694a42f5?pvs=21),14103,NT$238.00,Groceries (https://app.notion.com/p/Groceries-1de52a1550c180c6be6cdfaeb95cee9a?pvs=21),2023/07/15,,$0.00
麵筋,General (https://app.notion.com/p/General-1fe52a1550c180d89a84f6b6694a42f5?pvs=21),14103,NT$23.00,Food (https://app.notion.com/p/Food-1de52a1550c1808585f7c8d0cbbab341?pvs=21),2023/07/15,,$0.00
洋蔥,General (https://app.notion.com/p/General-1fe52a1550c180d89a84f6b6694a42f5?pvs=21),14103,NT$42.00,Food (https://app.notion.com/p/Food-1de52a1550c1808585f7c8d0cbbab341?pvs=21),2023/07/15,,$0.00
水蓮,General (https://app.notion.com/p/General-1fe52a1550c180d89a84f6b6694a42f5?pvs=21),14103,NT$49.00,Food (https://app.notion.com/p/Food-1de52a1550c1808585f7c8d0cbbab341?pvs=21),2023/07/15,,$0.00
蛋,General (https://app.notion.com/p/General-1fe52a1550c180d89a84f6b6694a42f5?pvs=21),14103,NT$60.00,Food (https://app.notion.com/p/Food-1de52a1550c1808585f7c8d0cbbab341?pvs=21),2023/07/15,,$0.00
娃娃菜,General (https://app.notion.com/p/General-1fe52a1550c180d89a84f6b6694a42f5?pvs=21),14103,NT$48.00,Food (https://app.notion.com/p/Food-1de52a1550c1808585f7c8d0cbbab341?pvs=21),2023/07/15,,$0.00
GoodNote,General (https://app.notion.com/p/General-1fe52a1550c180d89a84f6b6694a42f5?pvs=21),14741,NT$330.00,Fun (https://app.notion.com/p/Fun-1de52a1550c180f197e2ff3116ec3fa2?pvs=21),2023/07/14,,$0.00
Poly bridge(Steam),General (https://app.notion.com/p/General-1fe52a1550c180d89a84f6b6694a42f5?pvs=21),14741,NT$300.00,Fun (https://app.notion.com/p/Fun-1de52a1550c180f197e2ff3116ec3fa2?pvs=21),2023/07/14,,$0.00
中餐,General (https://app.notion.com/p/General-1fe52a1550c180d89a84f6b6694a42f5?pvs=21),14741,NT$214.00,Food (https://app.notion.com/p/Food-1de52a1550c1808585f7c8d0cbbab341?pvs=21),2023/07/14,,$0.00
木瓜冰淇淋,General (https://app.notion.com/p/General-1fe52a1550c180d89a84f6b6694a42f5?pvs=21),14741,NT$98.00,Food (https://app.notion.com/p/Food-1de52a1550c1808585f7c8d0cbbab341?pvs=21),2023/07/14,,$0.00
飲料,General (https://app.notion.com/p/General-1fe52a1550c180d89a84f6b6694a42f5?pvs=21),14741,NT$125.00,Food (https://app.notion.com/p/Food-1de52a1550c1808585f7c8d0cbbab341?pvs=21),2023/07/14,,$0.00
排骨酥麵,General (https://app.notion.com/p/General-1fe52a1550c180d89a84f6b6694a42f5?pvs=21),15808,NT$424.00,Food (https://app.notion.com/p/Food-1de52a1550c1808585f7c8d0cbbab341?pvs=21),2023/07/13,,$0.00
上宇林,General (https://app.notion.com/p/General-1fe52a1550c180d89a84f6b6694a42f5?pvs=21),15808,NT$120.00,Food (https://app.notion.com/p/Food-1de52a1550c1808585f7c8d0cbbab341?pvs=21),2023/07/13,,$0.00
早餐,General (https://app.notion.com/p/General-1fe52a1550c180d89a84f6b6694a42f5?pvs=21),16352,NT$225.00,Food (https://app.notion.com/p/Food-1de52a1550c1808585f7c8d0cbbab341?pvs=21),2023/07/12,,$0.00
小蘇打,General (https://app.notion.com/p/General-1fe52a1550c180d89a84f6b6694a42f5?pvs=21),16577,NT$45.00,Other (https://app.notion.com/p/Other-1de52a1550c1810a92c1c432337241e8?pvs=21),2023/07/11,,$0.00
麥當勞,General (https://app.notion.com/p/General-1fe52a1550c180d89a84f6b6694a42f5?pvs=21),16577,NT$107.00,Food (https://app.notion.com/p/Food-1de52a1550c1808585f7c8d0cbbab341?pvs=21),2023/07/11,,$0.00
麵包,General (https://app.notion.com/p/General-1fe52a1550c180d89a84f6b6694a42f5?pvs=21),16577,NT$191.00,Food (https://app.notion.com/p/Food-1de52a1550c1808585f7c8d0cbbab341?pvs=21),2023/07/11,,$0.00
午餐,General (https://app.notion.com/p/General-1fe52a1550c180d89a84f6b6694a42f5?pvs=21),16577,NT$779.00,Food (https://app.notion.com/p/Food-1de52a1550c1808585f7c8d0cbbab341?pvs=21),2023/07/11,,$0.00
除蝸牛藥,General (https://app.notion.com/p/General-1fe52a1550c180d89a84f6b6694a42f5?pvs=21),17699,NT$100.00,Other (https://app.notion.com/p/Other-1de52a1550c1810a92c1c432337241e8?pvs=21),2023/07/10,,$0.00
全聯,General (https://app.notion.com/p/General-1fe52a1550c180d89a84f6b6694a42f5?pvs=21),17699,NT$811.00,Food (https://app.notion.com/p/Food-1de52a1550c1808585f7c8d0cbbab341?pvs=21),2023/07/10,,$0.00
玉蘭,General (https://app.notion.com/p/General-1fe52a1550c180d89a84f6b6694a42f5?pvs=21),16890,NT$110.00,Food (https://app.notion.com/p/Food-1de52a1550c1808585f7c8d0cbbab341?pvs=21),2023/07/09,,$0.00
潤餅,General (https://app.notion.com/p/General-1fe52a1550c180d89a84f6b6694a42f5?pvs=21),17699,NT$40.00,Food (https://app.notion.com/p/Food-1de52a1550c1808585f7c8d0cbbab341?pvs=21),2023/07/10,,$0.00
雞蛋糕,General (https://app.notion.com/p/General-1fe52a1550c180d89a84f6b6694a42f5?pvs=21),17699,NT$40.00,Food (https://app.notion.com/p/Food-1de52a1550c1808585f7c8d0cbbab341?pvs=21),2023/07/10,,$0.00
申記麵食,General (https://app.notion.com/p/General-1fe52a1550c180d89a84f6b6694a42f5?pvs=21),16890,NT$300.00,Food (https://app.notion.com/p/Food-1de52a1550c1808585f7c8d0cbbab341?pvs=21),2023/07/09,,$0.00
全家小點心,General (https://app.notion.com/p/General-1fe52a1550c180d89a84f6b6694a42f5?pvs=21),16890,NT$139.00,Food (https://app.notion.com/p/Food-1de52a1550c1808585f7c8d0cbbab341?pvs=21),2023/07/09,,$0.00
笠方格,General (https://app.notion.com/p/General-1fe52a1550c180d89a84f6b6694a42f5?pvs=21),16890,NT$80.00,Food (https://app.notion.com/p/Food-1de52a1550c1808585f7c8d0cbbab341?pvs=21),2023/07/09,,$0.00
新竹客運(來回*2,General (https://app.notion.com/p/General-1fe52a1550c180d89a84f6b6694a42f5?pvs=21),12880,NT$540.00,Traffic (https://app.notion.com/p/Traffic-1de52a1550c1807b8ff6e40f804e1127?pvs=21),2023/07/08,,$0.00
點心世界(午餐,General (https://app.notion.com/p/General-1fe52a1550c180d89a84f6b6694a42f5?pvs=21),12880,NT$505.00,Food (https://app.notion.com/p/Food-1de52a1550c1808585f7c8d0cbbab341?pvs=21),2023/07/08,,$0.00
綠茶,General (https://app.notion.com/p/General-1fe52a1550c180d89a84f6b6694a42f5?pvs=21),12880,NT$20.00,Food (https://app.notion.com/p/Food-1de52a1550c1808585f7c8d0cbbab341?pvs=21),2023/07/08,,$0.00
三韻紅萱加珍珠*2,General (https://app.notion.com/p/General-1fe52a1550c180d89a84f6b6694a42f5?pvs=21),12880,NT$90.00,Food (https://app.notion.com/p/Food-1de52a1550c1808585f7c8d0cbbab341?pvs=21),2023/07/08,,$0.00
捷運,General (https://app.notion.com/p/General-1fe52a1550c180d89a84f6b6694a42f5?pvs=21),12880,NT$60.00,Traffic (https://app.notion.com/p/Traffic-1de52a1550c1807b8ff6e40f804e1127?pvs=21),2023/07/08,,$0.00
大王千金,General (https://app.notion.com/p/General-1fe52a1550c180d89a84f6b6694a42f5?pvs=21),12880,NT$197.00,Food (https://app.notion.com/p/Food-1de52a1550c1808585f7c8d0cbbab341?pvs=21),2023/07/08,,$0.00
小鵲幸,General (https://app.notion.com/p/General-1fe52a1550c180d89a84f6b6694a42f5?pvs=21),12880,NT$61.00,Food (https://app.notion.com/p/Food-1de52a1550c1808585f7c8d0cbbab341?pvs=21),2023/07/08,,$0.00
吐司,General (https://app.notion.com/p/General-1fe52a1550c180d89a84f6b6694a42f5?pvs=21),14373,NT$35.00,Food (https://app.notion.com/p/Food-1de52a1550c1808585f7c8d0cbbab341?pvs=21),2023/07/07,,$0.00
取票手續費,General (https://app.notion.com/p/General-1fe52a1550c180d89a84f6b6694a42f5?pvs=21),12880,NT$20.00,Fun (https://app.notion.com/p/Fun-1de52a1550c180f197e2ff3116ec3fa2?pvs=21),2023/07/08,,$0.00
奶茶,General (https://app.notion.com/p/General-1fe52a1550c180d89a84f6b6694a42f5?pvs=21),14373,NT$23.00,Food (https://app.notion.com/p/Food-1de52a1550c1808585f7c8d0cbbab341?pvs=21),2023/07/07,,$0.00
綠茶,General (https://app.notion.com/p/General-1fe52a1550c180d89a84f6b6694a42f5?pvs=21),14373,NT$20.00,Food (https://app.notion.com/p/Food-1de52a1550c1808585f7c8d0cbbab341?pvs=21),2023/07/07,,$0.00
奶茶,General (https://app.notion.com/p/General-1fe52a1550c180d89a84f6b6694a42f5?pvs=21),14451,NT$10.00,Food (https://app.notion.com/p/Food-1de52a1550c1808585f7c8d0cbbab341?pvs=21),2023/07/06,,$0.00
咖啡,General (https://app.notion.com/p/General-1fe52a1550c180d89a84f6b6694a42f5?pvs=21),14451,NT$40.00,Food (https://app.notion.com/p/Food-1de52a1550c1808585f7c8d0cbbab341?pvs=21),2023/07/06,,$0.00
可樂,General (https://app.notion.com/p/General-1fe52a1550c180d89a84f6b6694a42f5?pvs=21),14451,NT$28.00,Food (https://app.notion.com/p/Food-1de52a1550c1808585f7c8d0cbbab341?pvs=21),2023/07/06,,$0.00
機車燃料費,Fixed (https://app.notion.com/p/Fixed-1de52a1550c180f19995d25cbc6f1038?pvs=21),6426,NT$450.00,Traffic (https://app.notion.com/p/Traffic-1de52a1550c1807b8ff6e40f804e1127?pvs=21),2023/07/06,,$0.00
番茄,General (https://app.notion.com/p/General-1fe52a1550c180d89a84f6b6694a42f5?pvs=21),14451,NT$36.00,Food (https://app.notion.com/p/Food-1de52a1550c1808585f7c8d0cbbab341?pvs=21),2023/07/06,,$0.00
火鍋片,General (https://app.notion.com/p/General-1fe52a1550c180d89a84f6b6694a42f5?pvs=21),14451,NT$109.00,Food (https://app.notion.com/p/Food-1de52a1550c1808585f7c8d0cbbab341?pvs=21),2023/07/06,,$0.00
雞湯,General (https://app.notion.com/p/General-1fe52a1550c180d89a84f6b6694a42f5?pvs=21),14451,NT$42.00,Food (https://app.notion.com/p/Food-1de52a1550c1808585f7c8d0cbbab341?pvs=21),2023/07/06,,$0.00
馬鈴薯,General (https://app.notion.com/p/General-1fe52a1550c180d89a84f6b6694a42f5?pvs=21),14451,NT$26.00,Food (https://app.notion.com/p/Food-1de52a1550c1808585f7c8d0cbbab341?pvs=21),2023/07/06,,$0.00
洋蔥,General (https://app.notion.com/p/General-1fe52a1550c180d89a84f6b6694a42f5?pvs=21),14451,NT$23.00,Food (https://app.notion.com/p/Food-1de52a1550c1808585f7c8d0cbbab341?pvs=21),2023/07/06,,$0.00
紅茶,General (https://app.notion.com/p/General-1fe52a1550c180d89a84f6b6694a42f5?pvs=21),14765,NT$20.00,Food (https://app.notion.com/p/Food-1de52a1550c1808585f7c8d0cbbab341?pvs=21),2023/07/05,,$0.00
牛奶,General (https://app.notion.com/p/General-1fe52a1550c180d89a84f6b6694a42f5?pvs=21),14765,NT$35.00,Food (https://app.notion.com/p/Food-1de52a1550c1808585f7c8d0cbbab341?pvs=21),2023/07/05,,$0.00
綠茶,General (https://app.notion.com/p/General-1fe52a1550c180d89a84f6b6694a42f5?pvs=21),14765,NT$20.00,Food (https://app.notion.com/p/Food-1de52a1550c1808585f7c8d0cbbab341?pvs=21),2023/07/05,,$0.00
汽車燃料費,Fixed (https://app.notion.com/p/Fixed-1de52a1550c180f19995d25cbc6f1038?pvs=21),6876,"NT$6,180.00",Traffic (https://app.notion.com/p/Traffic-1de52a1550c1807b8ff6e40f804e1127?pvs=21),2023/07/05,,$0.00
iPad Air 5,Dream (https://app.notion.com/p/Dream-1de52a1550c180a4bc6eee5e921cbc2d?pvs=21),17809,"NT$22,899.00",Fun (https://app.notion.com/p/Fun-1de52a1550c180f197e2ff3116ec3fa2?pvs=21),2023/07/05,,$0.00
iPad Air 5 保護貼,Dream (https://app.notion.com/p/Dream-1de52a1550c180a4bc6eee5e921cbc2d?pvs=21),17809,NT$790.00,Fun (https://app.notion.com/p/Fun-1de52a1550c180f197e2ff3116ec3fa2?pvs=21),2023/07/05,,$0.00
牛奶,General (https://app.notion.com/p/General-1fe52a1550c180d89a84f6b6694a42f5?pvs=21),14765,NT$102.00,Food (https://app.notion.com/p/Food-1de52a1550c1808585f7c8d0cbbab341?pvs=21),2023/07/05,,$0.00
iPad Air 5 Penoval AX Ultra iPad觸控筆,Dream (https://app.notion.com/p/Dream-1de52a1550c180a4bc6eee5e921cbc2d?pvs=21),17809,"NT$1,830.00",Fun (https://app.notion.com/p/Fun-1de52a1550c180f197e2ff3116ec3fa2?pvs=21),2023/07/05,,$0.00
iPad Air 5 Magnetix 防摔磁吸可拆式藍牙無線鍵盤保護殼,Dream (https://app.notion.com/p/Dream-1de52a1550c180a4bc6eee5e921cbc2d?pvs=21),17809,"NT$1,700.00",Fun (https://app.notion.com/p/Fun-1de52a1550c180f197e2ff3116ec3fa2?pvs=21),2023/07/05,,$0.00
雞蛋,General (https://app.notion.com/p/General-1fe52a1550c180d89a84f6b6694a42f5?pvs=21),14765,NT$67.00,Food (https://app.notion.com/p/Food-1de52a1550c1808585f7c8d0cbbab341?pvs=21),2023/07/05,,$0.00
銅鑼燒,General (https://app.notion.com/p/General-1fe52a1550c180d89a84f6b6694a42f5?pvs=21),14765,NT$63.00,Food (https://app.notion.com/p/Food-1de52a1550c1808585f7c8d0cbbab341?pvs=21),2023/07/05,,$0.00
豬肉,General (https://app.notion.com/p/General-1fe52a1550c180d89a84f6b6694a42f5?pvs=21),14765,NT$84.00,Food (https://app.notion.com/p/Food-1de52a1550c1808585f7c8d0cbbab341?pvs=21),2023/07/05,,$0.00
金針菇,General (https://app.notion.com/p/General-1fe52a1550c180d89a84f6b6694a42f5?pvs=21),14765,NT$11.00,Food (https://app.notion.com/p/Food-1de52a1550c1808585f7c8d0cbbab341?pvs=21),2023/07/05,,$0.00
滷味,General (https://app.notion.com/p/General-1fe52a1550c180d89a84f6b6694a42f5?pvs=21),14765,NT$135.00,Food (https://app.notion.com/p/Food-1de52a1550c1808585f7c8d0cbbab341?pvs=21),2023/07/05,,$0.00
豆花,General (https://app.notion.com/p/General-1fe52a1550c180d89a84f6b6694a42f5?pvs=21),14765,NT$55.00,Food (https://app.notion.com/p/Food-1de52a1550c1808585f7c8d0cbbab341?pvs=21),2023/07/05,,$0.00
遊麵館涼麵*2,General (https://app.notion.com/p/General-1fe52a1550c180d89a84f6b6694a42f5?pvs=21),15357,NT$140.00,Food (https://app.notion.com/p/Food-1de52a1550c1808585f7c8d0cbbab341?pvs=21),2023/07/04,,$0.00
冬片仔加珍珠,General (https://app.notion.com/p/General-1fe52a1550c180d89a84f6b6694a42f5?pvs=21),15357,NT$55.00,Food (https://app.notion.com/p/Food-1de52a1550c1808585f7c8d0cbbab341?pvs=21),2023/07/04,,$0.00
豆漿,General (https://app.notion.com/p/General-1fe52a1550c180d89a84f6b6694a42f5?pvs=21),15357,NT$18.00,Food (https://app.notion.com/p/Food-1de52a1550c1808585f7c8d0cbbab341?pvs=21),2023/07/04,,$0.00
紅茶,General (https://app.notion.com/p/General-1fe52a1550c180d89a84f6b6694a42f5?pvs=21),15570,NT$20.00,Food (https://app.notion.com/p/Food-1de52a1550c1808585f7c8d0cbbab341?pvs=21),2023/07/03,,$0.00
綠茶,General (https://app.notion.com/p/General-1fe52a1550c180d89a84f6b6694a42f5?pvs=21),15570,NT$25.00,Food (https://app.notion.com/p/Food-1de52a1550c1808585f7c8d0cbbab341?pvs=21),2023/07/03,,$0.00
匯給媽,Fixed (https://app.notion.com/p/Fixed-1de52a1550c180f19995d25cbc6f1038?pvs=21),13056,"NT$6,000.00",Family (https://app.notion.com/p/Family-1de52a1550c181faa107fcc0a73d8120?pvs=21),2023/07/02,,$0.00
零食,General (https://app.notion.com/p/General-1fe52a1550c180d89a84f6b6694a42f5?pvs=21),15570,NT$20.00,Food (https://app.notion.com/p/Food-1de52a1550c1808585f7c8d0cbbab341?pvs=21),2023/07/03,,$0.00
衛生棉條(量多)*2,General (https://app.notion.com/p/General-1fe52a1550c180d89a84f6b6694a42f5?pvs=21),15635,NT$588.00,Other (https://app.notion.com/p/Other-1de52a1550c1810a92c1c432337241e8?pvs=21),2023/07/02,,$0.00
衛生棉條(一般)*2,General (https://app.notion.com/p/General-1fe52a1550c180d89a84f6b6694a42f5?pvs=21),15635,NT$528.00,Other (https://app.notion.com/p/Other-1de52a1550c1810a92c1c432337241e8?pvs=21),2023/07/02,,$0.00
叮哥,General (https://app.notion.com/p/General-1fe52a1550c180d89a84f6b6694a42f5?pvs=21),15635,NT$90.00,Food (https://app.notion.com/p/Food-1de52a1550c1808585f7c8d0cbbab341?pvs=21),2023/07/02,,$0.00
汽車加油,General (https://app.notion.com/p/General-1fe52a1550c180d89a84f6b6694a42f5?pvs=21),15635,"NT$1,629.00",Traffic (https://app.notion.com/p/Traffic-1de52a1550c1807b8ff6e40f804e1127?pvs=21),2023/07/02,,$0.00
奇異果綜合果汁,General (https://app.notion.com/p/General-1fe52a1550c180d89a84f6b6694a42f5?pvs=21),15635,NT$214.00,Food (https://app.notion.com/p/Food-1de52a1550c1808585f7c8d0cbbab341?pvs=21),2023/07/02,,$0.00
洋蔥牛肉米漢堡,General (https://app.notion.com/p/General-1fe52a1550c180d89a84f6b6694a42f5?pvs=21),15635,NT$549.00,Food (https://app.notion.com/p/Food-1de52a1550c1808585f7c8d0cbbab341?pvs=21),2023/07/02,,$0.00
香蒜海鮮義大利麵,General (https://app.notion.com/p/General-1fe52a1550c180d89a84f6b6694a42f5?pvs=21),15635,NT$569.00,Food (https://app.notion.com/p/Food-1de52a1550c1808585f7c8d0cbbab341?pvs=21),2023/07/02,,$0.00
巧克力法式薄餅,General (https://app.notion.com/p/General-1fe52a1550c180d89a84f6b6694a42f5?pvs=21),15635,NT$195.00,Food (https://app.notion.com/p/Food-1de52a1550c1808585f7c8d0cbbab341?pvs=21),2023/07/02,,$0.00
六月富邦General Account,General (https://app.notion.com/p/General-1fe52a1550c180d89a84f6b6694a42f5?pvs=21),-21070,"NT$3,601.00",Other (https://app.notion.com/p/Other-1de52a1550c1810a92c1c432337241e8?pvs=21),2023/06/30,,$0.00
牛肋條,General (https://app.notion.com/p/General-1fe52a1550c180d89a84f6b6694a42f5?pvs=21),15635,"NT$1,193.00",Food (https://app.notion.com/p/Food-1de52a1550c1808585f7c8d0cbbab341?pvs=21),2023/07/02,,$0.00
國泰6月General Account,General (https://app.notion.com/p/General-1fe52a1550c180d89a84f6b6694a42f5?pvs=21),-21070,"NT$13,478.00",Other (https://app.notion.com/p/Other-1de52a1550c1810a92c1c432337241e8?pvs=21),2023/06/30,,$0.00
飲料,General (https://app.notion.com/p/General-1fe52a1550c180d89a84f6b6694a42f5?pvs=21),-204,NT$65.00,Food (https://app.notion.com/p/Food-1de52a1550c1808585f7c8d0cbbab341?pvs=21),2023/06/18,,$0.00
花旗6月General Account,General (https://app.notion.com/p/General-1fe52a1550c180d89a84f6b6694a42f5?pvs=21),-21070,"NT$4,787.00",Other (https://app.notion.com/p/Other-1de52a1550c1810a92c1c432337241e8?pvs=21),2023/06/30,,$0.00
飲料,General (https://app.notion.com/p/General-1fe52a1550c180d89a84f6b6694a42f5?pvs=21),-204,NT$90.00,Food (https://app.notion.com/p/Food-1de52a1550c1808585f7c8d0cbbab341?pvs=21),2023/06/18,,$0.00
咖啡,General (https://app.notion.com/p/General-1fe52a1550c180d89a84f6b6694a42f5?pvs=21),-204,NT$49.00,Food (https://app.notion.com/p/Food-1de52a1550c1808585f7c8d0cbbab341?pvs=21),2023/06/18,,$0.00
麥當勞,Dream (https://app.notion.com/p/Dream-1de52a1550c180a4bc6eee5e921cbc2d?pvs=21),-18335,NT$425.00,Travel (https://app.notion.com/p/Travel-1de52a1550c18102a04df0c968556b0b?pvs=21),2024/12/31,,$0.00
松本清,Dream (https://app.notion.com/p/Dream-1de52a1550c180a4bc6eee5e921cbc2d?pvs=21),-18335,"NT$1,637.00",Travel (https://app.notion.com/p/Travel-1de52a1550c18102a04df0c968556b0b?pvs=21),2024/12/31,,$0.00
3coins,Dream (https://app.notion.com/p/Dream-1de52a1550c180a4bc6eee5e921cbc2d?pvs=21),-18335,NT$323.00,Travel (https://app.notion.com/p/Travel-1de52a1550c18102a04df0c968556b0b?pvs=21),2024/12/31,,$0.00
大創,Dream (https://app.notion.com/p/Dream-1de52a1550c180a4bc6eee5e921cbc2d?pvs=21),-18335,"NT$6,680.00",Travel (https://app.notion.com/p/Travel-1de52a1550c18102a04df0c968556b0b?pvs=21),2024/12/31,,$0.00
GOCHIKURA 神戸本店,Dream (https://app.notion.com/p/Dream-1de52a1550c180a4bc6eee5e921cbc2d?pvs=21),-18335,"NT$4,615.00",Travel (https://app.notion.com/p/Travel-1de52a1550c18102a04df0c968556b0b?pvs=21),2024/12/31,,$0.00
大起水產 迴轉壽司 新京極店,Dream (https://app.notion.com/p/Dream-1de52a1550c180a4bc6eee5e921cbc2d?pvs=21),-33053,"NT$2,596.00",Travel (https://app.notion.com/p/Travel-1de52a1550c18102a04df0c968556b0b?pvs=21),2024/12/30,,$0.00
大創,Dream (https://app.notion.com/p/Dream-1de52a1550c180a4bc6eee5e921cbc2d?pvs=21),-33053,NT$77.00,Travel (https://app.notion.com/p/Travel-1de52a1550c18102a04df0c968556b0b?pvs=21),2024/12/30,,$0.00
清水寺,Dream (https://app.notion.com/p/Dream-1de52a1550c180a4bc6eee5e921cbc2d?pvs=21),-33053,NT$145.00,Food (https://app.notion.com/p/Food-1de52a1550c1808585f7c8d0cbbab341?pvs=21),2024/12/30,軟米菓,$0.00
清水寺,Dream (https://app.notion.com/p/Dream-1de52a1550c180a4bc6eee5e921cbc2d?pvs=21),-33053,NT$250.00,Travel (https://app.notion.com/p/Travel-1de52a1550c18102a04df0c968556b0b?pvs=21),2024/12/30,御守,$0.00
下鴨神社,Dream (https://app.notion.com/p/Dream-1de52a1550c180a4bc6eee5e921cbc2d?pvs=21),-29985,NT$210.00,Travel (https://app.notion.com/p/Travel-1de52a1550c18102a04df0c968556b0b?pvs=21),2024/12/29,,$0.00
7-11,Dream (https://app.notion.com/p/Dream-1de52a1550c180a4bc6eee5e921cbc2d?pvs=21),-29985,NT$101.00,Travel (https://app.notion.com/p/Travel-1de52a1550c18102a04df0c968556b0b?pvs=21),2024/12/29,,$0.00
Sukiya,Dream (https://app.notion.com/p/Dream-1de52a1550c180a4bc6eee5e921cbc2d?pvs=21),-29985,"NT$1,169.00",Travel (https://app.notion.com/p/Travel-1de52a1550c18102a04df0c968556b0b?pvs=21),2024/12/29,,$0.00
稻荷神社,Dream (https://app.notion.com/p/Dream-1de52a1550c180a4bc6eee5e921cbc2d?pvs=21),-29985,NT$630.00,Travel (https://app.notion.com/p/Travel-1de52a1550c18102a04df0c968556b0b?pvs=21),2024/12/29,草莓大福,$0.00
稻荷神社,Dream (https://app.notion.com/p/Dream-1de52a1550c180a4bc6eee5e921cbc2d?pvs=21),-29985,NT$315.00,Travel (https://app.notion.com/p/Travel-1de52a1550c18102a04df0c968556b0b?pvs=21),2024/12/29,掛布,$0.00
北野天滿宮,Dream (https://app.notion.com/p/Dream-1de52a1550c180a4bc6eee5e921cbc2d?pvs=21),-29985,NT$420.00,Travel (https://app.notion.com/p/Travel-1de52a1550c18102a04df0c968556b0b?pvs=21),2024/12/29,,$0.00
LIFE supermarket,Dream (https://app.notion.com/p/Dream-1de52a1550c180a4bc6eee5e921cbc2d?pvs=21),-27140,NT$399.00,Travel (https://app.notion.com/p/Travel-1de52a1550c18102a04df0c968556b0b?pvs=21),2024/12/28,,$0.00
全聯,Dream (https://app.notion.com/p/Dream-1de52a1550c180a4bc6eee5e921cbc2d?pvs=21),-27140,NT$89.00,Groceries (https://app.notion.com/p/Groceries-1de52a1550c180c6be6cdfaeb95cee9a?pvs=21),2024/12/28,免洗內褲,$0.00
7-11,General (https://app.notion.com/p/General-1fe52a1550c180d89a84f6b6694a42f5?pvs=21),-12032,NT$100.00,Food (https://app.notion.com/p/Food-1de52a1550c1808585f7c8d0cbbab341?pvs=21),2024/12/27,,$0.00
屈臣氏,Dream (https://app.notion.com/p/Dream-1de52a1550c180a4bc6eee5e921cbc2d?pvs=21),-26652,NT$250.00,Groceries (https://app.notion.com/p/Groceries-1de52a1550c180c6be6cdfaeb95cee9a?pvs=21),2024/12/27,,$0.00
肯德基,General (https://app.notion.com/p/General-1fe52a1550c180d89a84f6b6694a42f5?pvs=21),-12032,NT$450.00,Food (https://app.notion.com/p/Food-1de52a1550c1808585f7c8d0cbbab341?pvs=21),2024/12/27,,$0.00
寶島眼鏡,Dream (https://app.notion.com/p/Dream-1de52a1550c180a4bc6eee5e921cbc2d?pvs=21),-26652,NT$540.00,Travel (https://app.notion.com/p/Travel-1de52a1550c18102a04df0c968556b0b?pvs=21),2024/12/27,日拋,$0.00
全聯,General (https://app.notion.com/p/General-1fe52a1550c180d89a84f6b6694a42f5?pvs=21),-11482,NT$437.00,Food (https://app.notion.com/p/Food-1de52a1550c1808585f7c8d0cbbab341?pvs=21),2024/12/25,,$0.00
全聯,General (https://app.notion.com/p/General-1fe52a1550c180d89a84f6b6694a42f5?pvs=21),-11045,NT$92.00,Food (https://app.notion.com/p/Food-1de52a1550c1808585f7c8d0cbbab341?pvs=21),2024/12/24,,$0.00
ドキドキ珈啡,General (https://app.notion.com/p/General-1fe52a1550c180d89a84f6b6694a42f5?pvs=21),-10953,NT$850.00,Food (https://app.notion.com/p/Food-1de52a1550c1808585f7c8d0cbbab341?pvs=21),2024/12/23,,$0.00
HavenHair,Dream (https://app.notion.com/p/Dream-1de52a1550c180a4bc6eee5e921cbc2d?pvs=21),-25862,"NT$3,000.00",Cosmetics (https://app.notion.com/p/Cosmetics-1de52a1550c181cb93fdfe1a610bf352?pvs=21),2024/12/23,剪燙,$0.00
HavenHair,Dream (https://app.notion.com/p/Dream-1de52a1550c180a4bc6eee5e921cbc2d?pvs=21),-25862,NT$700.00,Cosmetics (https://app.notion.com/p/Cosmetics-1de52a1550c181cb93fdfe1a610bf352?pvs=21),2024/12/23,慕斯,$0.00
宜得利,Dream (https://app.notion.com/p/Dream-1de52a1550c180a4bc6eee5e921cbc2d?pvs=21),-15662,NT$318.00,Groceries (https://app.notion.com/p/Groceries-1de52a1550c180c6be6cdfaeb95cee9a?pvs=21),2024/12/22,,$0.00
海底撈,Couple's (https://app.notion.com/p/Couple-s-1de52a1550c181d39de7eebc343b38cd?pvs=21),-1704,"NT$1,969.00",Food (https://app.notion.com/p/Food-1de52a1550c1808585f7c8d0cbbab341?pvs=21),2024/12/22,,$0.00
台北捷運,Dream (https://app.notion.com/p/Dream-1de52a1550c180a4bc6eee5e921cbc2d?pvs=21),-15662,NT$50.00,Traffic (https://app.notion.com/p/Traffic-1de52a1550c1807b8ff6e40f804e1127?pvs=21),2024/12/22,,$0.00
豪泰客運,Dream (https://app.notion.com/p/Dream-1de52a1550c180a4bc6eee5e921cbc2d?pvs=21),-15662,NT$160.00,Traffic (https://app.notion.com/p/Traffic-1de52a1550c1807b8ff6e40f804e1127?pvs=21),2024/12/22,台北新竹,$0.00
松鶴,Couple's (https://app.notion.com/p/Couple-s-1de52a1550c181d39de7eebc343b38cd?pvs=21),-1704,"NT$1,400.00",Health (https://app.notion.com/p/Health-1de52a1550c180948ad5c45ef59a5bb8?pvs=21),2024/12/22,,$0.00
水電,General (https://app.notion.com/p/General-1fe52a1550c180d89a84f6b6694a42f5?pvs=21),-10103,"NT$1,001.00",Groceries (https://app.notion.com/p/Groceries-1de52a1550c180c6be6cdfaeb95cee9a?pvs=21),2024/12/21,,$0.00
晶贊都會旅店,Couple's (https://app.notion.com/p/Couple-s-1de52a1550c181d39de7eebc343b38cd?pvs=21),1665,"NT$3,209.00",Travel (https://app.notion.com/p/Travel-1de52a1550c18102a04df0c968556b0b?pvs=21),2024/12/21,,$0.00
台北捷運,General (https://app.notion.com/p/General-1fe52a1550c180d89a84f6b6694a42f5?pvs=21),-10103,NT$50.00,Traffic (https://app.notion.com/p/Traffic-1de52a1550c1807b8ff6e40f804e1127?pvs=21),2024/12/21,,$0.00
樂華夜市,General (https://app.notion.com/p/General-1fe52a1550c180d89a84f6b6694a42f5?pvs=21),-10103,NT$240.00,Food (https://app.notion.com/p/Food-1de52a1550c1808585f7c8d0cbbab341?pvs=21),2024/12/21,麻油麵線,$0.00
樂華夜市,General (https://app.notion.com/p/General-1fe52a1550c180d89a84f6b6694a42f5?pvs=21),-10103,NT$70.00,Food (https://app.notion.com/p/Food-1de52a1550c1808585f7c8d0cbbab341?pvs=21),2024/12/21,炸蚵仔,$0.00
清心全福,General (https://app.notion.com/p/General-1fe52a1550c180d89a84f6b6694a42f5?pvs=21),-10103,NT$100.00,Food (https://app.notion.com/p/Food-1de52a1550c1808585f7c8d0cbbab341?pvs=21),2024/12/21,,$0.00
樂華夜市,General (https://app.notion.com/p/General-1fe52a1550c180d89a84f6b6694a42f5?pvs=21),-10103,NT$130.00,Food (https://app.notion.com/p/Food-1de52a1550c1808585f7c8d0cbbab341?pvs=21),2024/12/21,木櫥滷味,$0.00
樂華夜市,General (https://app.notion.com/p/General-1fe52a1550c180d89a84f6b6694a42f5?pvs=21),-10103,NT$70.00,Food (https://app.notion.com/p/Food-1de52a1550c1808585f7c8d0cbbab341?pvs=21),2024/12/21,潤餅,$0.00
樂華夜市,General (https://app.notion.com/p/General-1fe52a1550c180d89a84f6b6694a42f5?pvs=21),-10103,NT$210.00,Food (https://app.notion.com/p/Food-1de52a1550c1808585f7c8d0cbbab341?pvs=21),2024/12/21,滷味,$0.00
三重客運,Dream (https://app.notion.com/p/Dream-1de52a1550c180a4bc6eee5e921cbc2d?pvs=21),-15134,NT$155.00,Traffic (https://app.notion.com/p/Traffic-1de52a1550c1807b8ff6e40f804e1127?pvs=21),2024/12/21,新竹台北,$0.00
麥當勞,General (https://app.notion.com/p/General-1fe52a1550c180d89a84f6b6694a42f5?pvs=21),-8232,NT$150.00,Food (https://app.notion.com/p/Food-1de52a1550c1808585f7c8d0cbbab341?pvs=21),2024/12/20,,$0.00
7-11,General (https://app.notion.com/p/General-1fe52a1550c180d89a84f6b6694a42f5?pvs=21),-8232,NT$64.00,Food (https://app.notion.com/p/Food-1de52a1550c1808585f7c8d0cbbab341?pvs=21),2024/12/20,,$0.00
旗魚黑輪,General (https://app.notion.com/p/General-1fe52a1550c180d89a84f6b6694a42f5?pvs=21),-8018,NT$60.00,Food (https://app.notion.com/p/Food-1de52a1550c1808585f7c8d0cbbab341?pvs=21),2024/12/19,,$0.00
綜合麻辣臭豆腐,General (https://app.notion.com/p/General-1fe52a1550c180d89a84f6b6694a42f5?pvs=21),-8018,NT$70.00,Food (https://app.notion.com/p/Food-1de52a1550c1808585f7c8d0cbbab341?pvs=21),2024/12/19,,$0.00
初滷人,General (https://app.notion.com/p/General-1fe52a1550c180d89a84f6b6694a42f5?pvs=21),-8018,NT$220.00,Food (https://app.notion.com/p/Food-1de52a1550c1808585f7c8d0cbbab341?pvs=21),2024/12/19,,$0.00
韓膳宮,General (https://app.notion.com/p/General-1fe52a1550c180d89a84f6b6694a42f5?pvs=21),-8018,NT$160.00,Food (https://app.notion.com/p/Food-1de52a1550c1808585f7c8d0cbbab341?pvs=21),2024/12/19,,$0.00
台鐵,General (https://app.notion.com/p/General-1fe52a1550c180d89a84f6b6694a42f5?pvs=21),-8018,NT$192.00,Traffic (https://app.notion.com/p/Traffic-1de52a1550c1807b8ff6e40f804e1127?pvs=21),2024/12/19,新竹台北,$0.00
四海遊龍,General (https://app.notion.com/p/General-1fe52a1550c180d89a84f6b6694a42f5?pvs=21),-7316,NT$110.00,Food (https://app.notion.com/p/Food-1de52a1550c1808585f7c8d0cbbab341?pvs=21),2024/12/18,,$0.00
全聯,General (https://app.notion.com/p/General-1fe52a1550c180d89a84f6b6694a42f5?pvs=21),-7316,NT$128.00,Food (https://app.notion.com/p/Food-1de52a1550c1808585f7c8d0cbbab341?pvs=21),2024/12/18,,$0.00
7-11,General (https://app.notion.com/p/General-1fe52a1550c180d89a84f6b6694a42f5?pvs=21),-7316,NT$79.00,Food (https://app.notion.com/p/Food-1de52a1550c1808585f7c8d0cbbab341?pvs=21),2024/12/18,,$0.00
陳阿姨火鍋灶咖,Couple's (https://app.notion.com/p/Couple-s-1de52a1550c181d39de7eebc343b38cd?pvs=21),4874,"NT$1,737.00",Food (https://app.notion.com/p/Food-1de52a1550c1808585f7c8d0cbbab341?pvs=21),2024/12/17,,$0.00
全聯,General (https://app.notion.com/p/General-1fe52a1550c180d89a84f6b6694a42f5?pvs=21),-6999,NT$153.00,Food (https://app.notion.com/p/Food-1de52a1550c1808585f7c8d0cbbab341?pvs=21),2024/12/16,,$0.00
全聯,General (https://app.notion.com/p/General-1fe52a1550c180d89a84f6b6694a42f5?pvs=21),-6846,NT$545.00,Food (https://app.notion.com/p/Food-1de52a1550c1808585f7c8d0cbbab341?pvs=21),2024/12/15,,$0.00
中華電信網路費,General (https://app.notion.com/p/General-1fe52a1550c180d89a84f6b6694a42f5?pvs=21),-6846,NT$848.00,Fun (https://app.notion.com/p/Fun-1de52a1550c180f197e2ff3116ec3fa2?pvs=21),2024/12/15,,$0.00
中華電信手機費,General (https://app.notion.com/p/General-1fe52a1550c180d89a84f6b6694a42f5?pvs=21),-6846,NT$0.00,Fun (https://app.notion.com/p/Fun-1de52a1550c180f197e2ff3116ec3fa2?pvs=21),2024/12/15,,$0.00
上宇林,General (https://app.notion.com/p/General-1fe52a1550c180d89a84f6b6694a42f5?pvs=21),-5453,NT$125.00,Food (https://app.notion.com/p/Food-1de52a1550c1808585f7c8d0cbbab341?pvs=21),2024/12/14,,$0.00
鼎泰豐,Couple's (https://app.notion.com/p/Couple-s-1de52a1550c181d39de7eebc343b38cd?pvs=21),6611,"NT$2,000.00",Food (https://app.notion.com/p/Food-1de52a1550c1808585f7c8d0cbbab341?pvs=21),2024/12/14,,$0.00
康是美,Dream (https://app.notion.com/p/Dream-1de52a1550c180a4bc6eee5e921cbc2d?pvs=21),153699,NT$300.00,Health (https://app.notion.com/p/Health-1de52a1550c180948ad5c45ef59a5bb8?pvs=21),2024/12/13,,$0.00
大戶屋,General (https://app.notion.com/p/General-1fe52a1550c180d89a84f6b6694a42f5?pvs=21),-5328,NT$850.00,Food (https://app.notion.com/p/Food-1de52a1550c1808585f7c8d0cbbab341?pvs=21),2024/12/13,,$0.00
全聯,General (https://app.notion.com/p/General-1fe52a1550c180d89a84f6b6694a42f5?pvs=21),-4478,NT$777.00,Food (https://app.notion.com/p/Food-1de52a1550c1808585f7c8d0cbbab341?pvs=21),2024/12/12,,$0.00
機油,General (https://app.notion.com/p/General-1fe52a1550c180d89a84f6b6694a42f5?pvs=21),-4478,NT$250.00,Traffic (https://app.notion.com/p/Traffic-1de52a1550c1807b8ff6e40f804e1127?pvs=21),2024/12/12,,$0.00
全聯,General (https://app.notion.com/p/General-1fe52a1550c180d89a84f6b6694a42f5?pvs=21),-3451,NT$349.00,Food (https://app.notion.com/p/Food-1de52a1550c1808585f7c8d0cbbab341?pvs=21),2024/12/11,,$0.00
第二春滷味,General (https://app.notion.com/p/General-1fe52a1550c180d89a84f6b6694a42f5?pvs=21),-3102,NT$450.00,Food (https://app.notion.com/p/Food-1de52a1550c1808585f7c8d0cbbab341?pvs=21),2024/12/10,,$0.00
玉蘭,General (https://app.notion.com/p/General-1fe52a1550c180d89a84f6b6694a42f5?pvs=21),-3102,NT$55.00,Food (https://app.notion.com/p/Food-1de52a1550c1808585f7c8d0cbbab341?pvs=21),2024/12/10,,$0.00
屈臣氏,Dream (https://app.notion.com/p/Dream-1de52a1550c180a4bc6eee5e921cbc2d?pvs=21),153999,"NT$1,152.00",Cosmetics (https://app.notion.com/p/Cosmetics-1de52a1550c181cb93fdfe1a610bf352?pvs=21),2024/12/10,,$0.00
石二鍋,General (https://app.notion.com/p/General-1fe52a1550c180d89a84f6b6694a42f5?pvs=21),-2597,NT$554.00,Food (https://app.notion.com/p/Food-1de52a1550c1808585f7c8d0cbbab341?pvs=21),2024/12/09,,$0.00
嵐鮮早午餐,General (https://app.notion.com/p/General-1fe52a1550c180d89a84f6b6694a42f5?pvs=21),-2043,NT$165.00,Food (https://app.notion.com/p/Food-1de52a1550c1808585f7c8d0cbbab341?pvs=21),2024/12/08,,$0.00
東門雞肉飯,General (https://app.notion.com/p/General-1fe52a1550c180d89a84f6b6694a42f5?pvs=21),-2043,NT$320.00,Food (https://app.notion.com/p/Food-1de52a1550c1808585f7c8d0cbbab341?pvs=21),2024/12/08,,$0.00
嶼木,General (https://app.notion.com/p/General-1fe52a1550c180d89a84f6b6694a42f5?pvs=21),-2043,NT$390.00,Food (https://app.notion.com/p/Food-1de52a1550c1808585f7c8d0cbbab341?pvs=21),2024/12/08,,$0.00
大埔鐵板燒,General (https://app.notion.com/p/General-1fe52a1550c180d89a84f6b6694a42f5?pvs=21),-1168,NT$555.00,Food (https://app.notion.com/p/Food-1de52a1550c1808585f7c8d0cbbab341?pvs=21),2024/12/07,,$0.00
豪泰客運,Dream (https://app.notion.com/p/Dream-1de52a1550c180a4bc6eee5e921cbc2d?pvs=21),137351,NT$320.00,Traffic (https://app.notion.com/p/Traffic-1de52a1550c1807b8ff6e40f804e1127?pvs=21),2024/12/08,新竹台北來回,$0.00
草本茶,General (https://app.notion.com/p/General-1fe52a1550c180d89a84f6b6694a42f5?pvs=21),-1168,NT$180.00,Food (https://app.notion.com/p/Food-1de52a1550c1808585f7c8d0cbbab341?pvs=21),2024/12/07,,$0.00
燻茶滷味,General (https://app.notion.com/p/General-1fe52a1550c180d89a84f6b6694a42f5?pvs=21),-433,NT$200.00,Food (https://app.notion.com/p/Food-1de52a1550c1808585f7c8d0cbbab341?pvs=21),2024/12/06,,$0.00
豪泰客運,General (https://app.notion.com/p/General-1fe52a1550c180d89a84f6b6694a42f5?pvs=21),-433,NT$160.00,Traffic (https://app.notion.com/p/Traffic-1de52a1550c1807b8ff6e40f804e1127?pvs=21),2024/12/06,台北新竹,$0.00
台鐵,General (https://app.notion.com/p/General-1fe52a1550c180d89a84f6b6694a42f5?pvs=21),-73,NT$140.00,Traffic (https://app.notion.com/p/Traffic-1de52a1550c1807b8ff6e40f804e1127?pvs=21),2024/12/05,新竹台北,$0.00
Readmoo,Dream (https://app.notion.com/p/Dream-1de52a1550c180a4bc6eee5e921cbc2d?pvs=21),137671,"NT$1,000.00",Learning (https://app.notion.com/p/Learning-1de52a1550c181fba52ed20f1907d909?pvs=21),2024/12/05,,$0.00
康是美,Dream (https://app.notion.com/p/Dream-1de52a1550c180a4bc6eee5e921cbc2d?pvs=21),138671,NT$250.00,Clothes (https://app.notion.com/p/Clothes-1de52a1550c181c098ebee3f08c04f38?pvs=21),2024/12/04,髮油,$0.00
蔣好的味道,General (https://app.notion.com/p/General-1fe52a1550c180d89a84f6b6694a42f5?pvs=21),67,NT$390.00,Food (https://app.notion.com/p/Food-1de52a1550c1808585f7c8d0cbbab341?pvs=21),2024/12/04,,$0.00
Spotify月費,General (https://app.notion.com/p/General-1fe52a1550c180d89a84f6b6694a42f5?pvs=21),67,NT$202.00,Fun (https://app.notion.com/p/Fun-1de52a1550c180f197e2ff3116ec3fa2?pvs=21),2024/12/04,,$0.00
房租,Fixed (https://app.notion.com/p/Fixed-1de52a1550c180f19995d25cbc6f1038?pvs=21),21882,"NT$7,250.00",Groceries (https://app.notion.com/p/Groceries-1de52a1550c180c6be6cdfaeb95cee9a?pvs=21),2024/12/02,,$0.00
匯給媽,Fixed (https://app.notion.com/p/Fixed-1de52a1550c180f19995d25cbc6f1038?pvs=21),21882,"NT$6,000.00",Family (https://app.notion.com/p/Family-1de52a1550c181faa107fcc0a73d8120?pvs=21),2024/12/02,"
",$0.00
健保費,Fixed (https://app.notion.com/p/Fixed-1de52a1550c180f19995d25cbc6f1038?pvs=21),21882,"NT$1,036.00",Insurance (https://app.notion.com/p/Insurance-1de52a1550c181f09d1dfb6d85985a86?pvs=21),2024/12/02,"
",$0.00
勞保費,Fixed (https://app.notion.com/p/Fixed-1de52a1550c180f19995d25cbc6f1038?pvs=21),21882,"NT$1,100.00",Insurance (https://app.notion.com/p/Insurance-1de52a1550c181f09d1dfb6d85985a86?pvs=21),2024/12/02,"
",$0.00
2024汽車停車位,Savings (https://app.notion.com/p/Savings-1de52a1550c18029b280dc7d9d36cb03?pvs=21),374425,"NT$2,500.00",Traffic (https://app.notion.com/p/Traffic-1de52a1550c1807b8ff6e40f804e1127?pvs=21),2024/12/02,,$0.00
東南街湯包,General (https://app.notion.com/p/General-1fe52a1550c180d89a84f6b6694a42f5?pvs=21),-13878,NT$150.00,Food (https://app.notion.com/p/Food-1de52a1550c1808585f7c8d0cbbab341?pvs=21),2024/12/01,,$0.00
Costco,General (https://app.notion.com/p/General-1fe52a1550c180d89a84f6b6694a42f5?pvs=21),-13878,NT$119.00,Food (https://app.notion.com/p/Food-1de52a1550c1808585f7c8d0cbbab341?pvs=21),2024/12/01,義美厚奶茶,$0.00
Costco,Dream (https://app.notion.com/p/Dream-1de52a1550c180a4bc6eee5e921cbc2d?pvs=21),131632,NT$439.00,Groceries (https://app.notion.com/p/Groceries-1de52a1550c180c6be6cdfaeb95cee9a?pvs=21),2024/12/01,風倍清觸霉,$0.00
星巴克,General (https://app.notion.com/p/General-1fe52a1550c180d89a84f6b6694a42f5?pvs=21),-13878,NT$120.00,Food (https://app.notion.com/p/Food-1de52a1550c1808585f7c8d0cbbab341?pvs=21),2024/12/01,美式咖啡,$0.00
全聯,General (https://app.notion.com/p/General-1fe52a1550c180d89a84f6b6694a42f5?pvs=21),-13878,NT$545.00,Food (https://app.notion.com/p/Food-1de52a1550c1808585f7c8d0cbbab341?pvs=21),2024/12/01,,$0.00
阿財關東煮,General (https://app.notion.com/p/General-1fe52a1550c180d89a84f6b6694a42f5?pvs=21),-12944,NT$260.00,Food (https://app.notion.com/p/Food-1de52a1550c1808585f7c8d0cbbab341?pvs=21),2024/11/30,,$0.00
老豆花,General (https://app.notion.com/p/General-1fe52a1550c180d89a84f6b6694a42f5?pvs=21),-12944,NT$105.00,Food (https://app.notion.com/p/Food-1de52a1550c1808585f7c8d0cbbab341?pvs=21),2024/11/30,,$0.00
羽球場地,Dream (https://app.notion.com/p/Dream-1de52a1550c180a4bc6eee5e921cbc2d?pvs=21),132071,NT$300.00,Health (https://app.notion.com/p/Health-1de52a1550c180948ad5c45ef59a5bb8?pvs=21),2024/11/30,,$0.00
春水堂,General (https://app.notion.com/p/General-1fe52a1550c180d89a84f6b6694a42f5?pvs=21),-12944,NT$852.00,Food (https://app.notion.com/p/Food-1de52a1550c1808585f7c8d0cbbab341?pvs=21),2024/11/30,,$0.00
Costco,Dream (https://app.notion.com/p/Dream-1de52a1550c180a4bc6eee5e921cbc2d?pvs=21),132371,NT$529.00,Groceries (https://app.notion.com/p/Groceries-1de52a1550c180c6be6cdfaeb95cee9a?pvs=21),2024/11/29,漱口水,$0.00
竹東排骨酥,General (https://app.notion.com/p/General-1fe52a1550c180d89a84f6b6694a42f5?pvs=21),-11727,NT$620.00,Food (https://app.notion.com/p/Food-1de52a1550c1808585f7c8d0cbbab341?pvs=21),2024/11/29,,$0.00
Costco,General (https://app.notion.com/p/General-1fe52a1550c180d89a84f6b6694a42f5?pvs=21),-11727,"NT$1,012.00",Food (https://app.notion.com/p/Food-1de52a1550c1808585f7c8d0cbbab341?pvs=21),2024/11/29,,$0.00
老范放山土雞,General (https://app.notion.com/p/General-1fe52a1550c180d89a84f6b6694a42f5?pvs=21),-10095,NT$798.00,Food (https://app.notion.com/p/Food-1de52a1550c1808585f7c8d0cbbab341?pvs=21),2024/11/28,,$0.00
丐幫滷味,General (https://app.notion.com/p/General-1fe52a1550c180d89a84f6b6694a42f5?pvs=21),-9297,NT$180.00,Food (https://app.notion.com/p/Food-1de52a1550c1808585f7c8d0cbbab341?pvs=21),2024/11/27,,$0.00
老瀋陽酸菜白肉鍋,General (https://app.notion.com/p/General-1fe52a1550c180d89a84f6b6694a42f5?pvs=21),-9117,"NT$1,073.00",Food (https://app.notion.com/p/Food-1de52a1550c1808585f7c8d0cbbab341?pvs=21),2024/11/24,,$0.00
漫時光,General (https://app.notion.com/p/General-1fe52a1550c180d89a84f6b6694a42f5?pvs=21),-9117,NT$224.00,Food (https://app.notion.com/p/Food-1de52a1550c1808585f7c8d0cbbab341?pvs=21),2024/11/24,,$0.00
卡莎米義大利麵,General (https://app.notion.com/p/General-1fe52a1550c180d89a84f6b6694a42f5?pvs=21),-7820,NT$300.00,Food (https://app.notion.com/p/Food-1de52a1550c1808585f7c8d0cbbab341?pvs=21),2024/11/23,,$0.00
小販部,General (https://app.notion.com/p/General-1fe52a1550c180d89a84f6b6694a42f5?pvs=21),-7520,NT$40.00,Food (https://app.notion.com/p/Food-1de52a1550c1808585f7c8d0cbbab341?pvs=21),2024/11/21,,$0.00
Foreign,Dream (https://app.notion.com/p/Dream-1de52a1550c180a4bc6eee5e921cbc2d?pvs=21),132900,"NT$3,816.00",Cosmetics (https://app.notion.com/p/Cosmetics-1de52a1550c181cb93fdfe1a610bf352?pvs=21),2024/11/21,Luna4,$0.00
全聯,General (https://app.notion.com/p/General-1fe52a1550c180d89a84f6b6694a42f5?pvs=21),-7520,NT$628.00,Food (https://app.notion.com/p/Food-1de52a1550c1808585f7c8d0cbbab341?pvs=21),2024/11/21,,$0.00
丐幫滷味,General (https://app.notion.com/p/General-1fe52a1550c180d89a84f6b6694a42f5?pvs=21),-6852,NT$220.00,Food (https://app.notion.com/p/Food-1de52a1550c1808585f7c8d0cbbab341?pvs=21),2024/11/20,,$0.00
全聯,General (https://app.notion.com/p/General-1fe52a1550c180d89a84f6b6694a42f5?pvs=21),-6632,NT$220.00,Food (https://app.notion.com/p/Food-1de52a1550c1808585f7c8d0cbbab341?pvs=21),2024/11/19,,$0.00
龜記,General (https://app.notion.com/p/General-1fe52a1550c180d89a84f6b6694a42f5?pvs=21),-6412,NT$185.00,Food (https://app.notion.com/p/Food-1de52a1550c1808585f7c8d0cbbab341?pvs=21),2024/11/17,,$0.00
韓姜熙小廚房,General (https://app.notion.com/p/General-1fe52a1550c180d89a84f6b6694a42f5?pvs=21),-6412,NT$467.00,Food (https://app.notion.com/p/Food-1de52a1550c1808585f7c8d0cbbab341?pvs=21),2024/11/17,,$0.00
大心,General (https://app.notion.com/p/General-1fe52a1550c180d89a84f6b6694a42f5?pvs=21),-6412,NT$360.00,Food (https://app.notion.com/p/Food-1de52a1550c1808585f7c8d0cbbab341?pvs=21),2024/11/17,,$0.00
台鐵,Dream (https://app.notion.com/p/Dream-1de52a1550c180a4bc6eee5e921cbc2d?pvs=21),139216,NT$440.00,Traffic (https://app.notion.com/p/Traffic-1de52a1550c1807b8ff6e40f804e1127?pvs=21),2024/11/17,花蓮台北,$0.00
五桐號,General (https://app.notion.com/p/General-1fe52a1550c180d89a84f6b6694a42f5?pvs=21),-6412,NT$110.00,Food (https://app.notion.com/p/Food-1de52a1550c1808585f7c8d0cbbab341?pvs=21),2024/11/17,,$0.00
台鐵,Dream (https://app.notion.com/p/Dream-1de52a1550c180a4bc6eee5e921cbc2d?pvs=21),139656,NT$177.00,Traffic (https://app.notion.com/p/Traffic-1de52a1550c1807b8ff6e40f804e1127?pvs=21),2024/11/15,新竹台北,$0.00
全家,General (https://app.notion.com/p/General-1fe52a1550c180d89a84f6b6694a42f5?pvs=21),-8290,NT$127.00,Food (https://app.notion.com/p/Food-1de52a1550c1808585f7c8d0cbbab341?pvs=21),2024/11/15,,$0.00
中華電信網路費,General (https://app.notion.com/p/General-1fe52a1550c180d89a84f6b6694a42f5?pvs=21),-8290,NT$848.00,Fun (https://app.notion.com/p/Fun-1de52a1550c180f197e2ff3116ec3fa2?pvs=21),2024/11/15,,$0.00
中華電信手機費,General (https://app.notion.com/p/General-1fe52a1550c180d89a84f6b6694a42f5?pvs=21),-8290,NT$0.00,Fun (https://app.notion.com/p/Fun-1de52a1550c180f197e2ff3116ec3fa2?pvs=21),2024/11/15,,$0.00
麥當勞,General (https://app.notion.com/p/General-1fe52a1550c180d89a84f6b6694a42f5?pvs=21),-8290,NT$250.00,Food (https://app.notion.com/p/Food-1de52a1550c1808585f7c8d0cbbab341?pvs=21),2024/11/15,,$0.00
台鐵,Dream (https://app.notion.com/p/Dream-1de52a1550c180a4bc6eee5e921cbc2d?pvs=21),139656,NT$440.00,Traffic (https://app.notion.com/p/Traffic-1de52a1550c1807b8ff6e40f804e1127?pvs=21),2024/11/15,台北花蓮,$0.00
Costco,General (https://app.notion.com/p/General-1fe52a1550c180d89a84f6b6694a42f5?pvs=21),-7065,NT$50.00,Food (https://app.notion.com/p/Food-1de52a1550c1808585f7c8d0cbbab341?pvs=21),2024/11/14,,$0.00
草本茶,General (https://app.notion.com/p/General-1fe52a1550c180d89a84f6b6694a42f5?pvs=21),-7065,NT$115.00,Food (https://app.notion.com/p/Food-1de52a1550c1808585f7c8d0cbbab341?pvs=21),2024/11/14,,$0.00
Costco,General (https://app.notion.com/p/General-1fe52a1550c180d89a84f6b6694a42f5?pvs=21),-7065,NT$772.00,Food (https://app.notion.com/p/Food-1de52a1550c1808585f7c8d0cbbab341?pvs=21),2024/11/14,,$0.00
大埔鐵板燒,General (https://app.notion.com/p/General-1fe52a1550c180d89a84f6b6694a42f5?pvs=21),-7065,NT$560.00,Food (https://app.notion.com/p/Food-1de52a1550c1808585f7c8d0cbbab341?pvs=21),2024/11/14,,$0.00
白鬍子牛排,General (https://app.notion.com/p/General-1fe52a1550c180d89a84f6b6694a42f5?pvs=21),-5568,NT$410.00,Food (https://app.notion.com/p/Food-1de52a1550c1808585f7c8d0cbbab341?pvs=21),2024/11/12,,$0.00
全聯,General (https://app.notion.com/p/General-1fe52a1550c180d89a84f6b6694a42f5?pvs=21),-5158,NT$226.00,Food (https://app.notion.com/p/Food-1de52a1550c1808585f7c8d0cbbab341?pvs=21),2024/11/11,,$0.00
全聯,General (https://app.notion.com/p/General-1fe52a1550c180d89a84f6b6694a42f5?pvs=21),-4932,NT$633.00,Food (https://app.notion.com/p/Food-1de52a1550c1808585f7c8d0cbbab341?pvs=21),2024/11/10,,$0.00
烏弄,General (https://app.notion.com/p/General-1fe52a1550c180d89a84f6b6694a42f5?pvs=21),-4932,NT$70.00,Food (https://app.notion.com/p/Food-1de52a1550c1808585f7c8d0cbbab341?pvs=21),2024/11/10,,$0.00
木木食堂,General (https://app.notion.com/p/General-1fe52a1550c180d89a84f6b6694a42f5?pvs=21),-4932,NT$480.00,Food (https://app.notion.com/p/Food-1de52a1550c1808585f7c8d0cbbab341?pvs=21),2024/11/10,,$0.00
薰衣草森林,Dream (https://app.notion.com/p/Dream-1de52a1550c180a4bc6eee5e921cbc2d?pvs=21),125273,NT$820.00,Health (https://app.notion.com/p/Health-1de52a1550c180948ad5c45ef59a5bb8?pvs=21),2024/11/09,門票+舒緩霜,$0.00
7-11,General (https://app.notion.com/p/General-1fe52a1550c180d89a84f6b6694a42f5?pvs=21),-3749,NT$215.00,Food (https://app.notion.com/p/Food-1de52a1550c1808585f7c8d0cbbab341?pvs=21),2024/11/09,,$0.00
全聯,General (https://app.notion.com/p/General-1fe52a1550c180d89a84f6b6694a42f5?pvs=21),-3534,NT$119.00,Food (https://app.notion.com/p/Food-1de52a1550c1808585f7c8d0cbbab341?pvs=21),2024/11/08,,$0.00
Travel blue,Dream (https://app.notion.com/p/Dream-1de52a1550c180a4bc6eee5e921cbc2d?pvs=21),126093,"NT$3,283.00",Family (https://app.notion.com/p/Family-1de52a1550c181faa107fcc0a73d8120?pvs=21),2024/11/08,頸枕*5,$0.00
老豆花,General (https://app.notion.com/p/General-1fe52a1550c180d89a84f6b6694a42f5?pvs=21),-3534,NT$60.00,Food (https://app.notion.com/p/Food-1de52a1550c1808585f7c8d0cbbab341?pvs=21),2024/11/08,,$0.00
鶖茶,General (https://app.notion.com/p/General-1fe52a1550c180d89a84f6b6694a42f5?pvs=21),-3534,NT$45.00,Food (https://app.notion.com/p/Food-1de52a1550c1808585f7c8d0cbbab341?pvs=21),2024/11/08,,$0.00
點爭鮮,General (https://app.notion.com/p/General-1fe52a1550c180d89a84f6b6694a42f5?pvs=21),-3534,NT$960.00,Food (https://app.notion.com/p/Food-1de52a1550c1808585f7c8d0cbbab341?pvs=21),2024/11/08,,$0.00
第二春滷味,General (https://app.notion.com/p/General-1fe52a1550c180d89a84f6b6694a42f5?pvs=21),-2350,NT$340.00,Food (https://app.notion.com/p/Food-1de52a1550c1808585f7c8d0cbbab341?pvs=21),2024/11/07,,$0.00
綜合麻辣臭豆腐,General (https://app.notion.com/p/General-1fe52a1550c180d89a84f6b6694a42f5?pvs=21),-2350,NT$70.00,Food (https://app.notion.com/p/Food-1de52a1550c1808585f7c8d0cbbab341?pvs=21),2024/11/07,,$0.00
旗魚黑輪,General (https://app.notion.com/p/General-1fe52a1550c180d89a84f6b6694a42f5?pvs=21),-2350,NT$60.00,Food (https://app.notion.com/p/Food-1de52a1550c1808585f7c8d0cbbab341?pvs=21),2024/11/07,,$0.00
加油費,General (https://app.notion.com/p/General-1fe52a1550c180d89a84f6b6694a42f5?pvs=21),-1880,NT$163.00,Traffic (https://app.notion.com/p/Traffic-1de52a1550c1807b8ff6e40f804e1127?pvs=21),2024/11/06,,$0.00
7-11,General (https://app.notion.com/p/General-1fe52a1550c180d89a84f6b6694a42f5?pvs=21),-1880,NT$65.00,Food (https://app.notion.com/p/Food-1de52a1550c1808585f7c8d0cbbab341?pvs=21),2024/11/06,,$0.00
全聯,General (https://app.notion.com/p/General-1fe52a1550c180d89a84f6b6694a42f5?pvs=21),-1880,NT$597.00,Food (https://app.notion.com/p/Food-1de52a1550c1808585f7c8d0cbbab341?pvs=21),2024/11/06,,$0.00
7-11,General (https://app.notion.com/p/General-1fe52a1550c180d89a84f6b6694a42f5?pvs=21),-1055,NT$65.00,Food (https://app.notion.com/p/Food-1de52a1550c1808585f7c8d0cbbab341?pvs=21),2024/11/05,,$0.00
東門雞肉飯,General (https://app.notion.com/p/General-1fe52a1550c180d89a84f6b6694a42f5?pvs=21),-1055,NT$360.00,Food (https://app.notion.com/p/Food-1de52a1550c1808585f7c8d0cbbab341?pvs=21),2024/11/05,,$0.00
匯給媽,Fixed (https://app.notion.com/p/Fixed-1de52a1550c180f19995d25cbc6f1038?pvs=21),17747,"NT$6,000.00",Family (https://app.notion.com/p/Family-1de52a1550c181faa107fcc0a73d8120?pvs=21),2024/11/05,"
",$0.00
7-11,General (https://app.notion.com/p/General-1fe52a1550c180d89a84f6b6694a42f5?pvs=21),-630,NT$108.00,Food (https://app.notion.com/p/Food-1de52a1550c1808585f7c8d0cbbab341?pvs=21),2024/11/04,,$0.00
太河拉麵,General (https://app.notion.com/p/General-1fe52a1550c180d89a84f6b6694a42f5?pvs=21),-630,NT$500.00,Food (https://app.notion.com/p/Food-1de52a1550c1808585f7c8d0cbbab341?pvs=21),2024/11/04,,$0.00
Spotify月費,General (https://app.notion.com/p/General-1fe52a1550c180d89a84f6b6694a42f5?pvs=21),-630,NT$202.00,Fun (https://app.notion.com/p/Fun-1de52a1550c180f197e2ff3116ec3fa2?pvs=21),2024/11/04,,$0.00
好樂迪,Couple's (https://app.notion.com/p/Couple-s-1de52a1550c181d39de7eebc343b38cd?pvs=21),2611,"NT$1,109.00",Fun (https://app.notion.com/p/Fun-1de52a1550c180f197e2ff3116ec3fa2?pvs=21),2024/11/02,,$0.00
圓山西密道,Dream (https://app.notion.com/p/Dream-1de52a1550c180a4bc6eee5e921cbc2d?pvs=21),131108,NT$400.00,Travel (https://app.notion.com/p/Travel-1de52a1550c18102a04df0c968556b0b?pvs=21),2024/11/02,,$0.00
圓山松鶴餐廳,Dream (https://app.notion.com/p/Dream-1de52a1550c180a4bc6eee5e921cbc2d?pvs=21),131108,"NT$1,520.00",Food (https://app.notion.com/p/Food-1de52a1550c1808585f7c8d0cbbab341?pvs=21),2024/11/02,,$0.00
停車費,Dream (https://app.notion.com/p/Dream-1de52a1550c180a4bc6eee5e921cbc2d?pvs=21),133028,NT$100.00,Traffic (https://app.notion.com/p/Traffic-1de52a1550c1807b8ff6e40f804e1127?pvs=21),2024/11/01,,$0.00
潤餅,General (https://app.notion.com/p/General-1fe52a1550c180d89a84f6b6694a42f5?pvs=21),-5389,NT$40.00,Food (https://app.notion.com/p/Food-1de52a1550c1808585f7c8d0cbbab341?pvs=21),2024/11/02,,$0.00
全家,General (https://app.notion.com/p/General-1fe52a1550c180d89a84f6b6694a42f5?pvs=21),-5349,NT$400.00,Food (https://app.notion.com/p/Food-1de52a1550c1808585f7c8d0cbbab341?pvs=21),2024/11/01,,$0.00
Relove,Dream (https://app.notion.com/p/Dream-1de52a1550c180a4bc6eee5e921cbc2d?pvs=21),133028,NT$639.00,Cosmetics (https://app.notion.com/p/Cosmetics-1de52a1550c181cb93fdfe1a610bf352?pvs=21),2024/11/01,除毛膏,$0.00
加油費,Dream (https://app.notion.com/p/Dream-1de52a1550c180a4bc6eee5e921cbc2d?pvs=21),133028,"NT$1,580.00",Traffic (https://app.notion.com/p/Traffic-1de52a1550c1807b8ff6e40f804e1127?pvs=21),2024/11/01,,$0.00
CitySuper,Dream (https://app.notion.com/p/Dream-1de52a1550c180a4bc6eee5e921cbc2d?pvs=21),133028,NT$399.00,Travel (https://app.notion.com/p/Travel-1de52a1550c18102a04df0c968556b0b?pvs=21),2024/11/01,沐浴球,$0.00
圓山大飯店,Dream (https://app.notion.com/p/Dream-1de52a1550c180a4bc6eee5e921cbc2d?pvs=21),133028,"NT$5,472.00",Social (https://app.notion.com/p/Social-1de52a1550c180eaa21cea69f136a638?pvs=21),2024/11/01,,$0.00
村民食堂,Dream (https://app.notion.com/p/Dream-1de52a1550c180a4bc6eee5e921cbc2d?pvs=21),133028,"NT$1,386.00",Food (https://app.notion.com/p/Food-1de52a1550c1808585f7c8d0cbbab341?pvs=21),2024/11/01,,$0.00
房租,Fixed (https://app.notion.com/p/Fixed-1de52a1550c180f19995d25cbc6f1038?pvs=21),23747,"NT$7,250.00",Groceries (https://app.notion.com/p/Groceries-1de52a1550c180c6be6cdfaeb95cee9a?pvs=21),2024/11/01,,$0.00
2024汽車停車位,Savings (https://app.notion.com/p/Savings-1de52a1550c18029b280dc7d9d36cb03?pvs=21),370418,"NT$2,500.00",Traffic (https://app.notion.com/p/Traffic-1de52a1550c1807b8ff6e40f804e1127?pvs=21),2024/11/01,,$0.00
勞保費,Fixed (https://app.notion.com/p/Fixed-1de52a1550c180f19995d25cbc6f1038?pvs=21),23747,"NT$1,100.00",Insurance (https://app.notion.com/p/Insurance-1de52a1550c181f09d1dfb6d85985a86?pvs=21),2024/11/01,"
",$0.00
健保費,Fixed (https://app.notion.com/p/Fixed-1de52a1550c180f19995d25cbc6f1038?pvs=21),23747,"NT$1,036.00",Insurance (https://app.notion.com/p/Insurance-1de52a1550c181f09d1dfb6d85985a86?pvs=21),2024/11/01,"
",$0.00
麥當勞,General (https://app.notion.com/p/General-1fe52a1550c180d89a84f6b6694a42f5?pvs=21),-15963,NT$50.00,Food (https://app.notion.com/p/Food-1de52a1550c1808585f7c8d0cbbab341?pvs=21),2024/10/31,,$0.00
京座燒肉,Dream (https://app.notion.com/p/Dream-1de52a1550c180a4bc6eee5e921cbc2d?pvs=21),136097,"NT$2,200.00",Food (https://app.notion.com/p/Food-1de52a1550c1808585f7c8d0cbbab341?pvs=21),2024/10/30,藜生日,$0.00
上宇林,Dream (https://app.notion.com/p/Dream-1de52a1550c180a4bc6eee5e921cbc2d?pvs=21),136097,NT$140.00,Food (https://app.notion.com/p/Food-1de52a1550c1808585f7c8d0cbbab341?pvs=21),2024/10/30,,$0.00
竹東排骨酥,General (https://app.notion.com/p/General-1fe52a1550c180d89a84f6b6694a42f5?pvs=21),-15913,NT$463.00,Food (https://app.notion.com/p/Food-1de52a1550c1808585f7c8d0cbbab341?pvs=21),2024/10/29,,$0.00
麥當勞,General (https://app.notion.com/p/General-1fe52a1550c180d89a84f6b6694a42f5?pvs=21),-15450,NT$222.00,Food (https://app.notion.com/p/Food-1de52a1550c1808585f7c8d0cbbab341?pvs=21),2024/10/28,,$0.00
全聯,General (https://app.notion.com/p/General-1fe52a1550c180d89a84f6b6694a42f5?pvs=21),-15450,NT$79.00,Food (https://app.notion.com/p/Food-1de52a1550c1808585f7c8d0cbbab341?pvs=21),2024/10/28,,$0.00
ETC,Dream (https://app.notion.com/p/Dream-1de52a1550c180a4bc6eee5e921cbc2d?pvs=21),138437,NT$235.00,Traffic (https://app.notion.com/p/Traffic-1de52a1550c1807b8ff6e40f804e1127?pvs=21),2024/10/27,,$0.00
阿財米食,General (https://app.notion.com/p/General-1fe52a1550c180d89a84f6b6694a42f5?pvs=21),-15149,NT$855.00,Food (https://app.notion.com/p/Food-1de52a1550c1808585f7c8d0cbbab341?pvs=21),2024/10/27,,$0.00
麥當勞,General (https://app.notion.com/p/General-1fe52a1550c180d89a84f6b6694a42f5?pvs=21),-15149,NT$362.00,Food (https://app.notion.com/p/Food-1de52a1550c1808585f7c8d0cbbab341?pvs=21),2024/10/27,,$0.00
ETC,Dream (https://app.notion.com/p/Dream-1de52a1550c180a4bc6eee5e921cbc2d?pvs=21),137872,NT$223.00,Traffic (https://app.notion.com/p/Traffic-1de52a1550c1807b8ff6e40f804e1127?pvs=21),2024/10/25,,$0.00
加油費,Dream (https://app.notion.com/p/Dream-1de52a1550c180a4bc6eee5e921cbc2d?pvs=21),137872,"NT$1,550.00",Traffic (https://app.notion.com/p/Traffic-1de52a1550c1807b8ff6e40f804e1127?pvs=21),2024/10/25,,$0.00
水費,General (https://app.notion.com/p/General-1fe52a1550c180d89a84f6b6694a42f5?pvs=21),-13932,NT$291.00,Groceries (https://app.notion.com/p/Groceries-1de52a1550c180c6be6cdfaeb95cee9a?pvs=21),2024/10/25,,$0.00
電費,General (https://app.notion.com/p/General-1fe52a1550c180d89a84f6b6694a42f5?pvs=21),-13932,"NT$3,800.00",Groceries (https://app.notion.com/p/Groceries-1de52a1550c180c6be6cdfaeb95cee9a?pvs=21),2024/10/25,,$0.00
阿婆早餐,General (https://app.notion.com/p/General-1fe52a1550c180d89a84f6b6694a42f5?pvs=21),-13932,NT$55.00,Food (https://app.notion.com/p/Food-1de52a1550c1808585f7c8d0cbbab341?pvs=21),2024/10/25,,$0.00
丐幫滷味,General (https://app.notion.com/p/General-1fe52a1550c180d89a84f6b6694a42f5?pvs=21),-9786,NT$185.00,Food (https://app.notion.com/p/Food-1de52a1550c1808585f7c8d0cbbab341?pvs=21),2024/10/23,,$0.00
全聯,General (https://app.notion.com/p/General-1fe52a1550c180d89a84f6b6694a42f5?pvs=21),-9601,NT$668.00,Food (https://app.notion.com/p/Food-1de52a1550c1808585f7c8d0cbbab341?pvs=21),2024/10/21,,$0.00
麵包,General (https://app.notion.com/p/General-1fe52a1550c180d89a84f6b6694a42f5?pvs=21),-9601,NT$60.00,Food (https://app.notion.com/p/Food-1de52a1550c1808585f7c8d0cbbab341?pvs=21),2024/10/21,,$0.00
嵐鮮早午餐,General (https://app.notion.com/p/General-1fe52a1550c180d89a84f6b6694a42f5?pvs=21),-8873,NT$220.00,Food (https://app.notion.com/p/Food-1de52a1550c1808585f7c8d0cbbab341?pvs=21),2024/10/19,,$0.00
陳阿姨火鍋灶咖,Couple's (https://app.notion.com/p/Couple-s-1de52a1550c181d39de7eebc343b38cd?pvs=21),2520,"NT$1,480.00",Food (https://app.notion.com/p/Food-1de52a1550c1808585f7c8d0cbbab341?pvs=21),2024/10/20,,$0.00
全聯,General (https://app.notion.com/p/General-1fe52a1550c180d89a84f6b6694a42f5?pvs=21),-8653,NT$316.00,Food (https://app.notion.com/p/Food-1de52a1550c1808585f7c8d0cbbab341?pvs=21),2024/10/18,,$0.00
Costco,Dream (https://app.notion.com/p/Dream-1de52a1550c180a4bc6eee5e921cbc2d?pvs=21),139645,NT$679.00,Groceries (https://app.notion.com/p/Groceries-1de52a1550c180c6be6cdfaeb95cee9a?pvs=21),2024/10/17,Areil洗衣精補充包,$0.00
Costco,General (https://app.notion.com/p/General-1fe52a1550c180d89a84f6b6694a42f5?pvs=21),-8337,NT$358.00,Food (https://app.notion.com/p/Food-1de52a1550c1808585f7c8d0cbbab341?pvs=21),2024/10/17,青花椒牛肉麵,$0.00
Costco,Dream (https://app.notion.com/p/Dream-1de52a1550c180a4bc6eee5e921cbc2d?pvs=21),139645,NT$754.00,Health (https://app.notion.com/p/Health-1de52a1550c180948ad5c45ef59a5bb8?pvs=21),2024/10/17,維他命D3、維他命C,$0.00
水豚麥胖,General (https://app.notion.com/p/General-1fe52a1550c180d89a84f6b6694a42f5?pvs=21),-7830,NT$180.00,Food (https://app.notion.com/p/Food-1de52a1550c1808585f7c8d0cbbab341?pvs=21),2024/10/15,,$0.00
Costco,General (https://app.notion.com/p/General-1fe52a1550c180d89a84f6b6694a42f5?pvs=21),-8337,NT$149.00,Food (https://app.notion.com/p/Food-1de52a1550c1808585f7c8d0cbbab341?pvs=21),2024/10/17,,$0.00
東門雞肉飯,General (https://app.notion.com/p/General-1fe52a1550c180d89a84f6b6694a42f5?pvs=21),-7830,NT$300.00,Food (https://app.notion.com/p/Food-1de52a1550c1808585f7c8d0cbbab341?pvs=21),2024/10/15,,$0.00
加油費,General (https://app.notion.com/p/General-1fe52a1550c180d89a84f6b6694a42f5?pvs=21),-7830,NT$154.00,Traffic (https://app.notion.com/p/Traffic-1de52a1550c1807b8ff6e40f804e1127?pvs=21),2024/10/15,,$0.00
中華電信網路費,General (https://app.notion.com/p/General-1fe52a1550c180d89a84f6b6694a42f5?pvs=21),-7830,NT$848.00,Fun (https://app.notion.com/p/Fun-1de52a1550c180f197e2ff3116ec3fa2?pvs=21),2024/10/15,,$0.00
Steam,Dream (https://app.notion.com/p/Dream-1de52a1550c180a4bc6eee5e921cbc2d?pvs=21),141078,NT$244.00,Fun (https://app.notion.com/p/Fun-1de52a1550c180f197e2ff3116ec3fa2?pvs=21),2024/10/15,Planet crafter,$0.00
中華電信手機費,General (https://app.notion.com/p/General-1fe52a1550c180d89a84f6b6694a42f5?pvs=21),-7830,NT$65.00,Fun (https://app.notion.com/p/Fun-1de52a1550c180f197e2ff3116ec3fa2?pvs=21),2024/10/15,,$0.00
全聯,General (https://app.notion.com/p/General-1fe52a1550c180d89a84f6b6694a42f5?pvs=21),-6283,NT$339.00,Food (https://app.notion.com/p/Food-1de52a1550c1808585f7c8d0cbbab341?pvs=21),2024/10/14,,$0.00
全聯,Dream (https://app.notion.com/p/Dream-1de52a1550c180a4bc6eee5e921cbc2d?pvs=21),141322,NT$239.00,Groceries (https://app.notion.com/p/Groceries-1de52a1550c180c6be6cdfaeb95cee9a?pvs=21),2024/10/14,上山採藥洗髮精,$0.00
酵想,General (https://app.notion.com/p/General-1fe52a1550c180d89a84f6b6694a42f5?pvs=21),-5944,NT$295.00,Food (https://app.notion.com/p/Food-1de52a1550c1808585f7c8d0cbbab341?pvs=21),2024/10/13,,$0.00
麵匡匡,General (https://app.notion.com/p/General-1fe52a1550c180d89a84f6b6694a42f5?pvs=21),-5944,NT$485.00,Food (https://app.notion.com/p/Food-1de52a1550c1808585f7c8d0cbbab341?pvs=21),2024/10/13,,$0.00
Costco,General (https://app.notion.com/p/General-1fe52a1550c180d89a84f6b6694a42f5?pvs=21),-5944,NT$279.00,Food (https://app.notion.com/p/Food-1de52a1550c1808585f7c8d0cbbab341?pvs=21),2024/10/13,手工黃金芝麻醬,$0.00
Costco,General (https://app.notion.com/p/General-1fe52a1550c180d89a84f6b6694a42f5?pvs=21),-5944,NT$369.00,Food (https://app.notion.com/p/Food-1de52a1550c1808585f7c8d0cbbab341?pvs=21),2024/10/13,綜合壽司組合,$0.00
Costco,General (https://app.notion.com/p/General-1fe52a1550c180d89a84f6b6694a42f5?pvs=21),-5944,"NT$1,917.00",Health (https://app.notion.com/p/Health-1de52a1550c180948ad5c45ef59a5bb8?pvs=21),2024/10/13,威德益生菌,$0.00
Costco,General (https://app.notion.com/p/General-1fe52a1550c180d89a84f6b6694a42f5?pvs=21),-5944,NT$399.00,Food (https://app.notion.com/p/Food-1de52a1550c1808585f7c8d0cbbab341?pvs=21),2024/10/13,老協珍米漢堡,$0.00
小鵲幸,General (https://app.notion.com/p/General-1fe52a1550c180d89a84f6b6694a42f5?pvs=21),-2200,NT$61.00,Food (https://app.notion.com/p/Food-1de52a1550c1808585f7c8d0cbbab341?pvs=21),2024/10/12,,$0.00
麻辣誘惑,General (https://app.notion.com/p/General-1fe52a1550c180d89a84f6b6694a42f5?pvs=21),-2200,NT$250.00,Food (https://app.notion.com/p/Food-1de52a1550c1808585f7c8d0cbbab341?pvs=21),2024/10/12,,$0.00
玉蘭,General (https://app.notion.com/p/General-1fe52a1550c180d89a84f6b6694a42f5?pvs=21),-2200,NT$100.00,Food (https://app.notion.com/p/Food-1de52a1550c1808585f7c8d0cbbab341?pvs=21),2024/10/12,,$0.00
月亮先生,General (https://app.notion.com/p/General-1fe52a1550c180d89a84f6b6694a42f5?pvs=21),-2200,NT$677.00,Food (https://app.notion.com/p/Food-1de52a1550c1808585f7c8d0cbbab341?pvs=21),2024/10/12,,$0.00
竹東排骨酥,General (https://app.notion.com/p/General-1fe52a1550c180d89a84f6b6694a42f5?pvs=21),-1112,NT$523.00,Food (https://app.notion.com/p/Food-1de52a1550c1808585f7c8d0cbbab341?pvs=21),2024/10/11,,$0.00
7-11,General (https://app.notion.com/p/General-1fe52a1550c180d89a84f6b6694a42f5?pvs=21),-1112,"NT$1,000.00",Food (https://app.notion.com/p/Food-1de52a1550c1808585f7c8d0cbbab341?pvs=21),2024/10/11,咖啡*40,$0.00
7-11,General (https://app.notion.com/p/General-1fe52a1550c180d89a84f6b6694a42f5?pvs=21),-1112,NT$48.00,Food (https://app.notion.com/p/Food-1de52a1550c1808585f7c8d0cbbab341?pvs=21),2024/10/11,,$0.00
中華電信,Dream (https://app.notion.com/p/Dream-1de52a1550c180a4bc6eee5e921cbc2d?pvs=21),2561,"NT$6,490.00",Fun (https://app.notion.com/p/Fun-1de52a1550c180f197e2ff3116ec3fa2?pvs=21),2024/10/10,續約預付+耳機,$0.00
梅屁股,General (https://app.notion.com/p/General-1fe52a1550c180d89a84f6b6694a42f5?pvs=21),459,NT$110.00,Food (https://app.notion.com/p/Food-1de52a1550c1808585f7c8d0cbbab341?pvs=21),2024/10/10,,$0.00
臭豆腐,General (https://app.notion.com/p/General-1fe52a1550c180d89a84f6b6694a42f5?pvs=21),459,NT$70.00,Food (https://app.notion.com/p/Food-1de52a1550c1808585f7c8d0cbbab341?pvs=21),2024/10/10,,$0.00
烏弄,General (https://app.notion.com/p/General-1fe52a1550c180d89a84f6b6694a42f5?pvs=21),459,NT$90.00,Food (https://app.notion.com/p/Food-1de52a1550c1808585f7c8d0cbbab341?pvs=21),2024/10/10,,$0.00
Beard papa’s,General (https://app.notion.com/p/General-1fe52a1550c180d89a84f6b6694a42f5?pvs=21),459,NT$110.00,Food (https://app.notion.com/p/Food-1de52a1550c1808585f7c8d0cbbab341?pvs=21),2024/10/10,,$0.00
全聯,General (https://app.notion.com/p/General-1fe52a1550c180d89a84f6b6694a42f5?pvs=21),1379,NT$60.00,Food (https://app.notion.com/p/Food-1de52a1550c1808585f7c8d0cbbab341?pvs=21),2024/10/09,,$0.00
法諾義式,General (https://app.notion.com/p/General-1fe52a1550c180d89a84f6b6694a42f5?pvs=21),459,NT$540.00,Food (https://app.notion.com/p/Food-1de52a1550c1808585f7c8d0cbbab341?pvs=21),2024/10/10,,$0.00
東門雞肉飯,General (https://app.notion.com/p/General-1fe52a1550c180d89a84f6b6694a42f5?pvs=21),1439,NT$320.00,Food (https://app.notion.com/p/Food-1de52a1550c1808585f7c8d0cbbab341?pvs=21),2024/10/08,,$0.00
要活就要動,Dream (https://app.notion.com/p/Dream-1de52a1550c180a4bc6eee5e921cbc2d?pvs=21),9051,"NT$2,667.00",Health (https://app.notion.com/p/Health-1de52a1550c180948ad5c45ef59a5bb8?pvs=21),2024/10/08,,$0.00
50嵐,General (https://app.notion.com/p/General-1fe52a1550c180d89a84f6b6694a42f5?pvs=21),1439,NT$100.00,Food (https://app.notion.com/p/Food-1de52a1550c1808585f7c8d0cbbab341?pvs=21),2024/10/08,,$0.00
全聯,General (https://app.notion.com/p/General-1fe52a1550c180d89a84f6b6694a42f5?pvs=21),1439,NT$120.00,Food (https://app.notion.com/p/Food-1de52a1550c1808585f7c8d0cbbab341?pvs=21),2024/10/08,,$0.00
全聯,General (https://app.notion.com/p/General-1fe52a1550c180d89a84f6b6694a42f5?pvs=21),1979,NT$215.00,Food (https://app.notion.com/p/Food-1de52a1550c1808585f7c8d0cbbab341?pvs=21),2024/10/07,,$0.00
宜得利,Dream (https://app.notion.com/p/Dream-1de52a1550c180a4bc6eee5e921cbc2d?pvs=21),11718,NT$138.00,Groceries (https://app.notion.com/p/Groceries-1de52a1550c180c6be6cdfaeb95cee9a?pvs=21),2024/10/06,,$0.00
上宇林,General (https://app.notion.com/p/General-1fe52a1550c180d89a84f6b6694a42f5?pvs=21),2194,NT$110.00,Food (https://app.notion.com/p/Food-1de52a1550c1808585f7c8d0cbbab341?pvs=21),2024/10/06,,$0.00
堯黑砂糖刨冰,General (https://app.notion.com/p/General-1fe52a1550c180d89a84f6b6694a42f5?pvs=21),2194,NT$70.00,Food (https://app.notion.com/p/Food-1de52a1550c1808585f7c8d0cbbab341?pvs=21),2024/10/06,,$0.00
點爭鮮,General (https://app.notion.com/p/General-1fe52a1550c180d89a84f6b6694a42f5?pvs=21),2194,NT$750.00,Food (https://app.notion.com/p/Food-1de52a1550c1808585f7c8d0cbbab341?pvs=21),2024/10/06,,$0.00
羽球場地,Dream (https://app.notion.com/p/Dream-1de52a1550c180a4bc6eee5e921cbc2d?pvs=21),11718,NT$120.00,Health (https://app.notion.com/p/Health-1de52a1550c180948ad5c45ef59a5bb8?pvs=21),2024/10/06,,$0.00
台鐵,Dream (https://app.notion.com/p/Dream-1de52a1550c180a4bc6eee5e921cbc2d?pvs=21),11718,NT$226.00,Traffic (https://app.notion.com/p/Traffic-1de52a1550c1807b8ff6e40f804e1127?pvs=21),2024/10/06,新竹潭子來回,$0.00
早安公雞,General (https://app.notion.com/p/General-1fe52a1550c180d89a84f6b6694a42f5?pvs=21),2194,NT$225.00,Food (https://app.notion.com/p/Food-1de52a1550c1808585f7c8d0cbbab341?pvs=21),2024/10/06,,$0.00
蔣好的味道,General (https://app.notion.com/p/General-1fe52a1550c180d89a84f6b6694a42f5?pvs=21),-174,NT$425.00,Food (https://app.notion.com/p/Food-1de52a1550c1808585f7c8d0cbbab341?pvs=21),2024/10/05,,$0.00
7-11,General (https://app.notion.com/p/General-1fe52a1550c180d89a84f6b6694a42f5?pvs=21),251,NT$65.00,Food (https://app.notion.com/p/Food-1de52a1550c1808585f7c8d0cbbab341?pvs=21),2024/10/04,,$0.00
Spotify月費,General (https://app.notion.com/p/General-1fe52a1550c180d89a84f6b6694a42f5?pvs=21),251,NT$202.00,Fun (https://app.notion.com/p/Fun-1de52a1550c180f197e2ff3116ec3fa2?pvs=21),2024/10/04,,$0.00
麥當勞,General (https://app.notion.com/p/General-1fe52a1550c180d89a84f6b6694a42f5?pvs=21),251,NT$286.00,Food (https://app.notion.com/p/Food-1de52a1550c1808585f7c8d0cbbab341?pvs=21),2024/10/04,,$0.00
麥當勞,General (https://app.notion.com/p/General-1fe52a1550c180d89a84f6b6694a42f5?pvs=21),804,NT$154.00,Food (https://app.notion.com/p/Food-1de52a1550c1808585f7c8d0cbbab341?pvs=21),2024/10/03,,$0.00
東南街湯包,General (https://app.notion.com/p/General-1fe52a1550c180d89a84f6b6694a42f5?pvs=21),958,NT$120.00,Food (https://app.notion.com/p/Food-1de52a1550c1808585f7c8d0cbbab341?pvs=21),2024/10/02,,$0.00
7-11,General (https://app.notion.com/p/General-1fe52a1550c180d89a84f6b6694a42f5?pvs=21),1078,NT$55.00,Food (https://app.notion.com/p/Food-1de52a1550c1808585f7c8d0cbbab341?pvs=21),2024/10/01,,$0.00
永福 胡椒豬肚雞,Dream (https://app.notion.com/p/Dream-1de52a1550c180a4bc6eee5e921cbc2d?pvs=21),10998,"NT$1,500.00",Food (https://app.notion.com/p/Food-1de52a1550c1808585f7c8d0cbbab341?pvs=21),2024/10/01,,$0.00
全聯,General (https://app.notion.com/p/General-1fe52a1550c180d89a84f6b6694a42f5?pvs=21),1078,NT$398.00,Food (https://app.notion.com/p/Food-1de52a1550c1808585f7c8d0cbbab341?pvs=21),2024/10/01,,$0.00
房租,Fixed (https://app.notion.com/p/Fixed-1de52a1550c180f19995d25cbc6f1038?pvs=21),13612,"NT$7,250.00",Groceries (https://app.notion.com/p/Groceries-1de52a1550c180c6be6cdfaeb95cee9a?pvs=21),2024/10/01,,$0.00
2024汽車停車位,Savings (https://app.notion.com/p/Savings-1de52a1550c18029b280dc7d9d36cb03?pvs=21),366411,"NT$2,500.00",Traffic (https://app.notion.com/p/Traffic-1de52a1550c1807b8ff6e40f804e1127?pvs=21),2024/10/01,,$0.00
勞保費,Fixed (https://app.notion.com/p/Fixed-1de52a1550c180f19995d25cbc6f1038?pvs=21),13612,"NT$1,100.00",Insurance (https://app.notion.com/p/Insurance-1de52a1550c181f09d1dfb6d85985a86?pvs=21),2024/10/01,"
",$0.00
健保費,Fixed (https://app.notion.com/p/Fixed-1de52a1550c180f19995d25cbc6f1038?pvs=21),13612,"NT$1,036.00",Insurance (https://app.notion.com/p/Insurance-1de52a1550c181f09d1dfb6d85985a86?pvs=21),2024/10/01,"
",$0.00
匯給媽,Fixed (https://app.notion.com/p/Fixed-1de52a1550c180f19995d25cbc6f1038?pvs=21),13612,"NT$6,000.00",Family (https://app.notion.com/p/Family-1de52a1550c181faa107fcc0a73d8120?pvs=21),2024/10/01,"
",$0.00
加油費,General (https://app.notion.com/p/General-1fe52a1550c180d89a84f6b6694a42f5?pvs=21),-9483,NT$156.00,Traffic (https://app.notion.com/p/Traffic-1de52a1550c1807b8ff6e40f804e1127?pvs=21),2024/09/30,,$0.00
7-11,General (https://app.notion.com/p/General-1fe52a1550c180d89a84f6b6694a42f5?pvs=21),-9483,NT$70.00,Food (https://app.notion.com/p/Food-1de52a1550c1808585f7c8d0cbbab341?pvs=21),2024/09/30,,$0.00
Costco,General (https://app.notion.com/p/General-1fe52a1550c180d89a84f6b6694a42f5?pvs=21),-9257,NT$735.00,Food (https://app.notion.com/p/Food-1de52a1550c1808585f7c8d0cbbab341?pvs=21),2024/09/29,,$0.00
麥當勞,General (https://app.notion.com/p/General-1fe52a1550c180d89a84f6b6694a42f5?pvs=21),-9257,NT$210.00,Food (https://app.notion.com/p/Food-1de52a1550c1808585f7c8d0cbbab341?pvs=21),2024/09/29,,$0.00
50嵐,General (https://app.notion.com/p/General-1fe52a1550c180d89a84f6b6694a42f5?pvs=21),-9257,NT$45.00,Food (https://app.notion.com/p/Food-1de52a1550c1808585f7c8d0cbbab341?pvs=21),2024/09/29,,$0.00
Costco,General (https://app.notion.com/p/General-1fe52a1550c180d89a84f6b6694a42f5?pvs=21),-9257,NT$118.00,Food (https://app.notion.com/p/Food-1de52a1550c1808585f7c8d0cbbab341?pvs=21),2024/09/29,,$0.00
時時香,General (https://app.notion.com/p/General-1fe52a1550c180d89a84f6b6694a42f5?pvs=21),-9257,"NT$1,535.00",Food (https://app.notion.com/p/Food-1de52a1550c1808585f7c8d0cbbab341?pvs=21),2024/09/29,,$0.00
全聯,General (https://app.notion.com/p/General-1fe52a1550c180d89a84f6b6694a42f5?pvs=21),-6614,NT$762.00,Food (https://app.notion.com/p/Food-1de52a1550c1808585f7c8d0cbbab341?pvs=21),2024/09/28,,$0.00
7-11,General (https://app.notion.com/p/General-1fe52a1550c180d89a84f6b6694a42f5?pvs=21),-6614,NT$89.00,Food (https://app.notion.com/p/Food-1de52a1550c1808585f7c8d0cbbab341?pvs=21),2024/09/28,,$0.00
全聯,General (https://app.notion.com/p/General-1fe52a1550c180d89a84f6b6694a42f5?pvs=21),-5763,NT$329.00,Food (https://app.notion.com/p/Food-1de52a1550c1808585f7c8d0cbbab341?pvs=21),2024/09/27,,$0.00
7-11,General (https://app.notion.com/p/General-1fe52a1550c180d89a84f6b6694a42f5?pvs=21),-5434,NT$70.00,Food (https://app.notion.com/p/Food-1de52a1550c1808585f7c8d0cbbab341?pvs=21),2024/09/26,,$0.00
全聯,General (https://app.notion.com/p/General-1fe52a1550c180d89a84f6b6694a42f5?pvs=21),-5364,NT$120.00,Food (https://app.notion.com/p/Food-1de52a1550c1808585f7c8d0cbbab341?pvs=21),2024/09/25,,$0.00
小販部,General (https://app.notion.com/p/General-1fe52a1550c180d89a84f6b6694a42f5?pvs=21),-5364,NT$30.00,Food (https://app.notion.com/p/Food-1de52a1550c1808585f7c8d0cbbab341?pvs=21),2024/09/25,,$0.00
7-11,General (https://app.notion.com/p/General-1fe52a1550c180d89a84f6b6694a42f5?pvs=21),-5364,NT$60.00,Food (https://app.notion.com/p/Food-1de52a1550c1808585f7c8d0cbbab341?pvs=21),2024/09/25,,$0.00
竹東排骨酥,General (https://app.notion.com/p/General-1fe52a1550c180d89a84f6b6694a42f5?pvs=21),-5154,NT$525.00,Food (https://app.notion.com/p/Food-1de52a1550c1808585f7c8d0cbbab341?pvs=21),2024/09/24,,$0.00
7-11,General (https://app.notion.com/p/General-1fe52a1550c180d89a84f6b6694a42f5?pvs=21),-5154,NT$44.00,Food (https://app.notion.com/p/Food-1de52a1550c1808585f7c8d0cbbab341?pvs=21),2024/09/24,,$0.00
成功牛排,General (https://app.notion.com/p/General-1fe52a1550c180d89a84f6b6694a42f5?pvs=21),-4386,NT$420.00,Food (https://app.notion.com/p/Food-1de52a1550c1808585f7c8d0cbbab341?pvs=21),2024/09/22,,$0.00
全聯,General (https://app.notion.com/p/General-1fe52a1550c180d89a84f6b6694a42f5?pvs=21),-4585,NT$199.00,Food (https://app.notion.com/p/Food-1de52a1550c1808585f7c8d0cbbab341?pvs=21),2024/09/23,,$0.00
停車費,Dream (https://app.notion.com/p/Dream-1de52a1550c180a4bc6eee5e921cbc2d?pvs=21),14363,NT$160.00,Traffic (https://app.notion.com/p/Traffic-1de52a1550c1807b8ff6e40f804e1127?pvs=21),2024/09/22,,$0.00
餘燼守衛,Dream (https://app.notion.com/p/Dream-1de52a1550c180a4bc6eee5e921cbc2d?pvs=21),14523,NT$268.00,Fun (https://app.notion.com/p/Fun-1de52a1550c180f197e2ff3116ec3fa2?pvs=21),2024/09/21,,$0.00
紅包(藜同事婚禮,Dream (https://app.notion.com/p/Dream-1de52a1550c180a4bc6eee5e921cbc2d?pvs=21),14523,"NT$1,000.00",Other (https://app.notion.com/p/Other-1de52a1550c1810a92c1c432337241e8?pvs=21),2024/09/21,,$0.00
小販部,General (https://app.notion.com/p/General-1fe52a1550c180d89a84f6b6694a42f5?pvs=21),-3592,NT$30.00,Food (https://app.notion.com/p/Food-1de52a1550c1808585f7c8d0cbbab341?pvs=21),2024/09/19,,$0.00
三商巧福,General (https://app.notion.com/p/General-1fe52a1550c180d89a84f6b6694a42f5?pvs=21),-3966,NT$374.00,Food (https://app.notion.com/p/Food-1de52a1550c1808585f7c8d0cbbab341?pvs=21),2024/09/20,,$0.00
7-11,General (https://app.notion.com/p/General-1fe52a1550c180d89a84f6b6694a42f5?pvs=21),-3592,NT$110.00,Food (https://app.notion.com/p/Food-1de52a1550c1808585f7c8d0cbbab341?pvs=21),2024/09/19,,$0.00
全聯,General (https://app.notion.com/p/General-1fe52a1550c180d89a84f6b6694a42f5?pvs=21),-3592,NT$318.00,Food (https://app.notion.com/p/Food-1de52a1550c1808585f7c8d0cbbab341?pvs=21),2024/09/19,,$0.00
7-11,General (https://app.notion.com/p/General-1fe52a1550c180d89a84f6b6694a42f5?pvs=21),-3134,NT$60.00,Food (https://app.notion.com/p/Food-1de52a1550c1808585f7c8d0cbbab341?pvs=21),2024/09/18,,$0.00
北門室食,Dream (https://app.notion.com/p/Dream-1de52a1550c180a4bc6eee5e921cbc2d?pvs=21),15791,"NT$1,100.00",Food (https://app.notion.com/p/Food-1de52a1550c1808585f7c8d0cbbab341?pvs=21),2024/09/17,,$0.00
丐幫滷味,General (https://app.notion.com/p/General-1fe52a1550c180d89a84f6b6694a42f5?pvs=21),-3134,NT$160.00,Food (https://app.notion.com/p/Food-1de52a1550c1808585f7c8d0cbbab341?pvs=21),2024/09/18,,$0.00
維特羽球場,Dream (https://app.notion.com/p/Dream-1de52a1550c180a4bc6eee5e921cbc2d?pvs=21),15791,NT$500.00,Health (https://app.notion.com/p/Health-1de52a1550c180948ad5c45ef59a5bb8?pvs=21),2024/09/17,,$0.00
漫時光,General (https://app.notion.com/p/General-1fe52a1550c180d89a84f6b6694a42f5?pvs=21),-2914,NT$297.00,Food (https://app.notion.com/p/Food-1de52a1550c1808585f7c8d0cbbab341?pvs=21),2024/09/15,,$0.00
Costco,General (https://app.notion.com/p/General-1fe52a1550c180d89a84f6b6694a42f5?pvs=21),-2914,"NT$3,724.00",Food (https://app.notion.com/p/Food-1de52a1550c1808585f7c8d0cbbab341?pvs=21),2024/09/15,,$0.00
中華電信網路費,General (https://app.notion.com/p/General-1fe52a1550c180d89a84f6b6694a42f5?pvs=21),-2914,NT$848.00,Fun (https://app.notion.com/p/Fun-1de52a1550c180f197e2ff3116ec3fa2?pvs=21),2024/09/15,,$0.00
中華電信手機費,General (https://app.notion.com/p/General-1fe52a1550c180d89a84f6b6694a42f5?pvs=21),-2914,NT$65.00,Fun (https://app.notion.com/p/Fun-1de52a1550c180f197e2ff3116ec3fa2?pvs=21),2024/09/15,,$0.00
豬好運,General (https://app.notion.com/p/General-1fe52a1550c180d89a84f6b6694a42f5?pvs=21),2020,NT$340.00,Food (https://app.notion.com/p/Food-1de52a1550c1808585f7c8d0cbbab341?pvs=21),2024/09/14,,$0.00
小販部,General (https://app.notion.com/p/General-1fe52a1550c180d89a84f6b6694a42f5?pvs=21),2360,NT$20.00,Food (https://app.notion.com/p/Food-1de52a1550c1808585f7c8d0cbbab341?pvs=21),2024/09/13,,$0.00
切仔麵攤,General (https://app.notion.com/p/General-1fe52a1550c180d89a84f6b6694a42f5?pvs=21),2360,NT$220.00,Food (https://app.notion.com/p/Food-1de52a1550c1808585f7c8d0cbbab341?pvs=21),2024/09/13,,$0.00
小販部,General (https://app.notion.com/p/General-1fe52a1550c180d89a84f6b6694a42f5?pvs=21),2600,NT$25.00,Food (https://app.notion.com/p/Food-1de52a1550c1808585f7c8d0cbbab341?pvs=21),2024/09/12,,$0.00
全聯,General (https://app.notion.com/p/General-1fe52a1550c180d89a84f6b6694a42f5?pvs=21),2600,NT$494.00,Food (https://app.notion.com/p/Food-1de52a1550c1808585f7c8d0cbbab341?pvs=21),2024/09/12,,$0.00
加油費,General (https://app.notion.com/p/General-1fe52a1550c180d89a84f6b6694a42f5?pvs=21),3267,NT$166.00,Traffic (https://app.notion.com/p/Traffic-1de52a1550c1807b8ff6e40f804e1127?pvs=21),2024/09/11,,$0.00
全聯,General (https://app.notion.com/p/General-1fe52a1550c180d89a84f6b6694a42f5?pvs=21),2600,NT$148.00,Food (https://app.notion.com/p/Food-1de52a1550c1808585f7c8d0cbbab341?pvs=21),2024/09/12,,$0.00
小販部,General (https://app.notion.com/p/General-1fe52a1550c180d89a84f6b6694a42f5?pvs=21),3267,NT$30.00,Food (https://app.notion.com/p/Food-1de52a1550c1808585f7c8d0cbbab341?pvs=21),2024/09/11,,$0.00
麥當勞,General (https://app.notion.com/p/General-1fe52a1550c180d89a84f6b6694a42f5?pvs=21),3267,NT$229.00,Food (https://app.notion.com/p/Food-1de52a1550c1808585f7c8d0cbbab341?pvs=21),2024/09/11,,$0.00
白鬍子牛排,General (https://app.notion.com/p/General-1fe52a1550c180d89a84f6b6694a42f5?pvs=21),3692,NT$400.00,Food (https://app.notion.com/p/Food-1de52a1550c1808585f7c8d0cbbab341?pvs=21),2024/09/10,,$0.00
沐荼寺,General (https://app.notion.com/p/General-1fe52a1550c180d89a84f6b6694a42f5?pvs=21),3692,NT$70.00,Food (https://app.notion.com/p/Food-1de52a1550c1808585f7c8d0cbbab341?pvs=21),2024/09/10,,$0.00
7-11,General (https://app.notion.com/p/General-1fe52a1550c180d89a84f6b6694a42f5?pvs=21),3692,NT$55.00,Food (https://app.notion.com/p/Food-1de52a1550c1808585f7c8d0cbbab341?pvs=21),2024/09/10,,$0.00
7-11,General (https://app.notion.com/p/General-1fe52a1550c180d89a84f6b6694a42f5?pvs=21),4217,NT$55.00,Food (https://app.notion.com/p/Food-1de52a1550c1808585f7c8d0cbbab341?pvs=21),2024/09/09,,$0.00
龜記,General (https://app.notion.com/p/General-1fe52a1550c180d89a84f6b6694a42f5?pvs=21),4272,NT$90.00,Food (https://app.notion.com/p/Food-1de52a1550c1808585f7c8d0cbbab341?pvs=21),2024/09/08,,$0.00
豪泰客運,Dream (https://app.notion.com/p/Dream-1de52a1550c180a4bc6eee5e921cbc2d?pvs=21),17391,NT$150.00,Traffic (https://app.notion.com/p/Traffic-1de52a1550c1807b8ff6e40f804e1127?pvs=21),2024/09/08,,$0.00
新竹客運,Dream (https://app.notion.com/p/Dream-1de52a1550c180a4bc6eee5e921cbc2d?pvs=21),17391,NT$145.00,Traffic (https://app.notion.com/p/Traffic-1de52a1550c1807b8ff6e40f804e1127?pvs=21),2024/09/08,,$0.00
捷運,Dream (https://app.notion.com/p/Dream-1de52a1550c180a4bc6eee5e921cbc2d?pvs=21),17391,NT$80.00,Traffic (https://app.notion.com/p/Traffic-1de52a1550c1807b8ff6e40f804e1127?pvs=21),2024/09/08,,$0.00
咚咚家韓式豬肉,General (https://app.notion.com/p/General-1fe52a1550c180d89a84f6b6694a42f5?pvs=21),4272,"NT$1,979.00",Food (https://app.notion.com/p/Food-1de52a1550c1808585f7c8d0cbbab341?pvs=21),2024/09/08,,$0.00
茶湯會,General (https://app.notion.com/p/General-1fe52a1550c180d89a84f6b6694a42f5?pvs=21),6341,NT$130.00,Food (https://app.notion.com/p/Food-1de52a1550c1808585f7c8d0cbbab341?pvs=21),2024/09/07,,$0.00
7-11,General (https://app.notion.com/p/General-1fe52a1550c180d89a84f6b6694a42f5?pvs=21),6341,NT$40.00,Food (https://app.notion.com/p/Food-1de52a1550c1808585f7c8d0cbbab341?pvs=21),2024/09/07,,$0.00
豪泰客運,Dream (https://app.notion.com/p/Dream-1de52a1550c180a4bc6eee5e921cbc2d?pvs=21),17766,NT$150.00,Traffic (https://app.notion.com/p/Traffic-1de52a1550c1807b8ff6e40f804e1127?pvs=21),2024/09/06,新竹台北,$0.00
捷運,Dream (https://app.notion.com/p/Dream-1de52a1550c180a4bc6eee5e921cbc2d?pvs=21),17766,NT$60.00,Traffic (https://app.notion.com/p/Traffic-1de52a1550c1807b8ff6e40f804e1127?pvs=21),2024/09/06,,$0.00
尬鍋,Dream (https://app.notion.com/p/Dream-1de52a1550c180a4bc6eee5e921cbc2d?pvs=21),17766,NT$978.00,Food (https://app.notion.com/p/Food-1de52a1550c1808585f7c8d0cbbab341?pvs=21),2024/09/06,,$0.00
全聯,General (https://app.notion.com/p/General-1fe52a1550c180d89a84f6b6694a42f5?pvs=21),6511,NT$306.00,Food (https://app.notion.com/p/Food-1de52a1550c1808585f7c8d0cbbab341?pvs=21),2024/09/05,,$0.00
新竹客運,Dream (https://app.notion.com/p/Dream-1de52a1550c180a4bc6eee5e921cbc2d?pvs=21),17766,NT$145.00,Traffic (https://app.notion.com/p/Traffic-1de52a1550c1807b8ff6e40f804e1127?pvs=21),2024/09/06,台北新竹,$0.00
小販部,General (https://app.notion.com/p/General-1fe52a1550c180d89a84f6b6694a42f5?pvs=21),6511,NT$25.00,Food (https://app.notion.com/p/Food-1de52a1550c1808585f7c8d0cbbab341?pvs=21),2024/09/05,,$0.00
7-11,General (https://app.notion.com/p/General-1fe52a1550c180d89a84f6b6694a42f5?pvs=21),6511,NT$120.00,Food (https://app.notion.com/p/Food-1de52a1550c1808585f7c8d0cbbab341?pvs=21),2024/09/05,,$0.00
延平大飯店,General (https://app.notion.com/p/General-1fe52a1550c180d89a84f6b6694a42f5?pvs=21),6962,NT$330.00,Food (https://app.notion.com/p/Food-1de52a1550c1808585f7c8d0cbbab341?pvs=21),2024/09/04,,$0.00
小販部,General (https://app.notion.com/p/General-1fe52a1550c180d89a84f6b6694a42f5?pvs=21),6962,NT$33.00,Food (https://app.notion.com/p/Food-1de52a1550c1808585f7c8d0cbbab341?pvs=21),2024/09/04,,$0.00
Spotify月費,General (https://app.notion.com/p/General-1fe52a1550c180d89a84f6b6694a42f5?pvs=21),6962,NT$202.00,Fun (https://app.notion.com/p/Fun-1de52a1550c180f197e2ff3116ec3fa2?pvs=21),2024/09/04,,$0.00
全聯,General (https://app.notion.com/p/General-1fe52a1550c180d89a84f6b6694a42f5?pvs=21),7527,NT$128.00,Food (https://app.notion.com/p/Food-1de52a1550c1808585f7c8d0cbbab341?pvs=21),2024/09/03,,$0.00
第二春滷味,General (https://app.notion.com/p/General-1fe52a1550c180d89a84f6b6694a42f5?pvs=21),7527,NT$220.00,Food (https://app.notion.com/p/Food-1de52a1550c1808585f7c8d0cbbab341?pvs=21),2024/09/03,,$0.00
國泰長照險,Fixed (https://app.notion.com/p/Fixed-1de52a1550c180f19995d25cbc6f1038?pvs=21),9477,"NT$13,741.00",Insurance (https://app.notion.com/p/Insurance-1de52a1550c181f09d1dfb6d85985a86?pvs=21),2024/09/02,,$0.00
7-11,General (https://app.notion.com/p/General-1fe52a1550c180d89a84f6b6694a42f5?pvs=21),4352,NT$60.00,Food (https://app.notion.com/p/Food-1de52a1550c1808585f7c8d0cbbab341?pvs=21),2024/09/02,,$0.00
房租,Fixed (https://app.notion.com/p/Fixed-1de52a1550c180f19995d25cbc6f1038?pvs=21),9477,"NT$6,750.00",Groceries (https://app.notion.com/p/Groceries-1de52a1550c180c6be6cdfaeb95cee9a?pvs=21),2024/09/02,,$0.00
匯給媽,Fixed (https://app.notion.com/p/Fixed-1de52a1550c180f19995d25cbc6f1038?pvs=21),9477,"NT$6,000.00",Family (https://app.notion.com/p/Family-1de52a1550c181faa107fcc0a73d8120?pvs=21),2024/09/02,"
",$0.00
健保費,Fixed (https://app.notion.com/p/Fixed-1de52a1550c180f19995d25cbc6f1038?pvs=21),9477,"NT$1,036.00",Insurance (https://app.notion.com/p/Insurance-1de52a1550c181f09d1dfb6d85985a86?pvs=21),2024/09/02,"
",$0.00
勞保費,Fixed (https://app.notion.com/p/Fixed-1de52a1550c180f19995d25cbc6f1038?pvs=21),9477,"NT$1,100.00",Insurance (https://app.notion.com/p/Insurance-1de52a1550c181f09d1dfb6d85985a86?pvs=21),2024/09/02,"
",$0.00
2024汽車停車位,Savings (https://app.notion.com/p/Savings-1de52a1550c18029b280dc7d9d36cb03?pvs=21),362404,"NT$2,500.00",Traffic (https://app.notion.com/p/Traffic-1de52a1550c1807b8ff6e40f804e1127?pvs=21),2024/09/02,,$0.00
漫時光,General (https://app.notion.com/p/General-1fe52a1550c180d89a84f6b6694a42f5?pvs=21),-6602,NT$384.00,Food (https://app.notion.com/p/Food-1de52a1550c1808585f7c8d0cbbab341?pvs=21),2024/09/01,,$0.00
50嵐,General (https://app.notion.com/p/General-1fe52a1550c180d89a84f6b6694a42f5?pvs=21),-6602,NT$100.00,Food (https://app.notion.com/p/Food-1de52a1550c1808585f7c8d0cbbab341?pvs=21),2024/09/01,,$0.00
藜,Dream (https://app.notion.com/p/Dream-1de52a1550c180a4bc6eee5e921cbc2d?pvs=21),-3322,"NT$1,752.00",Social (https://app.notion.com/p/Social-1de52a1550c180eaa21cea69f136a638?pvs=21),2024/09/01,Nike react pegasus trail,$0.00
Neoflam Midas plus,Dream (https://app.notion.com/p/Dream-1de52a1550c180a4bc6eee5e921cbc2d?pvs=21),-3322,"NT$3,290.00",Groceries (https://app.notion.com/p/Groceries-1de52a1550c180c6be6cdfaeb95cee9a?pvs=21),2024/09/01,,$0.00
愛買,General (https://app.notion.com/p/General-1fe52a1550c180d89a84f6b6694a42f5?pvs=21),-6602,NT$283.00,Food (https://app.notion.com/p/Food-1de52a1550c1808585f7c8d0cbbab341?pvs=21),2024/09/01,,$0.00
Nike juniper trail2 gotcha,Dream (https://app.notion.com/p/Dream-1de52a1550c180a4bc6eee5e921cbc2d?pvs=21),-3322,"NT$2,280.00",Clothes (https://app.notion.com/p/Clothes-1de52a1550c181c098ebee3f08c04f38?pvs=21),2024/09/01,,$0.00
Hola,Dream (https://app.notion.com/p/Dream-1de52a1550c180a4bc6eee5e921cbc2d?pvs=21),-3322,NT$848.00,Groceries (https://app.notion.com/p/Groceries-1de52a1550c180c6be6cdfaeb95cee9a?pvs=21),2024/09/01,,$0.00
oxo,Dream (https://app.notion.com/p/Dream-1de52a1550c180a4bc6eee5e921cbc2d?pvs=21),-3322,"NT$2,298.00",Groceries (https://app.notion.com/p/Groceries-1de52a1550c180c6be6cdfaeb95cee9a?pvs=21),2024/09/01,保鮮盒、刨絲刨片組,$0.00
Uniqlo,Dream (https://app.notion.com/p/Dream-1de52a1550c180a4bc6eee5e921cbc2d?pvs=21),7146,"NT$2,370.00",Clothes (https://app.notion.com/p/Clothes-1de52a1550c181c098ebee3f08c04f38?pvs=21),2024/08/31,,$0.00
巨城快閃店,Dream (https://app.notion.com/p/Dream-1de52a1550c180a4bc6eee5e921cbc2d?pvs=21),7146,"NT$2,426.00",Groceries (https://app.notion.com/p/Groceries-1de52a1550c180c6be6cdfaeb95cee9a?pvs=21),2024/08/31,,$0.00
涮乃葉,Dream (https://app.notion.com/p/Dream-1de52a1550c180a4bc6eee5e921cbc2d?pvs=21),7146,"NT$1,342.00",Food (https://app.notion.com/p/Food-1de52a1550c1808585f7c8d0cbbab341?pvs=21),2024/08/31,,$0.00
ChooShop,Dream (https://app.notion.com/p/Dream-1de52a1550c180a4bc6eee5e921cbc2d?pvs=21),7146,NT$590.00,Clothes (https://app.notion.com/p/Clothes-1de52a1550c181c098ebee3f08c04f38?pvs=21),2024/08/31,隨身包,$0.00
全聯,General (https://app.notion.com/p/General-1fe52a1550c180d89a84f6b6694a42f5?pvs=21),-5835,NT$161.00,Food (https://app.notion.com/p/Food-1de52a1550c1808585f7c8d0cbbab341?pvs=21),2024/08/30,,$0.00
Sukiya,General (https://app.notion.com/p/General-1fe52a1550c180d89a84f6b6694a42f5?pvs=21),-5835,NT$403.00,Food (https://app.notion.com/p/Food-1de52a1550c1808585f7c8d0cbbab341?pvs=21),2024/08/30,,$0.00
YEAHRIGHT,General (https://app.notion.com/p/General-1fe52a1550c180d89a84f6b6694a42f5?pvs=21),-5271,NT$370.00,Food (https://app.notion.com/p/Food-1de52a1550c1808585f7c8d0cbbab341?pvs=21),2024/08/29,,$0.00
7-11,General (https://app.notion.com/p/General-1fe52a1550c180d89a84f6b6694a42f5?pvs=21),-5271,NT$30.00,Food (https://app.notion.com/p/Food-1de52a1550c1808585f7c8d0cbbab341?pvs=21),2024/08/29,,$0.00
草本茶,General (https://app.notion.com/p/General-1fe52a1550c180d89a84f6b6694a42f5?pvs=21),-5271,NT$70.00,Food (https://app.notion.com/p/Food-1de52a1550c1808585f7c8d0cbbab341?pvs=21),2024/08/29,,$0.00
小販部,General (https://app.notion.com/p/General-1fe52a1550c180d89a84f6b6694a42f5?pvs=21),-4801,NT$15.00,Food (https://app.notion.com/p/Food-1de52a1550c1808585f7c8d0cbbab341?pvs=21),2024/08/28,,$0.00
7-11,General (https://app.notion.com/p/General-1fe52a1550c180d89a84f6b6694a42f5?pvs=21),-4801,NT$60.00,Food (https://app.notion.com/p/Food-1de52a1550c1808585f7c8d0cbbab341?pvs=21),2024/08/28,,$0.00
電費,General (https://app.notion.com/p/General-1fe52a1550c180d89a84f6b6694a42f5?pvs=21),-4726,"NT$4,666.00",Groceries (https://app.notion.com/p/Groceries-1de52a1550c180c6be6cdfaeb95cee9a?pvs=21),2024/08/27,,$0.00
水費,General (https://app.notion.com/p/General-1fe52a1550c180d89a84f6b6694a42f5?pvs=21),-4726,NT$338.00,Groceries (https://app.notion.com/p/Groceries-1de52a1550c180c6be6cdfaeb95cee9a?pvs=21),2024/08/27,,$0.00
全聯,General (https://app.notion.com/p/General-1fe52a1550c180d89a84f6b6694a42f5?pvs=21),278,NT$112.00,Food (https://app.notion.com/p/Food-1de52a1550c1808585f7c8d0cbbab341?pvs=21),2024/08/26,,$0.00
早餐,Couple's (https://app.notion.com/p/Couple-s-1de52a1550c181d39de7eebc343b38cd?pvs=21),-11842,NT$60.00,Travel (https://app.notion.com/p/Travel-1de52a1550c18102a04df0c968556b0b?pvs=21),2024/08/25,,$0.00
全聯,General (https://app.notion.com/p/General-1fe52a1550c180d89a84f6b6694a42f5?pvs=21),390,"NT$1,031.00",Food (https://app.notion.com/p/Food-1de52a1550c1808585f7c8d0cbbab341?pvs=21),2024/08/25,,$0.00
西莒咖啡,Couple's (https://app.notion.com/p/Couple-s-1de52a1550c181d39de7eebc343b38cd?pvs=21),-11782,NT$70.00,Travel (https://app.notion.com/p/Travel-1de52a1550c18102a04df0c968556b0b?pvs=21),2024/08/24,豆花*2,$0.00
老豆花,General (https://app.notion.com/p/General-1fe52a1550c180d89a84f6b6694a42f5?pvs=21),390,NT$60.00,Food (https://app.notion.com/p/Food-1de52a1550c1808585f7c8d0cbbab341?pvs=21),2024/08/25,,$0.00
臻享茶-馬祖山隴店,Couple's (https://app.notion.com/p/Couple-s-1de52a1550c181d39de7eebc343b38cd?pvs=21),-11782,NT$110.00,Travel (https://app.notion.com/p/Travel-1de52a1550c18102a04df0c968556b0b?pvs=21),2024/08/24,,$0.00
C&Y炸雞,Couple's (https://app.notion.com/p/Couple-s-1de52a1550c181d39de7eebc343b38cd?pvs=21),-11782,NT$355.00,Travel (https://app.notion.com/p/Travel-1de52a1550c18102a04df0c968556b0b?pvs=21),2024/08/24,,$0.00
歡歡冰店,Couple's (https://app.notion.com/p/Couple-s-1de52a1550c181d39de7eebc343b38cd?pvs=21),-11782,NT$110.00,Food (https://app.notion.com/p/Food-1de52a1550c1808585f7c8d0cbbab341?pvs=21),2024/08/24,,$0.00
三六九小館,Couple's (https://app.notion.com/p/Couple-s-1de52a1550c181d39de7eebc343b38cd?pvs=21),-11782,NT$590.00,Travel (https://app.notion.com/p/Travel-1de52a1550c18102a04df0c968556b0b?pvs=21),2024/08/24,,$0.00
兵兵好禮,Couple's (https://app.notion.com/p/Couple-s-1de52a1550c181d39de7eebc343b38cd?pvs=21),-11782,NT$990.00,Travel (https://app.notion.com/p/Travel-1de52a1550c18102a04df0c968556b0b?pvs=21),2024/08/24,,$0.00
台灣好行,Couple's (https://app.notion.com/p/Couple-s-1de52a1550c181d39de7eebc343b38cd?pvs=21),-11782,NT$150.00,Travel (https://app.notion.com/p/Travel-1de52a1550c18102a04df0c968556b0b?pvs=21),2024/08/24,西莒,$0.00
台灣好行,Couple's (https://app.notion.com/p/Couple-s-1de52a1550c181d39de7eebc343b38cd?pvs=21),-11782,NT$300.00,Travel (https://app.notion.com/p/Travel-1de52a1550c18102a04df0c968556b0b?pvs=21),2024/08/24,東莒線*2,$0.00
山海一家,Couple's (https://app.notion.com/p/Couple-s-1de52a1550c181d39de7eebc343b38cd?pvs=21),-11782,NT$290.00,Food (https://app.notion.com/p/Food-1de52a1550c1808585f7c8d0cbbab341?pvs=21),2024/08/24,,$0.00
南北航運,Couple's (https://app.notion.com/p/Couple-s-1de52a1550c181d39de7eebc343b38cd?pvs=21),-11782,NT$160.00,Travel (https://app.notion.com/p/Travel-1de52a1550c18102a04df0c968556b0b?pvs=21),2024/08/24,東莒西莒*2,$0.00
南北航運,Couple's (https://app.notion.com/p/Couple-s-1de52a1550c181d39de7eebc343b38cd?pvs=21),-11782,NT$500.00,Travel (https://app.notion.com/p/Travel-1de52a1550c18102a04df0c968556b0b?pvs=21),2024/08/24,西莒南竿*2,$0.00
南竿早餐,Couple's (https://app.notion.com/p/Couple-s-1de52a1550c181d39de7eebc343b38cd?pvs=21),-11782,NT$45.00,Food (https://app.notion.com/p/Food-1de52a1550c1808585f7c8d0cbbab341?pvs=21),2024/08/24,紅茶豆漿,$0.00
南北航運,Couple's (https://app.notion.com/p/Couple-s-1de52a1550c181d39de7eebc343b38cd?pvs=21),-11782,NT$500.00,Travel (https://app.notion.com/p/Travel-1de52a1550c18102a04df0c968556b0b?pvs=21),2024/08/24,南竿東莒*2,$0.00
東莒豆花,Couple's (https://app.notion.com/p/Couple-s-1de52a1550c181d39de7eebc343b38cd?pvs=21),-11782,NT$120.00,Food (https://app.notion.com/p/Food-1de52a1550c1808585f7c8d0cbbab341?pvs=21),2024/08/24,豆花*2,$0.00
蔥油餅,Couple's (https://app.notion.com/p/Couple-s-1de52a1550c181d39de7eebc343b38cd?pvs=21),-11782,NT$40.00,Food (https://app.notion.com/p/Food-1de52a1550c1808585f7c8d0cbbab341?pvs=21),2024/08/24,,$0.00
臻享茶-馬祖山隴店,Couple's (https://app.notion.com/p/Couple-s-1de52a1550c181d39de7eebc343b38cd?pvs=21),-7452,NT$121.00,Food (https://app.notion.com/p/Food-1de52a1550c1808585f7c8d0cbbab341?pvs=21),2024/08/23,,$0.00
依嬤的店,Couple's (https://app.notion.com/p/Couple-s-1de52a1550c181d39de7eebc343b38cd?pvs=21),-7452,NT$800.00,Food (https://app.notion.com/p/Food-1de52a1550c1808585f7c8d0cbbab341?pvs=21),2024/08/23,,$0.00
7-11,Couple's (https://app.notion.com/p/Couple-s-1de52a1550c181d39de7eebc343b38cd?pvs=21),-7452,NT$89.00,Food (https://app.notion.com/p/Food-1de52a1550c1808585f7c8d0cbbab341?pvs=21),2024/08/23,,$0.00
北海坑道-藍眼淚,Couple's (https://app.notion.com/p/Couple-s-1de52a1550c181d39de7eebc343b38cd?pvs=21),-7452,NT$700.00,Travel (https://app.notion.com/p/Travel-1de52a1550c18102a04df0c968556b0b?pvs=21),2024/08/23,*2,$0.00
馬祖民俗文物館,Couple's (https://app.notion.com/p/Couple-s-1de52a1550c181d39de7eebc343b38cd?pvs=21),-7452,NT$60.00,Travel (https://app.notion.com/p/Travel-1de52a1550c18102a04df0c968556b0b?pvs=21),2024/08/23,,$0.00
星巴克,General (https://app.notion.com/p/General-1fe52a1550c180d89a84f6b6694a42f5?pvs=21),1481,NT$377.00,Food (https://app.notion.com/p/Food-1de52a1550c1808585f7c8d0cbbab341?pvs=21),2024/08/23,,$0.00
披薩之王,Couple's (https://app.notion.com/p/Couple-s-1de52a1550c181d39de7eebc343b38cd?pvs=21),-7452,NT$210.00,Food (https://app.notion.com/p/Food-1de52a1550c1808585f7c8d0cbbab341?pvs=21),2024/08/23,,$0.00
馬祖海運,Couple's (https://app.notion.com/p/Couple-s-1de52a1550c181d39de7eebc343b38cd?pvs=21),-7452,NT$320.00,Travel (https://app.notion.com/p/Travel-1de52a1550c18102a04df0c968556b0b?pvs=21),2024/08/23,北竿南竿,$0.00
大坵島,Couple's (https://app.notion.com/p/Couple-s-1de52a1550c181d39de7eebc343b38cd?pvs=21),-5152,NT$100.00,Travel (https://app.notion.com/p/Travel-1de52a1550c18102a04df0c968556b0b?pvs=21),2024/08/22,涼茶,$0.00
芹沃烘焙咖啡,Couple's (https://app.notion.com/p/Couple-s-1de52a1550c181d39de7eebc343b38cd?pvs=21),-5152,NT$450.00,Food (https://app.notion.com/p/Food-1de52a1550c1808585f7c8d0cbbab341?pvs=21),2024/08/22,,$0.00
大坵島,Couple's (https://app.notion.com/p/Couple-s-1de52a1550c181d39de7eebc343b38cd?pvs=21),-5152,NT$100.00,Travel (https://app.notion.com/p/Travel-1de52a1550c18102a04df0c968556b0b?pvs=21),2024/08/22,餵食梅花鹿,$0.00
假日小館,Couple's (https://app.notion.com/p/Couple-s-1de52a1550c181d39de7eebc343b38cd?pvs=21),-5152,NT$500.00,Travel (https://app.notion.com/p/Travel-1de52a1550c18102a04df0c968556b0b?pvs=21),2024/08/22,,$0.00
立榮航空,Couple's (https://app.notion.com/p/Couple-s-1de52a1550c181d39de7eebc343b38cd?pvs=21),-5152,"NT$4,394.00",Travel (https://app.notion.com/p/Travel-1de52a1550c18102a04df0c968556b0b?pvs=21),2024/08/22,,$0.00
青年雞排,Couple's (https://app.notion.com/p/Couple-s-1de52a1550c181d39de7eebc343b38cd?pvs=21),-5152,NT$190.00,Food (https://app.notion.com/p/Food-1de52a1550c1808585f7c8d0cbbab341?pvs=21),2024/08/22,,$0.00
大坵島,Couple's (https://app.notion.com/p/Couple-s-1de52a1550c181d39de7eebc343b38cd?pvs=21),-5152,NT$300.00,Travel (https://app.notion.com/p/Travel-1de52a1550c18102a04df0c968556b0b?pvs=21),2024/08/22,,$0.00
阿發師,Couple's (https://app.notion.com/p/Couple-s-1de52a1550c181d39de7eebc343b38cd?pvs=21),-5152,NT$70.00,Food (https://app.notion.com/p/Food-1de52a1550c1808585f7c8d0cbbab341?pvs=21),2024/08/22,,$0.00
阿婆魚麵店,Couple's (https://app.notion.com/p/Couple-s-1de52a1550c181d39de7eebc343b38cd?pvs=21),-5152,NT$300.00,Food (https://app.notion.com/p/Food-1de52a1550c1808585f7c8d0cbbab341?pvs=21),2024/08/22,,$0.00
麥當勞,Dream (https://app.notion.com/p/Dream-1de52a1550c180a4bc6eee5e921cbc2d?pvs=21),13874,NT$69.00,Food (https://app.notion.com/p/Food-1de52a1550c1808585f7c8d0cbbab341?pvs=21),2024/08/21,,$0.00
中華電信網路費,General (https://app.notion.com/p/General-1fe52a1550c180d89a84f6b6694a42f5?pvs=21),1858,NT$844.00,Fun (https://app.notion.com/p/Fun-1de52a1550c180f197e2ff3116ec3fa2?pvs=21),2024/08/21,,$0.00
捷運,Dream (https://app.notion.com/p/Dream-1de52a1550c180a4bc6eee5e921cbc2d?pvs=21),13874,NT$40.00,Traffic (https://app.notion.com/p/Traffic-1de52a1550c1807b8ff6e40f804e1127?pvs=21),2024/08/21,松山松江南京,$0.00
台鐵,Dream (https://app.notion.com/p/Dream-1de52a1550c180a4bc6eee5e921cbc2d?pvs=21),13874,NT$64.00,Traffic (https://app.notion.com/p/Traffic-1de52a1550c1807b8ff6e40f804e1127?pvs=21),2024/08/21,基隆松山,$0.00
7-11,General (https://app.notion.com/p/General-1fe52a1550c180d89a84f6b6694a42f5?pvs=21),1858,NT$60.00,Food (https://app.notion.com/p/Food-1de52a1550c1808585f7c8d0cbbab341?pvs=21),2024/08/21,,$0.00
中華電信手機費,General (https://app.notion.com/p/General-1fe52a1550c180d89a84f6b6694a42f5?pvs=21),1858,NT$664.00,Fun (https://app.notion.com/p/Fun-1de52a1550c180f197e2ff3116ec3fa2?pvs=21),2024/08/21,,$0.00
䰵•平價日式料理,Couple's (https://app.notion.com/p/Couple-s-1de52a1550c181d39de7eebc343b38cd?pvs=21),1252,NT$540.00,Food (https://app.notion.com/p/Food-1de52a1550c1808585f7c8d0cbbab341?pvs=21),2024/08/21,,$0.00
加油費,General (https://app.notion.com/p/General-1fe52a1550c180d89a84f6b6694a42f5?pvs=21),3426,NT$159.00,Traffic (https://app.notion.com/p/Traffic-1de52a1550c1807b8ff6e40f804e1127?pvs=21),2024/08/20,,$0.00
小販部,General (https://app.notion.com/p/General-1fe52a1550c180d89a84f6b6694a42f5?pvs=21),3426,NT$33.00,Food (https://app.notion.com/p/Food-1de52a1550c1808585f7c8d0cbbab341?pvs=21),2024/08/20,,$0.00
起家雞,Dream (https://app.notion.com/p/Dream-1de52a1550c180a4bc6eee5e921cbc2d?pvs=21),14047,NT$937.00,Fun (https://app.notion.com/p/Fun-1de52a1550c180f197e2ff3116ec3fa2?pvs=21),2024/08/20,,$0.00
停車費,Dream (https://app.notion.com/p/Dream-1de52a1550c180a4bc6eee5e921cbc2d?pvs=21),12854,NT$120.00,Traffic (https://app.notion.com/p/Traffic-1de52a1550c1807b8ff6e40f804e1127?pvs=21),2024/08/19,,$0.00
全聯,General (https://app.notion.com/p/General-1fe52a1550c180d89a84f6b6694a42f5?pvs=21),-2407,NT$132.00,Food (https://app.notion.com/p/Food-1de52a1550c1808585f7c8d0cbbab341?pvs=21),2024/08/19,,$0.00
停車費,Dream (https://app.notion.com/p/Dream-1de52a1550c180a4bc6eee5e921cbc2d?pvs=21),12974,NT$105.00,Traffic (https://app.notion.com/p/Traffic-1de52a1550c1807b8ff6e40f804e1127?pvs=21),2024/08/18,,$0.00
麥當勞,General (https://app.notion.com/p/General-1fe52a1550c180d89a84f6b6694a42f5?pvs=21),-2275,NT$449.00,Food (https://app.notion.com/p/Food-1de52a1550c1808585f7c8d0cbbab341?pvs=21),2024/08/18,,$0.00
星巴克禮盒,Dream (https://app.notion.com/p/Dream-1de52a1550c180a4bc6eee5e921cbc2d?pvs=21),12974,"NT$1,000.00",Other (https://app.notion.com/p/Other-1de52a1550c1810a92c1c432337241e8?pvs=21),2024/08/18,小乖協尋成功致謝,$0.00
停車費,Dream (https://app.notion.com/p/Dream-1de52a1550c180a4bc6eee5e921cbc2d?pvs=21),14079,NT$40.00,Traffic (https://app.notion.com/p/Traffic-1de52a1550c1807b8ff6e40f804e1127?pvs=21),2024/08/17,,$0.00
叮哥,General (https://app.notion.com/p/General-1fe52a1550c180d89a84f6b6694a42f5?pvs=21),-1826,NT$115.00,Food (https://app.notion.com/p/Food-1de52a1550c1808585f7c8d0cbbab341?pvs=21),2024/08/17,,$0.00
茶舍,General (https://app.notion.com/p/General-1fe52a1550c180d89a84f6b6694a42f5?pvs=21),-1826,NT$220.00,Food (https://app.notion.com/p/Food-1de52a1550c1808585f7c8d0cbbab341?pvs=21),2024/08/17,,$0.00
秀泰影城,Couple's (https://app.notion.com/p/Couple-s-1de52a1550c181d39de7eebc343b38cd?pvs=21),-1358,NT$590.00,Fun (https://app.notion.com/p/Fun-1de52a1550c180f197e2ff3116ec3fa2?pvs=21),2024/08/17,鬼才之道,$0.00
小販部,General (https://app.notion.com/p/General-1fe52a1550c180d89a84f6b6694a42f5?pvs=21),-1436,NT$30.00,Food (https://app.notion.com/p/Food-1de52a1550c1808585f7c8d0cbbab341?pvs=21),2024/08/15,,$0.00
7-11,General (https://app.notion.com/p/General-1fe52a1550c180d89a84f6b6694a42f5?pvs=21),-1491,NT$55.00,Food (https://app.notion.com/p/Food-1de52a1550c1808585f7c8d0cbbab341?pvs=21),2024/08/16,,$0.00
豆豆牛,General (https://app.notion.com/p/General-1fe52a1550c180d89a84f6b6694a42f5?pvs=21),-1436,NT$65.00,Food (https://app.notion.com/p/Food-1de52a1550c1808585f7c8d0cbbab341?pvs=21),2024/08/15,,$0.00
第二春滷味,General (https://app.notion.com/p/General-1fe52a1550c180d89a84f6b6694a42f5?pvs=21),-1436,NT$150.00,Food (https://app.notion.com/p/Food-1de52a1550c1808585f7c8d0cbbab341?pvs=21),2024/08/15,,$0.00
7-11,General (https://app.notion.com/p/General-1fe52a1550c180d89a84f6b6694a42f5?pvs=21),-1191,NT$43.00,Food (https://app.notion.com/p/Food-1de52a1550c1808585f7c8d0cbbab341?pvs=21),2024/08/14,,$0.00
Costco,General (https://app.notion.com/p/General-1fe52a1550c180d89a84f6b6694a42f5?pvs=21),-1148,NT$683.00,Food (https://app.notion.com/p/Food-1de52a1550c1808585f7c8d0cbbab341?pvs=21),2024/08/13,,$0.00
白鬍子牛排,General (https://app.notion.com/p/General-1fe52a1550c180d89a84f6b6694a42f5?pvs=21),-1148,NT$450.00,Food (https://app.notion.com/p/Food-1de52a1550c1808585f7c8d0cbbab341?pvs=21),2024/08/13,,$0.00
Costco,General (https://app.notion.com/p/General-1fe52a1550c180d89a84f6b6694a42f5?pvs=21),-1148,NT$89.00,Food (https://app.notion.com/p/Food-1de52a1550c1808585f7c8d0cbbab341?pvs=21),2024/08/13,,$0.00
驗車,Dream (https://app.notion.com/p/Dream-1de52a1550c180a4bc6eee5e921cbc2d?pvs=21),14119,NT$300.00,Traffic (https://app.notion.com/p/Traffic-1de52a1550c1807b8ff6e40f804e1127?pvs=21),2024/08/12,,$0.00
全聯,General (https://app.notion.com/p/General-1fe52a1550c180d89a84f6b6694a42f5?pvs=21),74,NT$928.00,Food (https://app.notion.com/p/Food-1de52a1550c1808585f7c8d0cbbab341?pvs=21),2024/08/12,,$0.00
茶湯會,General (https://app.notion.com/p/General-1fe52a1550c180d89a84f6b6694a42f5?pvs=21),74,NT$35.00,Food (https://app.notion.com/p/Food-1de52a1550c1808585f7c8d0cbbab341?pvs=21),2024/08/12,,$0.00
寶雅,Dream (https://app.notion.com/p/Dream-1de52a1550c180a4bc6eee5e921cbc2d?pvs=21),14419,NT$528.00,Groceries (https://app.notion.com/p/Groceries-1de52a1550c180c6be6cdfaeb95cee9a?pvs=21),2024/08/11,防曬乳,$0.00
上宇林,General (https://app.notion.com/p/General-1fe52a1550c180d89a84f6b6694a42f5?pvs=21),1037,NT$65.00,Food (https://app.notion.com/p/Food-1de52a1550c1808585f7c8d0cbbab341?pvs=21),2024/08/11,,$0.00
7-11,General (https://app.notion.com/p/General-1fe52a1550c180d89a84f6b6694a42f5?pvs=21),1037,NT$20.00,Food (https://app.notion.com/p/Food-1de52a1550c1808585f7c8d0cbbab341?pvs=21),2024/08/11,豆奶,$0.00
潭子運動中心,Dream (https://app.notion.com/p/Dream-1de52a1550c180a4bc6eee5e921cbc2d?pvs=21),14419,NT$100.00,Health (https://app.notion.com/p/Health-1de52a1550c180948ad5c45ef59a5bb8?pvs=21),2024/08/11,羽球場地費,$0.00
台鐵,Dream (https://app.notion.com/p/Dream-1de52a1550c180a4bc6eee5e921cbc2d?pvs=21),14419,NT$102.00,Traffic (https://app.notion.com/p/Traffic-1de52a1550c1807b8ff6e40f804e1127?pvs=21),2024/08/11,潭子新竹,$0.00
台鐵,Dream (https://app.notion.com/p/Dream-1de52a1550c180a4bc6eee5e921cbc2d?pvs=21),14419,NT$102.00,Traffic (https://app.notion.com/p/Traffic-1de52a1550c1807b8ff6e40f804e1127?pvs=21),2024/08/11,新竹潭子,$0.00
太空總薯-韓式2號店,Dream (https://app.notion.com/p/Dream-1de52a1550c180a4bc6eee5e921cbc2d?pvs=21),14419,NT$949.00,Food (https://app.notion.com/p/Food-1de52a1550c1808585f7c8d0cbbab341?pvs=21),2024/08/11,,$0.00
50嵐,General (https://app.notion.com/p/General-1fe52a1550c180d89a84f6b6694a42f5?pvs=21),1122,NT$55.00,Food (https://app.notion.com/p/Food-1de52a1550c1808585f7c8d0cbbab341?pvs=21),2024/08/10,,$0.00
7-11,General (https://app.notion.com/p/General-1fe52a1550c180d89a84f6b6694a42f5?pvs=21),1177,NT$149.00,Food (https://app.notion.com/p/Food-1de52a1550c1808585f7c8d0cbbab341?pvs=21),2024/08/09,,$0.00
齒輪油,General (https://app.notion.com/p/General-1fe52a1550c180d89a84f6b6694a42f5?pvs=21),1177,NT$50.00,Traffic (https://app.notion.com/p/Traffic-1de52a1550c1807b8ff6e40f804e1127?pvs=21),2024/08/09,,$0.00
機油,General (https://app.notion.com/p/General-1fe52a1550c180d89a84f6b6694a42f5?pvs=21),1177,NT$250.00,Traffic (https://app.notion.com/p/Traffic-1de52a1550c1807b8ff6e40f804e1127?pvs=21),2024/08/09,,$0.00
台北羽球公開賽,Dream (https://app.notion.com/p/Dream-1de52a1550c180a4bc6eee5e921cbc2d?pvs=21),18330,"NT$2,900.00",Fun (https://app.notion.com/p/Fun-1de52a1550c180f197e2ff3116ec3fa2?pvs=21),2024/08/09,,$0.00
7-11,General (https://app.notion.com/p/General-1fe52a1550c180d89a84f6b6694a42f5?pvs=21),1177,NT$43.00,Food (https://app.notion.com/p/Food-1de52a1550c1808585f7c8d0cbbab341?pvs=21),2024/08/09,,$0.00
麥當勞,General (https://app.notion.com/p/General-1fe52a1550c180d89a84f6b6694a42f5?pvs=21),1177,NT$281.00,Food (https://app.notion.com/p/Food-1de52a1550c1808585f7c8d0cbbab341?pvs=21),2024/08/09,,$0.00
Haha baby路跑,Dream (https://app.notion.com/p/Dream-1de52a1550c180a4bc6eee5e921cbc2d?pvs=21),24130,"NT$1,550.00",Fun (https://app.notion.com/p/Fun-1de52a1550c180f197e2ff3116ec3fa2?pvs=21),2024/08/08,,$0.00
臭豆腐,General (https://app.notion.com/p/General-1fe52a1550c180d89a84f6b6694a42f5?pvs=21),1950,NT$65.00,Food (https://app.notion.com/p/Food-1de52a1550c1808585f7c8d0cbbab341?pvs=21),2024/08/08,,$0.00
新世紀雪淇冰,General (https://app.notion.com/p/General-1fe52a1550c180d89a84f6b6694a42f5?pvs=21),1950,NT$50.00,Food (https://app.notion.com/p/Food-1de52a1550c1808585f7c8d0cbbab341?pvs=21),2024/08/08,,$0.00
七里香,General (https://app.notion.com/p/General-1fe52a1550c180d89a84f6b6694a42f5?pvs=21),1950,NT$55.00,Food (https://app.notion.com/p/Food-1de52a1550c1808585f7c8d0cbbab341?pvs=21),2024/08/08,,$0.00
豆豆牛,General (https://app.notion.com/p/General-1fe52a1550c180d89a84f6b6694a42f5?pvs=21),1950,NT$65.00,Food (https://app.notion.com/p/Food-1de52a1550c1808585f7c8d0cbbab341?pvs=21),2024/08/08,,$0.00
第二春滷味,General (https://app.notion.com/p/General-1fe52a1550c180d89a84f6b6694a42f5?pvs=21),1950,NT$280.00,Food (https://app.notion.com/p/Food-1de52a1550c1808585f7c8d0cbbab341?pvs=21),2024/08/08,,$0.00
小販部,General (https://app.notion.com/p/General-1fe52a1550c180d89a84f6b6694a42f5?pvs=21),1950,NT$30.00,Food (https://app.notion.com/p/Food-1de52a1550c1808585f7c8d0cbbab341?pvs=21),2024/08/08,,$0.00
7-11,General (https://app.notion.com/p/General-1fe52a1550c180d89a84f6b6694a42f5?pvs=21),1950,NT$54.00,Food (https://app.notion.com/p/Food-1de52a1550c1808585f7c8d0cbbab341?pvs=21),2024/08/08,,$0.00
小販部,General (https://app.notion.com/p/General-1fe52a1550c180d89a84f6b6694a42f5?pvs=21),2549,NT$13.00,Food (https://app.notion.com/p/Food-1de52a1550c1808585f7c8d0cbbab341?pvs=21),2024/08/07,,$0.00
全聯,General (https://app.notion.com/p/General-1fe52a1550c180d89a84f6b6694a42f5?pvs=21),2549,NT$194.00,Food (https://app.notion.com/p/Food-1de52a1550c1808585f7c8d0cbbab341?pvs=21),2024/08/07,,$0.00
東門雞肉飯,General (https://app.notion.com/p/General-1fe52a1550c180d89a84f6b6694a42f5?pvs=21),2756,NT$275.00,Food (https://app.notion.com/p/Food-1de52a1550c1808585f7c8d0cbbab341?pvs=21),2024/08/06,,$0.00
老賴茶棧,General (https://app.notion.com/p/General-1fe52a1550c180d89a84f6b6694a42f5?pvs=21),2756,NT$40.00,Food (https://app.notion.com/p/Food-1de52a1550c1808585f7c8d0cbbab341?pvs=21),2024/08/06,,$0.00
全聯,General (https://app.notion.com/p/General-1fe52a1550c180d89a84f6b6694a42f5?pvs=21),3071,NT$719.00,Food (https://app.notion.com/p/Food-1de52a1550c1808585f7c8d0cbbab341?pvs=21),2024/08/05,,$0.00
Spotify月費,General (https://app.notion.com/p/General-1fe52a1550c180d89a84f6b6694a42f5?pvs=21),3790,NT$202.00,Fun (https://app.notion.com/p/Fun-1de52a1550c180f197e2ff3116ec3fa2?pvs=21),2024/08/04,,$0.00
卡莎米義大利麵,General (https://app.notion.com/p/General-1fe52a1550c180d89a84f6b6694a42f5?pvs=21),3790,NT$200.00,Food (https://app.notion.com/p/Food-1de52a1550c1808585f7c8d0cbbab341?pvs=21),2024/08/04,,$0.00
50嵐,General (https://app.notion.com/p/General-1fe52a1550c180d89a84f6b6694a42f5?pvs=21),3790,NT$50.00,Food (https://app.notion.com/p/Food-1de52a1550c1808585f7c8d0cbbab341?pvs=21),2024/08/04,,$0.00
斜角古早味綿綿冰,General (https://app.notion.com/p/General-1fe52a1550c180d89a84f6b6694a42f5?pvs=21),3790,NT$75.00,Food (https://app.notion.com/p/Food-1de52a1550c1808585f7c8d0cbbab341?pvs=21),2024/08/04,,$0.00
Adidas,Dream (https://app.notion.com/p/Dream-1de52a1550c180a4bc6eee5e921cbc2d?pvs=21),27230,"NT$2,792.00",Clothes (https://app.notion.com/p/Clothes-1de52a1550c181c098ebee3f08c04f38?pvs=21),2024/08/03,Zero SL2,$0.00
宜得利,Dream (https://app.notion.com/p/Dream-1de52a1550c180a4bc6eee5e921cbc2d?pvs=21),27230,NT$298.00,Groceries (https://app.notion.com/p/Groceries-1de52a1550c180c6be6cdfaeb95cee9a?pvs=21),2024/08/03,,$0.00
龜記,General (https://app.notion.com/p/General-1fe52a1550c180d89a84f6b6694a42f5?pvs=21),4317,NT$110.00,Food (https://app.notion.com/p/Food-1de52a1550c1808585f7c8d0cbbab341?pvs=21),2024/08/03,,$0.00
Sukiya,General (https://app.notion.com/p/General-1fe52a1550c180d89a84f6b6694a42f5?pvs=21),4427,NT$403.00,Food (https://app.notion.com/p/Food-1de52a1550c1808585f7c8d0cbbab341?pvs=21),2024/08/02,,$0.00
Costco,Dream (https://app.notion.com/p/Dream-1de52a1550c180a4bc6eee5e921cbc2d?pvs=21),30320,"NT$1,024.00",Groceries (https://app.notion.com/p/Groceries-1de52a1550c180c6be6cdfaeb95cee9a?pvs=21),2024/08/02,,$0.00
Costco,General (https://app.notion.com/p/General-1fe52a1550c180d89a84f6b6694a42f5?pvs=21),4427,"NT$2,914.00",Food (https://app.notion.com/p/Food-1de52a1550c1808585f7c8d0cbbab341?pvs=21),2024/08/02,,$0.00
加油費,General (https://app.notion.com/p/General-1fe52a1550c180d89a84f6b6694a42f5?pvs=21),4427,NT$170.00,Traffic (https://app.notion.com/p/Traffic-1de52a1550c1807b8ff6e40f804e1127?pvs=21),2024/08/02,,$0.00
禧樂,Dream (https://app.notion.com/p/Dream-1de52a1550c180a4bc6eee5e921cbc2d?pvs=21),30320,NT$935.00,Food (https://app.notion.com/p/Food-1de52a1550c1808585f7c8d0cbbab341?pvs=21),2024/08/02,,$0.00
房租,Fixed (https://app.notion.com/p/Fixed-1de52a1550c180f19995d25cbc6f1038?pvs=21),18583,"NT$7,250.00",Groceries (https://app.notion.com/p/Groceries-1de52a1550c180c6be6cdfaeb95cee9a?pvs=21),2024/08/01,,$0.00
2024汽車停車位,Savings (https://app.notion.com/p/Savings-1de52a1550c18029b280dc7d9d36cb03?pvs=21),351890,"NT$2,500.00",Traffic (https://app.notion.com/p/Traffic-1de52a1550c1807b8ff6e40f804e1127?pvs=21),2024/08/01,,$0.00
勞保費,Fixed (https://app.notion.com/p/Fixed-1de52a1550c180f19995d25cbc6f1038?pvs=21),18583,"NT$1,100.00",Insurance (https://app.notion.com/p/Insurance-1de52a1550c181f09d1dfb6d85985a86?pvs=21),2024/08/01,"
",$0.00
健保費,Fixed (https://app.notion.com/p/Fixed-1de52a1550c180f19995d25cbc6f1038?pvs=21),18583,"NT$1,036.00",Insurance (https://app.notion.com/p/Insurance-1de52a1550c181f09d1dfb6d85985a86?pvs=21),2024/08/01,"
",$0.00
匯給媽,Fixed (https://app.notion.com/p/Fixed-1de52a1550c180f19995d25cbc6f1038?pvs=21),18583,"NT$6,000.00",Family (https://app.notion.com/p/Family-1de52a1550c181faa107fcc0a73d8120?pvs=21),2024/08/01,"
",$0.00
全聯,General (https://app.notion.com/p/General-1fe52a1550c180d89a84f6b6694a42f5?pvs=21),-3100,NT$224.00,Food (https://app.notion.com/p/Food-1de52a1550c1808585f7c8d0cbbab341?pvs=21),2024/07/31,,$0.00
小販部,General (https://app.notion.com/p/General-1fe52a1550c180d89a84f6b6694a42f5?pvs=21),-3100,NT$153.00,Food (https://app.notion.com/p/Food-1de52a1550c1808585f7c8d0cbbab341?pvs=21),2024/07/31,,$0.00
排骨酥麵,General (https://app.notion.com/p/General-1fe52a1550c180d89a84f6b6694a42f5?pvs=21),-2723,NT$455.00,Food (https://app.notion.com/p/Food-1de52a1550c1808585f7c8d0cbbab341?pvs=21),2024/07/30,,$0.00
Steam,Dream (https://app.notion.com/p/Dream-1de52a1550c180a4bc6eee5e921cbc2d?pvs=21),25772,NT$268.00,Fun (https://app.notion.com/p/Fun-1de52a1550c180f197e2ff3116ec3fa2?pvs=21),2024/07/30,Rift Breaker,$0.00
7-11,General (https://app.notion.com/p/General-1fe52a1550c180d89a84f6b6694a42f5?pvs=21),-2268,NT$121.00,Food (https://app.notion.com/p/Food-1de52a1550c1808585f7c8d0cbbab341?pvs=21),2024/07/29,,$0.00
加油費,Dream (https://app.notion.com/p/Dream-1de52a1550c180a4bc6eee5e921cbc2d?pvs=21),26040,"NT$1,696.00",Traffic (https://app.notion.com/p/Traffic-1de52a1550c1807b8ff6e40f804e1127?pvs=21),2024/07/28,,$0.00
ETC,Dream (https://app.notion.com/p/Dream-1de52a1550c180a4bc6eee5e921cbc2d?pvs=21),26040,NT$240.00,Traffic (https://app.notion.com/p/Traffic-1de52a1550c1807b8ff6e40f804e1127?pvs=21),2024/07/28,,$0.00
威秀,Couple's (https://app.notion.com/p/Couple-s-1de52a1550c181d39de7eebc343b38cd?pvs=21),-2768,NT$544.00,Fun (https://app.notion.com/p/Fun-1de52a1550c180f197e2ff3116ec3fa2?pvs=21),2024/07/27,死侍與金鋼狼,$0.00
綠豆椪,General (https://app.notion.com/p/General-1fe52a1550c180d89a84f6b6694a42f5?pvs=21),-2147,NT$60.00,Food (https://app.notion.com/p/Food-1de52a1550c1808585f7c8d0cbbab341?pvs=21),2024/07/27,,$0.00
Net,Dream (https://app.notion.com/p/Dream-1de52a1550c180a4bc6eee5e921cbc2d?pvs=21),27976,"NT$1,286.00",Clothes (https://app.notion.com/p/Clothes-1de52a1550c181c098ebee3f08c04f38?pvs=21),2024/07/27,,$0.00
威秀,General (https://app.notion.com/p/General-1fe52a1550c180d89a84f6b6694a42f5?pvs=21),-2147,NT$200.00,Fun (https://app.notion.com/p/Fun-1de52a1550c180f197e2ff3116ec3fa2?pvs=21),2024/07/27,單人套餐,$0.00
加油費,Dream (https://app.notion.com/p/Dream-1de52a1550c180a4bc6eee5e921cbc2d?pvs=21),29262,"NT$1,167.00",Traffic (https://app.notion.com/p/Traffic-1de52a1550c1807b8ff6e40f804e1127?pvs=21),2024/07/26,,$0.00
紅包(藜同學婚禮,General (https://app.notion.com/p/General-1fe52a1550c180d89a84f6b6694a42f5?pvs=21),-2147,NT$200.00,Other (https://app.notion.com/p/Other-1de52a1550c1810a92c1c432337241e8?pvs=21),2024/07/27,,$0.00
ETC,Dream (https://app.notion.com/p/Dream-1de52a1550c180a4bc6eee5e921cbc2d?pvs=21),29262,NT$218.00,Traffic (https://app.notion.com/p/Traffic-1de52a1550c1807b8ff6e40f804e1127?pvs=21),2024/07/26,,$0.00
麥當勞,General (https://app.notion.com/p/General-1fe52a1550c180d89a84f6b6694a42f5?pvs=21),-1687,NT$218.00,Food (https://app.notion.com/p/Food-1de52a1550c1808585f7c8d0cbbab341?pvs=21),2024/07/26,,$0.00
八曜和茶,General (https://app.notion.com/p/General-1fe52a1550c180d89a84f6b6694a42f5?pvs=21),-1687,NT$35.00,Food (https://app.notion.com/p/Food-1de52a1550c1808585f7c8d0cbbab341?pvs=21),2024/07/26,,$0.00
拿坡里披薩,General (https://app.notion.com/p/General-1fe52a1550c180d89a84f6b6694a42f5?pvs=21),-1434,NT$699.00,Food (https://app.notion.com/p/Food-1de52a1550c1808585f7c8d0cbbab341?pvs=21),2024/07/25,,$0.00
全聯,General (https://app.notion.com/p/General-1fe52a1550c180d89a84f6b6694a42f5?pvs=21),-735,"NT$1,028.00",Food (https://app.notion.com/p/Food-1de52a1550c1808585f7c8d0cbbab341?pvs=21),2024/07/24,,$0.00
米樂,General (https://app.notion.com/p/General-1fe52a1550c180d89a84f6b6694a42f5?pvs=21),-735,NT$270.00,Food (https://app.notion.com/p/Food-1de52a1550c1808585f7c8d0cbbab341?pvs=21),2024/07/24,,$0.00
50嵐,General (https://app.notion.com/p/General-1fe52a1550c180d89a84f6b6694a42f5?pvs=21),-735,NT$100.00,Food (https://app.notion.com/p/Food-1de52a1550c1808585f7c8d0cbbab341?pvs=21),2024/07/24,,$0.00
全聯,General (https://app.notion.com/p/General-1fe52a1550c180d89a84f6b6694a42f5?pvs=21),663,NT$792.00,Food (https://app.notion.com/p/Food-1de52a1550c1808585f7c8d0cbbab341?pvs=21),2024/07/23,,$0.00
雨傘,Dream (https://app.notion.com/p/Dream-1de52a1550c180a4bc6eee5e921cbc2d?pvs=21),30647,NT$300.00,Groceries (https://app.notion.com/p/Groceries-1de52a1550c180c6be6cdfaeb95cee9a?pvs=21),2024/07/21,,$0.00
玉蘭,General (https://app.notion.com/p/General-1fe52a1550c180d89a84f6b6694a42f5?pvs=21),663,NT$60.00,Food (https://app.notion.com/p/Food-1de52a1550c1808585f7c8d0cbbab341?pvs=21),2024/07/23,,$0.00
晉賦茶飲,General (https://app.notion.com/p/General-1fe52a1550c180d89a84f6b6694a42f5?pvs=21),1515,NT$100.00,Food (https://app.notion.com/p/Food-1de52a1550c1808585f7c8d0cbbab341?pvs=21),2024/07/21,,$0.00
老阿伯現滷豆干,General (https://app.notion.com/p/General-1fe52a1550c180d89a84f6b6694a42f5?pvs=21),1515,NT$300.00,Food (https://app.notion.com/p/Food-1de52a1550c1808585f7c8d0cbbab341?pvs=21),2024/07/21,,$0.00
大溪港式點心,General (https://app.notion.com/p/General-1fe52a1550c180d89a84f6b6694a42f5?pvs=21),1515,NT$100.00,Food (https://app.notion.com/p/Food-1de52a1550c1808585f7c8d0cbbab341?pvs=21),2024/07/21,,$0.00
登山杖,Dream (https://app.notion.com/p/Dream-1de52a1550c180a4bc6eee5e921cbc2d?pvs=21),30647,"NT$1,147.00",Health (https://app.notion.com/p/Health-1de52a1550c180948ad5c45ef59a5bb8?pvs=21),2024/07/21,,$0.00
賴媽媽豆花,General (https://app.notion.com/p/General-1fe52a1550c180d89a84f6b6694a42f5?pvs=21),1515,NT$110.00,Food (https://app.notion.com/p/Food-1de52a1550c1808585f7c8d0cbbab341?pvs=21),2024/07/21,,$0.00
品田牧場,General (https://app.notion.com/p/General-1fe52a1550c180d89a84f6b6694a42f5?pvs=21),1515,NT$844.00,Food (https://app.notion.com/p/Food-1de52a1550c1808585f7c8d0cbbab341?pvs=21),2024/07/21,,$0.00
卡莎米義大利麵,General (https://app.notion.com/p/General-1fe52a1550c180d89a84f6b6694a42f5?pvs=21),2969,NT$320.00,Food (https://app.notion.com/p/Food-1de52a1550c1808585f7c8d0cbbab341?pvs=21),2024/07/20,,$0.00
停車費,Dream (https://app.notion.com/p/Dream-1de52a1550c180a4bc6eee5e921cbc2d?pvs=21),30647,NT$15.00,Traffic (https://app.notion.com/p/Traffic-1de52a1550c1807b8ff6e40f804e1127?pvs=21),2024/07/21,,$0.00
玉蘭,General (https://app.notion.com/p/General-1fe52a1550c180d89a84f6b6694a42f5?pvs=21),2969,NT$100.00,Food (https://app.notion.com/p/Food-1de52a1550c1808585f7c8d0cbbab341?pvs=21),2024/07/20,,$0.00
吳記滷肉飯,General (https://app.notion.com/p/General-1fe52a1550c180d89a84f6b6694a42f5?pvs=21),3489,NT$305.00,Food (https://app.notion.com/p/Food-1de52a1550c1808585f7c8d0cbbab341?pvs=21),2024/07/19,,$0.00
上海生煎包,General (https://app.notion.com/p/General-1fe52a1550c180d89a84f6b6694a42f5?pvs=21),2969,NT$100.00,Food (https://app.notion.com/p/Food-1de52a1550c1808585f7c8d0cbbab341?pvs=21),2024/07/20,,$0.00
雲記,Dream (https://app.notion.com/p/Dream-1de52a1550c180a4bc6eee5e921cbc2d?pvs=21),32109,"NT$1,800.00",Travel (https://app.notion.com/p/Travel-1de52a1550c18102a04df0c968556b0b?pvs=21),2024/07/18,南竿住宿,$0.00
天后會館,Dream (https://app.notion.com/p/Dream-1de52a1550c180a4bc6eee5e921cbc2d?pvs=21),32109,"NT$2,800.00",Travel (https://app.notion.com/p/Travel-1de52a1550c18102a04df0c968556b0b?pvs=21),2024/07/18,,$0.00
全聯,General (https://app.notion.com/p/General-1fe52a1550c180d89a84f6b6694a42f5?pvs=21),3794,NT$692.00,Food (https://app.notion.com/p/Food-1de52a1550c1808585f7c8d0cbbab341?pvs=21),2024/07/17,,$0.00
草本茶,General (https://app.notion.com/p/General-1fe52a1550c180d89a84f6b6694a42f5?pvs=21),4486,NT$120.00,Food (https://app.notion.com/p/Food-1de52a1550c1808585f7c8d0cbbab341?pvs=21),2024/07/16,,$0.00
下午茶,General (https://app.notion.com/p/General-1fe52a1550c180d89a84f6b6694a42f5?pvs=21),4486,NT$119.00,Food (https://app.notion.com/p/Food-1de52a1550c1808585f7c8d0cbbab341?pvs=21),2024/07/16,,$0.00
新臺馬,Dream (https://app.notion.com/p/Dream-1de52a1550c180a4bc6eee5e921cbc2d?pvs=21),36709,"NT$1,575.00",Travel (https://app.notion.com/p/Travel-1de52a1550c18102a04df0c968556b0b?pvs=21),2024/07/15,基隆-南竿,$0.00
東門雞肉飯,General (https://app.notion.com/p/General-1fe52a1550c180d89a84f6b6694a42f5?pvs=21),4486,NT$270.00,Food (https://app.notion.com/p/Food-1de52a1550c1808585f7c8d0cbbab341?pvs=21),2024/07/16,,$0.00
立榮航空,Dream (https://app.notion.com/p/Dream-1de52a1550c180a4bc6eee5e921cbc2d?pvs=21),36709,"NT$2,092.00",Travel (https://app.notion.com/p/Travel-1de52a1550c18102a04df0c968556b0b?pvs=21),2024/07/15,馬祖南竿-松山,$0.00
要活就要動,Dream (https://app.notion.com/p/Dream-1de52a1550c180a4bc6eee5e921cbc2d?pvs=21),36709,"NT$2,200.00",Health (https://app.notion.com/p/Health-1de52a1550c180948ad5c45ef59a5bb8?pvs=21),2024/07/15,-9/10,$0.00
中華電信手機費,General (https://app.notion.com/p/General-1fe52a1550c180d89a84f6b6694a42f5?pvs=21),4995,NT$664.00,Fun (https://app.notion.com/p/Fun-1de52a1550c180f197e2ff3116ec3fa2?pvs=21),2024/07/15,,$0.00
中華電信網路費,General (https://app.notion.com/p/General-1fe52a1550c180d89a84f6b6694a42f5?pvs=21),4995,NT$844.00,Fun (https://app.notion.com/p/Fun-1de52a1550c180f197e2ff3116ec3fa2?pvs=21),2024/07/15,,$0.00
全家,General (https://app.notion.com/p/General-1fe52a1550c180d89a84f6b6694a42f5?pvs=21),4995,NT$69.00,Food (https://app.notion.com/p/Food-1de52a1550c1808585f7c8d0cbbab341?pvs=21),2024/07/15,,$0.00
Costco,General (https://app.notion.com/p/General-1fe52a1550c180d89a84f6b6694a42f5?pvs=21),6572,NT$378.00,Food (https://app.notion.com/p/Food-1de52a1550c1808585f7c8d0cbbab341?pvs=21),2024/07/14,貝果、乳酪抹醬,$0.00
先喝道,General (https://app.notion.com/p/General-1fe52a1550c180d89a84f6b6694a42f5?pvs=21),6572,NT$120.00,Food (https://app.notion.com/p/Food-1de52a1550c1808585f7c8d0cbbab341?pvs=21),2024/07/14,,$0.00
加油費,General (https://app.notion.com/p/General-1fe52a1550c180d89a84f6b6694a42f5?pvs=21),6572,NT$150.00,Traffic (https://app.notion.com/p/Traffic-1de52a1550c1807b8ff6e40f804e1127?pvs=21),2024/07/14,,$0.00
貳樓,General (https://app.notion.com/p/General-1fe52a1550c180d89a84f6b6694a42f5?pvs=21),6572,"NT$1,265.00",Food (https://app.notion.com/p/Food-1de52a1550c1808585f7c8d0cbbab341?pvs=21),2024/07/14,,$0.00
Costco,General (https://app.notion.com/p/General-1fe52a1550c180d89a84f6b6694a42f5?pvs=21),6572,NT$335.00,Groceries (https://app.notion.com/p/Groceries-1de52a1550c180c6be6cdfaeb95cee9a?pvs=21),2024/07/14,濕巾,$0.00
7-11,General (https://app.notion.com/p/General-1fe52a1550c180d89a84f6b6694a42f5?pvs=21),8820,NT$60.00,Food (https://app.notion.com/p/Food-1de52a1550c1808585f7c8d0cbbab341?pvs=21),2024/07/13,水,$0.00
思茶,General (https://app.notion.com/p/General-1fe52a1550c180d89a84f6b6694a42f5?pvs=21),8820,NT$165.00,Food (https://app.notion.com/p/Food-1de52a1550c1808585f7c8d0cbbab341?pvs=21),2024/07/13,,$0.00
竹東排骨酥,General (https://app.notion.com/p/General-1fe52a1550c180d89a84f6b6694a42f5?pvs=21),9045,NT$500.00,Food (https://app.notion.com/p/Food-1de52a1550c1808585f7c8d0cbbab341?pvs=21),2024/07/12,,$0.00
全聯,General (https://app.notion.com/p/General-1fe52a1550c180d89a84f6b6694a42f5?pvs=21),9545,NT$425.00,Food (https://app.notion.com/p/Food-1de52a1550c1808585f7c8d0cbbab341?pvs=21),2024/07/11,,$0.00
背包亂鬥,Dream (https://app.notion.com/p/Dream-1de52a1550c180a4bc6eee5e921cbc2d?pvs=21),42576,NT$238.00,Fun (https://app.notion.com/p/Fun-1de52a1550c180f197e2ff3116ec3fa2?pvs=21),2024/07/11,,$0.00
7-11,General (https://app.notion.com/p/General-1fe52a1550c180d89a84f6b6694a42f5?pvs=21),9545,NT$81.00,Food (https://app.notion.com/p/Food-1de52a1550c1808585f7c8d0cbbab341?pvs=21),2024/07/11,,$0.00
上宇林,General (https://app.notion.com/p/General-1fe52a1550c180d89a84f6b6694a42f5?pvs=21),5305,NT$125.00,Food (https://app.notion.com/p/Food-1de52a1550c1808585f7c8d0cbbab341?pvs=21),2024/07/09,,$0.00
起家雞,General (https://app.notion.com/p/General-1fe52a1550c180d89a84f6b6694a42f5?pvs=21),5305,NT$744.00,Food (https://app.notion.com/p/Food-1de52a1550c1808585f7c8d0cbbab341?pvs=21),2024/07/09,,$0.00
早餐,General (https://app.notion.com/p/General-1fe52a1550c180d89a84f6b6694a42f5?pvs=21),5305,NT$50.00,Food (https://app.notion.com/p/Food-1de52a1550c1808585f7c8d0cbbab341?pvs=21),2024/07/09,,$0.00
大茗,General (https://app.notion.com/p/General-1fe52a1550c180d89a84f6b6694a42f5?pvs=21),5305,NT$40.00,Food (https://app.notion.com/p/Food-1de52a1550c1808585f7c8d0cbbab341?pvs=21),2024/07/09,,$0.00
全聯,General (https://app.notion.com/p/General-1fe52a1550c180d89a84f6b6694a42f5?pvs=21),6264,NT$658.00,Food (https://app.notion.com/p/Food-1de52a1550c1808585f7c8d0cbbab341?pvs=21),2024/07/08,,$0.00
藜紅包贊助,Dream (https://app.notion.com/p/Dream-1de52a1550c180a4bc6eee5e921cbc2d?pvs=21),42424,"NT$1,000.00",Other (https://app.notion.com/p/Other-1de52a1550c1810a92c1c432337241e8?pvs=21),2024/07/07,,$0.00
50嵐,General (https://app.notion.com/p/General-1fe52a1550c180d89a84f6b6694a42f5?pvs=21),6922,NT$100.00,Food (https://app.notion.com/p/Food-1de52a1550c1808585f7c8d0cbbab341?pvs=21),2024/07/07,,$0.00
ETC,Dream (https://app.notion.com/p/Dream-1de52a1550c180a4bc6eee5e921cbc2d?pvs=21),43424,NT$160.00,Traffic (https://app.notion.com/p/Traffic-1de52a1550c1807b8ff6e40f804e1127?pvs=21),2024/07/05,,$0.00
加油費,Dream (https://app.notion.com/p/Dream-1de52a1550c180a4bc6eee5e921cbc2d?pvs=21),43424,"NT$1,536.00",Traffic (https://app.notion.com/p/Traffic-1de52a1550c1807b8ff6e40f804e1127?pvs=21),2024/07/05,,$0.00
麥當勞,General (https://app.notion.com/p/General-1fe52a1550c180d89a84f6b6694a42f5?pvs=21),7022,NT$251.00,Food (https://app.notion.com/p/Food-1de52a1550c1808585f7c8d0cbbab341?pvs=21),2024/07/05,,$0.00
7-11,General (https://app.notion.com/p/General-1fe52a1550c180d89a84f6b6694a42f5?pvs=21),7022,NT$107.00,Food (https://app.notion.com/p/Food-1de52a1550c1808585f7c8d0cbbab341?pvs=21),2024/07/05,,$0.00
豐華小吃,General (https://app.notion.com/p/General-1fe52a1550c180d89a84f6b6694a42f5?pvs=21),7022,NT$445.00,Food (https://app.notion.com/p/Food-1de52a1550c1808585f7c8d0cbbab341?pvs=21),2024/07/05,,$0.00
Spotify月費,General (https://app.notion.com/p/General-1fe52a1550c180d89a84f6b6694a42f5?pvs=21),7825,NT$202.00,Fun (https://app.notion.com/p/Fun-1de52a1550c180f197e2ff3116ec3fa2?pvs=21),2024/07/04,,$0.00
Costco,General (https://app.notion.com/p/General-1fe52a1550c180d89a84f6b6694a42f5?pvs=21),8337,NT$264.00,Food (https://app.notion.com/p/Food-1de52a1550c1808585f7c8d0cbbab341?pvs=21),2024/07/03,冷麵,$0.00
良叔叔滷味,General (https://app.notion.com/p/General-1fe52a1550c180d89a84f6b6694a42f5?pvs=21),7825,NT$310.00,Food (https://app.notion.com/p/Food-1de52a1550c1808585f7c8d0cbbab341?pvs=21),2024/07/04,,$0.00
Costco,General (https://app.notion.com/p/General-1fe52a1550c180d89a84f6b6694a42f5?pvs=21),8337,NT$50.00,Food (https://app.notion.com/p/Food-1de52a1550c1808585f7c8d0cbbab341?pvs=21),2024/07/03,咖啡,$0.00
Costco,Dream (https://app.notion.com/p/Dream-1de52a1550c180a4bc6eee5e921cbc2d?pvs=21),45120,NT$598.00,Clothes (https://app.notion.com/p/Clothes-1de52a1550c181c098ebee3f08c04f38?pvs=21),2024/07/03,運動上衣*2,$0.00
7-11,General (https://app.notion.com/p/General-1fe52a1550c180d89a84f6b6694a42f5?pvs=21),8651,NT$95.00,Food (https://app.notion.com/p/Food-1de52a1550c1808585f7c8d0cbbab341?pvs=21),2024/07/02,,$0.00
白鬍子牛排,General (https://app.notion.com/p/General-1fe52a1550c180d89a84f6b6694a42f5?pvs=21),8651,NT$450.00,Food (https://app.notion.com/p/Food-1de52a1550c1808585f7c8d0cbbab341?pvs=21),2024/07/02,,$0.00
Costco,Dream (https://app.notion.com/p/Dream-1de52a1550c180a4bc6eee5e921cbc2d?pvs=21),45718,NT$964.00,Groceries (https://app.notion.com/p/Groceries-1de52a1550c180c6be6cdfaeb95cee9a?pvs=21),2024/07/01,衛生紙+漱口水,$0.00
汽車燃料費,Fixed (https://app.notion.com/p/Fixed-1de52a1550c180f19995d25cbc6f1038?pvs=21),14448,"NT$6,180.00",Traffic (https://app.notion.com/p/Traffic-1de52a1550c1807b8ff6e40f804e1127?pvs=21),2024/07/02,,$0.00
Costco,General (https://app.notion.com/p/General-1fe52a1550c180d89a84f6b6694a42f5?pvs=21),9196,"NT$1,256.00",Food (https://app.notion.com/p/Food-1de52a1550c1808585f7c8d0cbbab341?pvs=21),2024/07/01,,$0.00
房租,Fixed (https://app.notion.com/p/Fixed-1de52a1550c180f19995d25cbc6f1038?pvs=21),20628,"NT$6,750.00",Groceries (https://app.notion.com/p/Groceries-1de52a1550c180c6be6cdfaeb95cee9a?pvs=21),2024/07/01,,$0.00
匯給媽,Fixed (https://app.notion.com/p/Fixed-1de52a1550c180f19995d25cbc6f1038?pvs=21),20628,"NT$6,000.00",Family (https://app.notion.com/p/Family-1de52a1550c181faa107fcc0a73d8120?pvs=21),2024/07/01,"
",$0.00
勞保費,Fixed (https://app.notion.com/p/Fixed-1de52a1550c180f19995d25cbc6f1038?pvs=21),20628,"NT$1,100.00",Insurance (https://app.notion.com/p/Insurance-1de52a1550c181f09d1dfb6d85985a86?pvs=21),2024/07/01,"
",$0.00
2024汽車停車位,Savings (https://app.notion.com/p/Savings-1de52a1550c18029b280dc7d9d36cb03?pvs=21),347883,"NT$2,500.00",Traffic (https://app.notion.com/p/Traffic-1de52a1550c1807b8ff6e40f804e1127?pvs=21),2024/07/01,,$0.00
健保費,Fixed (https://app.notion.com/p/Fixed-1de52a1550c180f19995d25cbc6f1038?pvs=21),20628,"NT$1,036.00",Insurance (https://app.notion.com/p/Insurance-1de52a1550c181f09d1dfb6d85985a86?pvs=21),2024/07/01,"
",$0.00
Uniqlo,Dream (https://app.notion.com/p/Dream-1de52a1550c180a4bc6eee5e921cbc2d?pvs=21),40175,NT$580.00,Clothes (https://app.notion.com/p/Clothes-1de52a1550c181c098ebee3f08c04f38?pvs=21),2024/06/30,,$0.00
ETC,Dream (https://app.notion.com/p/Dream-1de52a1550c180a4bc6eee5e921cbc2d?pvs=21),40175,NT$130.00,Traffic (https://app.notion.com/p/Traffic-1de52a1550c1807b8ff6e40f804e1127?pvs=21),2024/06/30,,$0.00
機車燃料費,General (https://app.notion.com/p/General-1fe52a1550c180d89a84f6b6694a42f5?pvs=21),-562,NT$450.00,Traffic (https://app.notion.com/p/Traffic-1de52a1550c1807b8ff6e40f804e1127?pvs=21),2024/06/29,,$0.00
加油費,Dream (https://app.notion.com/p/Dream-1de52a1550c180a4bc6eee5e921cbc2d?pvs=21),39998,"NT$1,404.00",Traffic (https://app.notion.com/p/Traffic-1de52a1550c1807b8ff6e40f804e1127?pvs=21),2024/06/28,,$0.00
ETC,Dream (https://app.notion.com/p/Dream-1de52a1550c180a4bc6eee5e921cbc2d?pvs=21),39998,NT$126.00,Traffic (https://app.notion.com/p/Traffic-1de52a1550c1807b8ff6e40f804e1127?pvs=21),2024/06/28,,$0.00
咖啡,General (https://app.notion.com/p/General-1fe52a1550c180d89a84f6b6694a42f5?pvs=21),-112,NT$80.00,Food (https://app.notion.com/p/Food-1de52a1550c1808585f7c8d0cbbab341?pvs=21),2024/06/28,,$0.00
小販部,General (https://app.notion.com/p/General-1fe52a1550c180d89a84f6b6694a42f5?pvs=21),-112,NT$60.00,Food (https://app.notion.com/p/Food-1de52a1550c1808585f7c8d0cbbab341?pvs=21),2024/06/28,綠茶,$0.00
水電費,General (https://app.notion.com/p/General-1fe52a1550c180d89a84f6b6694a42f5?pvs=21),28,"NT$1,112.00",Groceries (https://app.notion.com/p/Groceries-1de52a1550c180c6be6cdfaeb95cee9a?pvs=21),2024/06/27,,$0.00
東門雞肉飯,General (https://app.notion.com/p/General-1fe52a1550c180d89a84f6b6694a42f5?pvs=21),28,NT$340.00,Food (https://app.notion.com/p/Food-1de52a1550c1808585f7c8d0cbbab341?pvs=21),2024/06/27,,$0.00
Costco,Dream (https://app.notion.com/p/Dream-1de52a1550c180a4bc6eee5e921cbc2d?pvs=21),41528,NT$469.00,Health (https://app.notion.com/p/Health-1de52a1550c180948ad5c45ef59a5bb8?pvs=21),2024/06/27,D3,$0.00
Costco,General (https://app.notion.com/p/General-1fe52a1550c180d89a84f6b6694a42f5?pvs=21),28,NT$339.00,Food (https://app.notion.com/p/Food-1de52a1550c1808585f7c8d0cbbab341?pvs=21),2024/06/27,起司片,$0.00
Costco,General (https://app.notion.com/p/General-1fe52a1550c180d89a84f6b6694a42f5?pvs=21),28,NT$269.00,Food (https://app.notion.com/p/Food-1de52a1550c1808585f7c8d0cbbab341?pvs=21),2024/06/27,楊枝甘露,$0.00
Costco,General (https://app.notion.com/p/General-1fe52a1550c180d89a84f6b6694a42f5?pvs=21),28,NT$519.00,Food (https://app.notion.com/p/Food-1de52a1550c1808585f7c8d0cbbab341?pvs=21),2024/06/27,蝦仁,$0.00
烏弄,General (https://app.notion.com/p/General-1fe52a1550c180d89a84f6b6694a42f5?pvs=21),28,NT$110.00,Food (https://app.notion.com/p/Food-1de52a1550c1808585f7c8d0cbbab341?pvs=21),2024/06/27,,$0.00
全聯,General (https://app.notion.com/p/General-1fe52a1550c180d89a84f6b6694a42f5?pvs=21),3940,NT$293.00,Food (https://app.notion.com/p/Food-1de52a1550c1808585f7c8d0cbbab341?pvs=21),2024/06/26,,$0.00
全家,General (https://app.notion.com/p/General-1fe52a1550c180d89a84f6b6694a42f5?pvs=21),3940,NT$49.00,Food (https://app.notion.com/p/Food-1de52a1550c1808585f7c8d0cbbab341?pvs=21),2024/06/26,,$0.00
加油費,General (https://app.notion.com/p/General-1fe52a1550c180d89a84f6b6694a42f5?pvs=21),3940,NT$148.00,Traffic (https://app.notion.com/p/Traffic-1de52a1550c1807b8ff6e40f804e1127?pvs=21),2024/06/26,,$0.00
竹東排骨酥,General (https://app.notion.com/p/General-1fe52a1550c180d89a84f6b6694a42f5?pvs=21),4430,NT$388.00,Food (https://app.notion.com/p/Food-1de52a1550c1808585f7c8d0cbbab341?pvs=21),2024/06/25,,$0.00
潤餅,General (https://app.notion.com/p/General-1fe52a1550c180d89a84f6b6694a42f5?pvs=21),4818,NT$40.00,Food (https://app.notion.com/p/Food-1de52a1550c1808585f7c8d0cbbab341?pvs=21),2024/06/24,,$0.00
柳家,General (https://app.notion.com/p/General-1fe52a1550c180d89a84f6b6694a42f5?pvs=21),4818,NT$245.00,Food (https://app.notion.com/p/Food-1de52a1550c1808585f7c8d0cbbab341?pvs=21),2024/06/24,,$0.00
森森燒肉,Couple's (https://app.notion.com/p/Couple-s-1de52a1550c181d39de7eebc343b38cd?pvs=21),-4224,"NT$2,324.00",Food (https://app.notion.com/p/Food-1de52a1550c1808585f7c8d0cbbab341?pvs=21),2024/06/22,,$0.00
50嵐,General (https://app.notion.com/p/General-1fe52a1550c180d89a84f6b6694a42f5?pvs=21),5103,NT$45.00,Food (https://app.notion.com/p/Food-1de52a1550c1808585f7c8d0cbbab341?pvs=21),2024/06/22,,$0.00
7-11,General (https://app.notion.com/p/General-1fe52a1550c180d89a84f6b6694a42f5?pvs=21),5148,NT$75.00,Food (https://app.notion.com/p/Food-1de52a1550c1808585f7c8d0cbbab341?pvs=21),2024/06/21,,$0.00
大茗,General (https://app.notion.com/p/General-1fe52a1550c180d89a84f6b6694a42f5?pvs=21),5148,NT$127.00,Food (https://app.notion.com/p/Food-1de52a1550c1808585f7c8d0cbbab341?pvs=21),2024/06/21,,$0.00
一私,General (https://app.notion.com/p/General-1fe52a1550c180d89a84f6b6694a42f5?pvs=21),5148,NT$350.00,Food (https://app.notion.com/p/Food-1de52a1550c1808585f7c8d0cbbab341?pvs=21),2024/06/21,,$0.00
全聯,General (https://app.notion.com/p/General-1fe52a1550c180d89a84f6b6694a42f5?pvs=21),5700,NT$299.00,Food (https://app.notion.com/p/Food-1de52a1550c1808585f7c8d0cbbab341?pvs=21),2024/06/20,,$0.00
小販部,General (https://app.notion.com/p/General-1fe52a1550c180d89a84f6b6694a42f5?pvs=21),5700,NT$23.00,Food (https://app.notion.com/p/Food-1de52a1550c1808585f7c8d0cbbab341?pvs=21),2024/06/20,,$0.00
海洋冰城,General (https://app.notion.com/p/General-1fe52a1550c180d89a84f6b6694a42f5?pvs=21),6022,NT$153.00,Food (https://app.notion.com/p/Food-1de52a1550c1808585f7c8d0cbbab341?pvs=21),2024/06/19,,$0.00
小販部,General (https://app.notion.com/p/General-1fe52a1550c180d89a84f6b6694a42f5?pvs=21),6022,NT$30.00,Food (https://app.notion.com/p/Food-1de52a1550c1808585f7c8d0cbbab341?pvs=21),2024/06/19,,$0.00
7-11,General (https://app.notion.com/p/General-1fe52a1550c180d89a84f6b6694a42f5?pvs=21),6022,NT$57.00,Food (https://app.notion.com/p/Food-1de52a1550c1808585f7c8d0cbbab341?pvs=21),2024/06/19,,$0.00
仙草甘茶,General (https://app.notion.com/p/General-1fe52a1550c180d89a84f6b6694a42f5?pvs=21),6262,NT$50.00,Food (https://app.notion.com/p/Food-1de52a1550c1808585f7c8d0cbbab341?pvs=21),2024/06/18,,$0.00
第二春滷味,General (https://app.notion.com/p/General-1fe52a1550c180d89a84f6b6694a42f5?pvs=21),6262,NT$280.00,Food (https://app.notion.com/p/Food-1de52a1550c1808585f7c8d0cbbab341?pvs=21),2024/06/18,,$0.00
蔥油餅,General (https://app.notion.com/p/General-1fe52a1550c180d89a84f6b6694a42f5?pvs=21),6262,NT$60.00,Food (https://app.notion.com/p/Food-1de52a1550c1808585f7c8d0cbbab341?pvs=21),2024/06/18,蔥大爺,$0.00
龜記,General (https://app.notion.com/p/General-1fe52a1550c180d89a84f6b6694a42f5?pvs=21),6262,NT$60.00,Food (https://app.notion.com/p/Food-1de52a1550c1808585f7c8d0cbbab341?pvs=21),2024/06/18,珍珠奶茶,$0.00
食材,General (https://app.notion.com/p/General-1fe52a1550c180d89a84f6b6694a42f5?pvs=21),6712,NT$242.00,Food (https://app.notion.com/p/Food-1de52a1550c1808585f7c8d0cbbab341?pvs=21),2024/06/17,全聯,$0.00
7-11,General (https://app.notion.com/p/General-1fe52a1550c180d89a84f6b6694a42f5?pvs=21),6712,NT$105.00,Food (https://app.notion.com/p/Food-1de52a1550c1808585f7c8d0cbbab341?pvs=21),2024/06/17,,$0.00
食材,General (https://app.notion.com/p/General-1fe52a1550c180d89a84f6b6694a42f5?pvs=21),6712,NT$312.00,Food (https://app.notion.com/p/Food-1de52a1550c1808585f7c8d0cbbab341?pvs=21),2024/06/17,全聯,$0.00
觀音波霸拿鐵,General (https://app.notion.com/p/General-1fe52a1550c180d89a84f6b6694a42f5?pvs=21),6712,NT$70.00,Food (https://app.notion.com/p/Food-1de52a1550c1808585f7c8d0cbbab341?pvs=21),2024/06/17,茶湯會,$0.00
龜記,General (https://app.notion.com/p/General-1fe52a1550c180d89a84f6b6694a42f5?pvs=21),7441,NT$100.00,Food (https://app.notion.com/p/Food-1de52a1550c1808585f7c8d0cbbab341?pvs=21),2024/06/16,,$0.00
Mister Donut,General (https://app.notion.com/p/General-1fe52a1550c180d89a84f6b6694a42f5?pvs=21),7441,NT$127.00,Food (https://app.notion.com/p/Food-1de52a1550c1808585f7c8d0cbbab341?pvs=21),2024/06/16,,$0.00
腦筋急轉彎,Couple's (https://app.notion.com/p/Couple-s-1de52a1550c181d39de7eebc343b38cd?pvs=21),-1900,NT$578.00,Fun (https://app.notion.com/p/Fun-1de52a1550c180f197e2ff3116ec3fa2?pvs=21),2024/06/16,,$0.00
國泰醫療險,Fixed (https://app.notion.com/p/Fixed-1de52a1550c180f19995d25cbc6f1038?pvs=21),15993,"NT$13,236.00",Insurance (https://app.notion.com/p/Insurance-1de52a1550c181f09d1dfb6d85985a86?pvs=21),2024/06/16,,$0.00
中華電信網路費,Dream (https://app.notion.com/p/Dream-1de52a1550c180a4bc6eee5e921cbc2d?pvs=21),43274,NT$848.00,Fun (https://app.notion.com/p/Fun-1de52a1550c180f197e2ff3116ec3fa2?pvs=21),2024/06/15,,$0.00
停車費,General (https://app.notion.com/p/General-1fe52a1550c180d89a84f6b6694a42f5?pvs=21),7668,NT$100.00,Traffic (https://app.notion.com/p/Traffic-1de52a1550c1807b8ff6e40f804e1127?pvs=21),2024/06/15,,$0.00
鯨旺,Dream (https://app.notion.com/p/Dream-1de52a1550c180a4bc6eee5e921cbc2d?pvs=21),43274,NT$200.00,Food (https://app.notion.com/p/Food-1de52a1550c1808585f7c8d0cbbab341?pvs=21),2024/06/15,,$0.00
Mr.Wish,Dream (https://app.notion.com/p/Dream-1de52a1550c180a4bc6eee5e921cbc2d?pvs=21),43274,NT$100.00,Food (https://app.notion.com/p/Food-1de52a1550c1808585f7c8d0cbbab341?pvs=21),2024/06/15,,$0.00
第一家鹹酥雞,Dream (https://app.notion.com/p/Dream-1de52a1550c180a4bc6eee5e921cbc2d?pvs=21),43274,NT$210.00,Food (https://app.notion.com/p/Food-1de52a1550c1808585f7c8d0cbbab341?pvs=21),2024/06/15,,$0.00
中華電信手機費,Dream (https://app.notion.com/p/Dream-1de52a1550c180a4bc6eee5e921cbc2d?pvs=21),43274,NT$668.00,Fun (https://app.notion.com/p/Fun-1de52a1550c180f197e2ff3116ec3fa2?pvs=21),2024/06/15,,$0.00
房租,Fixed (https://app.notion.com/p/Fixed-1de52a1550c180f19995d25cbc6f1038?pvs=21),29229,"NT$6,750.00",Groceries (https://app.notion.com/p/Groceries-1de52a1550c180c6be6cdfaeb95cee9a?pvs=21),2024/06/15,,$0.00
50嵐,General (https://app.notion.com/p/General-1fe52a1550c180d89a84f6b6694a42f5?pvs=21),7768,NT$100.00,Food (https://app.notion.com/p/Food-1de52a1550c1808585f7c8d0cbbab341?pvs=21),2024/06/14,,$0.00
竹東排骨酥,General (https://app.notion.com/p/General-1fe52a1550c180d89a84f6b6694a42f5?pvs=21),7768,NT$527.00,Food (https://app.notion.com/p/Food-1de52a1550c1808585f7c8d0cbbab341?pvs=21),2024/06/14,,$0.00
7-11,General (https://app.notion.com/p/General-1fe52a1550c180d89a84f6b6694a42f5?pvs=21),7768,NT$55.00,Food (https://app.notion.com/p/Food-1de52a1550c1808585f7c8d0cbbab341?pvs=21),2024/06/14,,$0.00
雙黃油條,General (https://app.notion.com/p/General-1fe52a1550c180d89a84f6b6694a42f5?pvs=21),8450,NT$55.00,Food (https://app.notion.com/p/Food-1de52a1550c1808585f7c8d0cbbab341?pvs=21),2024/06/13,阿婆早餐,$0.00
全聯,General (https://app.notion.com/p/General-1fe52a1550c180d89a84f6b6694a42f5?pvs=21),8450,NT$352.00,Food (https://app.notion.com/p/Food-1de52a1550c1808585f7c8d0cbbab341?pvs=21),2024/06/13,,$0.00
小販部,General (https://app.notion.com/p/General-1fe52a1550c180d89a84f6b6694a42f5?pvs=21),8857,NT$55.00,Food (https://app.notion.com/p/Food-1de52a1550c1808585f7c8d0cbbab341?pvs=21),2024/06/12,,$0.00
丐幫滷味,General (https://app.notion.com/p/General-1fe52a1550c180d89a84f6b6694a42f5?pvs=21),8857,NT$140.00,Food (https://app.notion.com/p/Food-1de52a1550c1808585f7c8d0cbbab341?pvs=21),2024/06/12,,$0.00
老范放山土雞,General (https://app.notion.com/p/General-1fe52a1550c180d89a84f6b6694a42f5?pvs=21),9101,NT$852.00,Food (https://app.notion.com/p/Food-1de52a1550c1808585f7c8d0cbbab341?pvs=21),2024/06/11,,$0.00
綠茶,General (https://app.notion.com/p/General-1fe52a1550c180d89a84f6b6694a42f5?pvs=21),8857,NT$49.00,Food (https://app.notion.com/p/Food-1de52a1550c1808585f7c8d0cbbab341?pvs=21),2024/06/12,,$0.00
加油費,General (https://app.notion.com/p/General-1fe52a1550c180d89a84f6b6694a42f5?pvs=21),9101,NT$154.00,Traffic (https://app.notion.com/p/Traffic-1de52a1550c1807b8ff6e40f804e1127?pvs=21),2024/06/11,,$0.00
7-11,General (https://app.notion.com/p/General-1fe52a1550c180d89a84f6b6694a42f5?pvs=21),9101,NT$70.00,Food (https://app.notion.com/p/Food-1de52a1550c1808585f7c8d0cbbab341?pvs=21),2024/06/11,,$0.00
紅葉蛋糕,General (https://app.notion.com/p/General-1fe52a1550c180d89a84f6b6694a42f5?pvs=21),10177,NT$95.00,Food (https://app.notion.com/p/Food-1de52a1550c1808585f7c8d0cbbab341?pvs=21),2024/06/10,,$0.00
烏弄,General (https://app.notion.com/p/General-1fe52a1550c180d89a84f6b6694a42f5?pvs=21),10177,NT$100.00,Food (https://app.notion.com/p/Food-1de52a1550c1808585f7c8d0cbbab341?pvs=21),2024/06/10,,$0.00
北門室食,General (https://app.notion.com/p/General-1fe52a1550c180d89a84f6b6694a42f5?pvs=21),10177,"NT$1,115.00",Food (https://app.notion.com/p/Food-1de52a1550c1808585f7c8d0cbbab341?pvs=21),2024/06/10,,$0.00
GU,Dream (https://app.notion.com/p/Dream-1de52a1550c180a4bc6eee5e921cbc2d?pvs=21),45300,"NT$1,673.00",Clothes (https://app.notion.com/p/Clothes-1de52a1550c181c098ebee3f08c04f38?pvs=21),2024/06/09,,$0.00
姜滿堂,Dream (https://app.notion.com/p/Dream-1de52a1550c180a4bc6eee5e921cbc2d?pvs=21),45300,"NT$2,297.00",Food (https://app.notion.com/p/Food-1de52a1550c1808585f7c8d0cbbab341?pvs=21),2024/06/09,,$0.00
六方守護者,Dream (https://app.notion.com/p/Dream-1de52a1550c180a4bc6eee5e921cbc2d?pvs=21),45300,NT$230.00,Fun (https://app.notion.com/p/Fun-1de52a1550c180f197e2ff3116ec3fa2?pvs=21),2024/06/09,Steam,$0.00
老豆花,General (https://app.notion.com/p/General-1fe52a1550c180d89a84f6b6694a42f5?pvs=21),7964,NT$65.00,Food (https://app.notion.com/p/Food-1de52a1550c1808585f7c8d0cbbab341?pvs=21),2024/06/08,,$0.00
成功牛排,General (https://app.notion.com/p/General-1fe52a1550c180d89a84f6b6694a42f5?pvs=21),7964,NT$520.00,Food (https://app.notion.com/p/Food-1de52a1550c1808585f7c8d0cbbab341?pvs=21),2024/06/08,,$0.00
大茗,General (https://app.notion.com/p/General-1fe52a1550c180d89a84f6b6694a42f5?pvs=21),7964,NT$120.00,Food (https://app.notion.com/p/Food-1de52a1550c1808585f7c8d0cbbab341?pvs=21),2024/06/08,,$0.00
7-11,General (https://app.notion.com/p/General-1fe52a1550c180d89a84f6b6694a42f5?pvs=21),8669,NT$57.00,Food (https://app.notion.com/p/Food-1de52a1550c1808585f7c8d0cbbab341?pvs=21),2024/06/07,,$0.00
一私,General (https://app.notion.com/p/General-1fe52a1550c180d89a84f6b6694a42f5?pvs=21),8669,NT$340.00,Food (https://app.notion.com/p/Food-1de52a1550c1808585f7c8d0cbbab341?pvs=21),2024/06/07,,$0.00
品菀,General (https://app.notion.com/p/General-1fe52a1550c180d89a84f6b6694a42f5?pvs=21),9066,NT$300.00,Food (https://app.notion.com/p/Food-1de52a1550c1808585f7c8d0cbbab341?pvs=21),2024/06/06,,$0.00
7-11,General (https://app.notion.com/p/General-1fe52a1550c180d89a84f6b6694a42f5?pvs=21),9066,NT$60.00,Food (https://app.notion.com/p/Food-1de52a1550c1808585f7c8d0cbbab341?pvs=21),2024/06/06,,$0.00
杏仁茶*3+粉粿*1,General (https://app.notion.com/p/General-1fe52a1550c180d89a84f6b6694a42f5?pvs=21),9066,NT$520.00,Food (https://app.notion.com/p/Food-1de52a1550c1808585f7c8d0cbbab341?pvs=21),2024/06/06,,$0.00
富邦醫療險保費,Fixed (https://app.notion.com/p/Fixed-1de52a1550c180f19995d25cbc6f1038?pvs=21),28354,"NT$11,283.00",Insurance (https://app.notion.com/p/Insurance-1de52a1550c181f09d1dfb6d85985a86?pvs=21),2025/05/15,,$0.00
小販部,General (https://app.notion.com/p/General-1fe52a1550c180d89a84f6b6694a42f5?pvs=21),9946,NT$10.00,Food (https://app.notion.com/p/Food-1de52a1550c1808585f7c8d0cbbab341?pvs=21),2024/06/05,,$0.00
Spotify月費,General (https://app.notion.com/p/General-1fe52a1550c180d89a84f6b6694a42f5?pvs=21),9956,NT$202.00,Fun (https://app.notion.com/p/Fun-1de52a1550c180f197e2ff3116ec3fa2?pvs=21),2024/06/04,,$0.00
全聯,General (https://app.notion.com/p/General-1fe52a1550c180d89a84f6b6694a42f5?pvs=21),10181,NT$66.00,Food (https://app.notion.com/p/Food-1de52a1550c1808585f7c8d0cbbab341?pvs=21),2024/06/03,,$0.00
小販部,General (https://app.notion.com/p/General-1fe52a1550c180d89a84f6b6694a42f5?pvs=21),9956,NT$23.00,Food (https://app.notion.com/p/Food-1de52a1550c1808585f7c8d0cbbab341?pvs=21),2024/06/04,,$0.00
匯給媽,Fixed (https://app.notion.com/p/Fixed-1de52a1550c180f19995d25cbc6f1038?pvs=21),47262,"NT$6,000.00",Family (https://app.notion.com/p/Family-1de52a1550c181faa107fcc0a73d8120?pvs=21),2024/06/03,"
",$0.00
太極紅茶,General (https://app.notion.com/p/General-1fe52a1550c180d89a84f6b6694a42f5?pvs=21),10181,NT$75.00,Food (https://app.notion.com/p/Food-1de52a1550c1808585f7c8d0cbbab341?pvs=21),2024/06/03,,$0.00
2024汽車停車位,Savings (https://app.notion.com/p/Savings-1de52a1550c18029b280dc7d9d36cb03?pvs=21),343876,"NT$2,500.00",Traffic (https://app.notion.com/p/Traffic-1de52a1550c1807b8ff6e40f804e1127?pvs=21),2024/06/03,,$0.00
勞保費,Fixed (https://app.notion.com/p/Fixed-1de52a1550c180f19995d25cbc6f1038?pvs=21),47262,"NT$1,100.00",Insurance (https://app.notion.com/p/Insurance-1de52a1550c181f09d1dfb6d85985a86?pvs=21),2024/06/03,"
",$0.00
健保費,Fixed (https://app.notion.com/p/Fixed-1de52a1550c180f19995d25cbc6f1038?pvs=21),47262,"NT$1,036.00",Insurance (https://app.notion.com/p/Insurance-1de52a1550c181f09d1dfb6d85985a86?pvs=21),2024/06/03,"
",$0.00
冰淇淋,General (https://app.notion.com/p/General-1fe52a1550c180d89a84f6b6694a42f5?pvs=21),-692,NT$225.00,Food (https://app.notion.com/p/Food-1de52a1550c1808585f7c8d0cbbab341?pvs=21),2024/06/02,Costco,$0.00
福義軒蛋捲,General (https://app.notion.com/p/General-1fe52a1550c180d89a84f6b6694a42f5?pvs=21),-692,NT$550.00,Food (https://app.notion.com/p/Food-1de52a1550c1808585f7c8d0cbbab341?pvs=21),2024/06/02,,$0.00
艾美特直流循環扇,Dream (https://app.notion.com/p/Dream-1de52a1550c180a4bc6eee5e921cbc2d?pvs=21),36806,"NT$2,959.00",Groceries (https://app.notion.com/p/Groceries-1de52a1550c180c6be6cdfaeb95cee9a?pvs=21),2024/06/02,Costco,$0.00
停車費,Dream (https://app.notion.com/p/Dream-1de52a1550c180a4bc6eee5e921cbc2d?pvs=21),36806,NT$80.00,Traffic (https://app.notion.com/p/Traffic-1de52a1550c1807b8ff6e40f804e1127?pvs=21),2024/06/02,,$0.00
牛肉泡菜起司炒飯,General (https://app.notion.com/p/General-1fe52a1550c180d89a84f6b6694a42f5?pvs=21),-692,NT$299.00,Food (https://app.notion.com/p/Food-1de52a1550c1808585f7c8d0cbbab341?pvs=21),2024/06/02,Costco,$0.00
口香糖,General (https://app.notion.com/p/General-1fe52a1550c180d89a84f6b6694a42f5?pvs=21),-692,NT$429.00,Food (https://app.notion.com/p/Food-1de52a1550c1808585f7c8d0cbbab341?pvs=21),2024/06/02,Costco,$0.00
楊枝甘露,General (https://app.notion.com/p/General-1fe52a1550c180d89a84f6b6694a42f5?pvs=21),-692,NT$269.00,Food (https://app.notion.com/p/Food-1de52a1550c1808585f7c8d0cbbab341?pvs=21),2024/06/02,Costco,$0.00
櫻桃,General (https://app.notion.com/p/General-1fe52a1550c180d89a84f6b6694a42f5?pvs=21),-692,NT$399.00,Food (https://app.notion.com/p/Food-1de52a1550c1808585f7c8d0cbbab341?pvs=21),2024/06/02,Costco,$0.00
加油費,Couple's (https://app.notion.com/p/Couple-s-1de52a1550c181d39de7eebc343b38cd?pvs=21),-3322,"NT$1,660.00",Traffic (https://app.notion.com/p/Traffic-1de52a1550c1807b8ff6e40f804e1127?pvs=21),2024/06/02,,$0.00
鳳梨雪糕,General (https://app.notion.com/p/General-1fe52a1550c180d89a84f6b6694a42f5?pvs=21),-692,NT$100.00,Food (https://app.notion.com/p/Food-1de52a1550c1808585f7c8d0cbbab341?pvs=21),2024/06/02,,$0.00
7-11,General (https://app.notion.com/p/General-1fe52a1550c180d89a84f6b6694a42f5?pvs=21),1579,NT$260.00,Food (https://app.notion.com/p/Food-1de52a1550c1808585f7c8d0cbbab341?pvs=21),2024/06/01,,$0.00
阿里山遊樂園門票,Dream (https://app.notion.com/p/Dream-1de52a1550c180a4bc6eee5e921cbc2d?pvs=21),39845,NT$400.00,Fun (https://app.notion.com/p/Fun-1de52a1550c180f197e2ff3116ec3fa2?pvs=21),2024/06/01,,$0.00
白鬍子牛排,General (https://app.notion.com/p/General-1fe52a1550c180d89a84f6b6694a42f5?pvs=21),-5855,NT$360.00,Food (https://app.notion.com/p/Food-1de52a1550c1808585f7c8d0cbbab341?pvs=21),2024/05/31,,$0.00
麥當勞,General (https://app.notion.com/p/General-1fe52a1550c180d89a84f6b6694a42f5?pvs=21),1579,NT$421.00,Food (https://app.notion.com/p/Food-1de52a1550c1808585f7c8d0cbbab341?pvs=21),2024/06/01,,$0.00
八曜禾茶,General (https://app.notion.com/p/General-1fe52a1550c180d89a84f6b6694a42f5?pvs=21),-5855,NT$95.00,Food (https://app.notion.com/p/Food-1de52a1550c1808585f7c8d0cbbab341?pvs=21),2024/05/31,,$0.00
汽車用品,Dream (https://app.notion.com/p/Dream-1de52a1550c180a4bc6eee5e921cbc2d?pvs=21),40245,"NT$1,182.00",Traffic (https://app.notion.com/p/Traffic-1de52a1550c1807b8ff6e40f804e1127?pvs=21),2024/05/31,,$0.00
早餐,General (https://app.notion.com/p/General-1fe52a1550c180d89a84f6b6694a42f5?pvs=21),-5855,NT$55.00,Food (https://app.notion.com/p/Food-1de52a1550c1808585f7c8d0cbbab341?pvs=21),2024/05/31,,$0.00
King burger,General (https://app.notion.com/p/General-1fe52a1550c180d89a84f6b6694a42f5?pvs=21),-5345,NT$225.00,Food (https://app.notion.com/p/Food-1de52a1550c1808585f7c8d0cbbab341?pvs=21),2024/05/30,,$0.00
Typecast三孔充電頭,Dream (https://app.notion.com/p/Dream-1de52a1550c180a4bc6eee5e921cbc2d?pvs=21),41427,NT$769.00,Fun (https://app.notion.com/p/Fun-1de52a1550c180f197e2ff3116ec3fa2?pvs=21),2024/05/29,,$0.00
檸檬麵包,General (https://app.notion.com/p/General-1fe52a1550c180d89a84f6b6694a42f5?pvs=21),-5120,NT$279.00,Food (https://app.notion.com/p/Food-1de52a1550c1808585f7c8d0cbbab341?pvs=21),2024/05/29,,$0.00
星巴克咖啡豆,General (https://app.notion.com/p/General-1fe52a1550c180d89a84f6b6694a42f5?pvs=21),-5120,NT$569.00,Food (https://app.notion.com/p/Food-1de52a1550c1808585f7c8d0cbbab341?pvs=21),2024/05/29,,$0.00
新甘樫,Dream (https://app.notion.com/p/Dream-1de52a1550c180a4bc6eee5e921cbc2d?pvs=21),41427,NT$319.00,Health (https://app.notion.com/p/Health-1de52a1550c180948ad5c45ef59a5bb8?pvs=21),2024/05/29,,$0.00
威德益生菌,Dream (https://app.notion.com/p/Dream-1de52a1550c180a4bc6eee5e921cbc2d?pvs=21),41427,"NT$1,398.00",Health (https://app.notion.com/p/Health-1de52a1550c180948ad5c45ef59a5bb8?pvs=21),2024/05/29,,$0.00
可愛家,General (https://app.notion.com/p/General-1fe52a1550c180d89a84f6b6694a42f5?pvs=21),-5120,NT$193.00,Food (https://app.notion.com/p/Food-1de52a1550c1808585f7c8d0cbbab341?pvs=21),2024/05/29,,$0.00
茶湯會,General (https://app.notion.com/p/General-1fe52a1550c180d89a84f6b6694a42f5?pvs=21),-5120,NT$35.00,Food (https://app.notion.com/p/Food-1de52a1550c1808585f7c8d0cbbab341?pvs=21),2024/05/29,,$0.00
龜記,General (https://app.notion.com/p/General-1fe52a1550c180d89a84f6b6694a42f5?pvs=21),-5120,NT$60.00,Food (https://app.notion.com/p/Food-1de52a1550c1808585f7c8d0cbbab341?pvs=21),2024/05/29,,$0.00
7-11,General (https://app.notion.com/p/General-1fe52a1550c180d89a84f6b6694a42f5?pvs=21),-5120,NT$65.00,Food (https://app.notion.com/p/Food-1de52a1550c1808585f7c8d0cbbab341?pvs=21),2024/05/29,,$0.00
小販部,General (https://app.notion.com/p/General-1fe52a1550c180d89a84f6b6694a42f5?pvs=21),-3919,NT$35.00,Food (https://app.notion.com/p/Food-1de52a1550c1808585f7c8d0cbbab341?pvs=21),2024/05/27,,$0.00
全聯,General (https://app.notion.com/p/General-1fe52a1550c180d89a84f6b6694a42f5?pvs=21),-3919,NT$368.00,Food (https://app.notion.com/p/Food-1de52a1550c1808585f7c8d0cbbab341?pvs=21),2024/05/27,,$0.00
加油費,General (https://app.notion.com/p/General-1fe52a1550c180d89a84f6b6694a42f5?pvs=21),-3919,NT$156.00,Traffic (https://app.notion.com/p/Traffic-1de52a1550c1807b8ff6e40f804e1127?pvs=21),2024/05/27,,$0.00
加油費,Dream (https://app.notion.com/p/Dream-1de52a1550c180a4bc6eee5e921cbc2d?pvs=21),43913,"NT$1,680.00",Traffic (https://app.notion.com/p/Traffic-1de52a1550c1807b8ff6e40f804e1127?pvs=21),2024/05/26,,$0.00
一沐日,General (https://app.notion.com/p/General-1fe52a1550c180d89a84f6b6694a42f5?pvs=21),-3360,NT$105.00,Food (https://app.notion.com/p/Food-1de52a1550c1808585f7c8d0cbbab341?pvs=21),2024/05/26,,$0.00
延南家韓式,General (https://app.notion.com/p/General-1fe52a1550c180d89a84f6b6694a42f5?pvs=21),-3360,"NT$1,380.00",Food (https://app.notion.com/p/Food-1de52a1550c1808585f7c8d0cbbab341?pvs=21),2024/05/26,,$0.00
麥當勞,General (https://app.notion.com/p/General-1fe52a1550c180d89a84f6b6694a42f5?pvs=21),-3360,NT$220.00,Food (https://app.notion.com/p/Food-1de52a1550c1808585f7c8d0cbbab341?pvs=21),2024/05/26,,$0.00
羽球場地,Dream (https://app.notion.com/p/Dream-1de52a1550c180a4bc6eee5e921cbc2d?pvs=21),43913,NT$130.00,Health (https://app.notion.com/p/Health-1de52a1550c180948ad5c45ef59a5bb8?pvs=21),2024/05/26,,$0.00
停車費,Dream (https://app.notion.com/p/Dream-1de52a1550c180a4bc6eee5e921cbc2d?pvs=21),43913,NT$40.00,Traffic (https://app.notion.com/p/Traffic-1de52a1550c1807b8ff6e40f804e1127?pvs=21),2024/05/26,,$0.00
玉蘭,General (https://app.notion.com/p/General-1fe52a1550c180d89a84f6b6694a42f5?pvs=21),-1655,NT$60.00,Food (https://app.notion.com/p/Food-1de52a1550c1808585f7c8d0cbbab341?pvs=21),2024/05/25,,$0.00
羽球拍綁線,Dream (https://app.notion.com/p/Dream-1de52a1550c180a4bc6eee5e921cbc2d?pvs=21),45763,NT$400.00,Health (https://app.notion.com/p/Health-1de52a1550c180948ad5c45ef59a5bb8?pvs=21),2024/05/25,,$0.00
綜合所得税,Dream (https://app.notion.com/p/Dream-1de52a1550c180a4bc6eee5e921cbc2d?pvs=21),46163,"NT$11,928.00",Other (https://app.notion.com/p/Other-1de52a1550c1810a92c1c432337241e8?pvs=21),2024/05/24,112,$0.00
Fond,Couple's (https://app.notion.com/p/Couple-s-1de52a1550c181d39de7eebc343b38cd?pvs=21),-1662,"NT$1,066.00",Food (https://app.notion.com/p/Food-1de52a1550c1808585f7c8d0cbbab341?pvs=21),2024/05/24,,$0.00
7-11,General (https://app.notion.com/p/General-1fe52a1550c180d89a84f6b6694a42f5?pvs=21),-1595,NT$60.00,Food (https://app.notion.com/p/Food-1de52a1550c1808585f7c8d0cbbab341?pvs=21),2024/05/23,,$0.00
全聯,General (https://app.notion.com/p/General-1fe52a1550c180d89a84f6b6694a42f5?pvs=21),-1595,NT$619.00,Food (https://app.notion.com/p/Food-1de52a1550c1808585f7c8d0cbbab341?pvs=21),2024/05/23,,$0.00
7-11,General (https://app.notion.com/p/General-1fe52a1550c180d89a84f6b6694a42f5?pvs=21),-916,NT$65.00,Food (https://app.notion.com/p/Food-1de52a1550c1808585f7c8d0cbbab341?pvs=21),2024/05/22,,$0.00
丐幫滷味,General (https://app.notion.com/p/General-1fe52a1550c180d89a84f6b6694a42f5?pvs=21),-916,NT$130.00,Food (https://app.notion.com/p/Food-1de52a1550c1808585f7c8d0cbbab341?pvs=21),2024/05/22,,$0.00
輕鬆美膚,Dream (https://app.notion.com/p/Dream-1de52a1550c180a4bc6eee5e921cbc2d?pvs=21),54743,NT$837.00,Cosmetics (https://app.notion.com/p/Cosmetics-1de52a1550c181cb93fdfe1a610bf352?pvs=21),2024/05/21,,$0.00
ㄧ条通,General (https://app.notion.com/p/General-1fe52a1550c180d89a84f6b6694a42f5?pvs=21),-721,NT$690.00,Food (https://app.notion.com/p/Food-1de52a1550c1808585f7c8d0cbbab341?pvs=21),2024/05/21,,$0.00
小販部,General (https://app.notion.com/p/General-1fe52a1550c180d89a84f6b6694a42f5?pvs=21),-721,NT$115.00,Food (https://app.notion.com/p/Food-1de52a1550c1808585f7c8d0cbbab341?pvs=21),2024/05/21,,$0.00
烏弄,General (https://app.notion.com/p/General-1fe52a1550c180d89a84f6b6694a42f5?pvs=21),84,NT$115.00,Food (https://app.notion.com/p/Food-1de52a1550c1808585f7c8d0cbbab341?pvs=21),2024/05/20,,$0.00
Line point,Dream (https://app.notion.com/p/Dream-1de52a1550c180a4bc6eee5e921cbc2d?pvs=21),58928,NT$390.00,Fun (https://app.notion.com/p/Fun-1de52a1550c180f197e2ff3116ec3fa2?pvs=21),2024/05/20,,$0.00
7-11,General (https://app.notion.com/p/General-1fe52a1550c180d89a84f6b6694a42f5?pvs=21),84,NT$60.00,Food (https://app.notion.com/p/Food-1de52a1550c1808585f7c8d0cbbab341?pvs=21),2024/05/20,,$0.00
紅葉蛋糕,General (https://app.notion.com/p/General-1fe52a1550c180d89a84f6b6694a42f5?pvs=21),84,NT$230.00,Food (https://app.notion.com/p/Food-1de52a1550c1808585f7c8d0cbbab341?pvs=21),2024/05/20,,$0.00
水豚麥胖,General (https://app.notion.com/p/General-1fe52a1550c180d89a84f6b6694a42f5?pvs=21),84,NT$220.00,Food (https://app.notion.com/p/Food-1de52a1550c1808585f7c8d0cbbab341?pvs=21),2024/05/20,,$0.00
Line point,Dream (https://app.notion.com/p/Dream-1de52a1550c180a4bc6eee5e921cbc2d?pvs=21),59318,NT$450.00,Fun (https://app.notion.com/p/Fun-1de52a1550c180f197e2ff3116ec3fa2?pvs=21),2024/05/19,,$0.00
停車費,Dream (https://app.notion.com/p/Dream-1de52a1550c180a4bc6eee5e921cbc2d?pvs=21),59318,NT$60.00,Traffic (https://app.notion.com/p/Traffic-1de52a1550c1807b8ff6e40f804e1127?pvs=21),2024/05/19,,$0.00
永和豆漿,Dream (https://app.notion.com/p/Dream-1de52a1550c180a4bc6eee5e921cbc2d?pvs=21),59318,NT$171.00,Food (https://app.notion.com/p/Food-1de52a1550c1808585f7c8d0cbbab341?pvs=21),2024/05/19,,$0.00
停車費,Dream (https://app.notion.com/p/Dream-1de52a1550c180a4bc6eee5e921cbc2d?pvs=21),59318,NT$40.00,Traffic (https://app.notion.com/p/Traffic-1de52a1550c1807b8ff6e40f804e1127?pvs=21),2024/05/19,,$0.00
停車費,Dream (https://app.notion.com/p/Dream-1de52a1550c180a4bc6eee5e921cbc2d?pvs=21),59318,NT$20.00,Traffic (https://app.notion.com/p/Traffic-1de52a1550c1807b8ff6e40f804e1127?pvs=21),2024/05/19,,$0.00
夏慕尼,Dream (https://app.notion.com/p/Dream-1de52a1550c180a4bc6eee5e921cbc2d?pvs=21),59318,"NT$7,036.00",Family (https://app.notion.com/p/Family-1de52a1550c181faa107fcc0a73d8120?pvs=21),2024/05/19,,$0.00
上宇林,Dream (https://app.notion.com/p/Dream-1de52a1550c180a4bc6eee5e921cbc2d?pvs=21),57095,NT$115.00,Food (https://app.notion.com/p/Food-1de52a1550c1808585f7c8d0cbbab341?pvs=21),2024/05/18,,$0.00
ETC,Dream (https://app.notion.com/p/Dream-1de52a1550c180a4bc6eee5e921cbc2d?pvs=21),57095,NT$149.00,Traffic (https://app.notion.com/p/Traffic-1de52a1550c1807b8ff6e40f804e1127?pvs=21),2024/05/18,,$0.00
烏來老街,Dream (https://app.notion.com/p/Dream-1de52a1550c180a4bc6eee5e921cbc2d?pvs=21),57095,NT$110.00,Food (https://app.notion.com/p/Food-1de52a1550c1808585f7c8d0cbbab341?pvs=21),2024/05/18,,$0.00
內洞森林遊樂區,Dream (https://app.notion.com/p/Dream-1de52a1550c180a4bc6eee5e921cbc2d?pvs=21),57095,NT$400.00,Fun (https://app.notion.com/p/Fun-1de52a1550c180f197e2ff3116ec3fa2?pvs=21),2024/05/18,5人門票,$0.00
雲仙樂園飲料,Dream (https://app.notion.com/p/Dream-1de52a1550c180a4bc6eee5e921cbc2d?pvs=21),57095,NT$180.00,Food (https://app.notion.com/p/Food-1de52a1550c1808585f7c8d0cbbab341?pvs=21),2024/05/18,,$0.00
泰雅巴萊,Dream (https://app.notion.com/p/Dream-1de52a1550c180a4bc6eee5e921cbc2d?pvs=21),57095,NT$790.00,Food (https://app.notion.com/p/Food-1de52a1550c1808585f7c8d0cbbab341?pvs=21),2024/05/18,,$0.00
雲仙樂園,Dream (https://app.notion.com/p/Dream-1de52a1550c180a4bc6eee5e921cbc2d?pvs=21),57095,"NT$1,100.00",Fun (https://app.notion.com/p/Fun-1de52a1550c180f197e2ff3116ec3fa2?pvs=21),2024/05/18,5人纜車票,$0.00
烏來台車,Dream (https://app.notion.com/p/Dream-1de52a1550c180a4bc6eee5e921cbc2d?pvs=21),57095,NT$500.00,Fun (https://app.notion.com/p/Fun-1de52a1550c180f197e2ff3116ec3fa2?pvs=21),2024/05/18,五人來回,$0.00
7-11,Dream (https://app.notion.com/p/Dream-1de52a1550c180a4bc6eee5e921cbc2d?pvs=21),57095,NT$115.00,Food (https://app.notion.com/p/Food-1de52a1550c1808585f7c8d0cbbab341?pvs=21),2024/05/18,,$0.00
加油費,Dream (https://app.notion.com/p/Dream-1de52a1550c180a4bc6eee5e921cbc2d?pvs=21),57095,"NT$1,260.00",Traffic (https://app.notion.com/p/Traffic-1de52a1550c1807b8ff6e40f804e1127?pvs=21),2024/05/18,,$0.00
韓姜熙小廚房,General (https://app.notion.com/p/General-1fe52a1550c180d89a84f6b6694a42f5?pvs=21),709,NT$317.00,Food (https://app.notion.com/p/Food-1de52a1550c1808585f7c8d0cbbab341?pvs=21),2024/05/17,,$0.00
7-11,General (https://app.notion.com/p/General-1fe52a1550c180d89a84f6b6694a42f5?pvs=21),709,NT$56.00,Food (https://app.notion.com/p/Food-1de52a1550c1808585f7c8d0cbbab341?pvs=21),2024/05/17,,$0.00
50嵐,General (https://app.notion.com/p/General-1fe52a1550c180d89a84f6b6694a42f5?pvs=21),709,NT$100.00,Food (https://app.notion.com/p/Food-1de52a1550c1808585f7c8d0cbbab341?pvs=21),2024/05/17,,$0.00
五星麵鋪,General (https://app.notion.com/p/General-1fe52a1550c180d89a84f6b6694a42f5?pvs=21),709,NT$258.00,Food (https://app.notion.com/p/Food-1de52a1550c1808585f7c8d0cbbab341?pvs=21),2024/05/17,,$0.00
煉瓦良茶,General (https://app.notion.com/p/General-1fe52a1550c180d89a84f6b6694a42f5?pvs=21),1440,NT$80.00,Food (https://app.notion.com/p/Food-1de52a1550c1808585f7c8d0cbbab341?pvs=21),2024/05/16,,$0.00
全聯,General (https://app.notion.com/p/General-1fe52a1550c180d89a84f6b6694a42f5?pvs=21),1440,NT$422.00,Food (https://app.notion.com/p/Food-1de52a1550c1808585f7c8d0cbbab341?pvs=21),2024/05/16,,$0.00
雞蛋糕,General (https://app.notion.com/p/General-1fe52a1550c180d89a84f6b6694a42f5?pvs=21),1440,NT$200.00,Food (https://app.notion.com/p/Food-1de52a1550c1808585f7c8d0cbbab341?pvs=21),2024/05/16,,$0.00
停車費,General (https://app.notion.com/p/General-1fe52a1550c180d89a84f6b6694a42f5?pvs=21),1440,NT$30.00,Traffic (https://app.notion.com/p/Traffic-1de52a1550c1807b8ff6e40f804e1127?pvs=21),2024/05/16,,$0.00
龜記,General (https://app.notion.com/p/General-1fe52a1550c180d89a84f6b6694a42f5?pvs=21),2172,NT$40.00,Food (https://app.notion.com/p/Food-1de52a1550c1808585f7c8d0cbbab341?pvs=21),2024/05/15,,$0.00
羽球鞋,Dream (https://app.notion.com/p/Dream-1de52a1550c180a4bc6eee5e921cbc2d?pvs=21),61814,"NT$1,600.00",Health (https://app.notion.com/p/Health-1de52a1550c180948ad5c45ef59a5bb8?pvs=21),2024/05/15,,$0.00
機油,Dream (https://app.notion.com/p/Dream-1de52a1550c180a4bc6eee5e921cbc2d?pvs=21),61814,NT$250.00,Traffic (https://app.notion.com/p/Traffic-1de52a1550c1807b8ff6e40f804e1127?pvs=21),2024/05/15,,$0.00
中華電信手機費,Dream (https://app.notion.com/p/Dream-1de52a1550c180a4bc6eee5e921cbc2d?pvs=21),61814,NT$668.00,Fun (https://app.notion.com/p/Fun-1de52a1550c180f197e2ff3116ec3fa2?pvs=21),2024/05/15,,$0.00
中華電信網路費,Dream (https://app.notion.com/p/Dream-1de52a1550c180a4bc6eee5e921cbc2d?pvs=21),61814,NT$845.00,Fun (https://app.notion.com/p/Fun-1de52a1550c180f197e2ff3116ec3fa2?pvs=21),2024/05/15,,$0.00
7-11,General (https://app.notion.com/p/General-1fe52a1550c180d89a84f6b6694a42f5?pvs=21),2172,NT$60.00,Food (https://app.notion.com/p/Food-1de52a1550c1808585f7c8d0cbbab341?pvs=21),2024/05/15,,$0.00
房租,Fixed (https://app.notion.com/p/Fixed-1de52a1550c180f19995d25cbc6f1038?pvs=21),30992,"NT$6,750.00",Groceries (https://app.notion.com/p/Groceries-1de52a1550c180c6be6cdfaeb95cee9a?pvs=21),2024/05/15,,$0.00
玉蘭,General (https://app.notion.com/p/General-1fe52a1550c180d89a84f6b6694a42f5?pvs=21),2172,NT$80.00,Food (https://app.notion.com/p/Food-1de52a1550c1808585f7c8d0cbbab341?pvs=21),2024/05/15,,$0.00
地瓜球,General (https://app.notion.com/p/General-1fe52a1550c180d89a84f6b6694a42f5?pvs=21),2352,NT$40.00,Food (https://app.notion.com/p/Food-1de52a1550c1808585f7c8d0cbbab341?pvs=21),2024/05/14,,$0.00
肉夾饃,General (https://app.notion.com/p/General-1fe52a1550c180d89a84f6b6694a42f5?pvs=21),2352,NT$75.00,Food (https://app.notion.com/p/Food-1de52a1550c1808585f7c8d0cbbab341?pvs=21),2024/05/14,,$0.00
7-11,General (https://app.notion.com/p/General-1fe52a1550c180d89a84f6b6694a42f5?pvs=21),2352,NT$60.00,Food (https://app.notion.com/p/Food-1de52a1550c1808585f7c8d0cbbab341?pvs=21),2024/05/14,,$0.00
第二春滷味,General (https://app.notion.com/p/General-1fe52a1550c180d89a84f6b6694a42f5?pvs=21),2352,NT$250.00,Food (https://app.notion.com/p/Food-1de52a1550c1808585f7c8d0cbbab341?pvs=21),2024/05/14,,$0.00
加油費,General (https://app.notion.com/p/General-1fe52a1550c180d89a84f6b6694a42f5?pvs=21),2352,NT$150.00,Traffic (https://app.notion.com/p/Traffic-1de52a1550c1807b8ff6e40f804e1127?pvs=21),2024/05/14,,$0.00
7-11,General (https://app.notion.com/p/General-1fe52a1550c180d89a84f6b6694a42f5?pvs=21),2927,NT$60.00,Food (https://app.notion.com/p/Food-1de52a1550c1808585f7c8d0cbbab341?pvs=21),2024/05/13,,$0.00
石二鍋,Couple's (https://app.notion.com/p/Couple-s-1de52a1550c181d39de7eebc343b38cd?pvs=21),-596,NT$973.00,Food (https://app.notion.com/p/Food-1de52a1550c1808585f7c8d0cbbab341?pvs=21),2024/05/13,,$0.00
蔣好的味道,General (https://app.notion.com/p/General-1fe52a1550c180d89a84f6b6694a42f5?pvs=21),2987,NT$455.00,Food (https://app.notion.com/p/Food-1de52a1550c1808585f7c8d0cbbab341?pvs=21),2024/05/12,,$0.00
7-11,General (https://app.notion.com/p/General-1fe52a1550c180d89a84f6b6694a42f5?pvs=21),2987,NT$65.00,Food (https://app.notion.com/p/Food-1de52a1550c1808585f7c8d0cbbab341?pvs=21),2024/05/12,,$0.00
思茶,General (https://app.notion.com/p/General-1fe52a1550c180d89a84f6b6694a42f5?pvs=21),2987,NT$80.00,Food (https://app.notion.com/p/Food-1de52a1550c1808585f7c8d0cbbab341?pvs=21),2024/05/12,,$0.00
停車費,General (https://app.notion.com/p/General-1fe52a1550c180d89a84f6b6694a42f5?pvs=21),3587,NT$60.00,Traffic (https://app.notion.com/p/Traffic-1de52a1550c1807b8ff6e40f804e1127?pvs=21),2024/05/11,,$0.00
全家,General (https://app.notion.com/p/General-1fe52a1550c180d89a84f6b6694a42f5?pvs=21),3647,NT$50.00,Food (https://app.notion.com/p/Food-1de52a1550c1808585f7c8d0cbbab341?pvs=21),2024/05/10,,$0.00
華山藏窖,General (https://app.notion.com/p/General-1fe52a1550c180d89a84f6b6694a42f5?pvs=21),704,NT$45.00,Food (https://app.notion.com/p/Food-1de52a1550c1808585f7c8d0cbbab341?pvs=21),2024/05/09,,$0.00
太河拉麵,General (https://app.notion.com/p/General-1fe52a1550c180d89a84f6b6694a42f5?pvs=21),3647,NT$530.00,Food (https://app.notion.com/p/Food-1de52a1550c1808585f7c8d0cbbab341?pvs=21),2024/05/10,,$0.00
成功牛排,General (https://app.notion.com/p/General-1fe52a1550c180d89a84f6b6694a42f5?pvs=21),704,NT$300.00,Food (https://app.notion.com/p/Food-1de52a1550c1808585f7c8d0cbbab341?pvs=21),2024/05/09,,$0.00
7-11,General (https://app.notion.com/p/General-1fe52a1550c180d89a84f6b6694a42f5?pvs=21),1049,NT$60.00,Food (https://app.notion.com/p/Food-1de52a1550c1808585f7c8d0cbbab341?pvs=21),2024/05/08,,$0.00
圈圈微森,General (https://app.notion.com/p/General-1fe52a1550c180d89a84f6b6694a42f5?pvs=21),1049,NT$65.00,Food (https://app.notion.com/p/Food-1de52a1550c1808585f7c8d0cbbab341?pvs=21),2024/05/08,,$0.00
全聯,General (https://app.notion.com/p/General-1fe52a1550c180d89a84f6b6694a42f5?pvs=21),1174,NT$75.00,Food (https://app.notion.com/p/Food-1de52a1550c1808585f7c8d0cbbab341?pvs=21),2024/05/07,,$0.00
竹東排骨酥,General (https://app.notion.com/p/General-1fe52a1550c180d89a84f6b6694a42f5?pvs=21),1174,NT$251.00,Food (https://app.notion.com/p/Food-1de52a1550c1808585f7c8d0cbbab341?pvs=21),2024/05/07,,$0.00
7-11,General (https://app.notion.com/p/General-1fe52a1550c180d89a84f6b6694a42f5?pvs=21),1174,NT$60.00,Food (https://app.notion.com/p/Food-1de52a1550c1808585f7c8d0cbbab341?pvs=21),2024/05/07,,$0.00
全聯,General (https://app.notion.com/p/General-1fe52a1550c180d89a84f6b6694a42f5?pvs=21),1560,NT$445.00,Food (https://app.notion.com/p/Food-1de52a1550c1808585f7c8d0cbbab341?pvs=21),2024/05/06,,$0.00
Adidas 短褲,Dream (https://app.notion.com/p/Dream-1de52a1550c180a4bc6eee5e921cbc2d?pvs=21),62177,NT$629.00,Clothes (https://app.notion.com/p/Clothes-1de52a1550c181c098ebee3f08c04f38?pvs=21),2024/05/06,,$0.00
Adidas 短袖,Dream (https://app.notion.com/p/Dream-1de52a1550c180a4bc6eee5e921cbc2d?pvs=21),62177,NT$579.00,Clothes (https://app.notion.com/p/Clothes-1de52a1550c181c098ebee3f08c04f38?pvs=21),2024/05/06,,$0.00
7-11,General (https://app.notion.com/p/General-1fe52a1550c180d89a84f6b6694a42f5?pvs=21),1560,NT$60.00,Food (https://app.notion.com/p/Food-1de52a1550c1808585f7c8d0cbbab341?pvs=21),2024/05/06,,$0.00
肌力貼布,Dream (https://app.notion.com/p/Dream-1de52a1550c180a4bc6eee5e921cbc2d?pvs=21),62177,NT$499.00,Health (https://app.notion.com/p/Health-1de52a1550c180948ad5c45ef59a5bb8?pvs=21),2024/05/06,,$0.00
維他命C,Dream (https://app.notion.com/p/Dream-1de52a1550c180a4bc6eee5e921cbc2d?pvs=21),62177,NT$285.00,Health (https://app.notion.com/p/Health-1de52a1550c180948ad5c45ef59a5bb8?pvs=21),2024/05/06,,$0.00
合利他命,Dream (https://app.notion.com/p/Dream-1de52a1550c180a4bc6eee5e921cbc2d?pvs=21),62177,NT$729.00,Health (https://app.notion.com/p/Health-1de52a1550c180948ad5c45ef59a5bb8?pvs=21),2024/05/06,,$0.00
我可能錯了,Dream (https://app.notion.com/p/Dream-1de52a1550c180a4bc6eee5e921cbc2d?pvs=21),62177,NT$315.00,Learning (https://app.notion.com/p/Learning-1de52a1550c181fba52ed20f1907d909?pvs=21),2024/05/06,,$0.00
掌握市場週期,Dream (https://app.notion.com/p/Dream-1de52a1550c180a4bc6eee5e921cbc2d?pvs=21),62177,NT$249.00,Learning (https://app.notion.com/p/Learning-1de52a1550c181fba52ed20f1907d909?pvs=21),2024/05/06,,$0.00
投資最重要的事,Dream (https://app.notion.com/p/Dream-1de52a1550c180a4bc6eee5e921cbc2d?pvs=21),62177,NT$210.00,Learning (https://app.notion.com/p/Learning-1de52a1550c181fba52ed20f1907d909?pvs=21),2024/05/06,,$0.00
窮查理的普通常識,Dream (https://app.notion.com/p/Dream-1de52a1550c180a4bc6eee5e921cbc2d?pvs=21),62177,NT$277.00,Learning (https://app.notion.com/p/Learning-1de52a1550c181fba52ed20f1907d909?pvs=21),2024/05/06,,$0.00
北門室食,General (https://app.notion.com/p/General-1fe52a1550c180d89a84f6b6694a42f5?pvs=21),2065,NT$545.00,Food (https://app.notion.com/p/Food-1de52a1550c1808585f7c8d0cbbab341?pvs=21),2024/05/05,,$0.00
茶湯會,General (https://app.notion.com/p/General-1fe52a1550c180d89a84f6b6694a42f5?pvs=21),2065,NT$130.00,Food (https://app.notion.com/p/Food-1de52a1550c1808585f7c8d0cbbab341?pvs=21),2024/05/05,,$0.00
義式雞胸肉,General (https://app.notion.com/p/General-1fe52a1550c180d89a84f6b6694a42f5?pvs=21),2740,NT$309.00,Food (https://app.notion.com/p/Food-1de52a1550c1808585f7c8d0cbbab341?pvs=21),2024/05/04,,$0.00
德國豬腳,General (https://app.notion.com/p/General-1fe52a1550c180d89a84f6b6694a42f5?pvs=21),2740,NT$355.00,Food (https://app.notion.com/p/Food-1de52a1550c1808585f7c8d0cbbab341?pvs=21),2024/05/04,,$0.00
XO醬海鮮炒麵,General (https://app.notion.com/p/General-1fe52a1550c180d89a84f6b6694a42f5?pvs=21),2740,NT$428.00,Food (https://app.notion.com/p/Food-1de52a1550c1808585f7c8d0cbbab341?pvs=21),2024/05/04,,$0.00
柳丁百香金萱,General (https://app.notion.com/p/General-1fe52a1550c180d89a84f6b6694a42f5?pvs=21),2740,NT$225.00,Food (https://app.notion.com/p/Food-1de52a1550c1808585f7c8d0cbbab341?pvs=21),2024/05/04,,$0.00
威德益生菌,Dream (https://app.notion.com/p/Dream-1de52a1550c180a4bc6eee5e921cbc2d?pvs=21),65949,NT$799.00,Health (https://app.notion.com/p/Health-1de52a1550c180948ad5c45ef59a5bb8?pvs=21),2024/05/04,,$0.00
冷泡咖啡,General (https://app.notion.com/p/General-1fe52a1550c180d89a84f6b6694a42f5?pvs=21),2740,NT$299.00,Food (https://app.notion.com/p/Food-1de52a1550c1808585f7c8d0cbbab341?pvs=21),2024/05/04,,$0.00
Spotify月費,General (https://app.notion.com/p/General-1fe52a1550c180d89a84f6b6694a42f5?pvs=21),2740,NT$202.00,Fun (https://app.notion.com/p/Fun-1de52a1550c180f197e2ff3116ec3fa2?pvs=21),2024/05/04,,$0.00
蛤蜊濃湯,General (https://app.notion.com/p/General-1fe52a1550c180d89a84f6b6694a42f5?pvs=21),2740,NT$69.00,Food (https://app.notion.com/p/Food-1de52a1550c1808585f7c8d0cbbab341?pvs=21),2024/05/04,,$0.00
普拿疼,Dream (https://app.notion.com/p/Dream-1de52a1550c180a4bc6eee5e921cbc2d?pvs=21),65949,NT$599.00,Health (https://app.notion.com/p/Health-1de52a1550c180948ad5c45ef59a5bb8?pvs=21),2024/05/04,,$0.00
太河拉麵,General (https://app.notion.com/p/General-1fe52a1550c180d89a84f6b6694a42f5?pvs=21),4627,NT$580.00,Food (https://app.notion.com/p/Food-1de52a1550c1808585f7c8d0cbbab341?pvs=21),2024/05/03,,$0.00
7-11,General (https://app.notion.com/p/General-1fe52a1550c180d89a84f6b6694a42f5?pvs=21),4627,NT$20.00,Food (https://app.notion.com/p/Food-1de52a1550c1808585f7c8d0cbbab341?pvs=21),2024/05/03,,$0.00
SUPIN Aisukurimu,General (https://app.notion.com/p/General-1fe52a1550c180d89a84f6b6694a42f5?pvs=21),4627,NT$80.00,Food (https://app.notion.com/p/Food-1de52a1550c1808585f7c8d0cbbab341?pvs=21),2024/05/03,,$0.00
鴨肉油飯,General (https://app.notion.com/p/General-1fe52a1550c180d89a84f6b6694a42f5?pvs=21),5337,NT$150.00,Food (https://app.notion.com/p/Food-1de52a1550c1808585f7c8d0cbbab341?pvs=21),2024/05/02,,$0.00
小販部,General (https://app.notion.com/p/General-1fe52a1550c180d89a84f6b6694a42f5?pvs=21),4627,NT$30.00,Food (https://app.notion.com/p/Food-1de52a1550c1808585f7c8d0cbbab341?pvs=21),2024/05/03,,$0.00
Whimsical 年費,Dream (https://app.notion.com/p/Dream-1de52a1550c180a4bc6eee5e921cbc2d?pvs=21),67347,"NT$3,910.00",Other (https://app.notion.com/p/Other-1de52a1550c1810a92c1c432337241e8?pvs=21),2024/05/02,,$0.00
地瓜球,General (https://app.notion.com/p/General-1fe52a1550c180d89a84f6b6694a42f5?pvs=21),5337,NT$60.00,Food (https://app.notion.com/p/Food-1de52a1550c1808585f7c8d0cbbab341?pvs=21),2024/05/02,,$0.00
7-11,General (https://app.notion.com/p/General-1fe52a1550c180d89a84f6b6694a42f5?pvs=21),5337,NT$40.00,Food (https://app.notion.com/p/Food-1de52a1550c1808585f7c8d0cbbab341?pvs=21),2024/05/02,,$0.00
第二春滷味,General (https://app.notion.com/p/General-1fe52a1550c180d89a84f6b6694a42f5?pvs=21),5337,NT$250.00,Food (https://app.notion.com/p/Food-1de52a1550c1808585f7c8d0cbbab341?pvs=21),2024/05/02,,$0.00
7-11,General (https://app.notion.com/p/General-1fe52a1550c180d89a84f6b6694a42f5?pvs=21),5337,NT$70.00,Food (https://app.notion.com/p/Food-1de52a1550c1808585f7c8d0cbbab341?pvs=21),2024/05/02,,$0.00
匯給媽,Fixed (https://app.notion.com/p/Fixed-1de52a1550c180f19995d25cbc6f1038?pvs=21),37742,"NT$6,000.00",Family (https://app.notion.com/p/Family-1de52a1550c181faa107fcc0a73d8120?pvs=21),2024/05/02,"
",$0.00
2024汽車停車位,Savings (https://app.notion.com/p/Savings-1de52a1550c18029b280dc7d9d36cb03?pvs=21),336776,"NT$2,500.00",Traffic (https://app.notion.com/p/Traffic-1de52a1550c1807b8ff6e40f804e1127?pvs=21),2024/05/02,六月停車費,$0.00
勞保費,Fixed (https://app.notion.com/p/Fixed-1de52a1550c180f19995d25cbc6f1038?pvs=21),37742,"NT$1,100.00",Insurance (https://app.notion.com/p/Insurance-1de52a1550c181f09d1dfb6d85985a86?pvs=21),2024/05/02,"
",$0.00
健保費,Fixed (https://app.notion.com/p/Fixed-1de52a1550c180f19995d25cbc6f1038?pvs=21),37742,"NT$1,036.00",Insurance (https://app.notion.com/p/Insurance-1de52a1550c181f09d1dfb6d85985a86?pvs=21),2024/05/02,"
",$0.00
全聯,General (https://app.notion.com/p/General-1fe52a1550c180d89a84f6b6694a42f5?pvs=21),-5107,NT$341.00,Food (https://app.notion.com/p/Food-1de52a1550c1808585f7c8d0cbbab341?pvs=21),2024/05/01,,$0.00
足休時間,Dream (https://app.notion.com/p/Dream-1de52a1550c180a4bc6eee5e921cbc2d?pvs=21),64750,NT$299.00,Groceries (https://app.notion.com/p/Groceries-1de52a1550c180c6be6cdfaeb95cee9a?pvs=21),2024/05/01,,$0.00
小販部,General (https://app.notion.com/p/General-1fe52a1550c180d89a84f6b6694a42f5?pvs=21),-4766,NT$35.00,Food (https://app.notion.com/p/Food-1de52a1550c1808585f7c8d0cbbab341?pvs=21),2024/04/30,,$0.00
早餐,General (https://app.notion.com/p/General-1fe52a1550c180d89a84f6b6694a42f5?pvs=21),-4766,NT$93.00,Food (https://app.notion.com/p/Food-1de52a1550c1808585f7c8d0cbbab341?pvs=21),2024/04/30,,$0.00
Netflix,Dream (https://app.notion.com/p/Dream-1de52a1550c180a4bc6eee5e921cbc2d?pvs=21),65049,NT$570.00,Fun (https://app.notion.com/p/Fun-1de52a1550c180f197e2ff3116ec3fa2?pvs=21),2024/04/30,,$0.00
要活就要動,Dream (https://app.notion.com/p/Dream-1de52a1550c180a4bc6eee5e921cbc2d?pvs=21),65049,"NT$2,286.00",Health (https://app.notion.com/p/Health-1de52a1550c180948ad5c45ef59a5bb8?pvs=21),2024/04/30,-07/02,$0.00
全聯,General (https://app.notion.com/p/General-1fe52a1550c180d89a84f6b6694a42f5?pvs=21),-4638,NT$512.00,Food (https://app.notion.com/p/Food-1de52a1550c1808585f7c8d0cbbab341?pvs=21),2024/04/29,,$0.00
7-11,General (https://app.notion.com/p/General-1fe52a1550c180d89a84f6b6694a42f5?pvs=21),-4638,NT$50.00,Food (https://app.notion.com/p/Food-1de52a1550c1808585f7c8d0cbbab341?pvs=21),2024/04/29,,$0.00
加油費,General (https://app.notion.com/p/General-1fe52a1550c180d89a84f6b6694a42f5?pvs=21),-4638,NT$160.00,Traffic (https://app.notion.com/p/Traffic-1de52a1550c1807b8ff6e40f804e1127?pvs=21),2024/04/29,,$0.00
Cold Stone,General (https://app.notion.com/p/General-1fe52a1550c180d89a84f6b6694a42f5?pvs=21),-3916,NT$240.00,Food (https://app.notion.com/p/Food-1de52a1550c1808585f7c8d0cbbab341?pvs=21),2024/04/28,,$0.00
電影排球少年,Couple's (https://app.notion.com/p/Couple-s-1de52a1550c181d39de7eebc343b38cd?pvs=21),-1623,NT$588.00,Fun (https://app.notion.com/p/Fun-1de52a1550c180f197e2ff3116ec3fa2?pvs=21),2024/04/28,,$0.00
維縈炭燒雞排,General (https://app.notion.com/p/General-1fe52a1550c180d89a84f6b6694a42f5?pvs=21),-3916,NT$220.00,Food (https://app.notion.com/p/Food-1de52a1550c1808585f7c8d0cbbab341?pvs=21),2024/04/28,,$0.00
北門室食,General (https://app.notion.com/p/General-1fe52a1550c180d89a84f6b6694a42f5?pvs=21),-3916,NT$875.00,Food (https://app.notion.com/p/Food-1de52a1550c1808585f7c8d0cbbab341?pvs=21),2024/04/28,,$0.00
全聯,General (https://app.notion.com/p/General-1fe52a1550c180d89a84f6b6694a42f5?pvs=21),-2581,NT$539.00,Food (https://app.notion.com/p/Food-1de52a1550c1808585f7c8d0cbbab341?pvs=21),2024/04/27,,$0.00
覓雪,General (https://app.notion.com/p/General-1fe52a1550c180d89a84f6b6694a42f5?pvs=21),-2581,NT$180.00,Food (https://app.notion.com/p/Food-1de52a1550c1808585f7c8d0cbbab341?pvs=21),2024/04/27,,$0.00
全聯,Dream (https://app.notion.com/p/Dream-1de52a1550c180a4bc6eee5e921cbc2d?pvs=21),46469,NT$628.00,Groceries (https://app.notion.com/p/Groceries-1de52a1550c180c6be6cdfaeb95cee9a?pvs=21),2024/04/27,,$0.00
小販部,General (https://app.notion.com/p/General-1fe52a1550c180d89a84f6b6694a42f5?pvs=21),-1862,NT$50.00,Food (https://app.notion.com/p/Food-1de52a1550c1808585f7c8d0cbbab341?pvs=21),2024/04/25,,$0.00
麥當勞,General (https://app.notion.com/p/General-1fe52a1550c180d89a84f6b6694a42f5?pvs=21),-1862,NT$325.00,Food (https://app.notion.com/p/Food-1de52a1550c1808585f7c8d0cbbab341?pvs=21),2024/04/25,,$0.00
龜記,General (https://app.notion.com/p/General-1fe52a1550c180d89a84f6b6694a42f5?pvs=21),-1487,NT$60.00,Food (https://app.notion.com/p/Food-1de52a1550c1808585f7c8d0cbbab341?pvs=21),2024/04/24,,$0.00
上宇林,General (https://app.notion.com/p/General-1fe52a1550c180d89a84f6b6694a42f5?pvs=21),-1487,NT$100.00,Food (https://app.notion.com/p/Food-1de52a1550c1808585f7c8d0cbbab341?pvs=21),2024/04/24,,$0.00
全聯,General (https://app.notion.com/p/General-1fe52a1550c180d89a84f6b6694a42f5?pvs=21),-1487,NT$339.00,Food (https://app.notion.com/p/Food-1de52a1550c1808585f7c8d0cbbab341?pvs=21),2024/04/24,,$0.00
電費,Dream (https://app.notion.com/p/Dream-1de52a1550c180a4bc6eee5e921cbc2d?pvs=21),47097,NT$842.00,Groceries (https://app.notion.com/p/Groceries-1de52a1550c180c6be6cdfaeb95cee9a?pvs=21),2024/04/24,,$0.00
蔥大爺,General (https://app.notion.com/p/General-1fe52a1550c180d89a84f6b6694a42f5?pvs=21),-1487,NT$60.00,Food (https://app.notion.com/p/Food-1de52a1550c1808585f7c8d0cbbab341?pvs=21),2024/04/24,,$0.00
中華電信手機費,Dream (https://app.notion.com/p/Dream-1de52a1550c180a4bc6eee5e921cbc2d?pvs=21),47097,NT$666.00,Fun (https://app.notion.com/p/Fun-1de52a1550c180f197e2ff3116ec3fa2?pvs=21),2024/04/24,,$0.00
水費,Dream (https://app.notion.com/p/Dream-1de52a1550c180a4bc6eee5e921cbc2d?pvs=21),47097,NT$126.00,Groceries (https://app.notion.com/p/Groceries-1de52a1550c180c6be6cdfaeb95cee9a?pvs=21),2024/04/24,,$0.00
中華電信網路費,Dream (https://app.notion.com/p/Dream-1de52a1550c180a4bc6eee5e921cbc2d?pvs=21),47097,NT$848.00,Fun (https://app.notion.com/p/Fun-1de52a1550c180f197e2ff3116ec3fa2?pvs=21),2024/04/24,,$0.00
下午茶,General (https://app.notion.com/p/General-1fe52a1550c180d89a84f6b6694a42f5?pvs=21),-928,NT$43.00,Food (https://app.notion.com/p/Food-1de52a1550c1808585f7c8d0cbbab341?pvs=21),2024/04/23,,$0.00
7-11,General (https://app.notion.com/p/General-1fe52a1550c180d89a84f6b6694a42f5?pvs=21),-928,NT$45.00,Food (https://app.notion.com/p/Food-1de52a1550c1808585f7c8d0cbbab341?pvs=21),2024/04/23,,$0.00
延平大飯店,General (https://app.notion.com/p/General-1fe52a1550c180d89a84f6b6694a42f5?pvs=21),-928,NT$370.00,Food (https://app.notion.com/p/Food-1de52a1550c1808585f7c8d0cbbab341?pvs=21),2024/04/23,,$0.00
全聯,General (https://app.notion.com/p/General-1fe52a1550c180d89a84f6b6694a42f5?pvs=21),-470,NT$513.00,Food (https://app.notion.com/p/Food-1de52a1550c1808585f7c8d0cbbab341?pvs=21),2024/04/22,,$0.00
烏弄,General (https://app.notion.com/p/General-1fe52a1550c180d89a84f6b6694a42f5?pvs=21),98,NT$95.00,Food (https://app.notion.com/p/Food-1de52a1550c1808585f7c8d0cbbab341?pvs=21),2024/04/21,,$0.00
7-11,General (https://app.notion.com/p/General-1fe52a1550c180d89a84f6b6694a42f5?pvs=21),-470,NT$55.00,Food (https://app.notion.com/p/Food-1de52a1550c1808585f7c8d0cbbab341?pvs=21),2024/04/22,,$0.00
蔣好的味道(越式),General (https://app.notion.com/p/General-1fe52a1550c180d89a84f6b6694a42f5?pvs=21),98,NT$374.00,Food (https://app.notion.com/p/Food-1de52a1550c1808585f7c8d0cbbab341?pvs=21),2024/04/21,,$0.00
老豆花,General (https://app.notion.com/p/General-1fe52a1550c180d89a84f6b6694a42f5?pvs=21),98,NT$105.00,Food (https://app.notion.com/p/Food-1de52a1550c1808585f7c8d0cbbab341?pvs=21),2024/04/21,,$0.00
Sukiya,General (https://app.notion.com/p/General-1fe52a1550c180d89a84f6b6694a42f5?pvs=21),98,NT$393.00,Food (https://app.notion.com/p/Food-1de52a1550c1808585f7c8d0cbbab341?pvs=21),2024/04/21,,$0.00
7-11,General (https://app.notion.com/p/General-1fe52a1550c180d89a84f6b6694a42f5?pvs=21),1065,NT$120.00,Food (https://app.notion.com/p/Food-1de52a1550c1808585f7c8d0cbbab341?pvs=21),2024/04/20,,$0.00
小鵲幸,General (https://app.notion.com/p/General-1fe52a1550c180d89a84f6b6694a42f5?pvs=21),1065,NT$112.00,Food (https://app.notion.com/p/Food-1de52a1550c1808585f7c8d0cbbab341?pvs=21),2024/04/20,,$0.00
羽球場地,Dream (https://app.notion.com/p/Dream-1de52a1550c180a4bc6eee5e921cbc2d?pvs=21),49579,NT$150.00,Health (https://app.notion.com/p/Health-1de52a1550c180948ad5c45ef59a5bb8?pvs=21),2024/04/20,,$0.00
幂義大利麵,General (https://app.notion.com/p/General-1fe52a1550c180d89a84f6b6694a42f5?pvs=21),1065,NT$319.00,Food (https://app.notion.com/p/Food-1de52a1550c1808585f7c8d0cbbab341?pvs=21),2024/04/20,,$0.00
小販部,General (https://app.notion.com/p/General-1fe52a1550c180d89a84f6b6694a42f5?pvs=21),1616,NT$70.00,Food (https://app.notion.com/p/Food-1de52a1550c1808585f7c8d0cbbab341?pvs=21),2024/04/19,,$0.00
全聯,General (https://app.notion.com/p/General-1fe52a1550c180d89a84f6b6694a42f5?pvs=21),1616,NT$689.00,Food (https://app.notion.com/p/Food-1de52a1550c1808585f7c8d0cbbab341?pvs=21),2024/04/19,,$0.00
山睦紅茶,General (https://app.notion.com/p/General-1fe52a1550c180d89a84f6b6694a42f5?pvs=21),2375,NT$65.00,Food (https://app.notion.com/p/Food-1de52a1550c1808585f7c8d0cbbab341?pvs=21),2024/04/18,,$0.00
ETC,Dream (https://app.notion.com/p/Dream-1de52a1550c180a4bc6eee5e921cbc2d?pvs=21),44529,NT$121.00,Traffic (https://app.notion.com/p/Traffic-1de52a1550c1807b8ff6e40f804e1127?pvs=21),2024/04/18,,$0.00
萊爾富,General (https://app.notion.com/p/General-1fe52a1550c180d89a84f6b6694a42f5?pvs=21),2375,NT$114.00,Food (https://app.notion.com/p/Food-1de52a1550c1808585f7c8d0cbbab341?pvs=21),2024/04/18,,$0.00
7-11,General (https://app.notion.com/p/General-1fe52a1550c180d89a84f6b6694a42f5?pvs=21),2375,NT$60.00,Food (https://app.notion.com/p/Food-1de52a1550c1808585f7c8d0cbbab341?pvs=21),2024/04/18,,$0.00
小販部,General (https://app.notion.com/p/General-1fe52a1550c180d89a84f6b6694a42f5?pvs=21),2614,NT$23.00,Food (https://app.notion.com/p/Food-1de52a1550c1808585f7c8d0cbbab341?pvs=21),2024/04/17,,$0.00
7-11,General (https://app.notion.com/p/General-1fe52a1550c180d89a84f6b6694a42f5?pvs=21),2614,NT$40.00,Food (https://app.notion.com/p/Food-1de52a1550c1808585f7c8d0cbbab341?pvs=21),2024/04/17,,$0.00
7-11,General (https://app.notion.com/p/General-1fe52a1550c180d89a84f6b6694a42f5?pvs=21),2614,NT$109.00,Food (https://app.notion.com/p/Food-1de52a1550c1808585f7c8d0cbbab341?pvs=21),2024/04/17,,$0.00
第二春滷味,General (https://app.notion.com/p/General-1fe52a1550c180d89a84f6b6694a42f5?pvs=21),2786,NT$305.00,Food (https://app.notion.com/p/Food-1de52a1550c1808585f7c8d0cbbab341?pvs=21),2024/04/16,,$0.00
7-11,General (https://app.notion.com/p/General-1fe52a1550c180d89a84f6b6694a42f5?pvs=21),2786,NT$45.00,Food (https://app.notion.com/p/Food-1de52a1550c1808585f7c8d0cbbab341?pvs=21),2024/04/16,,$0.00
房租,Fixed (https://app.notion.com/p/Fixed-1de52a1550c180f19995d25cbc6f1038?pvs=21),26357,"NT$6,750.00",Groceries (https://app.notion.com/p/Groceries-1de52a1550c180c6be6cdfaeb95cee9a?pvs=21),2024/04/15,,$0.00
全聯,General (https://app.notion.com/p/General-1fe52a1550c180d89a84f6b6694a42f5?pvs=21),3136,NT$233.00,Food (https://app.notion.com/p/Food-1de52a1550c1808585f7c8d0cbbab341?pvs=21),2024/04/15,,$0.00
握把布,Dream (https://app.notion.com/p/Dream-1de52a1550c180a4bc6eee5e921cbc2d?pvs=21),44650,NT$100.00,Health (https://app.notion.com/p/Health-1de52a1550c180948ad5c45ef59a5bb8?pvs=21),2024/04/15,,$0.00
沐飲,General (https://app.notion.com/p/General-1fe52a1550c180d89a84f6b6694a42f5?pvs=21),3136,NT$65.00,Food (https://app.notion.com/p/Food-1de52a1550c1808585f7c8d0cbbab341?pvs=21),2024/04/15,,$0.00
異人館,General (https://app.notion.com/p/General-1fe52a1550c180d89a84f6b6694a42f5?pvs=21),3434,NT$360.00,Food (https://app.notion.com/p/Food-1de52a1550c1808585f7c8d0cbbab341?pvs=21),2024/04/14,,$0.00
影印費,Dream (https://app.notion.com/p/Dream-1de52a1550c180a4bc6eee5e921cbc2d?pvs=21),44750,NT$216.00,Other (https://app.notion.com/p/Other-1de52a1550c1810a92c1c432337241e8?pvs=21),2024/04/14,,$0.00
Costco,General (https://app.notion.com/p/General-1fe52a1550c180d89a84f6b6694a42f5?pvs=21),3434,NT$908.00,Groceries (https://app.notion.com/p/Groceries-1de52a1550c180c6be6cdfaeb95cee9a?pvs=21),2024/04/14,,$0.00
Costco,Dream (https://app.notion.com/p/Dream-1de52a1550c180a4bc6eee5e921cbc2d?pvs=21),44750,"NT$1,368.00",Clothes (https://app.notion.com/p/Clothes-1de52a1550c181c098ebee3f08c04f38?pvs=21),2024/04/14,,$0.00
烏弄,General (https://app.notion.com/p/General-1fe52a1550c180d89a84f6b6694a42f5?pvs=21),3434,NT$90.00,Food (https://app.notion.com/p/Food-1de52a1550c1808585f7c8d0cbbab341?pvs=21),2024/04/14,,$0.00
紅葉蛋糕,General (https://app.notion.com/p/General-1fe52a1550c180d89a84f6b6694a42f5?pvs=21),3434,NT$110.00,Food (https://app.notion.com/p/Food-1de52a1550c1808585f7c8d0cbbab341?pvs=21),2024/04/14,,$0.00
Costco,General (https://app.notion.com/p/General-1fe52a1550c180d89a84f6b6694a42f5?pvs=21),3434,"NT$2,380.00",Food (https://app.notion.com/p/Food-1de52a1550c1808585f7c8d0cbbab341?pvs=21),2024/04/14,,$0.00
加油費,General (https://app.notion.com/p/General-1fe52a1550c180d89a84f6b6694a42f5?pvs=21),3434,NT$157.00,Traffic (https://app.notion.com/p/Traffic-1de52a1550c1807b8ff6e40f804e1127?pvs=21),2024/04/14,,$0.00
麥當勞,General (https://app.notion.com/p/General-1fe52a1550c180d89a84f6b6694a42f5?pvs=21),7439,NT$230.00,Food (https://app.notion.com/p/Food-1de52a1550c1808585f7c8d0cbbab341?pvs=21),2024/04/13,,$0.00
上宇林,General (https://app.notion.com/p/General-1fe52a1550c180d89a84f6b6694a42f5?pvs=21),7669,NT$70.00,Food (https://app.notion.com/p/Food-1de52a1550c1808585f7c8d0cbbab341?pvs=21),2024/04/12,,$0.00
小鵲幸,General (https://app.notion.com/p/General-1fe52a1550c180d89a84f6b6694a42f5?pvs=21),7739,NT$51.00,Food (https://app.notion.com/p/Food-1de52a1550c1808585f7c8d0cbbab341?pvs=21),2024/04/11,,$0.00
下午茶,General (https://app.notion.com/p/General-1fe52a1550c180d89a84f6b6694a42f5?pvs=21),7739,NT$35.00,Food (https://app.notion.com/p/Food-1de52a1550c1808585f7c8d0cbbab341?pvs=21),2024/04/11,,$0.00
全聯,General (https://app.notion.com/p/General-1fe52a1550c180d89a84f6b6694a42f5?pvs=21),7739,NT$170.00,Food (https://app.notion.com/p/Food-1de52a1550c1808585f7c8d0cbbab341?pvs=21),2024/04/11,,$0.00
玉蘭,General (https://app.notion.com/p/General-1fe52a1550c180d89a84f6b6694a42f5?pvs=21),7739,NT$102.00,Food (https://app.notion.com/p/Food-1de52a1550c1808585f7c8d0cbbab341?pvs=21),2024/04/11,,$0.00
全聯,General (https://app.notion.com/p/General-1fe52a1550c180d89a84f6b6694a42f5?pvs=21),8097,NT$595.00,Food (https://app.notion.com/p/Food-1de52a1550c1808585f7c8d0cbbab341?pvs=21),2024/04/10,,$0.00
阿婆早餐,General (https://app.notion.com/p/General-1fe52a1550c180d89a84f6b6694a42f5?pvs=21),5214,NT$80.00,Food (https://app.notion.com/p/Food-1de52a1550c1808585f7c8d0cbbab341?pvs=21),2024/04/09,,$0.00
50嵐,General (https://app.notion.com/p/General-1fe52a1550c180d89a84f6b6694a42f5?pvs=21),8097,NT$45.00,Food (https://app.notion.com/p/Food-1de52a1550c1808585f7c8d0cbbab341?pvs=21),2024/04/10,,$0.00
五鮮級,General (https://app.notion.com/p/General-1fe52a1550c180d89a84f6b6694a42f5?pvs=21),5214,"NT$1,058.00",Food (https://app.notion.com/p/Food-1de52a1550c1808585f7c8d0cbbab341?pvs=21),2024/04/09,,$0.00
夜市,General (https://app.notion.com/p/General-1fe52a1550c180d89a84f6b6694a42f5?pvs=21),5214,NT$115.00,Food (https://app.notion.com/p/Food-1de52a1550c1808585f7c8d0cbbab341?pvs=21),2024/04/09,,$0.00
羽球拍,Dream (https://app.notion.com/p/Dream-1de52a1550c180a4bc6eee5e921cbc2d?pvs=21),42334,"NT$3,200.00",Health (https://app.notion.com/p/Health-1de52a1550c180948ad5c45ef59a5bb8?pvs=21),2024/04/08,,$0.00
早餐,General (https://app.notion.com/p/General-1fe52a1550c180d89a84f6b6694a42f5?pvs=21),6467,NT$65.00,Food (https://app.notion.com/p/Food-1de52a1550c1808585f7c8d0cbbab341?pvs=21),2024/04/08,,$0.00
丐幫滷味,General (https://app.notion.com/p/General-1fe52a1550c180d89a84f6b6694a42f5?pvs=21),6467,NT$200.00,Food (https://app.notion.com/p/Food-1de52a1550c1808585f7c8d0cbbab341?pvs=21),2024/04/08,,$0.00
識別證,General (https://app.notion.com/p/General-1fe52a1550c180d89a84f6b6694a42f5?pvs=21),6467,NT$38.00,Other (https://app.notion.com/p/Other-1de52a1550c1810a92c1c432337241e8?pvs=21),2024/04/08,,$0.00
奶茶,General (https://app.notion.com/p/General-1fe52a1550c180d89a84f6b6694a42f5?pvs=21),6467,NT$28.00,Food (https://app.notion.com/p/Food-1de52a1550c1808585f7c8d0cbbab341?pvs=21),2024/04/08,,$0.00
石二鍋,General (https://app.notion.com/p/General-1fe52a1550c180d89a84f6b6694a42f5?pvs=21),6798,"NT$1,114.00",Food (https://app.notion.com/p/Food-1de52a1550c1808585f7c8d0cbbab341?pvs=21),2024/04/07,,$0.00
停車費,General (https://app.notion.com/p/General-1fe52a1550c180d89a84f6b6694a42f5?pvs=21),6798,NT$30.00,Traffic (https://app.notion.com/p/Traffic-1de52a1550c1807b8ff6e40f804e1127?pvs=21),2024/04/07,,$0.00
早安公雞,General (https://app.notion.com/p/General-1fe52a1550c180d89a84f6b6694a42f5?pvs=21),6798,NT$245.00,Food (https://app.notion.com/p/Food-1de52a1550c1808585f7c8d0cbbab341?pvs=21),2024/04/07,,$0.00
麥當勞,General (https://app.notion.com/p/General-1fe52a1550c180d89a84f6b6694a42f5?pvs=21),7687,NT$310.00,Food (https://app.notion.com/p/Food-1de52a1550c1808585f7c8d0cbbab341?pvs=21),2024/04/06,,$0.00
八曜禾茶,General (https://app.notion.com/p/General-1fe52a1550c180d89a84f6b6694a42f5?pvs=21),7687,NT$135.00,Food (https://app.notion.com/p/Food-1de52a1550c1808585f7c8d0cbbab341?pvs=21),2024/04/06,,$0.00
路易莎,General (https://app.notion.com/p/General-1fe52a1550c180d89a84f6b6694a42f5?pvs=21),7687,NT$134.00,Food (https://app.notion.com/p/Food-1de52a1550c1808585f7c8d0cbbab341?pvs=21),2024/04/06,,$0.00
森米雞蛋糕,General (https://app.notion.com/p/General-1fe52a1550c180d89a84f6b6694a42f5?pvs=21),7687,NT$60.00,Food (https://app.notion.com/p/Food-1de52a1550c1808585f7c8d0cbbab341?pvs=21),2024/04/06,,$0.00
綠茶,General (https://app.notion.com/p/General-1fe52a1550c180d89a84f6b6694a42f5?pvs=21),8326,NT$25.00,Food (https://app.notion.com/p/Food-1de52a1550c1808585f7c8d0cbbab341?pvs=21),2024/04/04,,$0.00
冷氣擋板,Dream (https://app.notion.com/p/Dream-1de52a1550c180a4bc6eee5e921cbc2d?pvs=21),51534,NT$155.00,Groceries (https://app.notion.com/p/Groceries-1de52a1550c180c6be6cdfaeb95cee9a?pvs=21),2024/04/04,,$0.00
烏弄,General (https://app.notion.com/p/General-1fe52a1550c180d89a84f6b6694a42f5?pvs=21),8326,NT$90.00,Food (https://app.notion.com/p/Food-1de52a1550c1808585f7c8d0cbbab341?pvs=21),2024/04/04,,$0.00
捷運,General (https://app.notion.com/p/General-1fe52a1550c180d89a84f6b6694a42f5?pvs=21),8326,NT$65.00,Traffic (https://app.notion.com/p/Traffic-1de52a1550c1807b8ff6e40f804e1127?pvs=21),2024/04/04,,$0.00
台北新竹(新竹),General (https://app.notion.com/p/General-1fe52a1550c180d89a84f6b6694a42f5?pvs=21),8326,NT$260.00,Traffic (https://app.notion.com/p/Traffic-1de52a1550c1807b8ff6e40f804e1127?pvs=21),2024/04/04,,$0.00
蔥抓餅,General (https://app.notion.com/p/General-1fe52a1550c180d89a84f6b6694a42f5?pvs=21),8326,NT$60.00,Food (https://app.notion.com/p/Food-1de52a1550c1808585f7c8d0cbbab341?pvs=21),2024/04/04,,$0.00
永康街牛肉麵,General (https://app.notion.com/p/General-1fe52a1550c180d89a84f6b6694a42f5?pvs=21),8326,NT$390.00,Food (https://app.notion.com/p/Food-1de52a1550c1808585f7c8d0cbbab341?pvs=21),2024/04/04,,$0.00
Spotify月費,General (https://app.notion.com/p/General-1fe52a1550c180d89a84f6b6694a42f5?pvs=21),8326,NT$202.00,Fun (https://app.notion.com/p/Fun-1de52a1550c180f197e2ff3116ec3fa2?pvs=21),2024/04/04,,$0.00
Costco,Dream (https://app.notion.com/p/Dream-1de52a1550c180a4bc6eee5e921cbc2d?pvs=21),52689,"NT$13,529.00",Social (https://app.notion.com/p/Social-1de52a1550c180eaa21cea69f136a638?pvs=21),2024/04/03,Apple watch S9,$0.00
森森燒肉,Couple's (https://app.notion.com/p/Couple-s-1de52a1550c181d39de7eebc343b38cd?pvs=21),-1035,"NT$2,166.00",Food (https://app.notion.com/p/Food-1de52a1550c1808585f7c8d0cbbab341?pvs=21),2024/04/03,,$0.00
Garmin Venu3,Dream (https://app.notion.com/p/Dream-1de52a1550c180a4bc6eee5e921cbc2d?pvs=21),52689,"NT$9,790.00",Fun (https://app.notion.com/p/Fun-1de52a1550c180f197e2ff3116ec3fa2?pvs=21),2024/04/03,,$0.00
GU,Dream (https://app.notion.com/p/Dream-1de52a1550c180a4bc6eee5e921cbc2d?pvs=21),52689,NT$590.00,Clothes (https://app.notion.com/p/Clothes-1de52a1550c181c098ebee3f08c04f38?pvs=21),2024/04/03,,$0.00
Costco,Dream (https://app.notion.com/p/Dream-1de52a1550c180a4bc6eee5e921cbc2d?pvs=21),52689,NT$957.00,Clothes (https://app.notion.com/p/Clothes-1de52a1550c181c098ebee3f08c04f38?pvs=21),2024/04/03,運動衣,$0.00
Costco黑鑽卡,Dream (https://app.notion.com/p/Dream-1de52a1550c180a4bc6eee5e921cbc2d?pvs=21),52689,"NT$1,380.00",Other (https://app.notion.com/p/Other-1de52a1550c1810a92c1c432337241e8?pvs=21),2024/04/03,,$0.00
7-11,General (https://app.notion.com/p/General-1fe52a1550c180d89a84f6b6694a42f5?pvs=21),9418,NT$50.00,Food (https://app.notion.com/p/Food-1de52a1550c1808585f7c8d0cbbab341?pvs=21),2024/04/02,,$0.00
有食間,General (https://app.notion.com/p/General-1fe52a1550c180d89a84f6b6694a42f5?pvs=21),9418,NT$340.00,Food (https://app.notion.com/p/Food-1de52a1550c1808585f7c8d0cbbab341?pvs=21),2024/04/02,,$0.00
龜記,General (https://app.notion.com/p/General-1fe52a1550c180d89a84f6b6694a42f5?pvs=21),9418,NT$60.00,Food (https://app.notion.com/p/Food-1de52a1550c1808585f7c8d0cbbab341?pvs=21),2024/04/02,,$0.00
全聯,General (https://app.notion.com/p/General-1fe52a1550c180d89a84f6b6694a42f5?pvs=21),9868,NT$706.00,Food (https://app.notion.com/p/Food-1de52a1550c1808585f7c8d0cbbab341?pvs=21),2024/04/01,,$0.00
慧通停車費,Savings (https://app.notion.com/p/Savings-1de52a1550c18029b280dc7d9d36cb03?pvs=21),332769,"NT$5,000.00",Traffic (https://app.notion.com/p/Traffic-1de52a1550c1807b8ff6e40f804e1127?pvs=21),2024/04/01,,$0.00
健保費,Fixed (https://app.notion.com/p/Fixed-1de52a1550c180f19995d25cbc6f1038?pvs=21),33107,NT$990.00,Insurance (https://app.notion.com/p/Insurance-1de52a1550c181f09d1dfb6d85985a86?pvs=21),2024/04/01,"
",$0.00
勞保費,Fixed (https://app.notion.com/p/Fixed-1de52a1550c180f19995d25cbc6f1038?pvs=21),33107,"NT$1,100.00",Insurance (https://app.notion.com/p/Insurance-1de52a1550c181f09d1dfb6d85985a86?pvs=21),2024/04/01,"
",$0.00
匯給媽,Fixed (https://app.notion.com/p/Fixed-1de52a1550c180f19995d25cbc6f1038?pvs=21),33107,"NT$6,000.00",Family (https://app.notion.com/p/Family-1de52a1550c181faa107fcc0a73d8120?pvs=21),2024/04/01,"
",$0.00
IKEA,Dream (https://app.notion.com/p/Dream-1de52a1550c180a4bc6eee5e921cbc2d?pvs=21),67381,"NT$1,856.00",Groceries (https://app.notion.com/p/Groceries-1de52a1550c180c6be6cdfaeb95cee9a?pvs=21),2024/03/31,,$0.00
ETC,General (https://app.notion.com/p/General-1fe52a1550c180d89a84f6b6694a42f5?pvs=21),5067,NT$82.00,Traffic (https://app.notion.com/p/Traffic-1de52a1550c1807b8ff6e40f804e1127?pvs=21),2024/03/31,,$0.00
饗AJoy,Dream (https://app.notion.com/p/Dream-1de52a1550c180a4bc6eee5e921cbc2d?pvs=21),67381,"NT$10,824.00",Family (https://app.notion.com/p/Family-1de52a1550c181faa107fcc0a73d8120?pvs=21),2024/03/31,媽60大壽,$0.00
麥當勞,General (https://app.notion.com/p/General-1fe52a1550c180d89a84f6b6694a42f5?pvs=21),5067,NT$138.00,Food (https://app.notion.com/p/Food-1de52a1550c1808585f7c8d0cbbab341?pvs=21),2024/03/31,,$0.00
大茗,General (https://app.notion.com/p/General-1fe52a1550c180d89a84f6b6694a42f5?pvs=21),5067,NT$105.00,Food (https://app.notion.com/p/Food-1de52a1550c1808585f7c8d0cbbab341?pvs=21),2024/03/31,,$0.00
加油費,Dream (https://app.notion.com/p/Dream-1de52a1550c180a4bc6eee5e921cbc2d?pvs=21),67381,"NT$1,714.00",Traffic (https://app.notion.com/p/Traffic-1de52a1550c1807b8ff6e40f804e1127?pvs=21),2024/03/31,,$0.00
滑鼠墊,General (https://app.notion.com/p/General-1fe52a1550c180d89a84f6b6694a42f5?pvs=21),5392,NT$39.00,Fun (https://app.notion.com/p/Fun-1de52a1550c180f197e2ff3116ec3fa2?pvs=21),2024/03/30,,$0.00
3m掛鉤,General (https://app.notion.com/p/General-1fe52a1550c180d89a84f6b6694a42f5?pvs=21),5392,NT$139.00,Groceries (https://app.notion.com/p/Groceries-1de52a1550c180c6be6cdfaeb95cee9a?pvs=21),2024/03/30,,$0.00
墊子,General (https://app.notion.com/p/General-1fe52a1550c180d89a84f6b6694a42f5?pvs=21),5392,NT$79.00,Groceries (https://app.notion.com/p/Groceries-1de52a1550c180c6be6cdfaeb95cee9a?pvs=21),2024/03/30,,$0.00
一沐日,General (https://app.notion.com/p/General-1fe52a1550c180d89a84f6b6694a42f5?pvs=21),5392,NT$60.00,Food (https://app.notion.com/p/Food-1de52a1550c1808585f7c8d0cbbab341?pvs=21),2024/03/30,,$0.00
小木屋鬆餅,General (https://app.notion.com/p/General-1fe52a1550c180d89a84f6b6694a42f5?pvs=21),5392,NT$60.00,Food (https://app.notion.com/p/Food-1de52a1550c1808585f7c8d0cbbab341?pvs=21),2024/03/30,,$0.00
東門雞肉飯,General (https://app.notion.com/p/General-1fe52a1550c180d89a84f6b6694a42f5?pvs=21),5392,NT$170.00,Food (https://app.notion.com/p/Food-1de52a1550c1808585f7c8d0cbbab341?pvs=21),2024/03/30,,$0.00
新人勞工健檢,Dream (https://app.notion.com/p/Dream-1de52a1550c180a4bc6eee5e921cbc2d?pvs=21),77451,"NT$1,950.00",Health (https://app.notion.com/p/Health-1de52a1550c180948ad5c45ef59a5bb8?pvs=21),2024/03/29,,$0.00
加油費,General (https://app.notion.com/p/General-1fe52a1550c180d89a84f6b6694a42f5?pvs=21),5939,NT$153.00,Traffic (https://app.notion.com/p/Traffic-1de52a1550c1807b8ff6e40f804e1127?pvs=21),2024/03/29,,$0.00
50嵐,General (https://app.notion.com/p/General-1fe52a1550c180d89a84f6b6694a42f5?pvs=21),5939,NT$90.00,Food (https://app.notion.com/p/Food-1de52a1550c1808585f7c8d0cbbab341?pvs=21),2024/03/29,,$0.00
下午茶,General (https://app.notion.com/p/General-1fe52a1550c180d89a84f6b6694a42f5?pvs=21),5939,NT$135.00,Food (https://app.notion.com/p/Food-1de52a1550c1808585f7c8d0cbbab341?pvs=21),2024/03/29,,$0.00
禾日香,General (https://app.notion.com/p/General-1fe52a1550c180d89a84f6b6694a42f5?pvs=21),5939,NT$250.00,Food (https://app.notion.com/p/Food-1de52a1550c1808585f7c8d0cbbab341?pvs=21),2024/03/29,,$0.00
外匯手續費,Investment (https://app.notion.com/p/Investment-1de52a1550c1802c9955ec4b84905202?pvs=21),175996,NT$800.00,Other (https://app.notion.com/p/Other-1de52a1550c1810a92c1c432337241e8?pvs=21),2024/03/29,,$0.00
築間火鍋,Dream (https://app.notion.com/p/Dream-1de52a1550c180a4bc6eee5e921cbc2d?pvs=21),-16005,"NT$1,028.00",Food (https://app.notion.com/p/Food-1de52a1550c1808585f7c8d0cbbab341?pvs=21),2024/03/28,,$0.00
立晉豆花,General (https://app.notion.com/p/General-1fe52a1550c180d89a84f6b6694a42f5?pvs=21),1060,NT$65.00,Food (https://app.notion.com/p/Food-1de52a1550c1808585f7c8d0cbbab341?pvs=21),2024/03/27,,$0.00
小洞天,General (https://app.notion.com/p/General-1fe52a1550c180d89a84f6b6694a42f5?pvs=21),1060,NT$115.00,Food (https://app.notion.com/p/Food-1de52a1550c1808585f7c8d0cbbab341?pvs=21),2024/03/27,,$0.00
CoCo,General (https://app.notion.com/p/General-1fe52a1550c180d89a84f6b6694a42f5?pvs=21),1240,NT$60.00,Food (https://app.notion.com/p/Food-1de52a1550c1808585f7c8d0cbbab341?pvs=21),2024/03/26,,$0.00
ETC,General (https://app.notion.com/p/General-1fe52a1550c180d89a84f6b6694a42f5?pvs=21),1240,NT$140.00,Traffic (https://app.notion.com/p/Traffic-1de52a1550c1807b8ff6e40f804e1127?pvs=21),2024/03/26,,$0.00
金飾項鍊,Dream (https://app.notion.com/p/Dream-1de52a1550c180a4bc6eee5e921cbc2d?pvs=21),-14977,"NT$12,800.00",Family (https://app.notion.com/p/Family-1de52a1550c181faa107fcc0a73d8120?pvs=21),2024/03/26,媽60大壽,$0.00
全家,General (https://app.notion.com/p/General-1fe52a1550c180d89a84f6b6694a42f5?pvs=21),1240,NT$40.00,Food (https://app.notion.com/p/Food-1de52a1550c1808585f7c8d0cbbab341?pvs=21),2024/03/26,,$0.00
停車費,General (https://app.notion.com/p/General-1fe52a1550c180d89a84f6b6694a42f5?pvs=21),1240,NT$125.00,Traffic (https://app.notion.com/p/Traffic-1de52a1550c1807b8ff6e40f804e1127?pvs=21),2024/03/26,,$0.00
小販部,General (https://app.notion.com/p/General-1fe52a1550c180d89a84f6b6694a42f5?pvs=21),1605,NT$25.00,Food (https://app.notion.com/p/Food-1de52a1550c1808585f7c8d0cbbab341?pvs=21),2024/03/25,,$0.00
思茶,General (https://app.notion.com/p/General-1fe52a1550c180d89a84f6b6694a42f5?pvs=21),1630,NT$90.00,Food (https://app.notion.com/p/Food-1de52a1550c1808585f7c8d0cbbab341?pvs=21),2024/03/24,,$0.00
潤餅,General (https://app.notion.com/p/General-1fe52a1550c180d89a84f6b6694a42f5?pvs=21),1630,NT$80.00,Food (https://app.notion.com/p/Food-1de52a1550c1808585f7c8d0cbbab341?pvs=21),2024/03/24,,$0.00
水豚,General (https://app.notion.com/p/General-1fe52a1550c180d89a84f6b6694a42f5?pvs=21),1630,NT$210.00,Food (https://app.notion.com/p/Food-1de52a1550c1808585f7c8d0cbbab341?pvs=21),2024/03/24,,$0.00
全聯,General (https://app.notion.com/p/General-1fe52a1550c180d89a84f6b6694a42f5?pvs=21),3045,NT$76.00,Food (https://app.notion.com/p/Food-1de52a1550c1808585f7c8d0cbbab341?pvs=21),2024/03/22,,$0.00
必勝客,General (https://app.notion.com/p/General-1fe52a1550c180d89a84f6b6694a42f5?pvs=21),2010,"NT$1,035.00",Food (https://app.notion.com/p/Food-1de52a1550c1808585f7c8d0cbbab341?pvs=21),2024/03/23,,$0.00
鶖茶,General (https://app.notion.com/p/General-1fe52a1550c180d89a84f6b6694a42f5?pvs=21),3045,NT$50.00,Food (https://app.notion.com/p/Food-1de52a1550c1808585f7c8d0cbbab341?pvs=21),2024/03/22,,$0.00
太河拉麵,General (https://app.notion.com/p/General-1fe52a1550c180d89a84f6b6694a42f5?pvs=21),3045,NT$240.00,Food (https://app.notion.com/p/Food-1de52a1550c1808585f7c8d0cbbab341?pvs=21),2024/03/22,,$0.00
全聯,General (https://app.notion.com/p/General-1fe52a1550c180d89a84f6b6694a42f5?pvs=21),3411,NT$85.00,Food (https://app.notion.com/p/Food-1de52a1550c1808585f7c8d0cbbab341?pvs=21),2024/03/21,,$0.00
手機費,General (https://app.notion.com/p/General-1fe52a1550c180d89a84f6b6694a42f5?pvs=21),3411,NT$664.00,Fun (https://app.notion.com/p/Fun-1de52a1550c180f197e2ff3116ec3fa2?pvs=21),2024/03/21,,$0.00
中華電信網路費,General (https://app.notion.com/p/General-1fe52a1550c180d89a84f6b6694a42f5?pvs=21),3411,NT$848.00,Fun (https://app.notion.com/p/Fun-1de52a1550c180f197e2ff3116ec3fa2?pvs=21),2024/03/21,,$0.00
全聯,General (https://app.notion.com/p/General-1fe52a1550c180d89a84f6b6694a42f5?pvs=21),3411,NT$230.00,Food (https://app.notion.com/p/Food-1de52a1550c1808585f7c8d0cbbab341?pvs=21),2024/03/21,,$0.00
7-11,General (https://app.notion.com/p/General-1fe52a1550c180d89a84f6b6694a42f5?pvs=21),5238,NT$57.00,Food (https://app.notion.com/p/Food-1de52a1550c1808585f7c8d0cbbab341?pvs=21),2024/03/20,,$0.00
Adidas 慢跑鞋,Dream (https://app.notion.com/p/Dream-1de52a1550c180a4bc6eee5e921cbc2d?pvs=21),-2177,"NT$1,799.00",Clothes (https://app.notion.com/p/Clothes-1de52a1550c181c098ebee3f08c04f38?pvs=21),2024/03/20,,$0.00
TC-Link TC70,General (https://app.notion.com/p/General-1fe52a1550c180d89a84f6b6694a42f5?pvs=21),5238,NT$749.00,Groceries (https://app.notion.com/p/Groceries-1de52a1550c180c6be6cdfaeb95cee9a?pvs=21),2024/03/20,,$0.00
刮鬍刀,General (https://app.notion.com/p/General-1fe52a1550c180d89a84f6b6694a42f5?pvs=21),5238,NT$529.00,Groceries (https://app.notion.com/p/Groceries-1de52a1550c180c6be6cdfaeb95cee9a?pvs=21),2024/03/20,,$0.00
寶瀅洗衣精,General (https://app.notion.com/p/General-1fe52a1550c180d89a84f6b6694a42f5?pvs=21),5238,"NT$1,078.00",Groceries (https://app.notion.com/p/Groceries-1de52a1550c180c6be6cdfaeb95cee9a?pvs=21),2024/03/20,,$0.00
50嵐,General (https://app.notion.com/p/General-1fe52a1550c180d89a84f6b6694a42f5?pvs=21),5238,NT$80.00,Food (https://app.notion.com/p/Food-1de52a1550c1808585f7c8d0cbbab341?pvs=21),2024/03/20,,$0.00
東門雞肉飯,General (https://app.notion.com/p/General-1fe52a1550c180d89a84f6b6694a42f5?pvs=21),5238,NT$320.00,Food (https://app.notion.com/p/Food-1de52a1550c1808585f7c8d0cbbab341?pvs=21),2024/03/20,,$0.00
7-11,General (https://app.notion.com/p/General-1fe52a1550c180d89a84f6b6694a42f5?pvs=21),8051,NT$55.00,Food (https://app.notion.com/p/Food-1de52a1550c1808585f7c8d0cbbab341?pvs=21),2024/03/19,,$0.00
竹東排骨酥,General (https://app.notion.com/p/General-1fe52a1550c180d89a84f6b6694a42f5?pvs=21),8051,NT$417.00,Food (https://app.notion.com/p/Food-1de52a1550c1808585f7c8d0cbbab341?pvs=21),2024/03/19,,$0.00
全聯,General (https://app.notion.com/p/General-1fe52a1550c180d89a84f6b6694a42f5?pvs=21),8523,NT$972.00,Food (https://app.notion.com/p/Food-1de52a1550c1808585f7c8d0cbbab341?pvs=21),2024/03/17,,$0.00
清大冰品,General (https://app.notion.com/p/General-1fe52a1550c180d89a84f6b6694a42f5?pvs=21),8523,NT$75.00,Food (https://app.notion.com/p/Food-1de52a1550c1808585f7c8d0cbbab341?pvs=21),2024/03/17,,$0.00
上宇林,General (https://app.notion.com/p/General-1fe52a1550c180d89a84f6b6694a42f5?pvs=21),8523,NT$35.00,Food (https://app.notion.com/p/Food-1de52a1550c1808585f7c8d0cbbab341?pvs=21),2024/03/17,,$0.00
竹美港式,General (https://app.notion.com/p/General-1fe52a1550c180d89a84f6b6694a42f5?pvs=21),8523,NT$793.00,Food (https://app.notion.com/p/Food-1de52a1550c1808585f7c8d0cbbab341?pvs=21),2024/03/17,,$0.00
韓虎嘯,General (https://app.notion.com/p/General-1fe52a1550c180d89a84f6b6694a42f5?pvs=21),10568,"NT$1,449.00",Food (https://app.notion.com/p/Food-1de52a1550c1808585f7c8d0cbbab341?pvs=21),2024/03/16,,$0.00
麵堂,General (https://app.notion.com/p/General-1fe52a1550c180d89a84f6b6694a42f5?pvs=21),8523,NT$170.00,Food (https://app.notion.com/p/Food-1de52a1550c1808585f7c8d0cbbab341?pvs=21),2024/03/17,,$0.00
綠茶,General (https://app.notion.com/p/General-1fe52a1550c180d89a84f6b6694a42f5?pvs=21),10568,NT$25.00,Food (https://app.notion.com/p/Food-1de52a1550c1808585f7c8d0cbbab341?pvs=21),2024/03/16,,$0.00
潤餅,General (https://app.notion.com/p/General-1fe52a1550c180d89a84f6b6694a42f5?pvs=21),12042,NT$80.00,Food (https://app.notion.com/p/Food-1de52a1550c1808585f7c8d0cbbab341?pvs=21),2024/03/15,,$0.00
皇后先生,General (https://app.notion.com/p/General-1fe52a1550c180d89a84f6b6694a42f5?pvs=21),12042,NT$60.00,Food (https://app.notion.com/p/Food-1de52a1550c1808585f7c8d0cbbab341?pvs=21),2024/03/15,,$0.00
加油費,General (https://app.notion.com/p/General-1fe52a1550c180d89a84f6b6694a42f5?pvs=21),12042,NT$153.00,Traffic (https://app.notion.com/p/Traffic-1de52a1550c1807b8ff6e40f804e1127?pvs=21),2024/03/15,,$0.00
房租,Fixed (https://app.notion.com/p/Fixed-1de52a1550c180f19995d25cbc6f1038?pvs=21),21677,"NT$6,750.00",Groceries (https://app.notion.com/p/Groceries-1de52a1550c180c6be6cdfaeb95cee9a?pvs=21),2024/03/15,,$0.00
風味小廚,General (https://app.notion.com/p/General-1fe52a1550c180d89a84f6b6694a42f5?pvs=21),12335,NT$464.00,Food (https://app.notion.com/p/Food-1de52a1550c1808585f7c8d0cbbab341?pvs=21),2024/03/14,,$0.00
全聯,General (https://app.notion.com/p/General-1fe52a1550c180d89a84f6b6694a42f5?pvs=21),12799,NT$242.00,Food (https://app.notion.com/p/Food-1de52a1550c1808585f7c8d0cbbab341?pvs=21),2024/03/13,,$0.00
阿婆早餐,General (https://app.notion.com/p/General-1fe52a1550c180d89a84f6b6694a42f5?pvs=21),12799,NT$55.00,Food (https://app.notion.com/p/Food-1de52a1550c1808585f7c8d0cbbab341?pvs=21),2024/03/13,,$0.00
50嵐,General (https://app.notion.com/p/General-1fe52a1550c180d89a84f6b6694a42f5?pvs=21),12799,NT$50.00,Food (https://app.notion.com/p/Food-1de52a1550c1808585f7c8d0cbbab341?pvs=21),2024/03/13,,$0.00
寶拉身體乳,Dream (https://app.notion.com/p/Dream-1de52a1550c180a4bc6eee5e921cbc2d?pvs=21),-378,"NT$1,650.00",Cosmetics (https://app.notion.com/p/Cosmetics-1de52a1550c181cb93fdfe1a610bf352?pvs=21),2024/03/12,,$0.00
本部活蝦,Couple's (https://app.notion.com/p/Couple-s-1de52a1550c181d39de7eebc343b38cd?pvs=21),-869,"NT$1,126.00",Food (https://app.notion.com/p/Food-1de52a1550c1808585f7c8d0cbbab341?pvs=21),2024/03/12,,$0.00
香蕉煎餅,General (https://app.notion.com/p/General-1fe52a1550c180d89a84f6b6694a42f5?pvs=21),13146,NT$70.00,Food (https://app.notion.com/p/Food-1de52a1550c1808585f7c8d0cbbab341?pvs=21),2024/03/12,,$0.00
第二春滷味,General (https://app.notion.com/p/General-1fe52a1550c180d89a84f6b6694a42f5?pvs=21),13146,NT$150.00,Food (https://app.notion.com/p/Food-1de52a1550c1808585f7c8d0cbbab341?pvs=21),2024/03/12,,$0.00
Windows11 pro + offiec2019,Dream (https://app.notion.com/p/Dream-1de52a1550c180a4bc6eee5e921cbc2d?pvs=21),-378,"NT$1,200.00",Fun (https://app.notion.com/p/Fun-1de52a1550c180f197e2ff3116ec3fa2?pvs=21),2024/03/12,,$0.00
花蓮台北,Dream (https://app.notion.com/p/Dream-1de52a1550c180a4bc6eee5e921cbc2d?pvs=21),2472,NT$440.00,Traffic (https://app.notion.com/p/Traffic-1de52a1550c1807b8ff6e40f804e1127?pvs=21),2024/03/10,,$0.00
寄物櫃,General (https://app.notion.com/p/General-1fe52a1550c180d89a84f6b6694a42f5?pvs=21),13366,NT$20.00,Other (https://app.notion.com/p/Other-1de52a1550c1810a92c1c432337241e8?pvs=21),2024/03/10,,$0.00
台北新竹(新竹),Dream (https://app.notion.com/p/Dream-1de52a1550c180a4bc6eee5e921cbc2d?pvs=21),2472,NT$145.00,Traffic (https://app.notion.com/p/Traffic-1de52a1550c1807b8ff6e40f804e1127?pvs=21),2024/03/10,,$0.00
7-11,General (https://app.notion.com/p/General-1fe52a1550c180d89a84f6b6694a42f5?pvs=21),13366,NT$60.00,Food (https://app.notion.com/p/Food-1de52a1550c1808585f7c8d0cbbab341?pvs=21),2024/03/10,,$0.00
新竹花蓮,Dream (https://app.notion.com/p/Dream-1de52a1550c180a4bc6eee5e921cbc2d?pvs=21),3057,NT$618.00,Traffic (https://app.notion.com/p/Traffic-1de52a1550c1807b8ff6e40f804e1127?pvs=21),2024/03/08,,$0.00
邱記滷味,General (https://app.notion.com/p/General-1fe52a1550c180d89a84f6b6694a42f5?pvs=21),13446,NT$250.00,Food (https://app.notion.com/p/Food-1de52a1550c1808585f7c8d0cbbab341?pvs=21),2024/03/07,,$0.00
全聯,General (https://app.notion.com/p/General-1fe52a1550c180d89a84f6b6694a42f5?pvs=21),13446,NT$93.00,Food (https://app.notion.com/p/Food-1de52a1550c1808585f7c8d0cbbab341?pvs=21),2024/03/07,,$0.00
成功牛排,General (https://app.notion.com/p/General-1fe52a1550c180d89a84f6b6694a42f5?pvs=21),13789,NT$220.00,Food (https://app.notion.com/p/Food-1de52a1550c1808585f7c8d0cbbab341?pvs=21),2024/03/06,,$0.00
大茗,General (https://app.notion.com/p/General-1fe52a1550c180d89a84f6b6694a42f5?pvs=21),14009,NT$95.00,Food (https://app.notion.com/p/Food-1de52a1550c1808585f7c8d0cbbab341?pvs=21),2024/03/05,,$0.00
老雲記,General (https://app.notion.com/p/General-1fe52a1550c180d89a84f6b6694a42f5?pvs=21),14009,NT$390.00,Food (https://app.notion.com/p/Food-1de52a1550c1808585f7c8d0cbbab341?pvs=21),2024/03/05,,$0.00
小鵲幸,Dream (https://app.notion.com/p/Dream-1de52a1550c180a4bc6eee5e921cbc2d?pvs=21),3675,NT$301.00,Food (https://app.notion.com/p/Food-1de52a1550c1808585f7c8d0cbbab341?pvs=21),2024/03/05,,$0.00
玉蘭,General (https://app.notion.com/p/General-1fe52a1550c180d89a84f6b6694a42f5?pvs=21),14009,NT$60.00,Food (https://app.notion.com/p/Food-1de52a1550c1808585f7c8d0cbbab341?pvs=21),2024/03/05,,$0.00
下午茶,General (https://app.notion.com/p/General-1fe52a1550c180d89a84f6b6694a42f5?pvs=21),14554,NT$43.00,Food (https://app.notion.com/p/Food-1de52a1550c1808585f7c8d0cbbab341?pvs=21),2024/03/04,,$0.00
Spotify月費,General (https://app.notion.com/p/General-1fe52a1550c180d89a84f6b6694a42f5?pvs=21),14554,NT$202.00,Fun (https://app.notion.com/p/Fun-1de52a1550c180f197e2ff3116ec3fa2?pvs=21),2024/03/04,,$0.00
全聯,General (https://app.notion.com/p/General-1fe52a1550c180d89a84f6b6694a42f5?pvs=21),14799,NT$518.00,Food (https://app.notion.com/p/Food-1de52a1550c1808585f7c8d0cbbab341?pvs=21),2024/03/03,,$0.00
50嵐,General (https://app.notion.com/p/General-1fe52a1550c180d89a84f6b6694a42f5?pvs=21),14799,NT$100.00,Food (https://app.notion.com/p/Food-1de52a1550c1808585f7c8d0cbbab341?pvs=21),2024/03/03,,$0.00
沙丘2,Couple's (https://app.notion.com/p/Couple-s-1de52a1550c181d39de7eebc343b38cd?pvs=21),257,NT$618.00,Fun (https://app.notion.com/p/Fun-1de52a1550c180f197e2ff3116ec3fa2?pvs=21),2024/03/03,,$0.00
大心,General (https://app.notion.com/p/General-1fe52a1550c180d89a84f6b6694a42f5?pvs=21),14799,NT$470.00,Food (https://app.notion.com/p/Food-1de52a1550c1808585f7c8d0cbbab341?pvs=21),2024/03/03,,$0.00
開鎖,Dream (https://app.notion.com/p/Dream-1de52a1550c180a4bc6eee5e921cbc2d?pvs=21),3976,NT$500.00,Traffic (https://app.notion.com/p/Traffic-1de52a1550c1807b8ff6e40f804e1127?pvs=21),2024/03/03,,$0.00
禾日香,General (https://app.notion.com/p/General-1fe52a1550c180d89a84f6b6694a42f5?pvs=21),12634,NT$380.00,Food (https://app.notion.com/p/Food-1de52a1550c1808585f7c8d0cbbab341?pvs=21),2024/03/02,,$0.00
米樂,General (https://app.notion.com/p/General-1fe52a1550c180d89a84f6b6694a42f5?pvs=21),14799,NT$270.00,Food (https://app.notion.com/p/Food-1de52a1550c1808585f7c8d0cbbab341?pvs=21),2024/03/03,,$0.00
,Dream (https://app.notion.com/p/Dream-1de52a1550c180a4bc6eee5e921cbc2d?pvs=21),4476,NT$488.00,Fun (https://app.notion.com/p/Fun-1de52a1550c180f197e2ff3116ec3fa2?pvs=21),2024/03/01,,$0.00
豆漿,General (https://app.notion.com/p/General-1fe52a1550c180d89a84f6b6694a42f5?pvs=21),13014,NT$30.00,Food (https://app.notion.com/p/Food-1de52a1550c1808585f7c8d0cbbab341?pvs=21),2024/02/29,,$0.00
福利金,General (https://app.notion.com/p/General-1fe52a1550c180d89a84f6b6694a42f5?pvs=21),13014,NT$325.00,Fun (https://app.notion.com/p/Fun-1de52a1550c180f197e2ff3116ec3fa2?pvs=21),2024/02/29,,$0.00
勞保費,Fixed (https://app.notion.com/p/Fixed-1de52a1550c180f19995d25cbc6f1038?pvs=21),28427,"NT$1,100.00",Insurance (https://app.notion.com/p/Insurance-1de52a1550c181f09d1dfb6d85985a86?pvs=21),2024/02/29,"
",$0.00
健保費,Fixed (https://app.notion.com/p/Fixed-1de52a1550c180f19995d25cbc6f1038?pvs=21),28427,NT$990.00,Insurance (https://app.notion.com/p/Insurance-1de52a1550c181f09d1dfb6d85985a86?pvs=21),2024/02/29,"
",$0.00
7-11,General (https://app.notion.com/p/General-1fe52a1550c180d89a84f6b6694a42f5?pvs=21),-6258,NT$84.00,Food (https://app.notion.com/p/Food-1de52a1550c1808585f7c8d0cbbab341?pvs=21),2024/02/28,,$0.00
匯給媽,Fixed (https://app.notion.com/p/Fixed-1de52a1550c180f19995d25cbc6f1038?pvs=21),28427,"NT$6,000.00",Family (https://app.notion.com/p/Family-1de52a1550c181faa107fcc0a73d8120?pvs=21),2024/02/29,"
",$0.00
加油費,General (https://app.notion.com/p/General-1fe52a1550c180d89a84f6b6694a42f5?pvs=21),-6258,NT$160.00,Traffic (https://app.notion.com/p/Traffic-1de52a1550c1807b8ff6e40f804e1127?pvs=21),2024/02/28,,$0.00
烘衣機,General (https://app.notion.com/p/General-1fe52a1550c180d89a84f6b6694a42f5?pvs=21),-6258,NT$40.00,Groceries (https://app.notion.com/p/Groceries-1de52a1550c180c6be6cdfaeb95cee9a?pvs=21),2024/02/28,,$0.00
50嵐,General (https://app.notion.com/p/General-1fe52a1550c180d89a84f6b6694a42f5?pvs=21),-6258,NT$90.00,Food (https://app.notion.com/p/Food-1de52a1550c1808585f7c8d0cbbab341?pvs=21),2024/02/28,,$0.00
可愛家,General (https://app.notion.com/p/General-1fe52a1550c180d89a84f6b6694a42f5?pvs=21),-6258,NT$348.00,Food (https://app.notion.com/p/Food-1de52a1550c1808585f7c8d0cbbab341?pvs=21),2024/02/28,,$0.00
吳記客家湯圓,General (https://app.notion.com/p/General-1fe52a1550c180d89a84f6b6694a42f5?pvs=21),-6258,NT$275.00,Food (https://app.notion.com/p/Food-1de52a1550c1808585f7c8d0cbbab341?pvs=21),2024/02/28,,$0.00
金峰羽球場,General (https://app.notion.com/p/General-1fe52a1550c180d89a84f6b6694a42f5?pvs=21),-6258,NT$267.00,Health (https://app.notion.com/p/Health-1de52a1550c180948ad5c45ef59a5bb8?pvs=21),2024/02/28,,$0.00
延平大飯店,General (https://app.notion.com/p/General-1fe52a1550c180d89a84f6b6694a42f5?pvs=21),-4994,NT$500.00,Food (https://app.notion.com/p/Food-1de52a1550c1808585f7c8d0cbbab341?pvs=21),2024/02/27,,$0.00
鶖茶,General (https://app.notion.com/p/General-1fe52a1550c180d89a84f6b6694a42f5?pvs=21),-4994,NT$65.00,Food (https://app.notion.com/p/Food-1de52a1550c1808585f7c8d0cbbab341?pvs=21),2024/02/27,,$0.00
茶湯會,General (https://app.notion.com/p/General-1fe52a1550c180d89a84f6b6694a42f5?pvs=21),-4429,NT$70.00,Food (https://app.notion.com/p/Food-1de52a1550c1808585f7c8d0cbbab341?pvs=21),2024/02/26,,$0.00
雜物,General (https://app.notion.com/p/General-1fe52a1550c180d89a84f6b6694a42f5?pvs=21),-4429,NT$33.00,Other (https://app.notion.com/p/Other-1de52a1550c1810a92c1c432337241e8?pvs=21),2024/02/26,,$0.00
皇膳湯包,General (https://app.notion.com/p/General-1fe52a1550c180d89a84f6b6694a42f5?pvs=21),-4326,NT$155.00,Food (https://app.notion.com/p/Food-1de52a1550c1808585f7c8d0cbbab341?pvs=21),2024/02/25,,$0.00
遊麵館,General (https://app.notion.com/p/General-1fe52a1550c180d89a84f6b6694a42f5?pvs=21),-3306,NT$265.00,Food (https://app.notion.com/p/Food-1de52a1550c1808585f7c8d0cbbab341?pvs=21),2024/02/24,,$0.00
全聯,General (https://app.notion.com/p/General-1fe52a1550c180d89a84f6b6694a42f5?pvs=21),-4326,NT$865.00,Food (https://app.notion.com/p/Food-1de52a1550c1808585f7c8d0cbbab341?pvs=21),2024/02/25,,$0.00
小木屋鬆餅,General (https://app.notion.com/p/General-1fe52a1550c180d89a84f6b6694a42f5?pvs=21),-3306,NT$54.00,Food (https://app.notion.com/p/Food-1de52a1550c1808585f7c8d0cbbab341?pvs=21),2024/02/24,,$0.00
蔣好的味道,General (https://app.notion.com/p/General-1fe52a1550c180d89a84f6b6694a42f5?pvs=21),-3306,NT$430.00,Food (https://app.notion.com/p/Food-1de52a1550c1808585f7c8d0cbbab341?pvs=21),2024/02/24,,$0.00
肯德基,General (https://app.notion.com/p/General-1fe52a1550c180d89a84f6b6694a42f5?pvs=21),-2557,NT$422.00,Food (https://app.notion.com/p/Food-1de52a1550c1808585f7c8d0cbbab341?pvs=21),2024/02/23,,$0.00
早餐,General (https://app.notion.com/p/General-1fe52a1550c180d89a84f6b6694a42f5?pvs=21),-2135,NT$30.00,Food (https://app.notion.com/p/Food-1de52a1550c1808585f7c8d0cbbab341?pvs=21),2024/02/22,,$0.00
小販部,General (https://app.notion.com/p/General-1fe52a1550c180d89a84f6b6694a42f5?pvs=21),-2135,NT$55.00,Food (https://app.notion.com/p/Food-1de52a1550c1808585f7c8d0cbbab341?pvs=21),2024/02/22,,$0.00
龜記,General (https://app.notion.com/p/General-1fe52a1550c180d89a84f6b6694a42f5?pvs=21),-2050,NT$70.00,Food (https://app.notion.com/p/Food-1de52a1550c1808585f7c8d0cbbab341?pvs=21),2024/02/21,,$0.00
Funte 升降桌,Dream (https://app.notion.com/p/Dream-1de52a1550c180a4bc6eee5e921cbc2d?pvs=21),-17552,"NT$21,088.00",Groceries (https://app.notion.com/p/Groceries-1de52a1550c180c6be6cdfaeb95cee9a?pvs=21),2024/02/20,升降桌17600+掛鉤99+抽屜1490+收納槽699+Health墊1200,$0.00
驗車,Dream (https://app.notion.com/p/Dream-1de52a1550c180a4bc6eee5e921cbc2d?pvs=21),-17552,NT$450.00,Traffic (https://app.notion.com/p/Traffic-1de52a1550c1807b8ff6e40f804e1127?pvs=21),2024/02/20,,$0.00
白鬍子牛排,General (https://app.notion.com/p/General-1fe52a1550c180d89a84f6b6694a42f5?pvs=21),-1980,NT$450.00,Food (https://app.notion.com/p/Food-1de52a1550c1808585f7c8d0cbbab341?pvs=21),2024/02/20,,$0.00
全聯,General (https://app.notion.com/p/General-1fe52a1550c180d89a84f6b6694a42f5?pvs=21),-1530,NT$242.00,Food (https://app.notion.com/p/Food-1de52a1550c1808585f7c8d0cbbab341?pvs=21),2024/02/19,,$0.00
台北交通,General (https://app.notion.com/p/General-1fe52a1550c180d89a84f6b6694a42f5?pvs=21),-1288,NT$57.00,Traffic (https://app.notion.com/p/Traffic-1de52a1550c1807b8ff6e40f804e1127?pvs=21),2024/02/18,,$0.00
襪子,Dream (https://app.notion.com/p/Dream-1de52a1550c180a4bc6eee5e921cbc2d?pvs=21),3986,"NT$1,115.00",Clothes (https://app.notion.com/p/Clothes-1de52a1550c181c098ebee3f08c04f38?pvs=21),2024/02/18,,$0.00
龜記,General (https://app.notion.com/p/General-1fe52a1550c180d89a84f6b6694a42f5?pvs=21),-1288,NT$50.00,Food (https://app.notion.com/p/Food-1de52a1550c1808585f7c8d0cbbab341?pvs=21),2024/02/18,,$0.00
台北新竹(新竹),Dream (https://app.notion.com/p/Dream-1de52a1550c180a4bc6eee5e921cbc2d?pvs=21),3986,NT$130.00,Traffic (https://app.notion.com/p/Traffic-1de52a1550c1807b8ff6e40f804e1127?pvs=21),2024/02/18,,$0.00
新竹台北(亞聯),Dream (https://app.notion.com/p/Dream-1de52a1550c180a4bc6eee5e921cbc2d?pvs=21),3986,NT$170.00,Traffic (https://app.notion.com/p/Traffic-1de52a1550c1807b8ff6e40f804e1127?pvs=21),2024/02/18,,$0.00
嘉義雞肉飯,General (https://app.notion.com/p/General-1fe52a1550c180d89a84f6b6694a42f5?pvs=21),-1288,NT$265.00,Food (https://app.notion.com/p/Food-1de52a1550c1808585f7c8d0cbbab341?pvs=21),2024/02/18,,$0.00
ON蛋白粉,General (https://app.notion.com/p/General-1fe52a1550c180d89a84f6b6694a42f5?pvs=21),-916,"NT$2,399.00",Health (https://app.notion.com/p/Health-1de52a1550c180948ad5c45ef59a5bb8?pvs=21),2024/02/17,,$0.00
柳丁百香金萱,General (https://app.notion.com/p/General-1fe52a1550c180d89a84f6b6694a42f5?pvs=21),-916,NT$225.00,Food (https://app.notion.com/p/Food-1de52a1550c1808585f7c8d0cbbab341?pvs=21),2024/02/17,,$0.00
香蕉牛奶,General (https://app.notion.com/p/General-1fe52a1550c180d89a84f6b6694a42f5?pvs=21),-916,NT$489.00,Food (https://app.notion.com/p/Food-1de52a1550c1808585f7c8d0cbbab341?pvs=21),2024/02/17,,$0.00
益生菌,General (https://app.notion.com/p/General-1fe52a1550c180d89a84f6b6694a42f5?pvs=21),-916,NT$799.00,Health (https://app.notion.com/p/Health-1de52a1550c180948ad5c45ef59a5bb8?pvs=21),2024/02/17,,$0.00
濕式衛生紙,General (https://app.notion.com/p/General-1fe52a1550c180d89a84f6b6694a42f5?pvs=21),-916,NT$615.00,Groceries (https://app.notion.com/p/Groceries-1de52a1550c180c6be6cdfaeb95cee9a?pvs=21),2024/02/17,,$0.00
申記麵食,General (https://app.notion.com/p/General-1fe52a1550c180d89a84f6b6694a42f5?pvs=21),-916,NT$390.00,Food (https://app.notion.com/p/Food-1de52a1550c1808585f7c8d0cbbab341?pvs=21),2024/02/17,,$0.00
衛生紙,General (https://app.notion.com/p/General-1fe52a1550c180d89a84f6b6694a42f5?pvs=21),-916,NT$349.00,Groceries (https://app.notion.com/p/Groceries-1de52a1550c180c6be6cdfaeb95cee9a?pvs=21),2024/02/17,,$0.00
咖啡*16,General (https://app.notion.com/p/General-1fe52a1550c180d89a84f6b6694a42f5?pvs=21),-916,NT$467.00,Food (https://app.notion.com/p/Food-1de52a1550c1808585f7c8d0cbbab341?pvs=21),2024/02/17,,$0.00
小販部,General (https://app.notion.com/p/General-1fe52a1550c180d89a84f6b6694a42f5?pvs=21),4666,NT$23.00,Food (https://app.notion.com/p/Food-1de52a1550c1808585f7c8d0cbbab341?pvs=21),2024/02/16,,$0.00
全聯,General (https://app.notion.com/p/General-1fe52a1550c180d89a84f6b6694a42f5?pvs=21),4666,NT$900.00,Food (https://app.notion.com/p/Food-1de52a1550c1808585f7c8d0cbbab341?pvs=21),2024/02/16,,$0.00
上山採藥洗髮精,General (https://app.notion.com/p/General-1fe52a1550c180d89a84f6b6694a42f5?pvs=21),4666,NT$149.00,Groceries (https://app.notion.com/p/Groceries-1de52a1550c180c6be6cdfaeb95cee9a?pvs=21),2024/02/16,,$0.00
戶籍謄本,General (https://app.notion.com/p/General-1fe52a1550c180d89a84f6b6694a42f5?pvs=21),4666,NT$40.00,Other (https://app.notion.com/p/Other-1de52a1550c1810a92c1c432337241e8?pvs=21),2024/02/16,,$0.00
小販部,General (https://app.notion.com/p/General-1fe52a1550c180d89a84f6b6694a42f5?pvs=21),5778,NT$10.00,Food (https://app.notion.com/p/Food-1de52a1550c1808585f7c8d0cbbab341?pvs=21),2024/02/15,,$0.00
第二春滷味,General (https://app.notion.com/p/General-1fe52a1550c180d89a84f6b6694a42f5?pvs=21),5778,NT$200.00,Food (https://app.notion.com/p/Food-1de52a1550c1808585f7c8d0cbbab341?pvs=21),2024/02/15,,$0.00
停車費,General (https://app.notion.com/p/General-1fe52a1550c180d89a84f6b6694a42f5?pvs=21),5778,NT$10.00,Traffic (https://app.notion.com/p/Traffic-1de52a1550c1807b8ff6e40f804e1127?pvs=21),2024/02/15,,$0.00
7-11,General (https://app.notion.com/p/General-1fe52a1550c180d89a84f6b6694a42f5?pvs=21),5778,NT$53.00,Food (https://app.notion.com/p/Food-1de52a1550c1808585f7c8d0cbbab341?pvs=21),2024/02/15,,$0.00
中華電信手機費,Dream (https://app.notion.com/p/Dream-1de52a1550c180a4bc6eee5e921cbc2d?pvs=21),5401,NT$668.00,Fun (https://app.notion.com/p/Fun-1de52a1550c180f197e2ff3116ec3fa2?pvs=21),2024/02/15,,$0.00
房租,Fixed (https://app.notion.com/p/Fixed-1de52a1550c180f19995d25cbc6f1038?pvs=21),16996,"NT$6,750.00",Groceries (https://app.notion.com/p/Groceries-1de52a1550c180c6be6cdfaeb95cee9a?pvs=21),2024/02/15,,$0.00
饗泰多,Dream (https://app.notion.com/p/Dream-1de52a1550c180a4bc6eee5e921cbc2d?pvs=21),6069,"NT$1,848.00",Food (https://app.notion.com/p/Food-1de52a1550c1808585f7c8d0cbbab341?pvs=21),2024/02/14,,$0.00
機車加油,General (https://app.notion.com/p/General-1fe52a1550c180d89a84f6b6694a42f5?pvs=21),6051,NT$160.00,Traffic (https://app.notion.com/p/Traffic-1de52a1550c1807b8ff6e40f804e1127?pvs=21),2024/02/14,,$0.00
起家雞,General (https://app.notion.com/p/General-1fe52a1550c180d89a84f6b6694a42f5?pvs=21),6211,"NT$1,049.00",Food (https://app.notion.com/p/Food-1de52a1550c1808585f7c8d0cbbab341?pvs=21),2024/02/13,,$0.00
ETC,Dream (https://app.notion.com/p/Dream-1de52a1550c180a4bc6eee5e921cbc2d?pvs=21),6069,NT$126.00,Traffic (https://app.notion.com/p/Traffic-1de52a1550c1807b8ff6e40f804e1127?pvs=21),2024/02/13,,$0.00
50嵐,General (https://app.notion.com/p/General-1fe52a1550c180d89a84f6b6694a42f5?pvs=21),6211,NT$155.00,Food (https://app.notion.com/p/Food-1de52a1550c1808585f7c8d0cbbab341?pvs=21),2024/02/13,,$0.00
全聯,General (https://app.notion.com/p/General-1fe52a1550c180d89a84f6b6694a42f5?pvs=21),6211,NT$568.00,Food (https://app.notion.com/p/Food-1de52a1550c1808585f7c8d0cbbab341?pvs=21),2024/02/13,,$0.00
貢丸,General (https://app.notion.com/p/General-1fe52a1550c180d89a84f6b6694a42f5?pvs=21),7483,NT$570.00,Food (https://app.notion.com/p/Food-1de52a1550c1808585f7c8d0cbbab341?pvs=21),2024/02/12,,$0.00
麥當勞,General (https://app.notion.com/p/General-1fe52a1550c180d89a84f6b6694a42f5?pvs=21),7483,NT$831.00,Food (https://app.notion.com/p/Food-1de52a1550c1808585f7c8d0cbbab341?pvs=21),2024/02/12,,$0.00
康青龍,General (https://app.notion.com/p/General-1fe52a1550c180d89a84f6b6694a42f5?pvs=21),7483,NT$35.00,Food (https://app.notion.com/p/Food-1de52a1550c1808585f7c8d0cbbab341?pvs=21),2024/02/12,,$0.00
清心全福,General (https://app.notion.com/p/General-1fe52a1550c180d89a84f6b6694a42f5?pvs=21),8979,NT$55.00,Food (https://app.notion.com/p/Food-1de52a1550c1808585f7c8d0cbbab341?pvs=21),2024/02/10,,$0.00
咖啡,General (https://app.notion.com/p/General-1fe52a1550c180d89a84f6b6694a42f5?pvs=21),8919,NT$60.00,Food (https://app.notion.com/p/Food-1de52a1550c1808585f7c8d0cbbab341?pvs=21),2024/02/11,,$0.00
置物櫃,General (https://app.notion.com/p/General-1fe52a1550c180d89a84f6b6694a42f5?pvs=21),8979,NT$30.00,Other (https://app.notion.com/p/Other-1de52a1550c1810a92c1c432337241e8?pvs=21),2024/02/10,,$0.00
安全剪,General (https://app.notion.com/p/General-1fe52a1550c180d89a84f6b6694a42f5?pvs=21),8979,NT$99.00,Groceries (https://app.notion.com/p/Groceries-1de52a1550c180c6be6cdfaeb95cee9a?pvs=21),2024/02/10,,$0.00
嚕嚕米轉蛋,General (https://app.notion.com/p/General-1fe52a1550c180d89a84f6b6694a42f5?pvs=21),8979,NT$100.00,Other (https://app.notion.com/p/Other-1de52a1550c1810a92c1c432337241e8?pvs=21),2024/02/10,,$0.00
7-11,General (https://app.notion.com/p/General-1fe52a1550c180d89a84f6b6694a42f5?pvs=21),8979,NT$25.00,Food (https://app.notion.com/p/Food-1de52a1550c1808585f7c8d0cbbab341?pvs=21),2024/02/10,,$0.00
沙威馬,General (https://app.notion.com/p/General-1fe52a1550c180d89a84f6b6694a42f5?pvs=21),8979,NT$55.00,Food (https://app.notion.com/p/Food-1de52a1550c1808585f7c8d0cbbab341?pvs=21),2024/02/10,,$0.00
邱記滷味,General (https://app.notion.com/p/General-1fe52a1550c180d89a84f6b6694a42f5?pvs=21),8979,NT$200.00,Food (https://app.notion.com/p/Food-1de52a1550c1808585f7c8d0cbbab341?pvs=21),2024/02/10,,$0.00
紅包(媽),Dream (https://app.notion.com/p/Dream-1de52a1550c180a4bc6eee5e921cbc2d?pvs=21),6195,"NT$3,000.00",Other (https://app.notion.com/p/Other-1de52a1550c1810a92c1c432337241e8?pvs=21),2024/02/09,,$0.00
停車費,General (https://app.notion.com/p/General-1fe52a1550c180d89a84f6b6694a42f5?pvs=21),9543,NT$40.00,Traffic (https://app.notion.com/p/Traffic-1de52a1550c1807b8ff6e40f804e1127?pvs=21),2024/02/09,,$0.00
紅包(阿嬤),Dream (https://app.notion.com/p/Dream-1de52a1550c180a4bc6eee5e921cbc2d?pvs=21),6195,"NT$1,000.00",Family (https://app.notion.com/p/Family-1de52a1550c181faa107fcc0a73d8120?pvs=21),2024/02/09,,$0.00
紅包(哥),Dream (https://app.notion.com/p/Dream-1de52a1550c180a4bc6eee5e921cbc2d?pvs=21),6195,"NT$1,000.00",Family (https://app.notion.com/p/Family-1de52a1550c181faa107fcc0a73d8120?pvs=21),2024/02/09,,$0.00
Costco,General (https://app.notion.com/p/General-1fe52a1550c180d89a84f6b6694a42f5?pvs=21),7283,NT$454.00,Food (https://app.notion.com/p/Food-1de52a1550c1808585f7c8d0cbbab341?pvs=21),2024/02/07,芭樂檸檬綠189元+楊枝甘露265元,$0.00
紅包(爸),Dream (https://app.notion.com/p/Dream-1de52a1550c180a4bc6eee5e921cbc2d?pvs=21),6195,"NT$1,000.00",Family (https://app.notion.com/p/Family-1de52a1550c181faa107fcc0a73d8120?pvs=21),2024/02/09,,$0.00
停車費,General (https://app.notion.com/p/General-1fe52a1550c180d89a84f6b6694a42f5?pvs=21),7283,NT$80.00,Traffic (https://app.notion.com/p/Traffic-1de52a1550c1807b8ff6e40f804e1127?pvs=21),2024/02/07,,$0.00
和欣台北台南,Dream (https://app.notion.com/p/Dream-1de52a1550c180a4bc6eee5e921cbc2d?pvs=21),11195,NT$575.00,Traffic (https://app.notion.com/p/Traffic-1de52a1550c1807b8ff6e40f804e1127?pvs=21),2024/02/07,,$0.00
ETC,Dream (https://app.notion.com/p/Dream-1de52a1550c180a4bc6eee5e921cbc2d?pvs=21),11195,NT$122.00,Traffic (https://app.notion.com/p/Traffic-1de52a1550c1807b8ff6e40f804e1127?pvs=21),2024/02/07,,$0.00
台鐵花蓮台北,Dream (https://app.notion.com/p/Dream-1de52a1550c180a4bc6eee5e921cbc2d?pvs=21),11195,NT$440.00,Traffic (https://app.notion.com/p/Traffic-1de52a1550c1807b8ff6e40f804e1127?pvs=21),2024/02/07,,$0.00
咖啡,General (https://app.notion.com/p/General-1fe52a1550c180d89a84f6b6694a42f5?pvs=21),7283,NT$90.00,Food (https://app.notion.com/p/Food-1de52a1550c1808585f7c8d0cbbab341?pvs=21),2024/02/07,,$0.00
加油費,Dream (https://app.notion.com/p/Dream-1de52a1550c180a4bc6eee5e921cbc2d?pvs=21),11195,NT$910.00,Traffic (https://app.notion.com/p/Traffic-1de52a1550c1807b8ff6e40f804e1127?pvs=21),2024/02/07,,$0.00
斑馬騷莎,General (https://app.notion.com/p/General-1fe52a1550c180d89a84f6b6694a42f5?pvs=21),7283,NT$945.00,Food (https://app.notion.com/p/Food-1de52a1550c1808585f7c8d0cbbab341?pvs=21),2024/02/07,,$0.00
すき家,General (https://app.notion.com/p/General-1fe52a1550c180d89a84f6b6694a42f5?pvs=21),8852,NT$523.00,Food (https://app.notion.com/p/Food-1de52a1550c1808585f7c8d0cbbab341?pvs=21),2024/02/06,,$0.00
停車費,General (https://app.notion.com/p/General-1fe52a1550c180d89a84f6b6694a42f5?pvs=21),8852,NT$80.00,Traffic (https://app.notion.com/p/Traffic-1de52a1550c1807b8ff6e40f804e1127?pvs=21),2024/02/06,,$0.00
麥當勞,General (https://app.notion.com/p/General-1fe52a1550c180d89a84f6b6694a42f5?pvs=21),8852,NT$192.00,Food (https://app.notion.com/p/Food-1de52a1550c1808585f7c8d0cbbab341?pvs=21),2024/02/06,,$0.00
沐苑,Dream (https://app.notion.com/p/Dream-1de52a1550c180a4bc6eee5e921cbc2d?pvs=21),13242,"NT$3,500.00",Cosmetics (https://app.notion.com/p/Cosmetics-1de52a1550c181cb93fdfe1a610bf352?pvs=21),2024/02/05,,$0.00
茶湯會,General (https://app.notion.com/p/General-1fe52a1550c180d89a84f6b6694a42f5?pvs=21),9447,NT$35.00,Food (https://app.notion.com/p/Food-1de52a1550c1808585f7c8d0cbbab341?pvs=21),2024/02/05,,$0.00
Disney+,General (https://app.notion.com/p/General-1fe52a1550c180d89a84f6b6694a42f5?pvs=21),9482,NT$135.00,Fun (https://app.notion.com/p/Fun-1de52a1550c180f197e2ff3116ec3fa2?pvs=21),2024/02/04,,$0.00
50嵐,General (https://app.notion.com/p/General-1fe52a1550c180d89a84f6b6694a42f5?pvs=21),9482,NT$80.00,Food (https://app.notion.com/p/Food-1de52a1550c1808585f7c8d0cbbab341?pvs=21),2024/02/04,,$0.00
一私,General (https://app.notion.com/p/General-1fe52a1550c180d89a84f6b6694a42f5?pvs=21),9482,NT$300.00,Food (https://app.notion.com/p/Food-1de52a1550c1808585f7c8d0cbbab341?pvs=21),2024/02/04,,$0.00
Spotify月費,General (https://app.notion.com/p/General-1fe52a1550c180d89a84f6b6694a42f5?pvs=21),9482,NT$202.00,Fun (https://app.notion.com/p/Fun-1de52a1550c180f197e2ff3116ec3fa2?pvs=21),2024/02/04,,$0.00
滷味,General (https://app.notion.com/p/General-1fe52a1550c180d89a84f6b6694a42f5?pvs=21),1207,NT$190.00,Food (https://app.notion.com/p/Food-1de52a1550c1808585f7c8d0cbbab341?pvs=21),2024/02/03,,$0.00
竹東排骨酥,General (https://app.notion.com/p/General-1fe52a1550c180d89a84f6b6694a42f5?pvs=21),1207,NT$442.00,Food (https://app.notion.com/p/Food-1de52a1550c1808585f7c8d0cbbab341?pvs=21),2024/02/03,,$0.00
小乖床頭櫃,Dream (https://app.notion.com/p/Dream-1de52a1550c180a4bc6eee5e921cbc2d?pvs=21),16042,"NT$1,416.00",Groceries (https://app.notion.com/p/Groceries-1de52a1550c180c6be6cdfaeb95cee9a?pvs=21),2024/02/03,,$0.00
邱記滷味,General (https://app.notion.com/p/General-1fe52a1550c180d89a84f6b6694a42f5?pvs=21),1207,NT$155.00,Food (https://app.notion.com/p/Food-1de52a1550c1808585f7c8d0cbbab341?pvs=21),2024/02/03,,$0.00
龜記,General (https://app.notion.com/p/General-1fe52a1550c180d89a84f6b6694a42f5?pvs=21),1207,NT$100.00,Food (https://app.notion.com/p/Food-1de52a1550c1808585f7c8d0cbbab341?pvs=21),2024/02/03,,$0.00
小乖柵欄,General (https://app.notion.com/p/General-1fe52a1550c180d89a84f6b6694a42f5?pvs=21),1207,NT$969.00,Groceries (https://app.notion.com/p/Groceries-1de52a1550c180c6be6cdfaeb95cee9a?pvs=21),2024/02/03,,$0.00
全聯,General (https://app.notion.com/p/General-1fe52a1550c180d89a84f6b6694a42f5?pvs=21),3063,NT$220.00,Food (https://app.notion.com/p/Food-1de52a1550c1808585f7c8d0cbbab341?pvs=21),2024/02/02,,$0.00
第二春滷味,General (https://app.notion.com/p/General-1fe52a1550c180d89a84f6b6694a42f5?pvs=21),3283,NT$305.00,Food (https://app.notion.com/p/Food-1de52a1550c1808585f7c8d0cbbab341?pvs=21),2024/02/01,,$0.00
牛奶,General (https://app.notion.com/p/General-1fe52a1550c180d89a84f6b6694a42f5?pvs=21),3283,NT$35.00,Food (https://app.notion.com/p/Food-1de52a1550c1808585f7c8d0cbbab341?pvs=21),2024/02/01,,$0.00
7-11,General (https://app.notion.com/p/General-1fe52a1550c180d89a84f6b6694a42f5?pvs=21),3283,NT$53.00,Food (https://app.notion.com/p/Food-1de52a1550c1808585f7c8d0cbbab341?pvs=21),2024/02/01,,$0.00
立晉豆花,General (https://app.notion.com/p/General-1fe52a1550c180d89a84f6b6694a42f5?pvs=21),3676,NT$75.00,Food (https://app.notion.com/p/Food-1de52a1550c1808585f7c8d0cbbab341?pvs=21),2024/01/31,,$0.00
汽車保費,General (https://app.notion.com/p/General-1fe52a1550c180d89a84f6b6694a42f5?pvs=21),3676,"NT$8,057.00",Insurance (https://app.notion.com/p/Insurance-1de52a1550c181f09d1dfb6d85985a86?pvs=21),2024/01/31,,$0.00
福利金,General (https://app.notion.com/p/General-1fe52a1550c180d89a84f6b6694a42f5?pvs=21),3676,NT$325.00,Fun (https://app.notion.com/p/Fun-1de52a1550c180f197e2ff3116ec3fa2?pvs=21),2024/01/31,,$0.00
所得稅扣繳,Dream (https://app.notion.com/p/Dream-1de52a1550c180a4bc6eee5e921cbc2d?pvs=21),17458,"NT$6,380.00",Other (https://app.notion.com/p/Other-1de52a1550c1810a92c1c432337241e8?pvs=21),2024/01/31,,$0.00
勞保費,Fixed (https://app.notion.com/p/Fixed-1de52a1550c180f19995d25cbc6f1038?pvs=21),23746,"NT$1,100.00",Insurance (https://app.notion.com/p/Insurance-1de52a1550c181f09d1dfb6d85985a86?pvs=21),2024/01/31,"
",$0.00
匯給媽,Fixed (https://app.notion.com/p/Fixed-1de52a1550c180f19995d25cbc6f1038?pvs=21),23746,"NT$6,000.00",Family (https://app.notion.com/p/Family-1de52a1550c181faa107fcc0a73d8120?pvs=21),2024/01/31,"
",$0.00
健保費,Fixed (https://app.notion.com/p/Fixed-1de52a1550c180f19995d25cbc6f1038?pvs=21),23746,NT$990.00,Insurance (https://app.notion.com/p/Insurance-1de52a1550c181f09d1dfb6d85985a86?pvs=21),2024/01/31,"
",$0.00
要活就要動,Dream (https://app.notion.com/p/Dream-1de52a1550c180a4bc6eee5e921cbc2d?pvs=21),-5586,"NT$2,286.00",Health (https://app.notion.com/p/Health-1de52a1550c180948ad5c45ef59a5bb8?pvs=21),2024/01/30,-04/23,$0.00
停車費,Dream (https://app.notion.com/p/Dream-1de52a1550c180a4bc6eee5e921cbc2d?pvs=21),-5586,NT$20.00,Traffic (https://app.notion.com/p/Traffic-1de52a1550c1807b8ff6e40f804e1127?pvs=21),2024/01/30,,$0.00
第二春滷味,General (https://app.notion.com/p/General-1fe52a1550c180d89a84f6b6694a42f5?pvs=21),-9639,NT$310.00,Food (https://app.notion.com/p/Food-1de52a1550c1808585f7c8d0cbbab341?pvs=21),2024/01/30,,$0.00
豆漿,General (https://app.notion.com/p/General-1fe52a1550c180d89a84f6b6694a42f5?pvs=21),-9329,NT$58.00,Food (https://app.notion.com/p/Food-1de52a1550c1808585f7c8d0cbbab341?pvs=21),2024/01/29,,$0.00
全聯,General (https://app.notion.com/p/General-1fe52a1550c180d89a84f6b6694a42f5?pvs=21),-9329,NT$122.00,Food (https://app.notion.com/p/Food-1de52a1550c1808585f7c8d0cbbab341?pvs=21),2024/01/29,,$0.00
烏弄,General (https://app.notion.com/p/General-1fe52a1550c180d89a84f6b6694a42f5?pvs=21),-9149,NT$45.00,Food (https://app.notion.com/p/Food-1de52a1550c1808585f7c8d0cbbab341?pvs=21),2024/01/28,,$0.00
星盤解鎖,Dream (https://app.notion.com/p/Dream-1de52a1550c180a4bc6eee5e921cbc2d?pvs=21),-3280,NT$100.00,Fun (https://app.notion.com/p/Fun-1de52a1550c180f197e2ff3116ec3fa2?pvs=21),2024/01/29,,$0.00
春陽茶室,General (https://app.notion.com/p/General-1fe52a1550c180d89a84f6b6694a42f5?pvs=21),-9149,NT$65.00,Food (https://app.notion.com/p/Food-1de52a1550c1808585f7c8d0cbbab341?pvs=21),2024/01/28,,$0.00
延平大飯店,General (https://app.notion.com/p/General-1fe52a1550c180d89a84f6b6694a42f5?pvs=21),-9149,NT$470.00,Food (https://app.notion.com/p/Food-1de52a1550c1808585f7c8d0cbbab341?pvs=21),2024/01/28,,$0.00
蔣好的味道,General (https://app.notion.com/p/General-1fe52a1550c180d89a84f6b6694a42f5?pvs=21),-9149,NT$330.00,Food (https://app.notion.com/p/Food-1de52a1550c1808585f7c8d0cbbab341?pvs=21),2024/01/28,,$0.00
清潔用品,General (https://app.notion.com/p/General-1fe52a1550c180d89a84f6b6694a42f5?pvs=21),-9149,NT$612.00,Groceries (https://app.notion.com/p/Groceries-1de52a1550c180c6be6cdfaeb95cee9a?pvs=21),2024/01/28,,$0.00
CostcoFood,General (https://app.notion.com/p/General-1fe52a1550c180d89a84f6b6694a42f5?pvs=21),-7627,"NT$1,845.00",Food (https://app.notion.com/p/Food-1de52a1550c1808585f7c8d0cbbab341?pvs=21),2024/01/27,金額3018抵扣1173實付1845,$0.00
思茶,General (https://app.notion.com/p/General-1fe52a1550c180d89a84f6b6694a42f5?pvs=21),-7627,NT$105.00,Food (https://app.notion.com/p/Food-1de52a1550c1808585f7c8d0cbbab341?pvs=21),2024/01/27,,$0.00
機油,Dream (https://app.notion.com/p/Dream-1de52a1550c180a4bc6eee5e921cbc2d?pvs=21),-3180,NT$250.00,Traffic (https://app.notion.com/p/Traffic-1de52a1550c1807b8ff6e40f804e1127?pvs=21),2024/01/26,,$0.00
近燈燈泡,General (https://app.notion.com/p/General-1fe52a1550c180d89a84f6b6694a42f5?pvs=21),-5677,NT$450.00,Traffic (https://app.notion.com/p/Traffic-1de52a1550c1807b8ff6e40f804e1127?pvs=21),2024/01/26,,$0.00
花蓮台北,Dream (https://app.notion.com/p/Dream-1de52a1550c180a4bc6eee5e921cbc2d?pvs=21),-3180,NT$440.00,Traffic (https://app.notion.com/p/Traffic-1de52a1550c1807b8ff6e40f804e1127?pvs=21),2024/01/26,,$0.00
洗碗精補充包,General (https://app.notion.com/p/General-1fe52a1550c180d89a84f6b6694a42f5?pvs=21),-5227,NT$336.00,Groceries (https://app.notion.com/p/Groceries-1de52a1550c180c6be6cdfaeb95cee9a?pvs=21),2024/01/25,,$0.00
全聯,General (https://app.notion.com/p/General-1fe52a1550c180d89a84f6b6694a42f5?pvs=21),-5227,NT$132.00,Food (https://app.notion.com/p/Food-1de52a1550c1808585f7c8d0cbbab341?pvs=21),2024/01/25,,$0.00
手機費,General (https://app.notion.com/p/General-1fe52a1550c180d89a84f6b6694a42f5?pvs=21),-4759,NT$686.00,Fun (https://app.notion.com/p/Fun-1de52a1550c180f197e2ff3116ec3fa2?pvs=21),2024/01/24,,$0.00
小米手環,Dream (https://app.notion.com/p/Dream-1de52a1550c180a4bc6eee5e921cbc2d?pvs=21),-2490,NT$296.00,Fun (https://app.notion.com/p/Fun-1de52a1550c180f197e2ff3116ec3fa2?pvs=21),2024/01/25,,$0.00
小販部,General (https://app.notion.com/p/General-1fe52a1550c180d89a84f6b6694a42f5?pvs=21),-4073,NT$70.00,Food (https://app.notion.com/p/Food-1de52a1550c1808585f7c8d0cbbab341?pvs=21),2024/01/23,,$0.00
全聯,General (https://app.notion.com/p/General-1fe52a1550c180d89a84f6b6694a42f5?pvs=21),-4073,NT$575.00,Food (https://app.notion.com/p/Food-1de52a1550c1808585f7c8d0cbbab341?pvs=21),2024/01/23,,$0.00
加油費,General (https://app.notion.com/p/General-1fe52a1550c180d89a84f6b6694a42f5?pvs=21),-3428,NT$155.00,Traffic (https://app.notion.com/p/Traffic-1de52a1550c1807b8ff6e40f804e1127?pvs=21),2024/01/22,,$0.00
茶湯會,General (https://app.notion.com/p/General-1fe52a1550c180d89a84f6b6694a42f5?pvs=21),-3428,NT$40.00,Food (https://app.notion.com/p/Food-1de52a1550c1808585f7c8d0cbbab341?pvs=21),2024/01/22,,$0.00
7-11,General (https://app.notion.com/p/General-1fe52a1550c180d89a84f6b6694a42f5?pvs=21),-3428,NT$28.00,Food (https://app.notion.com/p/Food-1de52a1550c1808585f7c8d0cbbab341?pvs=21),2024/01/22,,$0.00
粥大福,General (https://app.notion.com/p/General-1fe52a1550c180d89a84f6b6694a42f5?pvs=21),-3428,NT$270.00,Food (https://app.notion.com/p/Food-1de52a1550c1808585f7c8d0cbbab341?pvs=21),2024/01/22,,$0.00
IKEA,General (https://app.notion.com/p/General-1fe52a1550c180d89a84f6b6694a42f5?pvs=21),-2935,NT$20.00,Food (https://app.notion.com/p/Food-1de52a1550c1808585f7c8d0cbbab341?pvs=21),2024/01/21,霜淇淋,$0.00
IKEA,Dream (https://app.notion.com/p/Dream-1de52a1550c180a4bc6eee5e921cbc2d?pvs=21),-2194,"NT$1,516.00",Groceries (https://app.notion.com/p/Groceries-1de52a1550c180c6be6cdfaeb95cee9a?pvs=21),2024/01/21,推車、掛鉤、洗衣籃、杯架,$0.00
ETC,Dream (https://app.notion.com/p/Dream-1de52a1550c180a4bc6eee5e921cbc2d?pvs=21),-2194,NT$155.00,Traffic (https://app.notion.com/p/Traffic-1de52a1550c1807b8ff6e40f804e1127?pvs=21),2024/01/21,,$0.00
加油費,Dream (https://app.notion.com/p/Dream-1de52a1550c180a4bc6eee5e921cbc2d?pvs=21),-2194,"NT$1,402.00",Traffic (https://app.notion.com/p/Traffic-1de52a1550c1807b8ff6e40f804e1127?pvs=21),2024/01/21,,$0.00
Haha baby扭蛋,Dream (https://app.notion.com/p/Dream-1de52a1550c180a4bc6eee5e921cbc2d?pvs=21),-2194,NT$150.00,Fun (https://app.notion.com/p/Fun-1de52a1550c180f197e2ff3116ec3fa2?pvs=21),2024/01/21,,$0.00
一蘭,General (https://app.notion.com/p/General-1fe52a1550c180d89a84f6b6694a42f5?pvs=21),-2935,NT$739.00,Food (https://app.notion.com/p/Food-1de52a1550c1808585f7c8d0cbbab341?pvs=21),2024/01/21,,$0.00
鶖茶,General (https://app.notion.com/p/General-1fe52a1550c180d89a84f6b6694a42f5?pvs=21),-2935,NT$110.00,Food (https://app.notion.com/p/Food-1de52a1550c1808585f7c8d0cbbab341?pvs=21),2024/01/21,,$0.00
璽子牛肉麵,General (https://app.notion.com/p/General-1fe52a1550c180d89a84f6b6694a42f5?pvs=21),-2066,NT$160.00,Food (https://app.notion.com/p/Food-1de52a1550c1808585f7c8d0cbbab341?pvs=21),2024/01/20,,$0.00
新竹動物園,Dream (https://app.notion.com/p/Dream-1de52a1550c180a4bc6eee5e921cbc2d?pvs=21),1029,NT$50.00,Fun (https://app.notion.com/p/Fun-1de52a1550c180f197e2ff3116ec3fa2?pvs=21),2024/01/20,,$0.00
全聯,General (https://app.notion.com/p/General-1fe52a1550c180d89a84f6b6694a42f5?pvs=21),-1776,NT$600.00,Food (https://app.notion.com/p/Food-1de52a1550c1808585f7c8d0cbbab341?pvs=21),2024/01/19,,$0.00
大茗,General (https://app.notion.com/p/General-1fe52a1550c180d89a84f6b6694a42f5?pvs=21),-2066,NT$130.00,Food (https://app.notion.com/p/Food-1de52a1550c1808585f7c8d0cbbab341?pvs=21),2024/01/20,,$0.00
第二春滷味,General (https://app.notion.com/p/General-1fe52a1550c180d89a84f6b6694a42f5?pvs=21),-1176,NT$360.00,Food (https://app.notion.com/p/Food-1de52a1550c1808585f7c8d0cbbab341?pvs=21),2024/01/18,,$0.00
龜記,General (https://app.notion.com/p/General-1fe52a1550c180d89a84f6b6694a42f5?pvs=21),-736,NT$35.00,Food (https://app.notion.com/p/Food-1de52a1550c1808585f7c8d0cbbab341?pvs=21),2024/01/17,,$0.00
7-11,General (https://app.notion.com/p/General-1fe52a1550c180d89a84f6b6694a42f5?pvs=21),-1176,NT$80.00,Food (https://app.notion.com/p/Food-1de52a1550c1808585f7c8d0cbbab341?pvs=21),2024/01/18,,$0.00
五鮮級,General (https://app.notion.com/p/General-1fe52a1550c180d89a84f6b6694a42f5?pvs=21),-576,NT$726.00,Food (https://app.notion.com/p/Food-1de52a1550c1808585f7c8d0cbbab341?pvs=21),2024/01/16,,$0.00
丐幫滷味,General (https://app.notion.com/p/General-1fe52a1550c180d89a84f6b6694a42f5?pvs=21),-736,NT$125.00,Food (https://app.notion.com/p/Food-1de52a1550c1808585f7c8d0cbbab341?pvs=21),2024/01/17,,$0.00
咖啡,General (https://app.notion.com/p/General-1fe52a1550c180d89a84f6b6694a42f5?pvs=21),-576,NT$35.00,Food (https://app.notion.com/p/Food-1de52a1550c1808585f7c8d0cbbab341?pvs=21),2024/01/16,,$0.00
全聯,General (https://app.notion.com/p/General-1fe52a1550c180d89a84f6b6694a42f5?pvs=21),185,NT$242.00,Food (https://app.notion.com/p/Food-1de52a1550c1808585f7c8d0cbbab341?pvs=21),2024/01/15,,$0.00
房租,Fixed (https://app.notion.com/p/Fixed-1de52a1550c180f19995d25cbc6f1038?pvs=21),20372,"NT$6,750.00",Groceries (https://app.notion.com/p/Groceries-1de52a1550c180c6be6cdfaeb95cee9a?pvs=21),2024/01/15,,$0.00
北車101,Dream (https://app.notion.com/p/Dream-1de52a1550c180a4bc6eee5e921cbc2d?pvs=21),1079,NT$25.00,Traffic (https://app.notion.com/p/Traffic-1de52a1550c1807b8ff6e40f804e1127?pvs=21),2024/01/14,,$0.00
CoCo,General (https://app.notion.com/p/General-1fe52a1550c180d89a84f6b6694a42f5?pvs=21),427,NT$60.00,Food (https://app.notion.com/p/Food-1de52a1550c1808585f7c8d0cbbab341?pvs=21),2024/01/14,,$0.00
小時厚牛排,General (https://app.notion.com/p/General-1fe52a1550c180d89a84f6b6694a42f5?pvs=21),427,NT$290.00,Food (https://app.notion.com/p/Food-1de52a1550c1808585f7c8d0cbbab341?pvs=21),2024/01/14,,$0.00
新竹台北來回(豪泰),Dream (https://app.notion.com/p/Dream-1de52a1550c180a4bc6eee5e921cbc2d?pvs=21),1079,NT$300.00,Traffic (https://app.notion.com/p/Traffic-1de52a1550c1807b8ff6e40f804e1127?pvs=21),2024/01/14,,$0.00
良叔叔滷味,General (https://app.notion.com/p/General-1fe52a1550c180d89a84f6b6694a42f5?pvs=21),777,NT$100.00,Food (https://app.notion.com/p/Food-1de52a1550c1808585f7c8d0cbbab341?pvs=21),2024/01/12,,$0.00
嘉鄉豆腐,General (https://app.notion.com/p/General-1fe52a1550c180d89a84f6b6694a42f5?pvs=21),777,NT$100.00,Food (https://app.notion.com/p/Food-1de52a1550c1808585f7c8d0cbbab341?pvs=21),2024/01/12,,$0.00
全聯,General (https://app.notion.com/p/General-1fe52a1550c180d89a84f6b6694a42f5?pvs=21),777,NT$194.00,Food (https://app.notion.com/p/Food-1de52a1550c1808585f7c8d0cbbab341?pvs=21),2024/01/12,,$0.00
咖啡,General (https://app.notion.com/p/General-1fe52a1550c180d89a84f6b6694a42f5?pvs=21),777,NT$35.00,Food (https://app.notion.com/p/Food-1de52a1550c1808585f7c8d0cbbab341?pvs=21),2024/01/12,,$0.00
麻古茶坊,General (https://app.notion.com/p/General-1fe52a1550c180d89a84f6b6694a42f5?pvs=21),777,NT$50.00,Food (https://app.notion.com/p/Food-1de52a1550c1808585f7c8d0cbbab341?pvs=21),2024/01/12,,$0.00
鴨肉油飯,General (https://app.notion.com/p/General-1fe52a1550c180d89a84f6b6694a42f5?pvs=21),1256,NT$120.00,Food (https://app.notion.com/p/Food-1de52a1550c1808585f7c8d0cbbab341?pvs=21),2024/01/11,,$0.00
韓國占卜,Dream (https://app.notion.com/p/Dream-1de52a1550c180a4bc6eee5e921cbc2d?pvs=21),1404,NT$138.00,Fun (https://app.notion.com/p/Fun-1de52a1550c180f197e2ff3116ec3fa2?pvs=21),2024/01/10,,$0.00
第二春滷味,General (https://app.notion.com/p/General-1fe52a1550c180d89a84f6b6694a42f5?pvs=21),1256,NT$350.00,Food (https://app.notion.com/p/Food-1de52a1550c1808585f7c8d0cbbab341?pvs=21),2024/01/11,,$0.00
第二春滷味,General (https://app.notion.com/p/General-1fe52a1550c180d89a84f6b6694a42f5?pvs=21),1726,NT$300.00,Food (https://app.notion.com/p/Food-1de52a1550c1808585f7c8d0cbbab341?pvs=21),2024/01/09,,$0.00
花生牛奶,General (https://app.notion.com/p/General-1fe52a1550c180d89a84f6b6694a42f5?pvs=21),1726,NT$25.00,Food (https://app.notion.com/p/Food-1de52a1550c1808585f7c8d0cbbab341?pvs=21),2024/01/09,,$0.00
全聯,General (https://app.notion.com/p/General-1fe52a1550c180d89a84f6b6694a42f5?pvs=21),2051,NT$170.00,Food (https://app.notion.com/p/Food-1de52a1550c1808585f7c8d0cbbab341?pvs=21),2024/01/08,,$0.00
God of weapons,Dream (https://app.notion.com/p/Dream-1de52a1550c180a4bc6eee5e921cbc2d?pvs=21),1542,NT$101.00,Fun (https://app.notion.com/p/Fun-1de52a1550c180f197e2ff3116ec3fa2?pvs=21),2024/01/09,,$0.00
加油費,General (https://app.notion.com/p/General-1fe52a1550c180d89a84f6b6694a42f5?pvs=21),2051,NT$154.00,Traffic (https://app.notion.com/p/Traffic-1de52a1550c1807b8ff6e40f804e1127?pvs=21),2024/01/08,,$0.00
茶湯會,General (https://app.notion.com/p/General-1fe52a1550c180d89a84f6b6694a42f5?pvs=21),2051,NT$30.00,Food (https://app.notion.com/p/Food-1de52a1550c1808585f7c8d0cbbab341?pvs=21),2024/01/08,,$0.00
全聯,General (https://app.notion.com/p/General-1fe52a1550c180d89a84f6b6694a42f5?pvs=21),2405,NT$134.00,Food (https://app.notion.com/p/Food-1de52a1550c1808585f7c8d0cbbab341?pvs=21),2024/01/07,,$0.00
娃娃機,Dream (https://app.notion.com/p/Dream-1de52a1550c180a4bc6eee5e921cbc2d?pvs=21),1643,NT$130.00,Fun (https://app.notion.com/p/Fun-1de52a1550c180f197e2ff3116ec3fa2?pvs=21),2024/01/07,,$0.00
瓦城,General (https://app.notion.com/p/General-1fe52a1550c180d89a84f6b6694a42f5?pvs=21),2405,"NT$1,133.00",Food (https://app.notion.com/p/Food-1de52a1550c1808585f7c8d0cbbab341?pvs=21),2024/01/07,,$0.00
皮夾,Dream (https://app.notion.com/p/Dream-1de52a1550c180a4bc6eee5e921cbc2d?pvs=21),1643,"NT$1,500.00",Clothes (https://app.notion.com/p/Clothes-1de52a1550c181c098ebee3f08c04f38?pvs=21),2024/01/07,,$0.00
50嵐,General (https://app.notion.com/p/General-1fe52a1550c180d89a84f6b6694a42f5?pvs=21),3672,NT$90.00,Food (https://app.notion.com/p/Food-1de52a1550c1808585f7c8d0cbbab341?pvs=21),2024/01/06,,$0.00
六吋盤,General (https://app.notion.com/p/General-1fe52a1550c180d89a84f6b6694a42f5?pvs=21),3672,NT$365.00,Food (https://app.notion.com/p/Food-1de52a1550c1808585f7c8d0cbbab341?pvs=21),2024/01/06,,$0.00
嘉鄉豆腐,General (https://app.notion.com/p/General-1fe52a1550c180d89a84f6b6694a42f5?pvs=21),4975,NT$130.00,Food (https://app.notion.com/p/Food-1de52a1550c1808585f7c8d0cbbab341?pvs=21),2024/01/04,,$0.00
中華電信網路費,General (https://app.notion.com/p/General-1fe52a1550c180d89a84f6b6694a42f5?pvs=21),4127,NT$848.00,Fun (https://app.notion.com/p/Fun-1de52a1550c180f197e2ff3116ec3fa2?pvs=21),2024/01/05,,$0.00
羊肉爐,General (https://app.notion.com/p/General-1fe52a1550c180d89a84f6b6694a42f5?pvs=21),4975,NT$650.00,Food (https://app.notion.com/p/Food-1de52a1550c1808585f7c8d0cbbab341?pvs=21),2024/01/04,,$0.00
全聯,General (https://app.notion.com/p/General-1fe52a1550c180d89a84f6b6694a42f5?pvs=21),4975,NT$483.00,Food (https://app.notion.com/p/Food-1de52a1550c1808585f7c8d0cbbab341?pvs=21),2024/01/04,,$0.00
Spotify月費,General (https://app.notion.com/p/General-1fe52a1550c180d89a84f6b6694a42f5?pvs=21),4975,NT$202.00,Fun (https://app.notion.com/p/Fun-1de52a1550c180f197e2ff3116ec3fa2?pvs=21),2024/01/04,,$0.00
全聯,General (https://app.notion.com/p/General-1fe52a1550c180d89a84f6b6694a42f5?pvs=21),6440,NT$181.00,Food (https://app.notion.com/p/Food-1de52a1550c1808585f7c8d0cbbab341?pvs=21),2024/01/03,,$0.00
Disney+,Dream (https://app.notion.com/p/Dream-1de52a1550c180a4bc6eee5e921cbc2d?pvs=21),3273,NT$135.00,Fun (https://app.notion.com/p/Fun-1de52a1550c180f197e2ff3116ec3fa2?pvs=21),2024/01/02,,$0.00
第二春滷味,General (https://app.notion.com/p/General-1fe52a1550c180d89a84f6b6694a42f5?pvs=21),6621,NT$310.00,Food (https://app.notion.com/p/Food-1de52a1550c1808585f7c8d0cbbab341?pvs=21),2024/01/02,,$0.00
卡片盒筆記,Dream (https://app.notion.com/p/Dream-1de52a1550c180a4bc6eee5e921cbc2d?pvs=21),3408,NT$231.00,Learning (https://app.notion.com/p/Learning-1de52a1550c181fba52ed20f1907d909?pvs=21),2024/01/01,,$0.00
窮查理的普通常識,Dream (https://app.notion.com/p/Dream-1de52a1550c180a4bc6eee5e921cbc2d?pvs=21),3408,NT$231.00,Learning (https://app.notion.com/p/Learning-1de52a1550c181fba52ed20f1907d909?pvs=21),2024/01/01,,$0.00
人類大歷史,Dream (https://app.notion.com/p/Dream-1de52a1550c180a4bc6eee5e921cbc2d?pvs=21),3408,NT$329.00,Learning (https://app.notion.com/p/Learning-1de52a1550c181fba52ed20f1907d909?pvs=21),2024/01/01,,$0.00
全聯,General (https://app.notion.com/p/General-1fe52a1550c180d89a84f6b6694a42f5?pvs=21),3408,NT$116.00,Food (https://app.notion.com/p/Food-1de52a1550c1808585f7c8d0cbbab341?pvs=21),2024/01/01,,$0.00
五金王,General (https://app.notion.com/p/General-1fe52a1550c180d89a84f6b6694a42f5?pvs=21),12785,NT$114.00,Groceries (https://app.notion.com/p/Groceries-1de52a1550c180c6be6cdfaeb95cee9a?pvs=21),2025/04/22,,$0.00
成功牛排,General (https://app.notion.com/p/General-1fe52a1550c180d89a84f6b6694a42f5?pvs=21),12899,NT$560.00,Food (https://app.notion.com/p/Food-1de52a1550c1808585f7c8d0cbbab341?pvs=21),2025/04/21,,$0.00
IKEA,Dream (https://app.notion.com/p/Dream-1de52a1550c180a4bc6eee5e921cbc2d?pvs=21),-47858,NT$99.00,Groceries (https://app.notion.com/p/Groceries-1de52a1550c180c6be6cdfaeb95cee9a?pvs=21),2025/04/20,,$0.00
五金行,Dream (https://app.notion.com/p/Dream-1de52a1550c180a4bc6eee5e921cbc2d?pvs=21),-47858,NT$659.00,Groceries (https://app.notion.com/p/Groceries-1de52a1550c180c6be6cdfaeb95cee9a?pvs=21),2025/04/20,,$0.00
卡莎米義大利麵,General (https://app.notion.com/p/General-1fe52a1550c180d89a84f6b6694a42f5?pvs=21),13613,NT$165.00,Food (https://app.notion.com/p/Food-1de52a1550c1808585f7c8d0cbbab341?pvs=21),2025/04/20,,$0.00
寶雅,Dream (https://app.notion.com/p/Dream-1de52a1550c180a4bc6eee5e921cbc2d?pvs=21),-47858,NT$500.00,Cosmetics (https://app.notion.com/p/Cosmetics-1de52a1550c181cb93fdfe1a610bf352?pvs=21),2025/04/20,止汗劑,$0.00
50嵐,General (https://app.notion.com/p/General-1fe52a1550c180d89a84f6b6694a42f5?pvs=21),13613,NT$40.00,Food (https://app.notion.com/p/Food-1de52a1550c1808585f7c8d0cbbab341?pvs=21),2025/04/20,,$0.00
IKEA,Dream (https://app.notion.com/p/Dream-1de52a1550c180a4bc6eee5e921cbc2d?pvs=21),-47858,NT$110.00,Groceries (https://app.notion.com/p/Groceries-1de52a1550c180c6be6cdfaeb95cee9a?pvs=21),2025/04/20,,$0.00
樂陽食堂,General (https://app.notion.com/p/General-1fe52a1550c180d89a84f6b6694a42f5?pvs=21),13613,NT$695.00,Food (https://app.notion.com/p/Food-1de52a1550c1808585f7c8d0cbbab341?pvs=21),2025/04/20,,$0.00
IKEA,Dream (https://app.notion.com/p/Dream-1de52a1550c180a4bc6eee5e921cbc2d?pvs=21),-47858,NT$643.00,Groceries (https://app.notion.com/p/Groceries-1de52a1550c180c6be6cdfaeb95cee9a?pvs=21),2025/04/20,,$0.00
包Sir,General (https://app.notion.com/p/General-1fe52a1550c180d89a84f6b6694a42f5?pvs=21),14513,NT$710.00,Food (https://app.notion.com/p/Food-1de52a1550c1808585f7c8d0cbbab341?pvs=21),2025/04/19,,$0.00
全聯,General (https://app.notion.com/p/General-1fe52a1550c180d89a84f6b6694a42f5?pvs=21),15223,NT$275.00,Food (https://app.notion.com/p/Food-1de52a1550c1808585f7c8d0cbbab341?pvs=21),2025/04/18,,$0.00
小鵲幸,General (https://app.notion.com/p/General-1fe52a1550c180d89a84f6b6694a42f5?pvs=21),15223,NT$95.00,Food (https://app.notion.com/p/Food-1de52a1550c1808585f7c8d0cbbab341?pvs=21),2025/04/18,,$0.00
水電費,General (https://app.notion.com/p/General-1fe52a1550c180d89a84f6b6694a42f5?pvs=21),15223,NT$945.00,Groceries (https://app.notion.com/p/Groceries-1de52a1550c180c6be6cdfaeb95cee9a?pvs=21),2025/04/18,,$0.00
蝦皮,Dream (https://app.notion.com/p/Dream-1de52a1550c180a4bc6eee5e921cbc2d?pvs=21),-45847,"NT$1,380.00",Groceries (https://app.notion.com/p/Groceries-1de52a1550c180c6be6cdfaeb95cee9a?pvs=21),2025/04/17,電動理髮機,$0.00
全聯,General (https://app.notion.com/p/General-1fe52a1550c180d89a84f6b6694a42f5?pvs=21),16538,NT$231.00,Food (https://app.notion.com/p/Food-1de52a1550c1808585f7c8d0cbbab341?pvs=21),2025/04/16,,$0.00
7-11,General (https://app.notion.com/p/General-1fe52a1550c180d89a84f6b6694a42f5?pvs=21),16538,NT$82.00,Food (https://app.notion.com/p/Food-1de52a1550c1808585f7c8d0cbbab341?pvs=21),2025/04/16,,$0.00
鏡子,General (https://app.notion.com/p/General-1fe52a1550c180d89a84f6b6694a42f5?pvs=21),16891,NT$49.00,Groceries (https://app.notion.com/p/Groceries-1de52a1550c180c6be6cdfaeb95cee9a?pvs=21),2025/04/15,,$0.00
小洞天,General (https://app.notion.com/p/General-1fe52a1550c180d89a84f6b6694a42f5?pvs=21),16891,NT$95.00,Food (https://app.notion.com/p/Food-1de52a1550c1808585f7c8d0cbbab341?pvs=21),2025/04/15,,$0.00
龜記,General (https://app.notion.com/p/General-1fe52a1550c180d89a84f6b6694a42f5?pvs=21),16891,NT$45.00,Food (https://app.notion.com/p/Food-1de52a1550c1808585f7c8d0cbbab341?pvs=21),2025/04/15,,$0.00
點爭鮮,General (https://app.notion.com/p/General-1fe52a1550c180d89a84f6b6694a42f5?pvs=21),16891,NT$710.00,Food (https://app.notion.com/p/Food-1de52a1550c1808585f7c8d0cbbab341?pvs=21),2025/04/15,,$0.00
Steam,Dream (https://app.notion.com/p/Dream-1de52a1550c180a4bc6eee5e921cbc2d?pvs=21),-44467,"NT$1,000.00",Fun (https://app.notion.com/p/Fun-1de52a1550c180f197e2ff3116ec3fa2?pvs=21),2025/04/15,,$0.00
全聯,General (https://app.notion.com/p/General-1fe52a1550c180d89a84f6b6694a42f5?pvs=21),16891,NT$123.00,Food (https://app.notion.com/p/Food-1de52a1550c1808585f7c8d0cbbab341?pvs=21),2025/04/15,,$0.00
中華電信網路費,General (https://app.notion.com/p/General-1fe52a1550c180d89a84f6b6694a42f5?pvs=21),9581,NT$664.00,Fun (https://app.notion.com/p/Fun-1de52a1550c180f197e2ff3116ec3fa2?pvs=21),2025/05/21,,$0.00
全聯,General (https://app.notion.com/p/General-1fe52a1550c180d89a84f6b6694a42f5?pvs=21),19136,NT$206.00,Food (https://app.notion.com/p/Food-1de52a1550c1808585f7c8d0cbbab341?pvs=21),2025/04/14,,$0.00
中華電信手機費,General (https://app.notion.com/p/General-1fe52a1550c180d89a84f6b6694a42f5?pvs=21),16891,NT$375.00,Fun (https://app.notion.com/p/Fun-1de52a1550c180f197e2ff3116ec3fa2?pvs=21),2025/04/15,,$0.00
丐幫滷味,General (https://app.notion.com/p/General-1fe52a1550c180d89a84f6b6694a42f5?pvs=21),19342,NT$160.00,Food (https://app.notion.com/p/Food-1de52a1550c1808585f7c8d0cbbab341?pvs=21),2025/04/13,,$0.00
豐華小吃,General (https://app.notion.com/p/General-1fe52a1550c180d89a84f6b6694a42f5?pvs=21),19342,NT$480.00,Food (https://app.notion.com/p/Food-1de52a1550c1808585f7c8d0cbbab341?pvs=21),2025/04/13,,$0.00
咖啡,General (https://app.notion.com/p/General-1fe52a1550c180d89a84f6b6694a42f5?pvs=21),16459,NT$35.00,Food (https://app.notion.com/p/Food-1de52a1550c1808585f7c8d0cbbab341?pvs=21),2025/04/10,,$0.00
旭集,Couple's (https://app.notion.com/p/Couple-s-1de52a1550c181d39de7eebc343b38cd?pvs=21),-2201,"NT$3,718.00",Food (https://app.notion.com/p/Food-1de52a1550c1808585f7c8d0cbbab341?pvs=21),2025/04/10,,$0.00
Costco,General (https://app.notion.com/p/General-1fe52a1550c180d89a84f6b6694a42f5?pvs=21),16494,NT$909.00,Food (https://app.notion.com/p/Food-1de52a1550c1808585f7c8d0cbbab341?pvs=21),2025/04/09,,$0.00
迪卡儂,Dream (https://app.notion.com/p/Dream-1de52a1550c180a4bc6eee5e921cbc2d?pvs=21),-45065,NT$347.00,Health (https://app.notion.com/p/Health-1de52a1550c180948ad5c45ef59a5bb8?pvs=21),2025/04/09,,$0.00
今冠奕機車行,General (https://app.notion.com/p/General-1fe52a1550c180d89a84f6b6694a42f5?pvs=21),16494,"NT$1,050.00",Traffic (https://app.notion.com/p/Traffic-1de52a1550c1807b8ff6e40f804e1127?pvs=21),2025/04/09,機油加電瓶,$0.00
玉蘭,General (https://app.notion.com/p/General-1fe52a1550c180d89a84f6b6694a42f5?pvs=21),18453,NT$99.00,Food (https://app.notion.com/p/Food-1de52a1550c1808585f7c8d0cbbab341?pvs=21),2025/04/08,,$0.00
城門芙蓉蛋塔,General (https://app.notion.com/p/General-1fe52a1550c180d89a84f6b6694a42f5?pvs=21),18453,NT$110.00,Food (https://app.notion.com/p/Food-1de52a1550c1808585f7c8d0cbbab341?pvs=21),2025/04/08,,$0.00
7-11,General (https://app.notion.com/p/General-1fe52a1550c180d89a84f6b6694a42f5?pvs=21),18662,NT$63.00,Food (https://app.notion.com/p/Food-1de52a1550c1808585f7c8d0cbbab341?pvs=21),2025/04/07,,$0.00
加油費,General (https://app.notion.com/p/General-1fe52a1550c180d89a84f6b6694a42f5?pvs=21),18725,NT$155.00,Traffic (https://app.notion.com/p/Traffic-1de52a1550c1807b8ff6e40f804e1127?pvs=21),2025/04/06,,$0.00
Costco,General (https://app.notion.com/p/General-1fe52a1550c180d89a84f6b6694a42f5?pvs=21),18725,"NT$2,135.00",Food (https://app.notion.com/p/Food-1de52a1550c1808585f7c8d0cbbab341?pvs=21),2025/04/06,,$0.00
法佬法式吐司,General (https://app.notion.com/p/General-1fe52a1550c180d89a84f6b6694a42f5?pvs=21),18725,NT$675.00,Food (https://app.notion.com/p/Food-1de52a1550c1808585f7c8d0cbbab341?pvs=21),2025/04/06,,$0.00
好樂迪,Couple's (https://app.notion.com/p/Couple-s-1de52a1550c181d39de7eebc343b38cd?pvs=21),1517,"NT$1,032.00",Fun (https://app.notion.com/p/Fun-1de52a1550c180f197e2ff3116ec3fa2?pvs=21),2025/04/06,,$0.00
全聯,General (https://app.notion.com/p/General-1fe52a1550c180d89a84f6b6694a42f5?pvs=21),18725,NT$929.00,Food (https://app.notion.com/p/Food-1de52a1550c1808585f7c8d0cbbab341?pvs=21),2025/04/06,,$0.00
7-11,General (https://app.notion.com/p/General-1fe52a1550c180d89a84f6b6694a42f5?pvs=21),22619,NT$100.00,Food (https://app.notion.com/p/Food-1de52a1550c1808585f7c8d0cbbab341?pvs=21),2025/04/05,,$0.00
Spotify月費,General (https://app.notion.com/p/General-1fe52a1550c180d89a84f6b6694a42f5?pvs=21),22719,NT$202.00,Fun (https://app.notion.com/p/Fun-1de52a1550c180f197e2ff3116ec3fa2?pvs=21),2025/04/04,,$0.00
幸福小館,General (https://app.notion.com/p/General-1fe52a1550c180d89a84f6b6694a42f5?pvs=21),22719,NT$800.00,Food (https://app.notion.com/p/Food-1de52a1550c1808585f7c8d0cbbab341?pvs=21),2025/04/04,,$0.00
北門室食,General (https://app.notion.com/p/General-1fe52a1550c180d89a84f6b6694a42f5?pvs=21),23721,NT$735.00,Food (https://app.notion.com/p/Food-1de52a1550c1808585f7c8d0cbbab341?pvs=21),2025/04/03,,$0.00
全聯,General (https://app.notion.com/p/General-1fe52a1550c180d89a84f6b6694a42f5?pvs=21),24456,NT$301.00,Food (https://app.notion.com/p/Food-1de52a1550c1808585f7c8d0cbbab341?pvs=21),2025/04/02,,$0.00
房租,Fixed (https://app.notion.com/p/Fixed-1de52a1550c180f19995d25cbc6f1038?pvs=21),36095,"NT$7,250.00",Groceries (https://app.notion.com/p/Groceries-1de52a1550c180c6be6cdfaeb95cee9a?pvs=21),2025/04/01,,$0.00
2024汽車停車位,Fixed (https://app.notion.com/p/Fixed-1de52a1550c180f19995d25cbc6f1038?pvs=21),36095,"NT$2,500.00",Traffic (https://app.notion.com/p/Traffic-1de52a1550c1807b8ff6e40f804e1127?pvs=21),2025/04/01,,$0.00
勞保費,Fixed (https://app.notion.com/p/Fixed-1de52a1550c180f19995d25cbc6f1038?pvs=21),36095,"NT$1,145.00",Insurance (https://app.notion.com/p/Insurance-1de52a1550c181f09d1dfb6d85985a86?pvs=21),2025/04/01,"
",$0.00
健保費,Fixed (https://app.notion.com/p/Fixed-1de52a1550c180f19995d25cbc6f1038?pvs=21),36095,"NT$1,036.00",Insurance (https://app.notion.com/p/Insurance-1de52a1550c181f09d1dfb6d85985a86?pvs=21),2025/04/01,"
",$0.00
匯給媽,Fixed (https://app.notion.com/p/Fixed-1de52a1550c180f19995d25cbc6f1038?pvs=21),36095,"NT$6,000.00",Family (https://app.notion.com/p/Family-1de52a1550c181faa107fcc0a73d8120?pvs=21),2025/04/01,"
",$0.00
Disney+,Dream (https://app.notion.com/p/Dream-1de52a1550c180a4bc6eee5e921cbc2d?pvs=21),-49225,"NT$1,680.00",Fun (https://app.notion.com/p/Fun-1de52a1550c180f197e2ff3116ec3fa2?pvs=21),2025/03/31,,$0.00
全聯,General (https://app.notion.com/p/General-1fe52a1550c180d89a84f6b6694a42f5?pvs=21),11743,NT$285.00,Food (https://app.notion.com/p/Food-1de52a1550c1808585f7c8d0cbbab341?pvs=21),2025/03/31,,$0.00
Uniqlo,Dream (https://app.notion.com/p/Dream-1de52a1550c180a4bc6eee5e921cbc2d?pvs=21),-47545,"NT$1,490.00",Clothes (https://app.notion.com/p/Clothes-1de52a1550c181c098ebee3f08c04f38?pvs=21),2025/03/30,,$0.00
Haha baby,General (https://app.notion.com/p/General-1fe52a1550c180d89a84f6b6694a42f5?pvs=21),12028,"NT$1,290.00",Food (https://app.notion.com/p/Food-1de52a1550c1808585f7c8d0cbbab341?pvs=21),2025/03/30,,$0.00
屯京拉麵,General (https://app.notion.com/p/General-1fe52a1550c180d89a84f6b6694a42f5?pvs=21),12028,NT$905.00,Food (https://app.notion.com/p/Food-1de52a1550c1808585f7c8d0cbbab341?pvs=21),2025/03/30,,$0.00
短捲麻,Dream (https://app.notion.com/p/Dream-1de52a1550c180a4bc6eee5e921cbc2d?pvs=21),-46055,"NT$1,398.00",Clothes (https://app.notion.com/p/Clothes-1de52a1550c181c098ebee3f08c04f38?pvs=21),2025/03/28,,$0.00
拾汣茶屋,General (https://app.notion.com/p/General-1fe52a1550c180d89a84f6b6694a42f5?pvs=21),14223,NT$50.00,Food (https://app.notion.com/p/Food-1de52a1550c1808585f7c8d0cbbab341?pvs=21),2025/03/28,,$0.00
Costco,General (https://app.notion.com/p/General-1fe52a1550c180d89a84f6b6694a42f5?pvs=21),14623,NT$659.00,Food (https://app.notion.com/p/Food-1de52a1550c1808585f7c8d0cbbab341?pvs=21),2025/03/26,芒果乾,$0.00
饗香記,General (https://app.notion.com/p/General-1fe52a1550c180d89a84f6b6694a42f5?pvs=21),14223,NT$350.00,Food (https://app.notion.com/p/Food-1de52a1550c1808585f7c8d0cbbab341?pvs=21),2025/03/28,,$0.00
小販部,General (https://app.notion.com/p/General-1fe52a1550c180d89a84f6b6694a42f5?pvs=21),14623,NT$20.00,Food (https://app.notion.com/p/Food-1de52a1550c1808585f7c8d0cbbab341?pvs=21),2025/03/26,,$0.00
東門雞肉飯,General (https://app.notion.com/p/General-1fe52a1550c180d89a84f6b6694a42f5?pvs=21),15568,NT$285.00,Food (https://app.notion.com/p/Food-1de52a1550c1808585f7c8d0cbbab341?pvs=21),2025/03/25,,$0.00
Costco,General (https://app.notion.com/p/General-1fe52a1550c180d89a84f6b6694a42f5?pvs=21),14623,NT$266.00,Food (https://app.notion.com/p/Food-1de52a1550c1808585f7c8d0cbbab341?pvs=21),2025/03/26,,$0.00
丸龜製麵,General (https://app.notion.com/p/General-1fe52a1550c180d89a84f6b6694a42f5?pvs=21),15893,NT$141.00,Food (https://app.notion.com/p/Food-1de52a1550c1808585f7c8d0cbbab341?pvs=21),2025/03/22,,$0.00
大茗,General (https://app.notion.com/p/General-1fe52a1550c180d89a84f6b6694a42f5?pvs=21),15568,NT$40.00,Food (https://app.notion.com/p/Food-1de52a1550c1808585f7c8d0cbbab341?pvs=21),2025/03/25,,$0.00
這味泰泰,General (https://app.notion.com/p/General-1fe52a1550c180d89a84f6b6694a42f5?pvs=21),15893,NT$247.00,Food (https://app.notion.com/p/Food-1de52a1550c1808585f7c8d0cbbab341?pvs=21),2025/03/22,,$0.00
盛煎,General (https://app.notion.com/p/General-1fe52a1550c180d89a84f6b6694a42f5?pvs=21),15893,NT$194.00,Food (https://app.notion.com/p/Food-1de52a1550c1808585f7c8d0cbbab341?pvs=21),2025/03/22,,$0.00
全聯,General (https://app.notion.com/p/General-1fe52a1550c180d89a84f6b6694a42f5?pvs=21),16475,NT$98.00,Food (https://app.notion.com/p/Food-1de52a1550c1808585f7c8d0cbbab341?pvs=21),2025/03/21,,$0.00
柏廷耳鼻喉科,Dream (https://app.notion.com/p/Dream-1de52a1550c180a4bc6eee5e921cbc2d?pvs=21),-43059,NT$400.00,Health (https://app.notion.com/p/Health-1de52a1550c180948ad5c45ef59a5bb8?pvs=21),2025/03/22,,$0.00
全聯,General (https://app.notion.com/p/General-1fe52a1550c180d89a84f6b6694a42f5?pvs=21),16475,NT$144.00,Food (https://app.notion.com/p/Food-1de52a1550c1808585f7c8d0cbbab341?pvs=21),2025/03/21,,$0.00
全聯,General (https://app.notion.com/p/General-1fe52a1550c180d89a84f6b6694a42f5?pvs=21),16801,NT$322.00,Food (https://app.notion.com/p/Food-1de52a1550c1808585f7c8d0cbbab341?pvs=21),2025/03/20,,$0.00
7-11,General (https://app.notion.com/p/General-1fe52a1550c180d89a84f6b6694a42f5?pvs=21),16475,NT$84.00,Food (https://app.notion.com/p/Food-1de52a1550c1808585f7c8d0cbbab341?pvs=21),2025/03/21,,$0.00
Costco,Dream (https://app.notion.com/p/Dream-1de52a1550c180a4bc6eee5e921cbc2d?pvs=21),-42659,NT$854.00,Health (https://app.notion.com/p/Health-1de52a1550c180948ad5c45ef59a5bb8?pvs=21),2025/03/19,,$0.00
Costco,General (https://app.notion.com/p/General-1fe52a1550c180d89a84f6b6694a42f5?pvs=21),17123,NT$248.00,Food (https://app.notion.com/p/Food-1de52a1550c1808585f7c8d0cbbab341?pvs=21),2025/03/19,,$0.00
Costco,General (https://app.notion.com/p/General-1fe52a1550c180d89a84f6b6694a42f5?pvs=21),17123,NT$265.00,Food (https://app.notion.com/p/Food-1de52a1550c1808585f7c8d0cbbab341?pvs=21),2025/03/19,,$0.00
加油費,General (https://app.notion.com/p/General-1fe52a1550c180d89a84f6b6694a42f5?pvs=21),17636,NT$150.00,Traffic (https://app.notion.com/p/Traffic-1de52a1550c1807b8ff6e40f804e1127?pvs=21),2025/03/18,,$0.00
全聯,General (https://app.notion.com/p/General-1fe52a1550c180d89a84f6b6694a42f5?pvs=21),17636,NT$158.00,Food (https://app.notion.com/p/Food-1de52a1550c1808585f7c8d0cbbab341?pvs=21),2025/03/18,,$0.00
香港之旅,Dream (https://app.notion.com/p/Dream-1de52a1550c180a4bc6eee5e921cbc2d?pvs=21),-41805,"NT$10,000.00",Travel (https://app.notion.com/p/Travel-1de52a1550c18102a04df0c968556b0b?pvs=21),2025/03/16,,$0.00
中華電信網路費,General (https://app.notion.com/p/General-1fe52a1550c180d89a84f6b6694a42f5?pvs=21),18099,NT$848.00,Fun (https://app.notion.com/p/Fun-1de52a1550c180f197e2ff3116ec3fa2?pvs=21),2025/03/15,,$0.00
日豪客運,General (https://app.notion.com/p/General-1fe52a1550c180d89a84f6b6694a42f5?pvs=21),17944,NT$155.00,Traffic (https://app.notion.com/p/Traffic-1de52a1550c1807b8ff6e40f804e1127?pvs=21),2025/03/16,桃機新竹,$0.00
星巴克,Dream (https://app.notion.com/p/Dream-1de52a1550c180a4bc6eee5e921cbc2d?pvs=21),-31805,NT$398.00,Food (https://app.notion.com/p/Food-1de52a1550c1808585f7c8d0cbbab341?pvs=21),2025/03/15,,$0.00
中華電信手機費,General (https://app.notion.com/p/General-1fe52a1550c180d89a84f6b6694a42f5?pvs=21),18099,NT$260.00,Fun (https://app.notion.com/p/Fun-1de52a1550c180f197e2ff3116ec3fa2?pvs=21),2025/03/15,,$0.00
Shake Shack,Dream (https://app.notion.com/p/Dream-1de52a1550c180a4bc6eee5e921cbc2d?pvs=21),-31407,NT$660.00,Travel (https://app.notion.com/p/Travel-1de52a1550c18102a04df0c968556b0b?pvs=21),2025/03/14,,$0.00
漢堡王,General (https://app.notion.com/p/General-1fe52a1550c180d89a84f6b6694a42f5?pvs=21),19207,NT$220.00,Food (https://app.notion.com/p/Food-1de52a1550c1808585f7c8d0cbbab341?pvs=21),2025/03/12,,$0.00
日豪客運,Dream (https://app.notion.com/p/Dream-1de52a1550c180a4bc6eee5e921cbc2d?pvs=21),-30747,NT$155.00,Traffic (https://app.notion.com/p/Traffic-1de52a1550c1807b8ff6e40f804e1127?pvs=21),2025/03/12,新竹桃機,$0.00
肯德基,General (https://app.notion.com/p/General-1fe52a1550c180d89a84f6b6694a42f5?pvs=21),19427,NT$535.00,Food (https://app.notion.com/p/Food-1de52a1550c1808585f7c8d0cbbab341?pvs=21),2025/03/11,,$0.00
曾記麻糬,General (https://app.notion.com/p/General-1fe52a1550c180d89a84f6b6694a42f5?pvs=21),19962,NT$350.00,Food (https://app.notion.com/p/Food-1de52a1550c1808585f7c8d0cbbab341?pvs=21),2025/03/09,,$0.00
萌窩窩,Dream (https://app.notion.com/p/Dream-1de52a1550c180a4bc6eee5e921cbc2d?pvs=21),-30592,"NT$2,450.00",Travel (https://app.notion.com/p/Travel-1de52a1550c18102a04df0c968556b0b?pvs=21),2025/03/09,小乖住宿,$0.00
KKday,Dream (https://app.notion.com/p/Dream-1de52a1550c180a4bc6eee5e921cbc2d?pvs=21),-30592,NT$275.00,Travel (https://app.notion.com/p/Travel-1de52a1550c18102a04df0c968556b0b?pvs=21),2025/03/09,中港澳esim,$0.00
韓姜熙小廚房,General (https://app.notion.com/p/General-1fe52a1550c180d89a84f6b6694a42f5?pvs=21),19962,NT$367.00,Food (https://app.notion.com/p/Food-1de52a1550c1808585f7c8d0cbbab341?pvs=21),2025/03/09,,$0.00
7-11,General (https://app.notion.com/p/General-1fe52a1550c180d89a84f6b6694a42f5?pvs=21),19962,NT$39.00,Food (https://app.notion.com/p/Food-1de52a1550c1808585f7c8d0cbbab341?pvs=21),2025/03/09,咖啡,$0.00
豪泰客運,Dream (https://app.notion.com/p/Dream-1de52a1550c180a4bc6eee5e921cbc2d?pvs=21),-30592,NT$160.00,Traffic (https://app.notion.com/p/Traffic-1de52a1550c1807b8ff6e40f804e1127?pvs=21),2025/03/09,台北新竹,$0.00
台鐵,Dream (https://app.notion.com/p/Dream-1de52a1550c180a4bc6eee5e921cbc2d?pvs=21),-30592,NT$440.00,Traffic (https://app.notion.com/p/Traffic-1de52a1550c1807b8ff6e40f804e1127?pvs=21),2025/03/09,花蓮台北,$0.00
台鐵,Dream (https://app.notion.com/p/Dream-1de52a1550c180a4bc6eee5e921cbc2d?pvs=21),-27267,NT$618.00,Traffic (https://app.notion.com/p/Traffic-1de52a1550c1807b8ff6e40f804e1127?pvs=21),2025/03/07,新竹花蓮,$0.00
全聯,General (https://app.notion.com/p/General-1fe52a1550c180d89a84f6b6694a42f5?pvs=21),20718,NT$284.00,Food (https://app.notion.com/p/Food-1de52a1550c1808585f7c8d0cbbab341?pvs=21),2025/03/05,,$0.00
Spotify月費,General (https://app.notion.com/p/General-1fe52a1550c180d89a84f6b6694a42f5?pvs=21),21002,NT$202.00,Fun (https://app.notion.com/p/Fun-1de52a1550c180f197e2ff3116ec3fa2?pvs=21),2025/03/04,,$0.00
加油費,Dream (https://app.notion.com/p/Dream-1de52a1550c180a4bc6eee5e921cbc2d?pvs=21),-26649,"NT$1,359.00",Traffic (https://app.notion.com/p/Traffic-1de52a1550c1807b8ff6e40f804e1127?pvs=21),2025/03/04,,$0.00
ETC,Dream (https://app.notion.com/p/Dream-1de52a1550c180a4bc6eee5e921cbc2d?pvs=21),-26649,"NT$2,000.00",Traffic (https://app.notion.com/p/Traffic-1de52a1550c1807b8ff6e40f804e1127?pvs=21),2025/03/04,,$0.00
50嵐,General (https://app.notion.com/p/General-1fe52a1550c180d89a84f6b6694a42f5?pvs=21),21002,NT$50.00,Food (https://app.notion.com/p/Food-1de52a1550c1808585f7c8d0cbbab341?pvs=21),2025/03/04,,$0.00
東門雞肉飯,General (https://app.notion.com/p/General-1fe52a1550c180d89a84f6b6694a42f5?pvs=21),21002,NT$360.00,Food (https://app.notion.com/p/Food-1de52a1550c1808585f7c8d0cbbab341?pvs=21),2025/03/04,,$0.00
全聯,General (https://app.notion.com/p/General-1fe52a1550c180d89a84f6b6694a42f5?pvs=21),21614,NT$230.00,Food (https://app.notion.com/p/Food-1de52a1550c1808585f7c8d0cbbab341?pvs=21),2025/03/03,,$0.00
Costco,Dream (https://app.notion.com/p/Dream-1de52a1550c180a4bc6eee5e921cbc2d?pvs=21),-23714,"NT$1,048.00",Health (https://app.notion.com/p/Health-1de52a1550c180948ad5c45ef59a5bb8?pvs=21),2025/03/01,,$0.00
Costco,Dream (https://app.notion.com/p/Dream-1de52a1550c180a4bc6eee5e921cbc2d?pvs=21),-23714,"NT$1,239.00",Clothes (https://app.notion.com/p/Clothes-1de52a1550c181c098ebee3f08c04f38?pvs=21),2025/03/01,,$0.00
Costco,General (https://app.notion.com/p/General-1fe52a1550c180d89a84f6b6694a42f5?pvs=21),18745,"NT$1,995.00",Food (https://app.notion.com/p/Food-1de52a1550c1808585f7c8d0cbbab341?pvs=21),2025/03/01,,$0.00
房租,Fixed (https://app.notion.com/p/Fixed-1de52a1550c180f19995d25cbc6f1038?pvs=21),32553,"NT$7,250.00",Groceries (https://app.notion.com/p/Groceries-1de52a1550c180c6be6cdfaeb95cee9a?pvs=21),2025/03/01,,$0.00
2024汽車停車位,Fixed (https://app.notion.com/p/Fixed-1de52a1550c180f19995d25cbc6f1038?pvs=21),32553,"NT$2,500.00",Traffic (https://app.notion.com/p/Traffic-1de52a1550c1807b8ff6e40f804e1127?pvs=21),2025/03/01,,$0.00
勞保費,Fixed (https://app.notion.com/p/Fixed-1de52a1550c180f19995d25cbc6f1038?pvs=21),32553,"NT$1,145.00",Insurance (https://app.notion.com/p/Insurance-1de52a1550c181f09d1dfb6d85985a86?pvs=21),2025/03/01,"
",$0.00
健保費,Fixed (https://app.notion.com/p/Fixed-1de52a1550c180f19995d25cbc6f1038?pvs=21),32553,"NT$1,036.00",Insurance (https://app.notion.com/p/Insurance-1de52a1550c181f09d1dfb6d85985a86?pvs=21),2025/03/01,"
",$0.00
50嵐,General (https://app.notion.com/p/General-1fe52a1550c180d89a84f6b6694a42f5?pvs=21),7726,NT$130.00,Food (https://app.notion.com/p/Food-1de52a1550c1808585f7c8d0cbbab341?pvs=21),2025/02/28,,$0.00
匯給媽,Fixed (https://app.notion.com/p/Fixed-1de52a1550c180f19995d25cbc6f1038?pvs=21),32553,"NT$6,000.00",Family (https://app.notion.com/p/Family-1de52a1550c181faa107fcc0a73d8120?pvs=21),2025/03/01,"
",$0.00
全聯,General (https://app.notion.com/p/General-1fe52a1550c180d89a84f6b6694a42f5?pvs=21),9491,NT$103.00,Food (https://app.notion.com/p/Food-1de52a1550c1808585f7c8d0cbbab341?pvs=21),2025/02/27,,$0.00
璽子牛肉麵,General (https://app.notion.com/p/General-1fe52a1550c180d89a84f6b6694a42f5?pvs=21),7726,"NT$1,635.00",Food (https://app.notion.com/p/Food-1de52a1550c1808585f7c8d0cbbab341?pvs=21),2025/02/28,,$0.00
水費,General (https://app.notion.com/p/General-1fe52a1550c180d89a84f6b6694a42f5?pvs=21),9594,NT$238.00,Groceries (https://app.notion.com/p/Groceries-1de52a1550c180c6be6cdfaeb95cee9a?pvs=21),2025/02/26,,$0.00
延平大飯店,General (https://app.notion.com/p/General-1fe52a1550c180d89a84f6b6694a42f5?pvs=21),9594,NT$510.00,Food (https://app.notion.com/p/Food-1de52a1550c1808585f7c8d0cbbab341?pvs=21),2025/02/26,,$0.00
電費,General (https://app.notion.com/p/General-1fe52a1550c180d89a84f6b6694a42f5?pvs=21),9594,"NT$1,329.00",Groceries (https://app.notion.com/p/Groceries-1de52a1550c180c6be6cdfaeb95cee9a?pvs=21),2025/02/26,,$0.00
全聯,General (https://app.notion.com/p/General-1fe52a1550c180d89a84f6b6694a42f5?pvs=21),9594,NT$370.00,Food (https://app.notion.com/p/Food-1de52a1550c1808585f7c8d0cbbab341?pvs=21),2025/02/26,,$0.00
7-11,General (https://app.notion.com/p/General-1fe52a1550c180d89a84f6b6694a42f5?pvs=21),9594,NT$100.00,Food (https://app.notion.com/p/Food-1de52a1550c1808585f7c8d0cbbab341?pvs=21),2025/02/26,,$0.00
加油費,General (https://app.notion.com/p/General-1fe52a1550c180d89a84f6b6694a42f5?pvs=21),9594,NT$159.00,Traffic (https://app.notion.com/p/Traffic-1de52a1550c1807b8ff6e40f804e1127?pvs=21),2025/02/26,,$0.00
麥當勞,General (https://app.notion.com/p/General-1fe52a1550c180d89a84f6b6694a42f5?pvs=21),12300,NT$487.00,Food (https://app.notion.com/p/Food-1de52a1550c1808585f7c8d0cbbab341?pvs=21),2025/02/24,,$0.00
鼎泰豐,Couple's (https://app.notion.com/p/Couple-s-1de52a1550c181d39de7eebc343b38cd?pvs=21),-1451,"NT$1,919.00",Food (https://app.notion.com/p/Food-1de52a1550c1808585f7c8d0cbbab341?pvs=21),2025/02/22,,$0.00
7-11,General (https://app.notion.com/p/General-1fe52a1550c180d89a84f6b6694a42f5?pvs=21),12787,NT$85.00,Food (https://app.notion.com/p/Food-1de52a1550c1808585f7c8d0cbbab341?pvs=21),2025/02/21,,$0.00
無印良品,Dream (https://app.notion.com/p/Dream-1de52a1550c180a4bc6eee5e921cbc2d?pvs=21),-28718,NT$538.00,Groceries (https://app.notion.com/p/Groceries-1de52a1550c180c6be6cdfaeb95cee9a?pvs=21),2025/02/21,,$0.00
東京純豆腐,Couple's (https://app.notion.com/p/Couple-s-1de52a1550c181d39de7eebc343b38cd?pvs=21),468,"NT$1,005.00",Food (https://app.notion.com/p/Food-1de52a1550c1808585f7c8d0cbbab341?pvs=21),2025/02/21,,$0.00
全聯,General (https://app.notion.com/p/General-1fe52a1550c180d89a84f6b6694a42f5?pvs=21),12872,NT$234.00,Food (https://app.notion.com/p/Food-1de52a1550c1808585f7c8d0cbbab341?pvs=21),2025/02/20,,$0.00
Uniqlo,Dream (https://app.notion.com/p/Dream-1de52a1550c180a4bc6eee5e921cbc2d?pvs=21),-28718,"NT$1,180.00",Clothes (https://app.notion.com/p/Clothes-1de52a1550c181c098ebee3f08c04f38?pvs=21),2025/02/21,,$0.00
東門雞肉飯,General (https://app.notion.com/p/General-1fe52a1550c180d89a84f6b6694a42f5?pvs=21),13106,NT$365.00,Food (https://app.notion.com/p/Food-1de52a1550c1808585f7c8d0cbbab341?pvs=21),2025/02/18,,$0.00
城門芙蓉蛋塔,General (https://app.notion.com/p/General-1fe52a1550c180d89a84f6b6694a42f5?pvs=21),13106,NT$110.00,Food (https://app.notion.com/p/Food-1de52a1550c1808585f7c8d0cbbab341?pvs=21),2025/02/18,,$0.00
全聯,General (https://app.notion.com/p/General-1fe52a1550c180d89a84f6b6694a42f5?pvs=21),13581,NT$491.00,Food (https://app.notion.com/p/Food-1de52a1550c1808585f7c8d0cbbab341?pvs=21),2025/02/17,,$0.00
動物園市集,General (https://app.notion.com/p/General-1fe52a1550c180d89a84f6b6694a42f5?pvs=21),14072,NT$250.00,Food (https://app.notion.com/p/Food-1de52a1550c1808585f7c8d0cbbab341?pvs=21),2025/02/16,,$0.00
動物園市集,General (https://app.notion.com/p/General-1fe52a1550c180d89a84f6b6694a42f5?pvs=21),14072,NT$160.00,Food (https://app.notion.com/p/Food-1de52a1550c1808585f7c8d0cbbab341?pvs=21),2025/02/16,,$0.00
曾家乾麵,General (https://app.notion.com/p/General-1fe52a1550c180d89a84f6b6694a42f5?pvs=21),14072,NT$140.00,Food (https://app.notion.com/p/Food-1de52a1550c1808585f7c8d0cbbab341?pvs=21),2025/02/16,,$0.00
動物園市集,General (https://app.notion.com/p/General-1fe52a1550c180d89a84f6b6694a42f5?pvs=21),14072,NT$110.00,Food (https://app.notion.com/p/Food-1de52a1550c1808585f7c8d0cbbab341?pvs=21),2025/02/16,,$0.00
城隍廟,General (https://app.notion.com/p/General-1fe52a1550c180d89a84f6b6694a42f5?pvs=21),14732,NT$60.00,Food (https://app.notion.com/p/Food-1de52a1550c1808585f7c8d0cbbab341?pvs=21),2025/02/15,麻糬,$0.00
中華電信網路費,General (https://app.notion.com/p/General-1fe52a1550c180d89a84f6b6694a42f5?pvs=21),14732,NT$848.00,Fun (https://app.notion.com/p/Fun-1de52a1550c180f197e2ff3116ec3fa2?pvs=21),2025/02/15,,$0.00
大埔鐵板燒,General (https://app.notion.com/p/General-1fe52a1550c180d89a84f6b6694a42f5?pvs=21),14732,NT$555.00,Food (https://app.notion.com/p/Food-1de52a1550c1808585f7c8d0cbbab341?pvs=21),2025/02/15,,$0.00
CoCo,General (https://app.notion.com/p/General-1fe52a1550c180d89a84f6b6694a42f5?pvs=21),14732,NT$45.00,Food (https://app.notion.com/p/Food-1de52a1550c1808585f7c8d0cbbab341?pvs=21),2025/02/15,,$0.00
中華電信手機費,General (https://app.notion.com/p/General-1fe52a1550c180d89a84f6b6694a42f5?pvs=21),14732,NT$0.00,Fun (https://app.notion.com/p/Fun-1de52a1550c180f197e2ff3116ec3fa2?pvs=21),2025/02/15,,$0.00
文來洞,General (https://app.notion.com/p/General-1fe52a1550c180d89a84f6b6694a42f5?pvs=21),16240,NT$773.00,Food (https://app.notion.com/p/Food-1de52a1550c1808585f7c8d0cbbab341?pvs=21),2025/02/14,,$0.00
麥當勞,General (https://app.notion.com/p/General-1fe52a1550c180d89a84f6b6694a42f5?pvs=21),17013,NT$452.00,Food (https://app.notion.com/p/Food-1de52a1550c1808585f7c8d0cbbab341?pvs=21),2025/02/13,,$0.00
國泰航空,Dream (https://app.notion.com/p/Dream-1de52a1550c180a4bc6eee5e921cbc2d?pvs=21),-27000,"NT$6,814.00",Travel (https://app.notion.com/p/Travel-1de52a1550c18102a04df0c968556b0b?pvs=21),2025/02/12,台北香港來回,$0.00
Costco,General (https://app.notion.com/p/General-1fe52a1550c180d89a84f6b6694a42f5?pvs=21),17465,"NT$1,186.00",Food (https://app.notion.com/p/Food-1de52a1550c1808585f7c8d0cbbab341?pvs=21),2025/02/11,,$0.00
長汎Travel,Dream (https://app.notion.com/p/Dream-1de52a1550c180a4bc6eee5e921cbc2d?pvs=21),-20186,"NT$3,400.00",Travel (https://app.notion.com/p/Travel-1de52a1550c18102a04df0c968556b0b?pvs=21),2025/02/11,台胞證*2,$0.00
東門雞肉飯,General (https://app.notion.com/p/General-1fe52a1550c180d89a84f6b6694a42f5?pvs=21),17465,NT$390.00,Food (https://app.notion.com/p/Food-1de52a1550c1808585f7c8d0cbbab341?pvs=21),2025/02/11,,$0.00
Costco,Dream (https://app.notion.com/p/Dream-1de52a1550c180a4bc6eee5e921cbc2d?pvs=21),-20186,NT$499.00,Groceries (https://app.notion.com/p/Groceries-1de52a1550c180c6be6cdfaeb95cee9a?pvs=21),2025/02/11,OxiClean,$0.00
7-11,General (https://app.notion.com/p/General-1fe52a1550c180d89a84f6b6694a42f5?pvs=21),19041,NT$90.00,Food (https://app.notion.com/p/Food-1de52a1550c1808585f7c8d0cbbab341?pvs=21),2025/02/10,,$0.00
加油費,General (https://app.notion.com/p/General-1fe52a1550c180d89a84f6b6694a42f5?pvs=21),19041,NT$160.00,Traffic (https://app.notion.com/p/Traffic-1de52a1550c1807b8ff6e40f804e1127?pvs=21),2025/02/10,,$0.00
四海遊龍,General (https://app.notion.com/p/General-1fe52a1550c180d89a84f6b6694a42f5?pvs=21),19291,NT$309.00,Food (https://app.notion.com/p/Food-1de52a1550c1808585f7c8d0cbbab341?pvs=21),2025/02/09,,$0.00
全聯,General (https://app.notion.com/p/General-1fe52a1550c180d89a84f6b6694a42f5?pvs=21),19600,NT$499.00,Food (https://app.notion.com/p/Food-1de52a1550c1808585f7c8d0cbbab341?pvs=21),2025/02/08,,$0.00
小販部,General (https://app.notion.com/p/General-1fe52a1550c180d89a84f6b6694a42f5?pvs=21),20099,NT$50.00,Food (https://app.notion.com/p/Food-1de52a1550c1808585f7c8d0cbbab341?pvs=21),2025/02/07,,$0.00
全聯,General (https://app.notion.com/p/General-1fe52a1550c180d89a84f6b6694a42f5?pvs=21),20149,NT$452.00,Food (https://app.notion.com/p/Food-1de52a1550c1808585f7c8d0cbbab341?pvs=21),2025/02/06,,$0.00
五鮮級,General (https://app.notion.com/p/General-1fe52a1550c180d89a84f6b6694a42f5?pvs=21),20601,NT$910.00,Food (https://app.notion.com/p/Food-1de52a1550c1808585f7c8d0cbbab341?pvs=21),2025/02/04,,$0.00
7-11,General (https://app.notion.com/p/General-1fe52a1550c180d89a84f6b6694a42f5?pvs=21),20601,NT$75.00,Food (https://app.notion.com/p/Food-1de52a1550c1808585f7c8d0cbbab341?pvs=21),2025/02/04,,$0.00
Spotify月費,General (https://app.notion.com/p/General-1fe52a1550c180d89a84f6b6694a42f5?pvs=21),20601,NT$202.00,Fun (https://app.notion.com/p/Fun-1de52a1550c180f197e2ff3116ec3fa2?pvs=21),2025/02/04,,$0.00
輕鬆美膚,Dream (https://app.notion.com/p/Dream-1de52a1550c180a4bc6eee5e921cbc2d?pvs=21),-16711,"NT$2,826.00",Cosmetics (https://app.notion.com/p/Cosmetics-1de52a1550c181cb93fdfe1a610bf352?pvs=21),2025/02/02,,$0.00
Costco,General (https://app.notion.com/p/General-1fe52a1550c180d89a84f6b6694a42f5?pvs=21),18689,NT$299.00,Food (https://app.notion.com/p/Food-1de52a1550c1808585f7c8d0cbbab341?pvs=21),2025/02/02,,$0.00
Costco,Dream (https://app.notion.com/p/Dream-1de52a1550c180a4bc6eee5e921cbc2d?pvs=21),-16711,"NT$5,525.00",Groceries (https://app.notion.com/p/Groceries-1de52a1550c180c6be6cdfaeb95cee9a?pvs=21),2025/02/02,,$0.00
五金行,Dream (https://app.notion.com/p/Dream-1de52a1550c180a4bc6eee5e921cbc2d?pvs=21),-16711,NT$243.00,Groceries (https://app.notion.com/p/Groceries-1de52a1550c180c6be6cdfaeb95cee9a?pvs=21),2025/02/02,,$0.00
停車費,Dream (https://app.notion.com/p/Dream-1de52a1550c180a4bc6eee5e921cbc2d?pvs=21),-16711,NT$100.00,Traffic (https://app.notion.com/p/Traffic-1de52a1550c1807b8ff6e40f804e1127?pvs=21),2025/02/02,,$0.00
IKEA,Dream (https://app.notion.com/p/Dream-1de52a1550c180a4bc6eee5e921cbc2d?pvs=21),-16711,NT$619.00,Groceries (https://app.notion.com/p/Groceries-1de52a1550c180c6be6cdfaeb95cee9a?pvs=21),2025/02/02,,$0.00
吃肉肉,Couple's (https://app.notion.com/p/Couple-s-1de52a1550c181d39de7eebc343b38cd?pvs=21),-527,"NT$2,570.00",Food (https://app.notion.com/p/Food-1de52a1550c1808585f7c8d0cbbab341?pvs=21),2025/02/02,,$0.00
ETC,Dream (https://app.notion.com/p/Dream-1de52a1550c180a4bc6eee5e921cbc2d?pvs=21),-9098,NT$206.00,Traffic (https://app.notion.com/p/Traffic-1de52a1550c1807b8ff6e40f804e1127?pvs=21),2025/02/01,,$0.00
勞保費,Fixed (https://app.notion.com/p/Fixed-1de52a1550c180f19995d25cbc6f1038?pvs=21),29011,"NT$1,145.00",Insurance (https://app.notion.com/p/Insurance-1de52a1550c181f09d1dfb6d85985a86?pvs=21),2025/02/01,"
",$0.00
房租,Fixed (https://app.notion.com/p/Fixed-1de52a1550c180f19995d25cbc6f1038?pvs=21),29011,"NT$7,250.00",Groceries (https://app.notion.com/p/Groceries-1de52a1550c180c6be6cdfaeb95cee9a?pvs=21),2025/02/01,,$0.00
2024汽車停車位,Fixed (https://app.notion.com/p/Fixed-1de52a1550c180f19995d25cbc6f1038?pvs=21),29011,"NT$2,500.00",Traffic (https://app.notion.com/p/Traffic-1de52a1550c1807b8ff6e40f804e1127?pvs=21),2025/02/01,,$0.00
匯給媽,Fixed (https://app.notion.com/p/Fixed-1de52a1550c180f19995d25cbc6f1038?pvs=21),29011,"NT$6,000.00",Family (https://app.notion.com/p/Family-1de52a1550c181faa107fcc0a73d8120?pvs=21),2025/02/01,"
",$0.00
健保費,Fixed (https://app.notion.com/p/Fixed-1de52a1550c180f19995d25cbc6f1038?pvs=21),29011,"NT$1,036.00",Insurance (https://app.notion.com/p/Insurance-1de52a1550c181f09d1dfb6d85985a86?pvs=21),2025/02/01,"
",$0.00
紅太陽,General (https://app.notion.com/p/General-1fe52a1550c180d89a84f6b6694a42f5?pvs=21),5974,NT$140.00,Food (https://app.notion.com/p/Food-1de52a1550c1808585f7c8d0cbbab341?pvs=21),2025/01/31,,$0.00
加油費,Dream (https://app.notion.com/p/Dream-1de52a1550c180a4bc6eee5e921cbc2d?pvs=21),-15399,"NT$1,571.00",Traffic (https://app.notion.com/p/Traffic-1de52a1550c1807b8ff6e40f804e1127?pvs=21),2025/01/31,,$0.00
彩卷行,Dream (https://app.notion.com/p/Dream-1de52a1550c180a4bc6eee5e921cbc2d?pvs=21),-15399,NT$400.00,Fun (https://app.notion.com/p/Fun-1de52a1550c180f197e2ff3116ec3fa2?pvs=21),2025/01/31,,$0.00
阿鴻臭豆腐,General (https://app.notion.com/p/General-1fe52a1550c180d89a84f6b6694a42f5?pvs=21),5974,NT$60.00,Food (https://app.notion.com/p/Food-1de52a1550c1808585f7c8d0cbbab341?pvs=21),2025/01/31,,$0.00
圓仔惠,General (https://app.notion.com/p/General-1fe52a1550c180d89a84f6b6694a42f5?pvs=21),5974,NT$130.00,Food (https://app.notion.com/p/Food-1de52a1550c1808585f7c8d0cbbab341?pvs=21),2025/01/31,,$0.00
廣仔虱目魚,General (https://app.notion.com/p/General-1fe52a1550c180d89a84f6b6694a42f5?pvs=21),5974,NT$305.00,Food (https://app.notion.com/p/Food-1de52a1550c1808585f7c8d0cbbab341?pvs=21),2025/01/31,,$0.00
7-11,General (https://app.notion.com/p/General-1fe52a1550c180d89a84f6b6694a42f5?pvs=21),6609,NT$89.00,Food (https://app.notion.com/p/Food-1de52a1550c1808585f7c8d0cbbab341?pvs=21),2025/01/29,,$0.00
小上海,General (https://app.notion.com/p/General-1fe52a1550c180d89a84f6b6694a42f5?pvs=21),6609,NT$180.00,Food (https://app.notion.com/p/Food-1de52a1550c1808585f7c8d0cbbab341?pvs=21),2025/01/29,,$0.00
Steam,Dream (https://app.notion.com/p/Dream-1de52a1550c180a4bc6eee5e921cbc2d?pvs=21),-13428,NT$594.00,Fun (https://app.notion.com/p/Fun-1de52a1550c180f197e2ff3116ec3fa2?pvs=21),2025/01/29,,$0.00
加油費,Dream (https://app.notion.com/p/Dream-1de52a1550c180a4bc6eee5e921cbc2d?pvs=21),-13428,"NT$1,274.00",Traffic (https://app.notion.com/p/Traffic-1de52a1550c1807b8ff6e40f804e1127?pvs=21),2025/01/29,,$0.00
邱記滷味,General (https://app.notion.com/p/General-1fe52a1550c180d89a84f6b6694a42f5?pvs=21),6609,NT$135.00,Food (https://app.notion.com/p/Food-1de52a1550c1808585f7c8d0cbbab341?pvs=21),2025/01/29,,$0.00
茶森林,General (https://app.notion.com/p/General-1fe52a1550c180d89a84f6b6694a42f5?pvs=21),6609,NT$155.00,Food (https://app.notion.com/p/Food-1de52a1550c1808585f7c8d0cbbab341?pvs=21),2025/01/29,,$0.00
紅包,Dream (https://app.notion.com/p/Dream-1de52a1550c180a4bc6eee5e921cbc2d?pvs=21),-13210,"NT$1,000.00",Family (https://app.notion.com/p/Family-1de52a1550c181faa107fcc0a73d8120?pvs=21),2025/01/28,阿嬤,$0.00
紅包,Dream (https://app.notion.com/p/Dream-1de52a1550c180a4bc6eee5e921cbc2d?pvs=21),-13210,"NT$3,000.00",Family (https://app.notion.com/p/Family-1de52a1550c181faa107fcc0a73d8120?pvs=21),2025/01/28,哥,$0.00
紅包,Dream (https://app.notion.com/p/Dream-1de52a1550c180a4bc6eee5e921cbc2d?pvs=21),-13210,"NT$3,000.00",Family (https://app.notion.com/p/Family-1de52a1550c181faa107fcc0a73d8120?pvs=21),2025/01/28,媽,$0.00
紅包,Dream (https://app.notion.com/p/Dream-1de52a1550c180a4bc6eee5e921cbc2d?pvs=21),-13210,"NT$1,000.00",Family (https://app.notion.com/p/Family-1de52a1550c181faa107fcc0a73d8120?pvs=21),2025/01/28,爸,$0.00
炸蛋蔥油餅,General (https://app.notion.com/p/General-1fe52a1550c180d89a84f6b6694a42f5?pvs=21),7168,NT$90.00,Food (https://app.notion.com/p/Food-1de52a1550c1808585f7c8d0cbbab341?pvs=21),2025/01/25,,$0.00
過年Fun,Dream (https://app.notion.com/p/Dream-1de52a1550c180a4bc6eee5e921cbc2d?pvs=21),-6210,NT$650.00,Fun (https://app.notion.com/p/Fun-1de52a1550c180f197e2ff3116ec3fa2?pvs=21),2025/01/26,,$0.00
中一豆花,General (https://app.notion.com/p/General-1fe52a1550c180d89a84f6b6694a42f5?pvs=21),7168,NT$45.00,Food (https://app.notion.com/p/Food-1de52a1550c1808585f7c8d0cbbab341?pvs=21),2025/01/25,,$0.00
ETC,Dream (https://app.notion.com/p/Dream-1de52a1550c180a4bc6eee5e921cbc2d?pvs=21),-10742,NT$110.00,Traffic (https://app.notion.com/p/Traffic-1de52a1550c1807b8ff6e40f804e1127?pvs=21),2025/01/25,,$0.00
停車費,General (https://app.notion.com/p/General-1fe52a1550c180d89a84f6b6694a42f5?pvs=21),7168,NT$10.00,Traffic (https://app.notion.com/p/Traffic-1de52a1550c1807b8ff6e40f804e1127?pvs=21),2025/01/25,,$0.00
停車費,Dream (https://app.notion.com/p/Dream-1de52a1550c180a4bc6eee5e921cbc2d?pvs=21),-10742,NT$20.00,Traffic (https://app.notion.com/p/Traffic-1de52a1550c1807b8ff6e40f804e1127?pvs=21),2025/01/25,,$0.00
小鵲幸,General (https://app.notion.com/p/General-1fe52a1550c180d89a84f6b6694a42f5?pvs=21),7498,NT$66.00,Food (https://app.notion.com/p/Food-1de52a1550c1808585f7c8d0cbbab341?pvs=21),2025/01/24,,$0.00
好早食,General (https://app.notion.com/p/General-1fe52a1550c180d89a84f6b6694a42f5?pvs=21),7168,NT$185.00,Food (https://app.notion.com/p/Food-1de52a1550c1808585f7c8d0cbbab341?pvs=21),2025/01/25,,$0.00
玉蘭,General (https://app.notion.com/p/General-1fe52a1550c180d89a84f6b6694a42f5?pvs=21),7498,NT$110.00,Food (https://app.notion.com/p/Food-1de52a1550c1808585f7c8d0cbbab341?pvs=21),2025/01/24,,$0.00
城隍廟,General (https://app.notion.com/p/General-1fe52a1550c180d89a84f6b6694a42f5?pvs=21),7498,NT$150.00,Food (https://app.notion.com/p/Food-1de52a1550c1808585f7c8d0cbbab341?pvs=21),2025/01/24,油飯,$0.00
全聯,General (https://app.notion.com/p/General-1fe52a1550c180d89a84f6b6694a42f5?pvs=21),7498,NT$120.00,Food (https://app.notion.com/p/Food-1de52a1550c1808585f7c8d0cbbab341?pvs=21),2025/01/24,,$0.00
城隍廟,General (https://app.notion.com/p/General-1fe52a1550c180d89a84f6b6694a42f5?pvs=21),7498,NT$150.00,Food (https://app.notion.com/p/Food-1de52a1550c1808585f7c8d0cbbab341?pvs=21),2025/01/24,燒賣,$0.00
達盛興汽車,Dream (https://app.notion.com/p/Dream-1de52a1550c180a4bc6eee5e921cbc2d?pvs=21),-10612,"NT$6,000.00",Traffic (https://app.notion.com/p/Traffic-1de52a1550c1807b8ff6e40f804e1127?pvs=21),2025/01/24,基本保養+電瓶,$0.00
麥當勞,General (https://app.notion.com/p/General-1fe52a1550c180d89a84f6b6694a42f5?pvs=21),8094,NT$476.00,Food (https://app.notion.com/p/Food-1de52a1550c1808585f7c8d0cbbab341?pvs=21),2025/01/23,,$0.00
Insurance,Dream (https://app.notion.com/p/Dream-1de52a1550c180a4bc6eee5e921cbc2d?pvs=21),-10612,"NT$8,330.00",Traffic (https://app.notion.com/p/Traffic-1de52a1550c1807b8ff6e40f804e1127?pvs=21),2025/01/24,,$0.00
Costco,Dream (https://app.notion.com/p/Dream-1de52a1550c180a4bc6eee5e921cbc2d?pvs=21),-47568,"NT$2,863.00",Groceries (https://app.notion.com/p/Groceries-1de52a1550c180c6be6cdfaeb95cee9a?pvs=21),2025/01/23,,$0.00
Melvita,Dream (https://app.notion.com/p/Dream-1de52a1550c180a4bc6eee5e921cbc2d?pvs=21),-39523,NT$290.00,Cosmetics (https://app.notion.com/p/Cosmetics-1de52a1550c181cb93fdfe1a610bf352?pvs=21),2025/01/22,玫瑰噴霧化妝水,$0.00
Prime camp,Dream (https://app.notion.com/p/Dream-1de52a1550c180a4bc6eee5e921cbc2d?pvs=21),-39523,NT$560.00,Groceries (https://app.notion.com/p/Groceries-1de52a1550c180c6be6cdfaeb95cee9a?pvs=21),2025/01/22,多功能露營充氣幫浦,$0.00
Panasonic,Dream (https://app.notion.com/p/Dream-1de52a1550c180a4bc6eee5e921cbc2d?pvs=21),-39523,"NT$7,394.00",Cosmetics (https://app.notion.com/p/Cosmetics-1de52a1550c181cb93fdfe1a610bf352?pvs=21),2025/01/22,Es-pv3a刮鬍刀,$0.00
全聯,General (https://app.notion.com/p/General-1fe52a1550c180d89a84f6b6694a42f5?pvs=21),8570,NT$107.00,Food (https://app.notion.com/p/Food-1de52a1550c1808585f7c8d0cbbab341?pvs=21),2025/01/22,,$0.00
全聯,General (https://app.notion.com/p/General-1fe52a1550c180d89a84f6b6694a42f5?pvs=21),9251,NT$103.00,Food (https://app.notion.com/p/Food-1de52a1550c1808585f7c8d0cbbab341?pvs=21),2025/01/20,,$0.00
腰果花砧板原食料理,General (https://app.notion.com/p/General-1fe52a1550c180d89a84f6b6694a42f5?pvs=21),8677,NT$574.00,Food (https://app.notion.com/p/Food-1de52a1550c1808585f7c8d0cbbab341?pvs=21),2025/01/21,,$0.00
原宿廚房,General (https://app.notion.com/p/General-1fe52a1550c180d89a84f6b6694a42f5?pvs=21),9354,NT$229.00,Food (https://app.notion.com/p/Food-1de52a1550c1808585f7c8d0cbbab341?pvs=21),2025/01/19,,$0.00
愛買,General (https://app.notion.com/p/General-1fe52a1550c180d89a84f6b6694a42f5?pvs=21),9354,NT$369.00,Food (https://app.notion.com/p/Food-1de52a1550c1808585f7c8d0cbbab341?pvs=21),2025/01/19,,$0.00
台鐵,Dream (https://app.notion.com/p/Dream-1de52a1550c180a4bc6eee5e921cbc2d?pvs=21),-31279,NT$197.00,Traffic (https://app.notion.com/p/Traffic-1de52a1550c1807b8ff6e40f804e1127?pvs=21),2025/01/19,台中新竹,$0.00
台中公車,Dream (https://app.notion.com/p/Dream-1de52a1550c180a4bc6eee5e921cbc2d?pvs=21),-31279,NT$30.00,Traffic (https://app.notion.com/p/Traffic-1de52a1550c1807b8ff6e40f804e1127?pvs=21),2025/01/19,,$0.00
阿卡姆圖書館,Dream (https://app.notion.com/p/Dream-1de52a1550c180a4bc6eee5e921cbc2d?pvs=21),-31279,NT$200.00,Fun (https://app.notion.com/p/Fun-1de52a1550c180f197e2ff3116ec3fa2?pvs=21),2025/01/19,,$0.00
台鐵,Dream (https://app.notion.com/p/Dream-1de52a1550c180a4bc6eee5e921cbc2d?pvs=21),-31279,NT$197.00,Traffic (https://app.notion.com/p/Traffic-1de52a1550c1807b8ff6e40f804e1127?pvs=21),2025/01/19,新竹台中,$0.00
岡山羊肉爐,General (https://app.notion.com/p/General-1fe52a1550c180d89a84f6b6694a42f5?pvs=21),9354,NT$300.00,Food (https://app.notion.com/p/Food-1de52a1550c1808585f7c8d0cbbab341?pvs=21),2025/01/19,,$0.00
綠世界,Dream (https://app.notion.com/p/Dream-1de52a1550c180a4bc6eee5e921cbc2d?pvs=21),-30655,"NT$1,198.00",Family (https://app.notion.com/p/Family-1de52a1550c181faa107fcc0a73d8120?pvs=21),2025/01/18,蜂蜜禮盒,$0.00
綠世界,General (https://app.notion.com/p/General-1fe52a1550c180d89a84f6b6694a42f5?pvs=21),10252,NT$130.00,Food (https://app.notion.com/p/Food-1de52a1550c1808585f7c8d0cbbab341?pvs=21),2025/01/18,蜂蜜冰淇淋,$0.00
李記紅茶冰,General (https://app.notion.com/p/General-1fe52a1550c180d89a84f6b6694a42f5?pvs=21),10252,NT$80.00,Food (https://app.notion.com/p/Food-1de52a1550c1808585f7c8d0cbbab341?pvs=21),2025/01/18,,$0.00
竹東阿英鮮肉湯包,General (https://app.notion.com/p/General-1fe52a1550c180d89a84f6b6694a42f5?pvs=21),10252,NT$140.00,Food (https://app.notion.com/p/Food-1de52a1550c1808585f7c8d0cbbab341?pvs=21),2025/01/18,,$0.00
加油費,General (https://app.notion.com/p/General-1fe52a1550c180d89a84f6b6694a42f5?pvs=21),10252,NT$159.00,Traffic (https://app.notion.com/p/Traffic-1de52a1550c1807b8ff6e40f804e1127?pvs=21),2025/01/18,,$0.00
加油費,Dream (https://app.notion.com/p/Dream-1de52a1550c180a4bc6eee5e921cbc2d?pvs=21),-30655,"NT$1,426.00",Traffic (https://app.notion.com/p/Traffic-1de52a1550c1807b8ff6e40f804e1127?pvs=21),2025/01/18,,$0.00
綠世界,Dream (https://app.notion.com/p/Dream-1de52a1550c180a4bc6eee5e921cbc2d?pvs=21),-30655,NT$760.00,Travel (https://app.notion.com/p/Travel-1de52a1550c18102a04df0c968556b0b?pvs=21),2025/01/18,,$0.00
先喝道,General (https://app.notion.com/p/General-1fe52a1550c180d89a84f6b6694a42f5?pvs=21),10252,NT$135.00,Food (https://app.notion.com/p/Food-1de52a1550c1808585f7c8d0cbbab341?pvs=21),2025/01/18,,$0.00
WeMo,Dream (https://app.notion.com/p/Dream-1de52a1550c180a4bc6eee5e921cbc2d?pvs=21),-27271,NT$123.00,Traffic (https://app.notion.com/p/Traffic-1de52a1550c1807b8ff6e40f804e1127?pvs=21),2025/01/17,,$0.00
清大雙喜餛飩、老虎麵,General (https://app.notion.com/p/General-1fe52a1550c180d89a84f6b6694a42f5?pvs=21),10252,NT$290.00,Food (https://app.notion.com/p/Food-1de52a1550c1808585f7c8d0cbbab341?pvs=21),2025/01/18,,$0.00
台北捷運,Dream (https://app.notion.com/p/Dream-1de52a1550c180a4bc6eee5e921cbc2d?pvs=21),-27271,NT$60.00,Traffic (https://app.notion.com/p/Traffic-1de52a1550c1807b8ff6e40f804e1127?pvs=21),2025/01/17,,$0.00
麥當勞,General (https://app.notion.com/p/General-1fe52a1550c180d89a84f6b6694a42f5?pvs=21),11186,NT$178.00,Food (https://app.notion.com/p/Food-1de52a1550c1808585f7c8d0cbbab341?pvs=21),2025/01/17,,$0.00
全聯,General (https://app.notion.com/p/General-1fe52a1550c180d89a84f6b6694a42f5?pvs=21),11364,NT$239.00,Food (https://app.notion.com/p/Food-1de52a1550c1808585f7c8d0cbbab341?pvs=21),2025/01/16,,$0.00
新竹客運,Dream (https://app.notion.com/p/Dream-1de52a1550c180a4bc6eee5e921cbc2d?pvs=21),-27271,NT$310.00,Traffic (https://app.notion.com/p/Traffic-1de52a1550c1807b8ff6e40f804e1127?pvs=21),2025/01/17,台北新竹,$0.00
全聯,Dream (https://app.notion.com/p/Dream-1de52a1550c180a4bc6eee5e921cbc2d?pvs=21),-26778,NT$327.00,Groceries (https://app.notion.com/p/Groceries-1de52a1550c180c6be6cdfaeb95cee9a?pvs=21),2025/01/16,,$0.00
小販部,General (https://app.notion.com/p/General-1fe52a1550c180d89a84f6b6694a42f5?pvs=21),11603,NT$45.00,Food (https://app.notion.com/p/Food-1de52a1550c1808585f7c8d0cbbab341?pvs=21),2025/01/15,,$0.00
中華電信手機費,General (https://app.notion.com/p/General-1fe52a1550c180d89a84f6b6694a42f5?pvs=21),11603,NT$0.00,Fun (https://app.notion.com/p/Fun-1de52a1550c180f197e2ff3116ec3fa2?pvs=21),2025/01/15,,$0.00
中華電信網路費,General (https://app.notion.com/p/General-1fe52a1550c180d89a84f6b6694a42f5?pvs=21),11603,NT$848.00,Fun (https://app.notion.com/p/Fun-1de52a1550c180f197e2ff3116ec3fa2?pvs=21),2025/01/15,,$0.00
秀雅牙醫,Dream (https://app.notion.com/p/Dream-1de52a1550c180a4bc6eee5e921cbc2d?pvs=21),-26451,NT$250.00,Health (https://app.notion.com/p/Health-1de52a1550c180948ad5c45ef59a5bb8?pvs=21),2025/01/14,洗牙,$0.00
7-11,General (https://app.notion.com/p/General-1fe52a1550c180d89a84f6b6694a42f5?pvs=21),12496,NT$108.00,Food (https://app.notion.com/p/Food-1de52a1550c1808585f7c8d0cbbab341?pvs=21),2025/01/14,,$0.00
弓箭傳說2,Dream (https://app.notion.com/p/Dream-1de52a1550c180a4bc6eee5e921cbc2d?pvs=21),-26451,NT$320.00,Fun (https://app.notion.com/p/Fun-1de52a1550c180f197e2ff3116ec3fa2?pvs=21),2025/01/14,,$0.00
草本茶,General (https://app.notion.com/p/General-1fe52a1550c180d89a84f6b6694a42f5?pvs=21),12604,NT$115.00,Food (https://app.notion.com/p/Food-1de52a1550c1808585f7c8d0cbbab341?pvs=21),2025/01/13,,$0.00
大埔鐵板燒,General (https://app.notion.com/p/General-1fe52a1550c180d89a84f6b6694a42f5?pvs=21),12604,NT$510.00,Food (https://app.notion.com/p/Food-1de52a1550c1808585f7c8d0cbbab341?pvs=21),2025/01/13,,$0.00
五金王,Dream (https://app.notion.com/p/Dream-1de52a1550c180a4bc6eee5e921cbc2d?pvs=21),-25881,NT$248.00,Groceries (https://app.notion.com/p/Groceries-1de52a1550c180c6be6cdfaeb95cee9a?pvs=21),2025/01/12,,$0.00
卡莎米義大利麵,General (https://app.notion.com/p/General-1fe52a1550c180d89a84f6b6694a42f5?pvs=21),13229,NT$185.00,Food (https://app.notion.com/p/Food-1de52a1550c1808585f7c8d0cbbab341?pvs=21),2025/01/12,,$0.00
大茗,General (https://app.notion.com/p/General-1fe52a1550c180d89a84f6b6694a42f5?pvs=21),13229,NT$55.00,Food (https://app.notion.com/p/Food-1de52a1550c1808585f7c8d0cbbab341?pvs=21),2025/01/12,,$0.00
北門室食,General (https://app.notion.com/p/General-1fe52a1550c180d89a84f6b6694a42f5?pvs=21),13229,NT$625.00,Food (https://app.notion.com/p/Food-1de52a1550c1808585f7c8d0cbbab341?pvs=21),2025/01/12,,$0.00
威秀,Dream (https://app.notion.com/p/Dream-1de52a1550c180a4bc6eee5e921cbc2d?pvs=21),-25633,NT$797.00,Fun (https://app.notion.com/p/Fun-1de52a1550c180f197e2ff3116ec3fa2?pvs=21),2025/01/11,星際效應重映,$0.00
龜記,Dream (https://app.notion.com/p/Dream-1de52a1550c180a4bc6eee5e921cbc2d?pvs=21),-25633,NT$188.00,Food (https://app.notion.com/p/Food-1de52a1550c1808585f7c8d0cbbab341?pvs=21),2025/01/11,,$0.00
嘉鄉豆腐,General (https://app.notion.com/p/General-1fe52a1550c180d89a84f6b6694a42f5?pvs=21),14094,NT$80.00,Food (https://app.notion.com/p/Food-1de52a1550c1808585f7c8d0cbbab341?pvs=21),2025/01/10,,$0.00
大茗,General (https://app.notion.com/p/General-1fe52a1550c180d89a84f6b6694a42f5?pvs=21),14094,NT$60.00,Food (https://app.notion.com/p/Food-1de52a1550c1808585f7c8d0cbbab341?pvs=21),2025/01/10,,$0.00
長疆炭燒羊肉爐,General (https://app.notion.com/p/General-1fe52a1550c180d89a84f6b6694a42f5?pvs=21),14094,NT$600.00,Food (https://app.notion.com/p/Food-1de52a1550c1808585f7c8d0cbbab341?pvs=21),2025/01/10,,$0.00
全聯,General (https://app.notion.com/p/General-1fe52a1550c180d89a84f6b6694a42f5?pvs=21),14094,NT$672.00,Food (https://app.notion.com/p/Food-1de52a1550c1808585f7c8d0cbbab341?pvs=21),2025/01/10,,$0.00
起家雞,General (https://app.notion.com/p/General-1fe52a1550c180d89a84f6b6694a42f5?pvs=21),15506,NT$649.00,Food (https://app.notion.com/p/Food-1de52a1550c1808585f7c8d0cbbab341?pvs=21),2025/01/09,,$0.00
思茶,General (https://app.notion.com/p/General-1fe52a1550c180d89a84f6b6694a42f5?pvs=21),15506,NT$80.00,Food (https://app.notion.com/p/Food-1de52a1550c1808585f7c8d0cbbab341?pvs=21),2025/01/09,,$0.00
全家,General (https://app.notion.com/p/General-1fe52a1550c180d89a84f6b6694a42f5?pvs=21),15506,NT$167.00,Food (https://app.notion.com/p/Food-1de52a1550c1808585f7c8d0cbbab341?pvs=21),2025/01/09,,$0.00
小販部,General (https://app.notion.com/p/General-1fe52a1550c180d89a84f6b6694a42f5?pvs=21),16402,NT$78.00,Food (https://app.notion.com/p/Food-1de52a1550c1808585f7c8d0cbbab341?pvs=21),2025/01/08,,$0.00
丐幫滷味,General (https://app.notion.com/p/General-1fe52a1550c180d89a84f6b6694a42f5?pvs=21),16402,NT$125.00,Food (https://app.notion.com/p/Food-1de52a1550c1808585f7c8d0cbbab341?pvs=21),2025/01/08,,$0.00
白鬍子牛排,General (https://app.notion.com/p/General-1fe52a1550c180d89a84f6b6694a42f5?pvs=21),16605,NT$360.00,Food (https://app.notion.com/p/Food-1de52a1550c1808585f7c8d0cbbab341?pvs=21),2025/01/07,,$0.00
思茶,General (https://app.notion.com/p/General-1fe52a1550c180d89a84f6b6694a42f5?pvs=21),16605,NT$80.00,Food (https://app.notion.com/p/Food-1de52a1550c1808585f7c8d0cbbab341?pvs=21),2025/01/07,,$0.00
小販部,Dream (https://app.notion.com/p/Dream-1de52a1550c180a4bc6eee5e921cbc2d?pvs=21),-24648,NT$20.00,Food (https://app.notion.com/p/Food-1de52a1550c1808585f7c8d0cbbab341?pvs=21),2025/01/07,,$0.00
全聯,General (https://app.notion.com/p/General-1fe52a1550c180d89a84f6b6694a42f5?pvs=21),17045,NT$83.00,Food (https://app.notion.com/p/Food-1de52a1550c1808585f7c8d0cbbab341?pvs=21),2025/01/06,,$0.00
要活就要動,Dream (https://app.notion.com/p/Dream-1de52a1550c180a4bc6eee5e921cbc2d?pvs=21),-24628,"NT$2,325.00",Health (https://app.notion.com/p/Health-1de52a1550c180948ad5c45ef59a5bb8?pvs=21),2025/01/06,,$0.00
姜滿堂,Couple's (https://app.notion.com/p/Couple-s-1de52a1550c181d39de7eebc343b38cd?pvs=21),43,"NT$2,253.00",Food (https://app.notion.com/p/Food-1de52a1550c1808585f7c8d0cbbab341?pvs=21),2025/01/05,,$0.00
Costco,Dream (https://app.notion.com/p/Dream-1de52a1550c180a4bc6eee5e921cbc2d?pvs=21),-22303,NT$489.00,Groceries (https://app.notion.com/p/Groceries-1de52a1550c180c6be6cdfaeb95cee9a?pvs=21),2025/01/04,牙線,$0.00
Costco,General (https://app.notion.com/p/General-1fe52a1550c180d89a84f6b6694a42f5?pvs=21),17128,NT$288.00,Food (https://app.notion.com/p/Food-1de52a1550c1808585f7c8d0cbbab341?pvs=21),2025/01/04,披薩*2+沙拉,$0.00
50嵐,General (https://app.notion.com/p/General-1fe52a1550c180d89a84f6b6694a42f5?pvs=21),17128,NT$90.00,Food (https://app.notion.com/p/Food-1de52a1550c1808585f7c8d0cbbab341?pvs=21),2025/01/04,,$0.00
竹東排骨酥,General (https://app.notion.com/p/General-1fe52a1550c180d89a84f6b6694a42f5?pvs=21),17128,NT$501.00,Food (https://app.notion.com/p/Food-1de52a1550c1808585f7c8d0cbbab341?pvs=21),2025/01/04,,$0.00
Spotify月費,General (https://app.notion.com/p/General-1fe52a1550c180d89a84f6b6694a42f5?pvs=21),17128,NT$202.00,Fun (https://app.notion.com/p/Fun-1de52a1550c180f197e2ff3116ec3fa2?pvs=21),2025/01/04,,$0.00
加油費,General (https://app.notion.com/p/General-1fe52a1550c180d89a84f6b6694a42f5?pvs=21),13100,NT$161.00,Traffic (https://app.notion.com/p/Traffic-1de52a1550c1807b8ff6e40f804e1127?pvs=21),2025/01/03,,$0.00
蔣好的味道,General (https://app.notion.com/p/General-1fe52a1550c180d89a84f6b6694a42f5?pvs=21),13100,NT$380.00,Food (https://app.notion.com/p/Food-1de52a1550c1808585f7c8d0cbbab341?pvs=21),2025/01/03,,$0.00
烏弄,General (https://app.notion.com/p/General-1fe52a1550c180d89a84f6b6694a42f5?pvs=21),13741,NT$105.00,Food (https://app.notion.com/p/Food-1de52a1550c1808585f7c8d0cbbab341?pvs=21),2025/01/02,,$0.00
7-11,General (https://app.notion.com/p/General-1fe52a1550c180d89a84f6b6694a42f5?pvs=21),13100,NT$100.00,Food (https://app.notion.com/p/Food-1de52a1550c1808585f7c8d0cbbab341?pvs=21),2025/01/03,,$0.00
築間火鍋,General (https://app.notion.com/p/General-1fe52a1550c180d89a84f6b6694a42f5?pvs=21),13741,"NT$1,078.00",Food (https://app.notion.com/p/Food-1de52a1550c1808585f7c8d0cbbab341?pvs=21),2025/01/02,,$0.00
劉明偉導遊,Dream (https://app.notion.com/p/Dream-1de52a1550c180a4bc6eee5e921cbc2d?pvs=21),-39183,"NT$3,423.00",Travel (https://app.notion.com/p/Travel-1de52a1550c18102a04df0c968556b0b?pvs=21),2025/01/01,可樂Travel代購,$0.00
日春木瓜牛奶,General (https://app.notion.com/p/General-1fe52a1550c180d89a84f6b6694a42f5?pvs=21),14924,NT$90.00,Food (https://app.notion.com/p/Food-1de52a1550c1808585f7c8d0cbbab341?pvs=21),2025/01/01,,$0.00
關西機場,Dream (https://app.notion.com/p/Dream-1de52a1550c180a4bc6eee5e921cbc2d?pvs=21),-39183,NT$665.00,Travel (https://app.notion.com/p/Travel-1de52a1550c18102a04df0c968556b0b?pvs=21),2025/01/01,,$0.00
Nike,Dream (https://app.notion.com/p/Dream-1de52a1550c180a4bc6eee5e921cbc2d?pvs=21),-39183,"NT$3,368.00",Travel (https://app.notion.com/p/Travel-1de52a1550c18102a04df0c968556b0b?pvs=21),2025/01/01,,$0.00
New balance,Dream (https://app.notion.com/p/Dream-1de52a1550c180a4bc6eee5e921cbc2d?pvs=21),-39183,"NT$3,340.00",Travel (https://app.notion.com/p/Travel-1de52a1550c18102a04df0c968556b0b?pvs=21),2025/01/01,,$0.00
關西機場,Dream (https://app.notion.com/p/Dream-1de52a1550c180a4bc6eee5e921cbc2d?pvs=21),-39183,NT$806.00,Travel (https://app.notion.com/p/Travel-1de52a1550c18102a04df0c968556b0b?pvs=21),2025/01/01,白色戀人,$0.00
日本之旅,Dream (https://app.notion.com/p/Dream-1de52a1550c180a4bc6eee5e921cbc2d?pvs=21),-39183,"NT$6,753.00",Travel (https://app.notion.com/p/Travel-1de52a1550c18102a04df0c968556b0b?pvs=21),2025/01/01,各種現金支出的費用,$0.00
可樂Travel,Dream (https://app.notion.com/p/Dream-1de52a1550c180a4bc6eee5e921cbc2d?pvs=21),-39183,"NT$9,000.00",Travel (https://app.notion.com/p/Travel-1de52a1550c18102a04df0c968556b0b?pvs=21),2025/01/01,小費,$0.00
房租,Fixed (https://app.notion.com/p/Fixed-1de52a1550c180f19995d25cbc6f1038?pvs=21),25469,"NT$7,250.00",Groceries (https://app.notion.com/p/Groceries-1de52a1550c180c6be6cdfaeb95cee9a?pvs=21),2025/01/01,,$0.00
2024汽車停車位,Fixed (https://app.notion.com/p/Fixed-1de52a1550c180f19995d25cbc6f1038?pvs=21),25469,"NT$2,500.00",Traffic (https://app.notion.com/p/Traffic-1de52a1550c1807b8ff6e40f804e1127?pvs=21),2025/01/01,,$0.00
勞保費,Fixed (https://app.notion.com/p/Fixed-1de52a1550c180f19995d25cbc6f1038?pvs=21),25469,"NT$1,100.00",Insurance (https://app.notion.com/p/Insurance-1de52a1550c181f09d1dfb6d85985a86?pvs=21),2025/01/01,"
",$0.00
健保費,Fixed (https://app.notion.com/p/Fixed-1de52a1550c180f19995d25cbc6f1038?pvs=21),25469,"NT$1,036.00",Insurance (https://app.notion.com/p/Insurance-1de52a1550c181f09d1dfb6d85985a86?pvs=21),2025/01/01,"
",$0.00
匯給媽,Fixed (https://app.notion.com/p/Fixed-1de52a1550c180f19995d25cbc6f1038?pvs=21),25469,"NT$6,000.00",Family (https://app.notion.com/p/Family-1de52a1550c181faa107fcc0a73d8120?pvs=21),2025/01/01,"
",$0.00
加油,General (https://app.notion.com/p/General-1fe52a1550c180d89a84f6b6694a42f5?pvs=21),12899,NT$154.00,Traffic (https://app.notion.com/p/Traffic-1de52a1550c1807b8ff6e40f804e1127?pvs=21),2025/04/21,,$0.00
外匯手續費,Investment (https://app.notion.com/p/Investment-1de52a1550c1802c9955ec4b84905202?pvs=21),175996,NT$800.00,Other (https://app.notion.com/p/Other-1de52a1550c1810a92c1c432337241e8?pvs=21),2024/03/29,,$0.00
茶湯會,General (https://app.notion.com/p/General-1fe52a1550c180d89a84f6b6694a42f5?pvs=21),16538,NT$40.00,Food (https://app.notion.com/p/Food-1de52a1550c1808585f7c8d0cbbab341?pvs=21),2025/04/16,,$0.00
小販部,General (https://app.notion.com/p/General-1fe52a1550c180d89a84f6b6694a42f5?pvs=21),12560,NT$35.00,Food (https://app.notion.com/p/Food-1de52a1550c1808585f7c8d0cbbab341?pvs=21),2025/04/23,咖啡,$0.00
親愛的小籠包,General (https://app.notion.com/p/General-1fe52a1550c180d89a84f6b6694a42f5?pvs=21),12560,NT$190.00,Food (https://app.notion.com/p/Food-1de52a1550c1808585f7c8d0cbbab341?pvs=21),2025/04/23,,$0.00
全聯,General (https://app.notion.com/p/General-1fe52a1550c180d89a84f6b6694a42f5?pvs=21),12102,NT$458.00,Food (https://app.notion.com/p/Food-1de52a1550c1808585f7c8d0cbbab341?pvs=21),2025/04/24,食材,$0.00
Haven Hair,General (https://app.notion.com/p/General-1fe52a1550c180d89a84f6b6694a42f5?pvs=21),11142,NT$960.00,Cosmetics (https://app.notion.com/p/Cosmetics-1de52a1550c181cb93fdfe1a610bf352?pvs=21),2025/04/24 9:09 PM (GMT+8),,$0.00
上宇林,General (https://app.notion.com/p/General-1fe52a1550c180d89a84f6b6694a42f5?pvs=21),11072,NT$70.00,Food (https://app.notion.com/p/Food-1de52a1550c1808585f7c8d0cbbab341?pvs=21),2025/04/24 9:10 PM (GMT+8),,$0.00
隔壁宵夜,General (https://app.notion.com/p/General-1fe52a1550c180d89a84f6b6694a42f5?pvs=21),10439,NT$175.00,Food (https://app.notion.com/p/Food-1de52a1550c1808585f7c8d0cbbab341?pvs=21),2025/04/26,,$0.00
隔壁消夜,General (https://app.notion.com/p/General-1fe52a1550c180d89a84f6b6694a42f5?pvs=21),10439,NT$175.00,Food (https://app.notion.com/p/Food-1de52a1550c1808585f7c8d0cbbab341?pvs=21),2025/04/26,,$0.00
7-11,General (https://app.notion.com/p/General-1fe52a1550c180d89a84f6b6694a42f5?pvs=21),10439,NT$58.00,Food (https://app.notion.com/p/Food-1de52a1550c1808585f7c8d0cbbab341?pvs=21),2025/04/26,,$0.00
隆師傅鹽酥雞,General (https://app.notion.com/p/General-1fe52a1550c180d89a84f6b6694a42f5?pvs=21),10439,NT$225.00,Food (https://app.notion.com/p/Food-1de52a1550c1808585f7c8d0cbbab341?pvs=21),2025/04/26,,$0.00
浪人鐵板燒,General (https://app.notion.com/p/General-1fe52a1550c180d89a84f6b6694a42f5?pvs=21),9426,NT$670.00,Food (https://app.notion.com/p/Food-1de52a1550c1808585f7c8d0cbbab341?pvs=21),2025/04/27,,$0.00
千荔水果世界,General (https://app.notion.com/p/General-1fe52a1550c180d89a84f6b6694a42f5?pvs=21),9426,NT$203.00,Food (https://app.notion.com/p/Food-1de52a1550c1808585f7c8d0cbbab341?pvs=21),2025/04/27,,$0.00
百老匯影院,Dream (https://app.notion.com/p/Dream-1de52a1550c180a4bc6eee5e921cbc2d?pvs=21),-48538,NT$680.00,Fun (https://app.notion.com/p/Fun-1de52a1550c180f197e2ff3116ec3fa2?pvs=21),2025/04/27,會計師2,$0.00
泰速,General (https://app.notion.com/p/General-1fe52a1550c180d89a84f6b6694a42f5?pvs=21),9426,NT$140.00,Food (https://app.notion.com/p/Food-1de52a1550c1808585f7c8d0cbbab341?pvs=21),2025/04/27,,$0.00
Costco,Dream (https://app.notion.com/p/Dream-1de52a1550c180a4bc6eee5e921cbc2d?pvs=21),-50784,"NT$2,246.00",Groceries (https://app.notion.com/p/Groceries-1de52a1550c180c6be6cdfaeb95cee9a?pvs=21),2025/04/28,,$0.00
Costco,General (https://app.notion.com/p/General-1fe52a1550c180d89a84f6b6694a42f5?pvs=21),8788,NT$525.00,Food (https://app.notion.com/p/Food-1de52a1550c1808585f7c8d0cbbab341?pvs=21),2025/04/28,,$0.00
麥當勞,General (https://app.notion.com/p/General-1fe52a1550c180d89a84f6b6694a42f5?pvs=21),8788,NT$113.00,Food (https://app.notion.com/p/Food-1de52a1550c1808585f7c8d0cbbab341?pvs=21),2025/04/28,,$0.00
麥當勞,General (https://app.notion.com/p/General-1fe52a1550c180d89a84f6b6694a42f5?pvs=21),8169,NT$172.00,Food (https://app.notion.com/p/Food-1de52a1550c1808585f7c8d0cbbab341?pvs=21),2025/04/30,,$0.00
全聯,General (https://app.notion.com/p/General-1fe52a1550c180d89a84f6b6694a42f5?pvs=21),8169,NT$137.00,Food (https://app.notion.com/p/Food-1de52a1550c1808585f7c8d0cbbab341?pvs=21),2025/04/30,,$0.00
茶湯會,General (https://app.notion.com/p/General-1fe52a1550c180d89a84f6b6694a42f5?pvs=21),8169,NT$40.00,Food (https://app.notion.com/p/Food-1de52a1550c1808585f7c8d0cbbab341?pvs=21),2025/04/30,,$0.00
東門雞肉飯,General (https://app.notion.com/p/General-1fe52a1550c180d89a84f6b6694a42f5?pvs=21),8518,NT$270.00,Food (https://app.notion.com/p/Food-1de52a1550c1808585f7c8d0cbbab341?pvs=21),2025/04/29,,$0.00
Costco,General (https://app.notion.com/p/General-1fe52a1550c180d89a84f6b6694a42f5?pvs=21),8040,NT$129.00,Food (https://app.notion.com/p/Food-1de52a1550c1808585f7c8d0cbbab341?pvs=21),2025/05/01,,$0.00
鼎泰豐,Couple's (https://app.notion.com/p/Couple-s-1de52a1550c181d39de7eebc343b38cd?pvs=21),-1383,"NT$1,182.00",Food (https://app.notion.com/p/Food-1de52a1550c1808585f7c8d0cbbab341?pvs=21),2025/05/01,,$0.00
勞保費,Fixed (https://app.notion.com/p/Fixed-1de52a1550c180f19995d25cbc6f1038?pvs=21),24164,"NT$1,145.00",Insurance (https://app.notion.com/p/Insurance-1de52a1550c181f09d1dfb6d85985a86?pvs=21),2025/05/02,"
",$0.00
健保費,Fixed (https://app.notion.com/p/Fixed-1de52a1550c180f19995d25cbc6f1038?pvs=21),24164,"NT$1,036.00",Insurance (https://app.notion.com/p/Insurance-1de52a1550c181f09d1dfb6d85985a86?pvs=21),2025/05/02,,$0.00
停車位,Fixed (https://app.notion.com/p/Fixed-1de52a1550c180f19995d25cbc6f1038?pvs=21),24164,"NT$2,500.00",Insurance (https://app.notion.com/p/Insurance-1de52a1550c181f09d1dfb6d85985a86?pvs=21),2025/05/02,,$0.00
匯給媽,Fixed (https://app.notion.com/p/Fixed-1de52a1550c180f19995d25cbc6f1038?pvs=21),39637,"NT$6,000.00",Family (https://app.notion.com/p/Family-1de52a1550c181faa107fcc0a73d8120?pvs=21),2025/05/04,,$0.00
房租,Fixed (https://app.notion.com/p/Fixed-1de52a1550c180f19995d25cbc6f1038?pvs=21),24164,"NT$7,250.00",Groceries (https://app.notion.com/p/Groceries-1de52a1550c180c6be6cdfaeb95cee9a?pvs=21),2025/05/02,,$0.00
豪泰客運,Dream (https://app.notion.com/p/Dream-1de52a1550c180a4bc6eee5e921cbc2d?pvs=21),-47224,NT$160.00,Traffic (https://app.notion.com/p/Traffic-1de52a1550c1807b8ff6e40f804e1127?pvs=21),2025/05/04,台北新竹,$0.00
煙波大飯店,Dream (https://app.notion.com/p/Dream-1de52a1550c180a4bc6eee5e921cbc2d?pvs=21),-46846,"NT$1,320.00",Family (https://app.notion.com/p/Family-1de52a1550c181faa107fcc0a73d8120?pvs=21),2025/05/03,母親節聚餐,$0.00
大魯閣,Dream (https://app.notion.com/p/Dream-1de52a1550c180a4bc6eee5e921cbc2d?pvs=21),-46846,NT$429.00,Family (https://app.notion.com/p/Family-1de52a1550c181faa107fcc0a73d8120?pvs=21),2025/05/03,打保齡球,$0.00
YoutubePremium,Dream (https://app.notion.com/p/Dream-1de52a1550c180a4bc6eee5e921cbc2d?pvs=21),-51604,NT$202.00,Fun (https://app.notion.com/p/Fun-1de52a1550c180f197e2ff3116ec3fa2?pvs=21),2025/05/02,,$0.00
茶舍,General (https://app.notion.com/p/General-1fe52a1550c180d89a84f6b6694a42f5?pvs=21),20854,NT$90.00,Food (https://app.notion.com/p/Food-1de52a1550c1808585f7c8d0cbbab341?pvs=21),2025/05/03,,$0.00
Spotify月費,Dream (https://app.notion.com/p/Dream-1de52a1550c180a4bc6eee5e921cbc2d?pvs=21),-47224,NT$202.00,Fun (https://app.notion.com/p/Fun-1de52a1550c180f197e2ff3116ec3fa2?pvs=21),2025/05/04,,$0.00
台鐵,Dream (https://app.notion.com/p/Dream-1de52a1550c180a4bc6eee5e921cbc2d?pvs=21),-51604,NT$618.00,Traffic (https://app.notion.com/p/Traffic-1de52a1550c1807b8ff6e40f804e1127?pvs=21),2025/05/02,新竹花蓮,$0.00
台鐵,Dream (https://app.notion.com/p/Dream-1de52a1550c180a4bc6eee5e921cbc2d?pvs=21),-47224,NT$440.00,Traffic (https://app.notion.com/p/Traffic-1de52a1550c1807b8ff6e40f804e1127?pvs=21),2025/05/04,花蓮台北,$0.00
全聯,General (https://app.notion.com/p/General-1fe52a1550c180d89a84f6b6694a42f5?pvs=21),23048,NT$320.00,Groceries (https://app.notion.com/p/Groceries-1de52a1550c180c6be6cdfaeb95cee9a?pvs=21),2025/05/04,,$0.00
全聯,General (https://app.notion.com/p/General-1fe52a1550c180d89a84f6b6694a42f5?pvs=21),23048,NT$505.00,Food (https://app.notion.com/p/Food-1de52a1550c1808585f7c8d0cbbab341?pvs=21),2025/05/04,食材,$0.00
上宇林,General (https://app.notion.com/p/General-1fe52a1550c180d89a84f6b6694a42f5?pvs=21),23048,NT$80.00,Food (https://app.notion.com/p/Food-1de52a1550c1808585f7c8d0cbbab341?pvs=21),2025/05/04,,$0.00
康是美,General (https://app.notion.com/p/General-1fe52a1550c180d89a84f6b6694a42f5?pvs=21),22714,NT$120.00,Groceries (https://app.notion.com/p/Groceries-1de52a1550c180c6be6cdfaeb95cee9a?pvs=21),2025/05/05,,$0.00
全聯,General (https://app.notion.com/p/General-1fe52a1550c180d89a84f6b6694a42f5?pvs=21),22714,NT$169.00,Food (https://app.notion.com/p/Food-1de52a1550c1808585f7c8d0cbbab341?pvs=21),2025/05/05,食材,$0.00
龜記,General (https://app.notion.com/p/General-1fe52a1550c180d89a84f6b6694a42f5?pvs=21),22714,NT$45.00,Food (https://app.notion.com/p/Food-1de52a1550c1808585f7c8d0cbbab341?pvs=21),2025/05/05,,$0.00
麥當勞,General (https://app.notion.com/p/General-1fe52a1550c180d89a84f6b6694a42f5?pvs=21),21791,NT$153.00,Food (https://app.notion.com/p/Food-1de52a1550c1808585f7c8d0cbbab341?pvs=21),2025/05/06,,$0.00
全聯,General (https://app.notion.com/p/General-1fe52a1550c180d89a84f6b6694a42f5?pvs=21),21508,NT$168.00,Food (https://app.notion.com/p/Food-1de52a1550c1808585f7c8d0cbbab341?pvs=21),2025/05/07,,$0.00
龜記,General (https://app.notion.com/p/General-1fe52a1550c180d89a84f6b6694a42f5?pvs=21),21791,NT$70.00,Food (https://app.notion.com/p/Food-1de52a1550c1808585f7c8d0cbbab341?pvs=21),2025/05/06,,$0.00
大心,General (https://app.notion.com/p/General-1fe52a1550c180d89a84f6b6694a42f5?pvs=21),21791,NT$550.00,Food (https://app.notion.com/p/Food-1de52a1550c1808585f7c8d0cbbab341?pvs=21),2025/05/06,,$0.00
中油,General (https://app.notion.com/p/General-1fe52a1550c180d89a84f6b6694a42f5?pvs=21),21791,NT$150.00,Traffic (https://app.notion.com/p/Traffic-1de52a1550c1807b8ff6e40f804e1127?pvs=21),2025/05/06,,$0.00
小洞天,General (https://app.notion.com/p/General-1fe52a1550c180d89a84f6b6694a42f5?pvs=21),21508,NT$115.00,Food (https://app.notion.com/p/Food-1de52a1550c1808585f7c8d0cbbab341?pvs=21),2025/05/07,,$0.00
大茗,General (https://app.notion.com/p/General-1fe52a1550c180d89a84f6b6694a42f5?pvs=21),20548,NT$105.00,Food (https://app.notion.com/p/Food-1de52a1550c1808585f7c8d0cbbab341?pvs=21),2025/05/08,,$0.00
東門火雞肉飯,General (https://app.notion.com/p/General-1fe52a1550c180d89a84f6b6694a42f5?pvs=21),20548,NT$660.00,Food (https://app.notion.com/p/Food-1de52a1550c1808585f7c8d0cbbab341?pvs=21),2025/05/08,,$0.00
全聯,General (https://app.notion.com/p/General-1fe52a1550c180d89a84f6b6694a42f5?pvs=21),20548,NT$195.00,Food (https://app.notion.com/p/Food-1de52a1550c1808585f7c8d0cbbab341?pvs=21),2025/05/08,,$0.00
2025綜合所得稅,Dream (https://app.notion.com/p/Dream-1de52a1550c180a4bc6eee5e921cbc2d?pvs=21),-51625,"NT$4,401.00",Tax (https://app.notion.com/p/Tax-1de52a1550c1816f8f50ee76d1367da6?pvs=21),2025/05/07,,$0.00
7-11,General (https://app.notion.com/p/General-1fe52a1550c180d89a84f6b6694a42f5?pvs=21),19775,NT$130.00,Food (https://app.notion.com/p/Food-1de52a1550c1808585f7c8d0cbbab341?pvs=21),2025/05/09,,$0.00
新東陽,General (https://app.notion.com/p/General-1fe52a1550c180d89a84f6b6694a42f5?pvs=21),19775,NT$200.00,Food (https://app.notion.com/p/Food-1de52a1550c1808585f7c8d0cbbab341?pvs=21),2025/05/09,,$0.00
後甲圓環-無名虱目魚肉燥飯,General (https://app.notion.com/p/General-1fe52a1550c180d89a84f6b6694a42f5?pvs=21),19775,NT$320.00,Food (https://app.notion.com/p/Food-1de52a1550c1808585f7c8d0cbbab341?pvs=21),2025/05/09,,$0.00
中油,Dream (https://app.notion.com/p/Dream-1de52a1550c180a4bc6eee5e921cbc2d?pvs=21),-53383,"NT$1,497.00",Traffic (https://app.notion.com/p/Traffic-1de52a1550c1807b8ff6e40f804e1127?pvs=21),2025/05/11,,$0.00
中油,Dream (https://app.notion.com/p/Dream-1de52a1550c180a4bc6eee5e921cbc2d?pvs=21),-52886,"NT$1,261.00",Traffic (https://app.notion.com/p/Traffic-1de52a1550c1807b8ff6e40f804e1127?pvs=21),2025/05/09,,$0.00
北門室食,General (https://app.notion.com/p/General-1fe52a1550c180d89a84f6b6694a42f5?pvs=21),18844,NT$610.00,Food (https://app.notion.com/p/Food-1de52a1550c1808585f7c8d0cbbab341?pvs=21),2025/05/11,,$0.00
全聯,General (https://app.notion.com/p/General-1fe52a1550c180d89a84f6b6694a42f5?pvs=21),19775,NT$123.00,Food (https://app.notion.com/p/Food-1de52a1550c1808585f7c8d0cbbab341?pvs=21),2025/05/09,,$0.00
全聯,General (https://app.notion.com/p/General-1fe52a1550c180d89a84f6b6694a42f5?pvs=21),18844,NT$321.00,Food (https://app.notion.com/p/Food-1de52a1550c1808585f7c8d0cbbab341?pvs=21),2025/05/11,,$0.00
麥當勞,General (https://app.notion.com/p/General-1fe52a1550c180d89a84f6b6694a42f5?pvs=21),18026,NT$173.00,Food (https://app.notion.com/p/Food-1de52a1550c1808585f7c8d0cbbab341?pvs=21),2025/05/12,,$0.00
三十年老店,General (https://app.notion.com/p/General-1fe52a1550c180d89a84f6b6694a42f5?pvs=21),18026,NT$495.00,Food (https://app.notion.com/p/Food-1de52a1550c1808585f7c8d0cbbab341?pvs=21),2025/05/12,,$0.00
藍衫茶所,General (https://app.notion.com/p/General-1fe52a1550c180d89a84f6b6694a42f5?pvs=21),18026,NT$90.00,Food (https://app.notion.com/p/Food-1de52a1550c1808585f7c8d0cbbab341?pvs=21),2025/05/12,,$0.00
貝克里麵包,General (https://app.notion.com/p/General-1fe52a1550c180d89a84f6b6694a42f5?pvs=21),18026,NT$60.00,Food (https://app.notion.com/p/Food-1de52a1550c1808585f7c8d0cbbab341?pvs=21),2025/05/12,,$0.00
7-11,General (https://app.notion.com/p/General-1fe52a1550c180d89a84f6b6694a42f5?pvs=21),17426,NT$108.00,Food (https://app.notion.com/p/Food-1de52a1550c1808585f7c8d0cbbab341?pvs=21),2025/05/13,,$0.00
竹東排骨酥麵,General (https://app.notion.com/p/General-1fe52a1550c180d89a84f6b6694a42f5?pvs=21),17426,NT$492.00,Food (https://app.notion.com/p/Food-1de52a1550c1808585f7c8d0cbbab341?pvs=21),2025/05/13,,$0.00
中華電信手機費,General (https://app.notion.com/p/General-1fe52a1550c180d89a84f6b6694a42f5?pvs=21),15242,NT$665.00,Fun (https://app.notion.com/p/Fun-1de52a1550c180f197e2ff3116ec3fa2?pvs=21),2025/05/15,,$0.00
中華電信網路費,General (https://app.notion.com/p/General-1fe52a1550c180d89a84f6b6694a42f5?pvs=21),15242,NT$848.00,Fun (https://app.notion.com/p/Fun-1de52a1550c180f197e2ff3116ec3fa2?pvs=21),2025/05/15,,$0.00
50嵐,General (https://app.notion.com/p/General-1fe52a1550c180d89a84f6b6694a42f5?pvs=21),5930,NT$110.00,Food (https://app.notion.com/p/Food-1de52a1550c1808585f7c8d0cbbab341?pvs=21),2025/05/02,,$0.00
卡莎米義大利麵,General (https://app.notion.com/p/General-1fe52a1550c180d89a84f6b6694a42f5?pvs=21),14828,NT$350.00,Food (https://app.notion.com/p/Food-1de52a1550c1808585f7c8d0cbbab341?pvs=21),2025/05/16,,$0.00
全聯,General (https://app.notion.com/p/General-1fe52a1550c180d89a84f6b6694a42f5?pvs=21),17133,NT$293.00,Food (https://app.notion.com/p/Food-1de52a1550c1808585f7c8d0cbbab341?pvs=21),2025/05/14,,$0.00
7-11,General (https://app.notion.com/p/General-1fe52a1550c180d89a84f6b6694a42f5?pvs=21),14828,NT$64.00,Food (https://app.notion.com/p/Food-1de52a1550c1808585f7c8d0cbbab341?pvs=21),2025/05/16,,$0.00
全聯,General (https://app.notion.com/p/General-1fe52a1550c180d89a84f6b6694a42f5?pvs=21),15242,NT$294.00,Food (https://app.notion.com/p/Food-1de52a1550c1808585f7c8d0cbbab341?pvs=21),2025/05/15,,$0.00
7-11,General (https://app.notion.com/p/General-1fe52a1550c180d89a84f6b6694a42f5?pvs=21),15242,NT$84.00,Food (https://app.notion.com/p/Food-1de52a1550c1808585f7c8d0cbbab341?pvs=21),2025/05/15,,$0.00
咖啡,General (https://app.notion.com/p/General-1fe52a1550c180d89a84f6b6694a42f5?pvs=21),12774,NT$60.00,Food (https://app.notion.com/p/Food-1de52a1550c1808585f7c8d0cbbab341?pvs=21),2025/05/17,,$0.00
先喝道,General (https://app.notion.com/p/General-1fe52a1550c180d89a84f6b6694a42f5?pvs=21),12774,NT$124.00,Food (https://app.notion.com/p/Food-1de52a1550c1808585f7c8d0cbbab341?pvs=21),2025/05/17,,$0.00
豪泰客運,Dream (https://app.notion.com/p/Dream-1de52a1550c180a4bc6eee5e921cbc2d?pvs=21),-54813,NT$520.00,Food (https://app.notion.com/p/Food-1de52a1550c1808585f7c8d0cbbab341?pvs=21),2025/05/17,,$0.00
豆腐里,General (https://app.notion.com/p/General-1fe52a1550c180d89a84f6b6694a42f5?pvs=21),12774,NT$297.00,Food (https://app.notion.com/p/Food-1de52a1550c1808585f7c8d0cbbab341?pvs=21),2025/05/17,,$0.00
福喜滿,General (https://app.notion.com/p/General-1fe52a1550c180d89a84f6b6694a42f5?pvs=21),12774,NT$315.00,Food (https://app.notion.com/p/Food-1de52a1550c1808585f7c8d0cbbab341?pvs=21),2025/05/17,,$0.00
味穗,General (https://app.notion.com/p/General-1fe52a1550c180d89a84f6b6694a42f5?pvs=21),12774,NT$210.00,Food (https://app.notion.com/p/Food-1de52a1550c1808585f7c8d0cbbab341?pvs=21),2025/05/17,,$0.00
公車,Dream (https://app.notion.com/p/Dream-1de52a1550c180a4bc6eee5e921cbc2d?pvs=21),-54813,NT$30.00,Fun (https://app.notion.com/p/Fun-1de52a1550c180f197e2ff3116ec3fa2?pvs=21),2025/05/17,,$0.00
捷運,Dream (https://app.notion.com/p/Dream-1de52a1550c180a4bc6eee5e921cbc2d?pvs=21),-54813,NT$30.00,Fun (https://app.notion.com/p/Fun-1de52a1550c180f197e2ff3116ec3fa2?pvs=21),2025/05/17,,$0.00
達康.Come,Dream (https://app.notion.com/p/Dream-1de52a1550c180a4bc6eee5e921cbc2d?pvs=21),-54813,NT$850.00,Fun (https://app.notion.com/p/Fun-1de52a1550c180f197e2ff3116ec3fa2?pvs=21),2025/05/17,,$0.00
7-11,General (https://app.notion.com/p/General-1fe52a1550c180d89a84f6b6694a42f5?pvs=21),12774,NT$170.00,Food (https://app.notion.com/p/Food-1de52a1550c1808585f7c8d0cbbab341?pvs=21),2025/05/17,,$0.00
全聯,General (https://app.notion.com/p/General-1fe52a1550c180d89a84f6b6694a42f5?pvs=21),12774,NT$878.00,Food (https://app.notion.com/p/Food-1de52a1550c1808585f7c8d0cbbab341?pvs=21),2025/05/17,,$0.00
達康.Come,Couple's (https://app.notion.com/p/Couple-s-1de52a1550c181d39de7eebc343b38cd?pvs=21),17,"NT$1,600.00",Fun (https://app.notion.com/p/Fun-1de52a1550c180f197e2ff3116ec3fa2?pvs=21),2025/05/17,,$0.00
全聯,General (https://app.notion.com/p/General-1fe52a1550c180d89a84f6b6694a42f5?pvs=21),11920,NT$187.00,Food (https://app.notion.com/p/Food-1de52a1550c1808585f7c8d0cbbab341?pvs=21),2025/05/19,,$0.00
全聯,General (https://app.notion.com/p/General-1fe52a1550c180d89a84f6b6694a42f5?pvs=21),12294,NT$480.00,Food (https://app.notion.com/p/Food-1de52a1550c1808585f7c8d0cbbab341?pvs=21),2025/05/18,,$0.00
全聯,General (https://app.notion.com/p/General-1fe52a1550c180d89a84f6b6694a42f5?pvs=21),9469,NT$112.00,Food (https://app.notion.com/p/Food-1de52a1550c1808585f7c8d0cbbab341?pvs=21),2025/05/22,,$0.00
謝府小碗菜,General (https://app.notion.com/p/General-1fe52a1550c180d89a84f6b6694a42f5?pvs=21),9068,NT$401.00,Food (https://app.notion.com/p/Food-1de52a1550c1808585f7c8d0cbbab341?pvs=21),2025/05/23,,$0.00
迪卡儂,Dream (https://app.notion.com/p/Dream-1de52a1550c180a4bc6eee5e921cbc2d?pvs=21),-56040,NT$528.00,Clothes (https://app.notion.com/p/Clothes-1de52a1550c181c098ebee3f08c04f38?pvs=21),2025/05/21,,$0.00
Costco,Dream (https://app.notion.com/p/Dream-1de52a1550c180a4bc6eee5e921cbc2d?pvs=21),-56040,NT$699.00,Clothes (https://app.notion.com/p/Clothes-1de52a1550c181c098ebee3f08c04f38?pvs=21),2025/05/21,Adidas 拖鞋,$0.00
Costco,General (https://app.notion.com/p/General-1fe52a1550c180d89a84f6b6694a42f5?pvs=21),9581,NT$827.00,Food (https://app.notion.com/p/Food-1de52a1550c1808585f7c8d0cbbab341?pvs=21),2025/05/21,,$0.00
全聯,General (https://app.notion.com/p/General-1fe52a1550c180d89a84f6b6694a42f5?pvs=21),7090,"NT$1,426.00",Food (https://app.notion.com/p/Food-1de52a1550c1808585f7c8d0cbbab341?pvs=21),2025/05/25,,$0.00
全聯,General (https://app.notion.com/p/General-1fe52a1550c180d89a84f6b6694a42f5?pvs=21),11920,NT$187.00,Food (https://app.notion.com/p/Food-1de52a1550c1808585f7c8d0cbbab341?pvs=21),2025/05/19,,$0.00
讚不絕口,General (https://app.notion.com/p/General-1fe52a1550c180d89a84f6b6694a42f5?pvs=21),8516,NT$425.00,Food (https://app.notion.com/p/Food-1de52a1550c1808585f7c8d0cbbab341?pvs=21),2025/05/24,,$0.00
玉蘭,General (https://app.notion.com/p/General-1fe52a1550c180d89a84f6b6694a42f5?pvs=21),8516,NT$127.00,Food (https://app.notion.com/p/Food-1de52a1550c1808585f7c8d0cbbab341?pvs=21),2025/05/24,,$0.00
富邦醫療險保費,Fixed (https://app.notion.com/p/Fixed-1de52a1550c180f19995d25cbc6f1038?pvs=21),35979,"NT$11,283.00",Insurance (https://app.notion.com/p/Insurance-1de52a1550c181f09d1dfb6d85985a86?pvs=21),2024/06/05,補扣,$0.00
中華電信網路費,General (https://app.notion.com/p/General-1fe52a1550c180d89a84f6b6694a42f5?pvs=21),16891,NT$848.00,Fun (https://app.notion.com/p/Fun-1de52a1550c180f197e2ff3116ec3fa2?pvs=21),2025/04/15,,$0.00
中華電信網路費,General (https://app.notion.com/p/General-1fe52a1550c180d89a84f6b6694a42f5?pvs=21),9581,NT$848.00,Fun (https://app.notion.com/p/Fun-1de52a1550c180f197e2ff3116ec3fa2?pvs=21),2025/05/21,,$0.00
momo,General (https://app.notion.com/p/General-1fe52a1550c180d89a84f6b6694a42f5?pvs=21),5989,NT$573.00,Cosmetics (https://app.notion.com/p/Cosmetics-1de52a1550c181cb93fdfe1a610bf352?pvs=21),2025/05/27,SD卡、mini dp轉接線,$0.00
全聯,General (https://app.notion.com/p/General-1fe52a1550c180d89a84f6b6694a42f5?pvs=21),5432,NT$423.00,Food (https://app.notion.com/p/Food-1de52a1550c1808585f7c8d0cbbab341?pvs=21),2025/05/28,,$0.00
東門火雞肉飯,General (https://app.notion.com/p/General-1fe52a1550c180d89a84f6b6694a42f5?pvs=21),5989,NT$385.00,Food (https://app.notion.com/p/Food-1de52a1550c1808585f7c8d0cbbab341?pvs=21),2025/05/27,,$0.00
加油費,General (https://app.notion.com/p/General-1fe52a1550c180d89a84f6b6694a42f5?pvs=21),5989,NT$143.00,Traffic (https://app.notion.com/p/Traffic-1de52a1550c1807b8ff6e40f804e1127?pvs=21),2025/05/27,,$0.00
貳樓,Couple's (https://app.notion.com/p/Couple-s-1de52a1550c181d39de7eebc343b38cd?pvs=21),-1226,"NT$1,243.00",Food (https://app.notion.com/p/Food-1de52a1550c1808585f7c8d0cbbab341?pvs=21),2025/05/30,,$0.00
竹北農會,General (https://app.notion.com/p/General-1fe52a1550c180d89a84f6b6694a42f5?pvs=21),3276,NT$455.00,Food (https://app.notion.com/p/Food-1de52a1550c1808585f7c8d0cbbab341?pvs=21),2025/05/31,,$0.00
Cold Stone,General (https://app.notion.com/p/General-1fe52a1550c180d89a84f6b6694a42f5?pvs=21),3276,NT$273.00,Food (https://app.notion.com/p/Food-1de52a1550c1808585f7c8d0cbbab341?pvs=21),2025/05/31,,$0.00
Uniqlo,Dream (https://app.notion.com/p/Dream-1de52a1550c180a4bc6eee5e921cbc2d?pvs=21),-58673,"NT$2,633.00",Clothes (https://app.notion.com/p/Clothes-1de52a1550c181c098ebee3f08c04f38?pvs=21),2025/05/31,,$0.00
50嵐,General (https://app.notion.com/p/General-1fe52a1550c180d89a84f6b6694a42f5?pvs=21),5322,NT$110.00,Food (https://app.notion.com/p/Food-1de52a1550c1808585f7c8d0cbbab341?pvs=21),2025/05/29,,$0.00
涓豆腐,General (https://app.notion.com/p/General-1fe52a1550c180d89a84f6b6694a42f5?pvs=21),3276,"NT$1,318.00",Food (https://app.notion.com/p/Food-1de52a1550c1808585f7c8d0cbbab341?pvs=21),2025/05/31,,$0.00
健保費,Fixed (https://app.notion.com/p/Fixed-1de52a1550c180f19995d25cbc6f1038?pvs=21),31896,"NT$1,036.00",Insurance (https://app.notion.com/p/Insurance-1de52a1550c181f09d1dfb6d85985a86?pvs=21),2025/06/02,,$0.00
勞保費,Fixed (https://app.notion.com/p/Fixed-1de52a1550c180f19995d25cbc6f1038?pvs=21),31896,"NT$1,145.00",Insurance (https://app.notion.com/p/Insurance-1de52a1550c181f09d1dfb6d85985a86?pvs=21),2025/06/02,,$0.00
停車位,Fixed (https://app.notion.com/p/Fixed-1de52a1550c180f19995d25cbc6f1038?pvs=21),31896,"NT$2,500.00",Insurance (https://app.notion.com/p/Insurance-1de52a1550c181f09d1dfb6d85985a86?pvs=21),2025/06/02,,$0.00
房租,Fixed (https://app.notion.com/p/Fixed-1de52a1550c180f19995d25cbc6f1038?pvs=21),31896,"NT$7,250.00",Groceries (https://app.notion.com/p/Groceries-1de52a1550c180c6be6cdfaeb95cee9a?pvs=21),2025/06/02,,$0.00
匯給媽,Fixed (https://app.notion.com/p/Fixed-1de52a1550c180f19995d25cbc6f1038?pvs=21),31896,"NT$6,000.00",Family (https://app.notion.com/p/Family-1de52a1550c181faa107fcc0a73d8120?pvs=21),2025/06/02,,$0.00
蔣好的味道,General (https://app.notion.com/p/General-1fe52a1550c180d89a84f6b6694a42f5?pvs=21),-1323,NT$420.00,Food (https://app.notion.com/p/Food-1de52a1550c1808585f7c8d0cbbab341?pvs=21),2025/06/01,,$0.00
Costco,General (https://app.notion.com/p/General-1fe52a1550c180d89a84f6b6694a42f5?pvs=21),-1323,"NT$2,179.00",Food (https://app.notion.com/p/Food-1de52a1550c1808585f7c8d0cbbab341?pvs=21),2025/06/01,,$0.00
東門火雞肉飯,General (https://app.notion.com/p/General-1fe52a1550c180d89a84f6b6694a42f5?pvs=21),12925,NT$320.00,Food (https://app.notion.com/p/Food-1de52a1550c1808585f7c8d0cbbab341?pvs=21),2025/06/03,,$0.00
7-11,General (https://app.notion.com/p/General-1fe52a1550c180d89a84f6b6694a42f5?pvs=21),12925,NT$68.00,Food (https://app.notion.com/p/Food-1de52a1550c1808585f7c8d0cbbab341?pvs=21),2025/06/03,,$0.00
全聯,General (https://app.notion.com/p/General-1fe52a1550c180d89a84f6b6694a42f5?pvs=21),13313,NT$378.00,Food (https://app.notion.com/p/Food-1de52a1550c1808585f7c8d0cbbab341?pvs=21),2025/06/02,,$0.00
全聯,General (https://app.notion.com/p/General-1fe52a1550c180d89a84f6b6694a42f5?pvs=21),5432,NT$134.00,Food (https://app.notion.com/p/Food-1de52a1550c1808585f7c8d0cbbab341?pvs=21),2025/05/28,,$0.00
Spotify月費,Dream (https://app.notion.com/p/Dream-1de52a1550c180a4bc6eee5e921cbc2d?pvs=21),-15778,NT$202.00,Fun (https://app.notion.com/p/Fun-1de52a1550c180f197e2ff3116ec3fa2?pvs=21),2025/06/04,,$0.00
歐爹,General (https://app.notion.com/p/General-1fe52a1550c180d89a84f6b6694a42f5?pvs=21),14659,NT$379.00,Food (https://app.notion.com/p/Food-1de52a1550c1808585f7c8d0cbbab341?pvs=21),2025/06/07,,$0.00
田記烤鴨,General (https://app.notion.com/p/General-1fe52a1550c180d89a84f6b6694a42f5?pvs=21),15038,NT$340.00,Food (https://app.notion.com/p/Food-1de52a1550c1808585f7c8d0cbbab341?pvs=21),2025/06/06,,$0.00
先喝道,General (https://app.notion.com/p/General-1fe52a1550c180d89a84f6b6694a42f5?pvs=21),15038,NT$107.00,Food (https://app.notion.com/p/Food-1de52a1550c1808585f7c8d0cbbab341?pvs=21),2025/06/06,,$0.00
豐華小吃,General (https://app.notion.com/p/General-1fe52a1550c180d89a84f6b6694a42f5?pvs=21),15485,NT$440.00,Food (https://app.notion.com/p/Food-1de52a1550c1808585f7c8d0cbbab341?pvs=21),2025/06/05,,$0.00
Costco,General (https://app.notion.com/p/General-1fe52a1550c180d89a84f6b6694a42f5?pvs=21),12486,"NT$2,173.00",Food (https://app.notion.com/p/Food-1de52a1550c1808585f7c8d0cbbab341?pvs=21),2025/06/08,,$0.00
Costco,General (https://app.notion.com/p/General-1fe52a1550c180d89a84f6b6694a42f5?pvs=21),10991,NT$459.00,Food (https://app.notion.com/p/Food-1de52a1550c1808585f7c8d0cbbab341?pvs=21),2025/06/10,,$0.00
新竹後站夜市,General (https://app.notion.com/p/General-1fe52a1550c180d89a84f6b6694a42f5?pvs=21),10991,NT$600.00,Food (https://app.notion.com/p/Food-1de52a1550c1808585f7c8d0cbbab341?pvs=21),2025/06/10,,$0.00
全家,General (https://app.notion.com/p/General-1fe52a1550c180d89a84f6b6694a42f5?pvs=21),10640,NT$140.00,Food (https://app.notion.com/p/Food-1de52a1550c1808585f7c8d0cbbab341?pvs=21),2025/06/11,,$0.00
Costco,General (https://app.notion.com/p/General-1fe52a1550c180d89a84f6b6694a42f5?pvs=21),10991,NT$129.00,Food (https://app.notion.com/p/Food-1de52a1550c1808585f7c8d0cbbab341?pvs=21),2025/06/10,,$0.00
全聯,General (https://app.notion.com/p/General-1fe52a1550c180d89a84f6b6694a42f5?pvs=21),12321,NT$165.00,Food (https://app.notion.com/p/Food-1de52a1550c1808585f7c8d0cbbab341?pvs=21),2025/06/09,,$0.00
全聯,General (https://app.notion.com/p/General-1fe52a1550c180d89a84f6b6694a42f5?pvs=21),10640,NT$211.00,Food (https://app.notion.com/p/Food-1de52a1550c1808585f7c8d0cbbab341?pvs=21),2025/06/11,,$0.00
良金牧場,General (https://app.notion.com/p/General-1fe52a1550c180d89a84f6b6694a42f5?pvs=21),8777,NT$530.00,Food (https://app.notion.com/p/Food-1de52a1550c1808585f7c8d0cbbab341?pvs=21),2025/06/14,,$0.00
戰地之花,General (https://app.notion.com/p/General-1fe52a1550c180d89a84f6b6694a42f5?pvs=21),8777,NT$160.00,Food (https://app.notion.com/p/Food-1de52a1550c1808585f7c8d0cbbab341?pvs=21),2025/06/14,,$0.00
東林北街黑糖剉冰,General (https://app.notion.com/p/General-1fe52a1550c180d89a84f6b6694a42f5?pvs=21),8777,NT$80.00,Food (https://app.notion.com/p/Food-1de52a1550c1808585f7c8d0cbbab341?pvs=21),2025/06/14,,$0.00
華興商行 石果軒香蛋,General (https://app.notion.com/p/General-1fe52a1550c180d89a84f6b6694a42f5?pvs=21),8777,NT$120.00,Food (https://app.notion.com/p/Food-1de52a1550c1808585f7c8d0cbbab341?pvs=21),2025/06/14,,$0.00
雨川食堂｜金門戰地滋味,General (https://app.notion.com/p/General-1fe52a1550c180d89a84f6b6694a42f5?pvs=21),8777,NT$498.00,Food (https://app.notion.com/p/Food-1de52a1550c1808585f7c8d0cbbab341?pvs=21),2025/06/14,,$0.00
中華電信網路費,Dream (https://app.notion.com/p/Dream-1de52a1550c180a4bc6eee5e921cbc2d?pvs=21),-17291,NT$848.00,Fun (https://app.notion.com/p/Fun-1de52a1550c180f197e2ff3116ec3fa2?pvs=21),2025/06/15,,$0.00
中華電信手機費,Dream (https://app.notion.com/p/Dream-1de52a1550c180a4bc6eee5e921cbc2d?pvs=21),-17291,NT$665.00,Fun (https://app.notion.com/p/Fun-1de52a1550c180f197e2ff3116ec3fa2?pvs=21),2025/06/15,,$0.00
三角堡,General (https://app.notion.com/p/General-1fe52a1550c180d89a84f6b6694a42f5?pvs=21),7622,NT$210.00,Food (https://app.notion.com/p/Food-1de52a1550c1808585f7c8d0cbbab341?pvs=21),2025/06/15,,$0.00
俊輝燒烤,General (https://app.notion.com/p/General-1fe52a1550c180d89a84f6b6694a42f5?pvs=21),7622,NT$690.00,Food (https://app.notion.com/p/Food-1de52a1550c1808585f7c8d0cbbab341?pvs=21),2025/06/15,,$0.00
麻古茶坊,General (https://app.notion.com/p/General-1fe52a1550c180d89a84f6b6694a42f5?pvs=21),7622,NT$160.00,Food (https://app.notion.com/p/Food-1de52a1550c1808585f7c8d0cbbab341?pvs=21),2025/06/15,,$0.00
蚵爹之家,General (https://app.notion.com/p/General-1fe52a1550c180d89a84f6b6694a42f5?pvs=21),7622,NT$45.00,Food (https://app.notion.com/p/Food-1de52a1550c1808585f7c8d0cbbab341?pvs=21),2025/06/15,,$0.00
喊泉,General (https://app.notion.com/p/General-1fe52a1550c180d89a84f6b6694a42f5?pvs=21),7622,NT$20.00,Travel (https://app.notion.com/p/Travel-1de52a1550c18102a04df0c968556b0b?pvs=21),2025/06/15,,$0.00
和記油條,General (https://app.notion.com/p/General-1fe52a1550c180d89a84f6b6694a42f5?pvs=21),7622,NT$30.00,Food (https://app.notion.com/p/Food-1de52a1550c1808585f7c8d0cbbab341?pvs=21),2025/06/15,,$0.00
7-11,General (https://app.notion.com/p/General-1fe52a1550c180d89a84f6b6694a42f5?pvs=21),6363,NT$85.00,Food (https://app.notion.com/p/Food-1de52a1550c1808585f7c8d0cbbab341?pvs=21),2025/06/18,,$0.00
雞肉飯,General (https://app.notion.com/p/General-1fe52a1550c180d89a84f6b6694a42f5?pvs=21),6448,NT$150.00,Food (https://app.notion.com/p/Food-1de52a1550c1808585f7c8d0cbbab341?pvs=21),2025/06/17,,$0.00
金豐租車,Couple's (https://app.notion.com/p/Couple-s-1de52a1550c181d39de7eebc343b38cd?pvs=21),-5811,"NT$4,950.00",Fun (https://app.notion.com/p/Fun-1de52a1550c180f197e2ff3116ec3fa2?pvs=21),2025/06/16,,$0.00
浯倆牛肉麵,General (https://app.notion.com/p/General-1fe52a1550c180d89a84f6b6694a42f5?pvs=21),6598,NT$479.00,Food (https://app.notion.com/p/Food-1de52a1550c1808585f7c8d0cbbab341?pvs=21),2025/06/16,,$0.00
畜產試驗所,Couple's (https://app.notion.com/p/Couple-s-1de52a1550c181d39de7eebc343b38cd?pvs=21),-5811,"NT$1,479.00",Fun (https://app.notion.com/p/Fun-1de52a1550c180f197e2ff3116ec3fa2?pvs=21),2025/06/16,,$0.00
三寶齋,Couple's (https://app.notion.com/p/Couple-s-1de52a1550c181d39de7eebc343b38cd?pvs=21),-5811,NT$250.00,Fun (https://app.notion.com/p/Fun-1de52a1550c180f197e2ff3116ec3fa2?pvs=21),2025/06/16,,$0.00
蚵爹之家,General (https://app.notion.com/p/General-1fe52a1550c180d89a84f6b6694a42f5?pvs=21),6598,NT$90.00,Food (https://app.notion.com/p/Food-1de52a1550c1808585f7c8d0cbbab341?pvs=21),2025/06/16,,$0.00
嘉年華冰店,General (https://app.notion.com/p/General-1fe52a1550c180d89a84f6b6694a42f5?pvs=21),6598,NT$170.00,Food (https://app.notion.com/p/Food-1de52a1550c1808585f7c8d0cbbab341?pvs=21),2025/06/16,,$0.00
加油,Couple's (https://app.notion.com/p/Couple-s-1de52a1550c181d39de7eebc343b38cd?pvs=21),-5811,NT$553.00,Fun (https://app.notion.com/p/Fun-1de52a1550c180f197e2ff3116ec3fa2?pvs=21),2025/06/16,,$0.00
昇恆昌,General (https://app.notion.com/p/General-1fe52a1550c180d89a84f6b6694a42f5?pvs=21),6598,NT$285.00,Food (https://app.notion.com/p/Food-1de52a1550c1808585f7c8d0cbbab341?pvs=21),2025/06/16,,$0.00
豪泰客運,Couple's (https://app.notion.com/p/Couple-s-1de52a1550c181d39de7eebc343b38cd?pvs=21),-5811,NT$320.00,Fun (https://app.notion.com/p/Fun-1de52a1550c180f197e2ff3116ec3fa2?pvs=21),2025/06/16,,$0.00
這一小鍋,Couple's (https://app.notion.com/p/Couple-s-1de52a1550c181d39de7eebc343b38cd?pvs=21),1741,"NT$1,033.00",Food (https://app.notion.com/p/Food-1de52a1550c1808585f7c8d0cbbab341?pvs=21),2025/06/08,,$0.00
加油費,General (https://app.notion.com/p/General-1fe52a1550c180d89a84f6b6694a42f5?pvs=21),10991,NT$142.00,Traffic (https://app.notion.com/p/Traffic-1de52a1550c1807b8ff6e40f804e1127?pvs=21),2025/06/10,,$0.00
村椒酸菜魚,General (https://app.notion.com/p/General-1fe52a1550c180d89a84f6b6694a42f5?pvs=21),5495,NT$688.00,Food (https://app.notion.com/p/Food-1de52a1550c1808585f7c8d0cbbab341?pvs=21),2025/06/21,,$0.00
覓雪,General (https://app.notion.com/p/General-1fe52a1550c180d89a84f6b6694a42f5?pvs=21),5495,NT$180.00,Food (https://app.notion.com/p/Food-1de52a1550c1808585f7c8d0cbbab341?pvs=21),2025/06/21,,$0.00
水電費,General (https://app.notion.com/p/General-1fe52a1550c180d89a84f6b6694a42f5?pvs=21),565,"NT$1,024.00",Groceries (https://app.notion.com/p/Groceries-1de52a1550c180c6be6cdfaeb95cee9a?pvs=21),2025/06/22,,$0.00
龜記,General (https://app.notion.com/p/General-1fe52a1550c180d89a84f6b6694a42f5?pvs=21),-1939,NT$100.00,Food (https://app.notion.com/p/Food-1de52a1550c1808585f7c8d0cbbab341?pvs=21),2025/06/29,,$0.00
申記,General (https://app.notion.com/p/General-1fe52a1550c180d89a84f6b6694a42f5?pvs=21),-1939,NT$100.00,Food (https://app.notion.com/p/Food-1de52a1550c1808585f7c8d0cbbab341?pvs=21),2025/06/29,,$0.00
加油費,Dream (https://app.notion.com/p/Dream-1de52a1550c180a4bc6eee5e921cbc2d?pvs=21),-18764,"NT$1,473.00",Traffic (https://app.notion.com/p/Traffic-1de52a1550c1807b8ff6e40f804e1127?pvs=21),2025/06/29,,$0.00
ㄤ咕麵,General (https://app.notion.com/p/General-1fe52a1550c180d89a84f6b6694a42f5?pvs=21),-1939,NT$726.00,Food (https://app.notion.com/p/Food-1de52a1550c1808585f7c8d0cbbab341?pvs=21),2025/06/29,,$0.00
阿嬤綿綿冰,General (https://app.notion.com/p/General-1fe52a1550c180d89a84f6b6694a42f5?pvs=21),-1939,NT$40.00,Food (https://app.notion.com/p/Food-1de52a1550c1808585f7c8d0cbbab341?pvs=21),2025/06/29,,$0.00
7-11,General (https://app.notion.com/p/General-1fe52a1550c180d89a84f6b6694a42f5?pvs=21),-1939,NT$100.00,Food (https://app.notion.com/p/Food-1de52a1550c1808585f7c8d0cbbab341?pvs=21),2025/06/29,,$0.00
停車費,General (https://app.notion.com/p/General-1fe52a1550c180d89a84f6b6694a42f5?pvs=21),-1939,NT$120.00,Food (https://app.notion.com/p/Food-1de52a1550c1808585f7c8d0cbbab341?pvs=21),2025/06/29,,$0.00
Costco,General (https://app.notion.com/p/General-1fe52a1550c180d89a84f6b6694a42f5?pvs=21),565,"NT$3,527.00",Food (https://app.notion.com/p/Food-1de52a1550c1808585f7c8d0cbbab341?pvs=21),2025/06/22,,$0.00
Costco,General (https://app.notion.com/p/General-1fe52a1550c180d89a84f6b6694a42f5?pvs=21),565,NT$379.00,Groceries (https://app.notion.com/p/Groceries-1de52a1550c180c6be6cdfaeb95cee9a?pvs=21),2025/06/22,,$0.00
包Sir,General (https://app.notion.com/p/General-1fe52a1550c180d89a84f6b6694a42f5?pvs=21),-753,NT$465.00,Food (https://app.notion.com/p/Food-1de52a1550c1808585f7c8d0cbbab341?pvs=21),2025/06/28,,$0.00
永和豆漿,General (https://app.notion.com/p/General-1fe52a1550c180d89a84f6b6694a42f5?pvs=21),-753,NT$58.00,Food (https://app.notion.com/p/Food-1de52a1550c1808585f7c8d0cbbab341?pvs=21),2025/06/28,,$0.00
大埔鐵板燒,General (https://app.notion.com/p/General-1fe52a1550c180d89a84f6b6694a42f5?pvs=21),-230,NT$695.00,Food (https://app.notion.com/p/Food-1de52a1550c1808585f7c8d0cbbab341?pvs=21),2025/06/27,,$0.00
勞保費,Fixed (https://app.notion.com/p/Fixed-1de52a1550c180f19995d25cbc6f1038?pvs=21),729,"NT$1,145.00",Insurance (https://app.notion.com/p/Insurance-1de52a1550c181f09d1dfb6d85985a86?pvs=21),2025/07/01,,$0.00
匯給媽,Fixed (https://app.notion.com/p/Fixed-1de52a1550c180f19995d25cbc6f1038?pvs=21),729,"NT$6,000.00",Family (https://app.notion.com/p/Family-1de52a1550c181faa107fcc0a73d8120?pvs=21),2025/07/01,,$0.00
房租,Fixed (https://app.notion.com/p/Fixed-1de52a1550c180f19995d25cbc6f1038?pvs=21),729,"NT$7,250.00",Groceries (https://app.notion.com/p/Groceries-1de52a1550c180c6be6cdfaeb95cee9a?pvs=21),2025/07/01,,$0.00
停車位,Fixed (https://app.notion.com/p/Fixed-1de52a1550c180f19995d25cbc6f1038?pvs=21),729,"NT$2,500.00",Insurance (https://app.notion.com/p/Insurance-1de52a1550c181f09d1dfb6d85985a86?pvs=21),2025/07/01,,$0.00
健保費,Fixed (https://app.notion.com/p/Fixed-1de52a1550c180f19995d25cbc6f1038?pvs=21),729,"NT$1,036.00",Insurance (https://app.notion.com/p/Insurance-1de52a1550c181f09d1dfb6d85985a86?pvs=21),2025/07/01,,$0.00
汽車燃料費,Fixed (https://app.notion.com/p/Fixed-1de52a1550c180f19995d25cbc6f1038?pvs=21),16022,"NT$6,180.00",Traffic (https://app.notion.com/p/Traffic-1de52a1550c1807b8ff6e40f804e1127?pvs=21),2025/07/03,,$0.00
機車燃料費,General (https://app.notion.com/p/General-1fe52a1550c180d89a84f6b6694a42f5?pvs=21),9877,NT$450.00,Traffic (https://app.notion.com/p/Traffic-1de52a1550c1807b8ff6e40f804e1127?pvs=21),2025/07/03,,$0.00
陳阿姨火鍋,Couple's (https://app.notion.com/p/Couple-s-1de52a1550c181d39de7eebc343b38cd?pvs=21),-2976,"NT$1,165.00",Food (https://app.notion.com/p/Food-1de52a1550c1808585f7c8d0cbbab341?pvs=21),2025/07/03,,$0.00
Costco,General (https://app.notion.com/p/General-1fe52a1550c180d89a84f6b6694a42f5?pvs=21),10327,NT$129.00,Food (https://app.notion.com/p/Food-1de52a1550c1808585f7c8d0cbbab341?pvs=21),2025/07/02,,$0.00
加油費,General (https://app.notion.com/p/General-1fe52a1550c180d89a84f6b6694a42f5?pvs=21),10327,NT$150.00,Traffic (https://app.notion.com/p/Traffic-1de52a1550c1807b8ff6e40f804e1127?pvs=21),2025/07/02,,$0.00
全聯,General (https://app.notion.com/p/General-1fe52a1550c180d89a84f6b6694a42f5?pvs=21),10327,NT$89.00,Food (https://app.notion.com/p/Food-1de52a1550c1808585f7c8d0cbbab341?pvs=21),2025/07/02,,$0.00
東門雞肉飯,General (https://app.notion.com/p/General-1fe52a1550c180d89a84f6b6694a42f5?pvs=21),-4319,NT$310.00,Food (https://app.notion.com/p/Food-1de52a1550c1808585f7c8d0cbbab341?pvs=21),2025/07/01,,$0.00
南北臭豆腐,General (https://app.notion.com/p/General-1fe52a1550c180d89a84f6b6694a42f5?pvs=21),-4319,NT$70.00,Food (https://app.notion.com/p/Food-1de52a1550c1808585f7c8d0cbbab341?pvs=21),2025/07/01,,$0.00
Spotify月費,Dream (https://app.notion.com/p/Dream-1de52a1550c180a4bc6eee5e921cbc2d?pvs=21),-2795,NT$202.00,Fun (https://app.notion.com/p/Fun-1de52a1550c180f197e2ff3116ec3fa2?pvs=21),2025/07/04,,$0.00
小販部,General (https://app.notion.com/p/General-1fe52a1550c180d89a84f6b6694a42f5?pvs=21),9370,NT$45.00,Food (https://app.notion.com/p/Food-1de52a1550c1808585f7c8d0cbbab341?pvs=21),2025/07/09,,$0.00
丐幫滷味,General (https://app.notion.com/p/General-1fe52a1550c180d89a84f6b6694a42f5?pvs=21),9370,NT$255.00,Food (https://app.notion.com/p/Food-1de52a1550c1808585f7c8d0cbbab341?pvs=21),2025/07/09,,$0.00
浪人鐵板燒,General (https://app.notion.com/p/General-1fe52a1550c180d89a84f6b6694a42f5?pvs=21),9670,NT$620.00,Food (https://app.notion.com/p/Food-1de52a1550c1808585f7c8d0cbbab341?pvs=21),2025/07/08,,$0.00
全聯,General (https://app.notion.com/p/General-1fe52a1550c180d89a84f6b6694a42f5?pvs=21),9670,NT$117.00,Food (https://app.notion.com/p/Food-1de52a1550c1808585f7c8d0cbbab341?pvs=21),2025/07/08,,$0.00
全聯,General (https://app.notion.com/p/General-1fe52a1550c180d89a84f6b6694a42f5?pvs=21),10947,NT$809.00,Food (https://app.notion.com/p/Food-1de52a1550c1808585f7c8d0cbbab341?pvs=21),2025/07/06,,$0.00
宸龍串烤·鹽酥雞,General (https://app.notion.com/p/General-1fe52a1550c180d89a84f6b6694a42f5?pvs=21),10407,NT$540.00,Food (https://app.notion.com/p/Food-1de52a1550c1808585f7c8d0cbbab341?pvs=21),2025/07/07,,$0.00
加油費,Dream (https://app.notion.com/p/Dream-1de52a1550c180a4bc6eee5e921cbc2d?pvs=21),-1757,"NT$1,462.00",Traffic (https://app.notion.com/p/Traffic-1de52a1550c1807b8ff6e40f804e1127?pvs=21),2025/07/05,,$0.00
全聯,General (https://app.notion.com/p/General-1fe52a1550c180d89a84f6b6694a42f5?pvs=21),9163,NT$207.00,Food (https://app.notion.com/p/Food-1de52a1550c1808585f7c8d0cbbab341?pvs=21),2025/07/10,,$0.00
協發行,General (https://app.notion.com/p/General-1fe52a1550c180d89a84f6b6694a42f5?pvs=21),10947,"NT$1,036.00",Food (https://app.notion.com/p/Food-1de52a1550c1808585f7c8d0cbbab341?pvs=21),2025/07/06,,$0.00
7-11,General (https://app.notion.com/p/General-1fe52a1550c180d89a84f6b6694a42f5?pvs=21),8618,NT$100.00,Food (https://app.notion.com/p/Food-1de52a1550c1808585f7c8d0cbbab341?pvs=21),2025/07/14,,$0.00
全聯,General (https://app.notion.com/p/General-1fe52a1550c180d89a84f6b6694a42f5?pvs=21),9004,NT$39.00,Food (https://app.notion.com/p/Food-1de52a1550c1808585f7c8d0cbbab341?pvs=21),2025/07/12,,$0.00
Apple,Dream (https://app.notion.com/p/Dream-1de52a1550c180a4bc6eee5e921cbc2d?pvs=21),-41657,"NT$39,900.00",Fun (https://app.notion.com/p/Fun-1de52a1550c180f197e2ff3116ec3fa2?pvs=21),2025/07/13,macbook air bts with airpod pro2,$0.00
圓仔惠,General (https://app.notion.com/p/General-1fe52a1550c180d89a84f6b6694a42f5?pvs=21),9004,NT$120.00,Food (https://app.notion.com/p/Food-1de52a1550c1808585f7c8d0cbbab341?pvs=21),2025/07/12,,$0.00
中華電信手機費,Dream (https://app.notion.com/p/Dream-1de52a1550c180a4bc6eee5e921cbc2d?pvs=21),-52685,NT$665.00,Fun (https://app.notion.com/p/Fun-1de52a1550c180f197e2ff3116ec3fa2?pvs=21),2025/07/15,,$0.00
中華電信網路費,Dream (https://app.notion.com/p/Dream-1de52a1550c180a4bc6eee5e921cbc2d?pvs=21),-52685,NT$848.00,Fun (https://app.notion.com/p/Fun-1de52a1550c180f197e2ff3116ec3fa2?pvs=21),2025/07/15,,$0.00
小販部,General (https://app.notion.com/p/General-1fe52a1550c180d89a84f6b6694a42f5?pvs=21),6266,NT$30.00,Food (https://app.notion.com/p/Food-1de52a1550c1808585f7c8d0cbbab341?pvs=21),2025/07/21,,$0.00
全聯,General (https://app.notion.com/p/General-1fe52a1550c180d89a84f6b6694a42f5?pvs=21),6296,NT$658.00,Food (https://app.notion.com/p/Food-1de52a1550c1808585f7c8d0cbbab341?pvs=21),2025/07/20,,$0.00
全聯,General (https://app.notion.com/p/General-1fe52a1550c180d89a84f6b6694a42f5?pvs=21),8262,NT$356.00,Food (https://app.notion.com/p/Food-1de52a1550c1808585f7c8d0cbbab341?pvs=21),2025/07/16,,$0.00
全聯,General (https://app.notion.com/p/General-1fe52a1550c180d89a84f6b6694a42f5?pvs=21),8618,NT$286.00,Food (https://app.notion.com/p/Food-1de52a1550c1808585f7c8d0cbbab341?pvs=21),2025/07/14,,$0.00
台鐵,General (https://app.notion.com/p/General-1fe52a1550c180d89a84f6b6694a42f5?pvs=21),6296,NT$174.00,Food (https://app.notion.com/p/Food-1de52a1550c1808585f7c8d0cbbab341?pvs=21),2025/07/20,,$0.00
蔣好的味道,General (https://app.notion.com/p/General-1fe52a1550c180d89a84f6b6694a42f5?pvs=21),6296,NT$410.00,Food (https://app.notion.com/p/Food-1de52a1550c1808585f7c8d0cbbab341?pvs=21),2025/07/20,,$0.00
台鐵,General (https://app.notion.com/p/General-1fe52a1550c180d89a84f6b6694a42f5?pvs=21),7538,NT$174.00,Food (https://app.notion.com/p/Food-1de52a1550c1808585f7c8d0cbbab341?pvs=21),2025/07/19,,$0.00
7-11,General (https://app.notion.com/p/General-1fe52a1550c180d89a84f6b6694a42f5?pvs=21),7538,NT$150.00,Food (https://app.notion.com/p/Food-1de52a1550c1808585f7c8d0cbbab341?pvs=21),2025/07/19,,$0.00
觀霧山莊便利店,General (https://app.notion.com/p/General-1fe52a1550c180d89a84f6b6694a42f5?pvs=21),7538,NT$300.00,Food (https://app.notion.com/p/Food-1de52a1550c1808585f7c8d0cbbab341?pvs=21),2025/07/19,,$0.00
阿叔火鍋燒肉,Dream (https://app.notion.com/p/Dream-1de52a1550c180a4bc6eee5e921cbc2d?pvs=21),-54185,"NT$1,500.00",Food (https://app.notion.com/p/Food-1de52a1550c1808585f7c8d0cbbab341?pvs=21),2025/07/18,,$0.00
烏弄,General (https://app.notion.com/p/General-1fe52a1550c180d89a84f6b6694a42f5?pvs=21),8162,NT$100.00,Food (https://app.notion.com/p/Food-1de52a1550c1808585f7c8d0cbbab341?pvs=21),2025/07/18,,$0.00
momo,Dream (https://app.notion.com/p/Dream-1de52a1550c180a4bc6eee5e921cbc2d?pvs=21),-52685,"NT$9,515.00",Fun (https://app.notion.com/p/Fun-1de52a1550c180f197e2ff3116ec3fa2?pvs=21),2025/07/15,,$0.00
三立冰店,General (https://app.notion.com/p/General-1fe52a1550c180d89a84f6b6694a42f5?pvs=21),12792,NT$85.00,Food (https://app.notion.com/p/Food-1de52a1550c1808585f7c8d0cbbab341?pvs=21),2025/07/05,,$0.00
大魯閣湳雅,General (https://app.notion.com/p/General-1fe52a1550c180d89a84f6b6694a42f5?pvs=21),10165,NT$475.00,Food (https://app.notion.com/p/Food-1de52a1550c1808585f7c8d0cbbab341?pvs=21),2025/06/12,,$0.00
草本茶,General (https://app.notion.com/p/General-1fe52a1550c180d89a84f6b6694a42f5?pvs=21),-230,NT$100.00,Food (https://app.notion.com/p/Food-1de52a1550c1808585f7c8d0cbbab341?pvs=21),2025/06/27,,$0.00
春虫冰菓部,General (https://app.notion.com/p/General-1fe52a1550c180d89a84f6b6694a42f5?pvs=21),1737,NT$120.00,Food (https://app.notion.com/p/Food-1de52a1550c1808585f7c8d0cbbab341?pvs=21),2025/07/26,,$0.00
加油費,Dream (https://app.notion.com/p/Dream-1de52a1550c180a4bc6eee5e921cbc2d?pvs=21),-55275,"NT$1,090.00",Traffic (https://app.notion.com/p/Traffic-1de52a1550c1807b8ff6e40f804e1127?pvs=21),2025/07/26,,$0.00
炸彈蔥油餅,General (https://app.notion.com/p/General-1fe52a1550c180d89a84f6b6694a42f5?pvs=21),1737,NT$90.00,Food (https://app.notion.com/p/Food-1de52a1550c1808585f7c8d0cbbab341?pvs=21),2025/07/26,,$0.00
叮哥,General (https://app.notion.com/p/General-1fe52a1550c180d89a84f6b6694a42f5?pvs=21),1737,NT$60.00,Food (https://app.notion.com/p/Food-1de52a1550c1808585f7c8d0cbbab341?pvs=21),2025/07/26,,$0.00
全聯,General (https://app.notion.com/p/General-1fe52a1550c180d89a84f6b6694a42f5?pvs=21),2828,NT$826.00,Food (https://app.notion.com/p/Food-1de52a1550c1808585f7c8d0cbbab341?pvs=21),2025/07/25,,$0.00
包sir,General (https://app.notion.com/p/General-1fe52a1550c180d89a84f6b6694a42f5?pvs=21),2828,NT$370.00,Food (https://app.notion.com/p/Food-1de52a1550c1808585f7c8d0cbbab341?pvs=21),2025/07/25,,$0.00
7-11,General (https://app.notion.com/p/General-1fe52a1550c180d89a84f6b6694a42f5?pvs=21),2828,NT$105.00,Food (https://app.notion.com/p/Food-1de52a1550c1808585f7c8d0cbbab341?pvs=21),2025/07/25,,$0.00
全聯,General (https://app.notion.com/p/General-1fe52a1550c180d89a84f6b6694a42f5?pvs=21),4129,NT$114.00,Food (https://app.notion.com/p/Food-1de52a1550c1808585f7c8d0cbbab341?pvs=21),2025/07/24,,$0.00
全聯,General (https://app.notion.com/p/General-1fe52a1550c180d89a84f6b6694a42f5?pvs=21),4243,NT$184.00,Food (https://app.notion.com/p/Food-1de52a1550c1808585f7c8d0cbbab341?pvs=21),2025/07/23,,$0.00
Costco,General (https://app.notion.com/p/General-1fe52a1550c180d89a84f6b6694a42f5?pvs=21),4243,"NT$1,014.00",Food (https://app.notion.com/p/Food-1de52a1550c1808585f7c8d0cbbab341?pvs=21),2025/07/23,,$0.00
Costco,General (https://app.notion.com/p/General-1fe52a1550c180d89a84f6b6694a42f5?pvs=21),4243,NT$365.00,Food (https://app.notion.com/p/Food-1de52a1550c1808585f7c8d0cbbab341?pvs=21),2025/07/23,,$0.00
第二春滷味,General (https://app.notion.com/p/General-1fe52a1550c180d89a84f6b6694a42f5?pvs=21),5956,NT$310.00,Food (https://app.notion.com/p/Food-1de52a1550c1808585f7c8d0cbbab341?pvs=21),2025/07/22,,$0.00
榕樹下麵店,General (https://app.notion.com/p/General-1fe52a1550c180d89a84f6b6694a42f5?pvs=21),1737,NT$430.00,Food (https://app.notion.com/p/Food-1de52a1550c1808585f7c8d0cbbab341?pvs=21),2025/07/26,,$0.00
匯給媽,Fixed (https://app.notion.com/p/Fixed-1de52a1550c180f19995d25cbc6f1038?pvs=21),19517,"NT$6,000.00",Family (https://app.notion.com/p/Family-1de52a1550c181faa107fcc0a73d8120?pvs=21),2025/08/04,,$0.00
房租,Fixed (https://app.notion.com/p/Fixed-1de52a1550c180f19995d25cbc6f1038?pvs=21),4044,"NT$7,250.00",Groceries (https://app.notion.com/p/Groceries-1de52a1550c180c6be6cdfaeb95cee9a?pvs=21),2025/08/01,,$0.00
健保費,Fixed (https://app.notion.com/p/Fixed-1de52a1550c180f19995d25cbc6f1038?pvs=21),4044,"NT$1,083.00",Insurance (https://app.notion.com/p/Insurance-1de52a1550c181f09d1dfb6d85985a86?pvs=21),2025/08/01,,$0.00
勞保費,Fixed (https://app.notion.com/p/Fixed-1de52a1550c180f19995d25cbc6f1038?pvs=21),4044,"NT$1,145.00",Insurance (https://app.notion.com/p/Insurance-1de52a1550c181f09d1dfb6d85985a86?pvs=21),2025/08/01,,$0.00
停車位,Fixed (https://app.notion.com/p/Fixed-1de52a1550c180f19995d25cbc6f1038?pvs=21),4044,"NT$2,500.00",Insurance (https://app.notion.com/p/Insurance-1de52a1550c181f09d1dfb6d85985a86?pvs=21),2025/08/01,,$0.00
Spotify月費,Dream (https://app.notion.com/p/Dream-1de52a1550c180a4bc6eee5e921cbc2d?pvs=21),-3886,NT$202.00,Fun (https://app.notion.com/p/Fun-1de52a1550c180f197e2ff3116ec3fa2?pvs=21),2025/08/04,,$0.00
7-11,General (https://app.notion.com/p/General-1fe52a1550c180d89a84f6b6694a42f5?pvs=21),13638,NT$106.00,Food (https://app.notion.com/p/Food-1de52a1550c1808585f7c8d0cbbab341?pvs=21),2025/08/04,,$0.00
玉蘭,General (https://app.notion.com/p/General-1fe52a1550c180d89a84f6b6694a42f5?pvs=21),11016,NT$90.00,Food (https://app.notion.com/p/Food-1de52a1550c1808585f7c8d0cbbab341?pvs=21),2025/08/03,,$0.00
北門室食,General (https://app.notion.com/p/General-1fe52a1550c180d89a84f6b6694a42f5?pvs=21),11016,NT$580.00,Food (https://app.notion.com/p/Food-1de52a1550c1808585f7c8d0cbbab341?pvs=21),2025/08/03,,$0.00
全聯,General (https://app.notion.com/p/General-1fe52a1550c180d89a84f6b6694a42f5?pvs=21),11016,NT$833.00,Food (https://app.notion.com/p/Food-1de52a1550c1808585f7c8d0cbbab341?pvs=21),2025/08/03,,$0.00
全聯,General (https://app.notion.com/p/General-1fe52a1550c180d89a84f6b6694a42f5?pvs=21),1061,NT$302.00,Food (https://app.notion.com/p/Food-1de52a1550c1808585f7c8d0cbbab341?pvs=21),2025/07/30,,$0.00
全聯,General (https://app.notion.com/p/General-1fe52a1550c180d89a84f6b6694a42f5?pvs=21),1363,NT$104.00,Food (https://app.notion.com/p/Food-1de52a1550c1808585f7c8d0cbbab341?pvs=21),2025/07/27,,$0.00
Costco,General (https://app.notion.com/p/General-1fe52a1550c180d89a84f6b6694a42f5?pvs=21),-2495,NT$228.00,Food (https://app.notion.com/p/Food-1de52a1550c1808585f7c8d0cbbab341?pvs=21),2025/08/01,,$0.00
Costco,General (https://app.notion.com/p/General-1fe52a1550c180d89a84f6b6694a42f5?pvs=21),-2495,"NT$1,328.00",Food (https://app.notion.com/p/Food-1de52a1550c1808585f7c8d0cbbab341?pvs=21),2025/08/01,,$0.00
福記胡椒豬肚雞,Couple's (https://app.notion.com/p/Couple-s-1de52a1550c181d39de7eebc343b38cd?pvs=21),-5628,"NT$1,838.00",Food (https://app.notion.com/p/Food-1de52a1550c1808585f7c8d0cbbab341?pvs=21),2025/07/29,,$0.00
ColdStone,General (https://app.notion.com/p/General-1fe52a1550c180d89a84f6b6694a42f5?pvs=21),1363,NT$270.00,Food (https://app.notion.com/p/Food-1de52a1550c1808585f7c8d0cbbab341?pvs=21),2025/07/27,,$0.00
盛京炸豬排,Couple's (https://app.notion.com/p/Couple-s-1de52a1550c181d39de7eebc343b38cd?pvs=21),-3790,NT$814.00,Food (https://app.notion.com/p/Food-1de52a1550c1808585f7c8d0cbbab341?pvs=21),2025/07/27,,$0.00
McDonald’s,General (https://app.notion.com/p/General-1fe52a1550c180d89a84f6b6694a42f5?pvs=21),1737,NT$311.00,Food (https://app.notion.com/p/Food-1de52a1550c1808585f7c8d0cbbab341?pvs=21),2025/07/26,,$0.00
鹹酥雞,General (https://app.notion.com/p/General-1fe52a1550c180d89a84f6b6694a42f5?pvs=21),1737,NT$80.00,Food (https://app.notion.com/p/Food-1de52a1550c1808585f7c8d0cbbab341?pvs=21),2025/07/26,,$0.00
加油費,General (https://app.notion.com/p/General-1fe52a1550c180d89a84f6b6694a42f5?pvs=21),4243,NT$150.00,Food (https://app.notion.com/p/Food-1de52a1550c1808585f7c8d0cbbab341?pvs=21),2025/07/23,,$0.00
加油費,Dream (https://app.notion.com/p/Dream-1de52a1550c180a4bc6eee5e921cbc2d?pvs=21),-56730,"NT$1,455.00",Traffic (https://app.notion.com/p/Traffic-1de52a1550c1807b8ff6e40f804e1127?pvs=21),2025/07/30,,$0.00
大創,General (https://app.notion.com/p/General-1fe52a1550c180d89a84f6b6694a42f5?pvs=21),11818,NT$98.00,Groceries (https://app.notion.com/p/Groceries-1de52a1550c180c6be6cdfaeb95cee9a?pvs=21),2025/08/08,,$0.00
21plus,General (https://app.notion.com/p/General-1fe52a1550c180d89a84f6b6694a42f5?pvs=21),11818,NT$498.00,Food (https://app.notion.com/p/Food-1de52a1550c1808585f7c8d0cbbab341?pvs=21),2025/08/08,,$0.00
韓姜熙的小廚房,General (https://app.notion.com/p/General-1fe52a1550c180d89a84f6b6694a42f5?pvs=21),11818,NT$368.00,Food (https://app.notion.com/p/Food-1de52a1550c1808585f7c8d0cbbab341?pvs=21),2025/08/08,,$0.00
加油費,General (https://app.notion.com/p/General-1fe52a1550c180d89a84f6b6694a42f5?pvs=21),11254,NT$144.00,Traffic (https://app.notion.com/p/Traffic-1de52a1550c1807b8ff6e40f804e1127?pvs=21),2025/08/09,,$0.00
日出咖啡,General (https://app.notion.com/p/General-1fe52a1550c180d89a84f6b6694a42f5?pvs=21),8161,NT$605.00,Food (https://app.notion.com/p/Food-1de52a1550c1808585f7c8d0cbbab341?pvs=21),2025/08/10,,$0.00
包sir,General (https://app.notion.com/p/General-1fe52a1550c180d89a84f6b6694a42f5?pvs=21),11254,NT$395.00,Food (https://app.notion.com/p/Food-1de52a1550c1808585f7c8d0cbbab341?pvs=21),2025/08/09,,$0.00
資源站,General (https://app.notion.com/p/General-1fe52a1550c180d89a84f6b6694a42f5?pvs=21),11254,NT$25.00,Food (https://app.notion.com/p/Food-1de52a1550c1808585f7c8d0cbbab341?pvs=21),2025/08/09,,$0.00
大埔鐵板燒,General (https://app.notion.com/p/General-1fe52a1550c180d89a84f6b6694a42f5?pvs=21),13083,NT$555.00,Food (https://app.notion.com/p/Food-1de52a1550c1808585f7c8d0cbbab341?pvs=21),2025/08/05,,$0.00
草本茶,General (https://app.notion.com/p/General-1fe52a1550c180d89a84f6b6694a42f5?pvs=21),8161,NT$65.00,Food (https://app.notion.com/p/Food-1de52a1550c1808585f7c8d0cbbab341?pvs=21),2025/08/10,,$0.00
Costco,General (https://app.notion.com/p/General-1fe52a1550c180d89a84f6b6694a42f5?pvs=21),8161,"NT$2,423.00",Food (https://app.notion.com/p/Food-1de52a1550c1808585f7c8d0cbbab341?pvs=21),2025/08/10,,$0.00
全聯,General (https://app.notion.com/p/General-1fe52a1550c180d89a84f6b6694a42f5?pvs=21),13638,NT$272.00,Food (https://app.notion.com/p/Food-1de52a1550c1808585f7c8d0cbbab341?pvs=21),2025/08/04,,$0.00
全聯,General (https://app.notion.com/p/General-1fe52a1550c180d89a84f6b6694a42f5?pvs=21),12782,NT$301.00,Food (https://app.notion.com/p/Food-1de52a1550c1808585f7c8d0cbbab341?pvs=21),2025/08/06,,$0.00
水電費,General (https://app.notion.com/p/General-1fe52a1550c180d89a84f6b6694a42f5?pvs=21),5459,"NT$2,102.00",Groceries (https://app.notion.com/p/Groceries-1de52a1550c180c6be6cdfaeb95cee9a?pvs=21),2025/08/14,,$0.00
7-11,General (https://app.notion.com/p/General-1fe52a1550c180d89a84f6b6694a42f5?pvs=21),5459,NT$80.00,Food (https://app.notion.com/p/Food-1de52a1550c1808585f7c8d0cbbab341?pvs=21),2025/08/14,,$0.00
Subway,General (https://app.notion.com/p/General-1fe52a1550c180d89a84f6b6694a42f5?pvs=21),5459,NT$175.00,Food (https://app.notion.com/p/Food-1de52a1550c1808585f7c8d0cbbab341?pvs=21),2025/08/14,,$0.00
7-11,General (https://app.notion.com/p/General-1fe52a1550c180d89a84f6b6694a42f5?pvs=21),7816,NT$65.00,Food (https://app.notion.com/p/Food-1de52a1550c1808585f7c8d0cbbab341?pvs=21),2025/08/13,,$0.00
金山雞腿飯,General (https://app.notion.com/p/General-1fe52a1550c180d89a84f6b6694a42f5?pvs=21),7881,NT$280.00,Food (https://app.notion.com/p/Food-1de52a1550c1808585f7c8d0cbbab341?pvs=21),2025/08/12,,$0.00
Costco,Dream (https://app.notion.com/p/Dream-1de52a1550c180a4bc6eee5e921cbc2d?pvs=21),-7847,"NT$1,278.00",Groceries (https://app.notion.com/p/Groceries-1de52a1550c180c6be6cdfaeb95cee9a?pvs=21),2025/08/10,,$0.00
展曜運動用品店,Dream (https://app.notion.com/p/Dream-1de52a1550c180a4bc6eee5e921cbc2d?pvs=21),-8297,NT$450.00,Health (https://app.notion.com/p/Health-1de52a1550c180948ad5c45ef59a5bb8?pvs=21),2025/08/14,,$0.00
中華電信手機費,Dream (https://app.notion.com/p/Dream-1de52a1550c180a4bc6eee5e921cbc2d?pvs=21),-9810,NT$665.00,Fun (https://app.notion.com/p/Fun-1de52a1550c180f197e2ff3116ec3fa2?pvs=21),2025/08/15,,$0.00
中華電信網路費,Dream (https://app.notion.com/p/Dream-1de52a1550c180a4bc6eee5e921cbc2d?pvs=21),-9810,NT$848.00,Fun (https://app.notion.com/p/Fun-1de52a1550c180f197e2ff3116ec3fa2?pvs=21),2025/08/15,,$0.00
第二春,General (https://app.notion.com/p/General-1fe52a1550c180d89a84f6b6694a42f5?pvs=21),1981,NT$140.00,Food (https://app.notion.com/p/Food-1de52a1550c1808585f7c8d0cbbab341?pvs=21),2025/08/21,,$0.00
7-11,General (https://app.notion.com/p/General-1fe52a1550c180d89a84f6b6694a42f5?pvs=21),1981,NT$90.00,Food (https://app.notion.com/p/Food-1de52a1550c1808585f7c8d0cbbab341?pvs=21),2025/08/21,,$0.00
愛玉,General (https://app.notion.com/p/General-1fe52a1550c180d89a84f6b6694a42f5?pvs=21),1981,NT$65.00,Food (https://app.notion.com/p/Food-1de52a1550c1808585f7c8d0cbbab341?pvs=21),2025/08/21,,$0.00
鴨肉油飯,General (https://app.notion.com/p/General-1fe52a1550c180d89a84f6b6694a42f5?pvs=21),1981,NT$150.00,Food (https://app.notion.com/p/Food-1de52a1550c1808585f7c8d0cbbab341?pvs=21),2025/08/21,,$0.00
蚵爹,General (https://app.notion.com/p/General-1fe52a1550c180d89a84f6b6694a42f5?pvs=21),1981,NT$65.00,Food (https://app.notion.com/p/Food-1de52a1550c1808585f7c8d0cbbab341?pvs=21),2025/08/21,,$0.00
迪卡儂,General (https://app.notion.com/p/General-1fe52a1550c180d89a84f6b6694a42f5?pvs=21),2491,NT$876.00,Food (https://app.notion.com/p/Food-1de52a1550c1808585f7c8d0cbbab341?pvs=21),2025/08/19,,$0.00
Costco,General (https://app.notion.com/p/General-1fe52a1550c180d89a84f6b6694a42f5?pvs=21),2491,NT$213.00,Food (https://app.notion.com/p/Food-1de52a1550c1808585f7c8d0cbbab341?pvs=21),2025/08/19,,$0.00
"7-11 ",General (https://app.notion.com/p/General-1fe52a1550c180d89a84f6b6694a42f5?pvs=21),1726,NT$105.00,Food (https://app.notion.com/p/Food-1de52a1550c1808585f7c8d0cbbab341?pvs=21),2025/08/22,,$0.00
すき家,General (https://app.notion.com/p/General-1fe52a1550c180d89a84f6b6694a42f5?pvs=21),2491,NT$519.00,Food (https://app.notion.com/p/Food-1de52a1550c1808585f7c8d0cbbab341?pvs=21),2025/08/19,,$0.00
小北百貨,General (https://app.notion.com/p/General-1fe52a1550c180d89a84f6b6694a42f5?pvs=21),2491,NT$198.00,Cosmetics (https://app.notion.com/p/Cosmetics-1de52a1550c181cb93fdfe1a610bf352?pvs=21),2025/08/19,,$0.00
五金王,Dream (https://app.notion.com/p/Dream-1de52a1550c180a4bc6eee5e921cbc2d?pvs=21),-11417,NT$230.00,Cosmetics (https://app.notion.com/p/Cosmetics-1de52a1550c181cb93fdfe1a610bf352?pvs=21),2025/08/19,,$0.00
五金王,Dream (https://app.notion.com/p/Dream-1de52a1550c180a4bc6eee5e921cbc2d?pvs=21),-11647,NT$230.00,Cosmetics (https://app.notion.com/p/Cosmetics-1de52a1550c181cb93fdfe1a610bf352?pvs=21),2025/08/20,,$0.00
全聯,General (https://app.notion.com/p/General-1fe52a1550c180d89a84f6b6694a42f5?pvs=21),4942,NT$517.00,Food (https://app.notion.com/p/Food-1de52a1550c1808585f7c8d0cbbab341?pvs=21),2025/08/15,,$0.00
全聯,General (https://app.notion.com/p/General-1fe52a1550c180d89a84f6b6694a42f5?pvs=21),4392,NT$550.00,Food (https://app.notion.com/p/Food-1de52a1550c1808585f7c8d0cbbab341?pvs=21),2025/08/17,,$0.00
全聯,General (https://app.notion.com/p/General-1fe52a1550c180d89a84f6b6694a42f5?pvs=21),4297,NT$95.00,Food (https://app.notion.com/p/Food-1de52a1550c1808585f7c8d0cbbab341?pvs=21),2025/08/18,,$0.00
威秀影城,Couple's (https://app.notion.com/p/Couple-s-1de52a1550c181d39de7eebc343b38cd?pvs=21),-2548,NT$920.00,Fun (https://app.notion.com/p/Fun-1de52a1550c180f197e2ff3116ec3fa2?pvs=21),2025/08/24,http://www.vscinemas.com.tw/film/detail.aspx?id=7968,$0.00
迪卡儂,Dream (https://app.notion.com/p/Dream-1de52a1550c180a4bc6eee5e921cbc2d?pvs=21),-12686,NT$129.00,Health (https://app.notion.com/p/Health-1de52a1550c180948ad5c45ef59a5bb8?pvs=21),2025/08/24,護腕,$0.00
全聯,General (https://app.notion.com/p/General-1fe52a1550c180d89a84f6b6694a42f5?pvs=21),101,NT$567.00,Food (https://app.notion.com/p/Food-1de52a1550c1808585f7c8d0cbbab341?pvs=21),2025/08/24,,$0.00
大慶車業,Dream (https://app.notion.com/p/Dream-1de52a1550c180a4bc6eee5e921cbc2d?pvs=21),-12197,NT$550.00,Traffic (https://app.notion.com/p/Traffic-1de52a1550c1807b8ff6e40f804e1127?pvs=21),2025/08/22,,$0.00
加油費,General (https://app.notion.com/p/General-1fe52a1550c180d89a84f6b6694a42f5?pvs=21),1726,NT$150.00,Traffic (https://app.notion.com/p/Traffic-1de52a1550c1807b8ff6e40f804e1127?pvs=21),2025/08/22,,$0.00
加油費,General (https://app.notion.com/p/General-1fe52a1550c180d89a84f6b6694a42f5?pvs=21),1471,NT$150.00,Traffic (https://app.notion.com/p/Traffic-1de52a1550c1807b8ff6e40f804e1127?pvs=21),2025/08/23,,$0.00
拾汣茶屋,General (https://app.notion.com/p/General-1fe52a1550c180d89a84f6b6694a42f5?pvs=21),1471,NT$105.00,Food (https://app.notion.com/p/Food-1de52a1550c1808585f7c8d0cbbab341?pvs=21),2025/08/23,,$0.00
羽球零打,Dream (https://app.notion.com/p/Dream-1de52a1550c180a4bc6eee5e921cbc2d?pvs=21),-12377,NT$180.00,Health (https://app.notion.com/p/Health-1de52a1550c180948ad5c45ef59a5bb8?pvs=21),2025/08/23,,$0.00
羽球零打,Dream (https://app.notion.com/p/Dream-1de52a1550c180a4bc6eee5e921cbc2d?pvs=21),-12686,NT$180.00,Health (https://app.notion.com/p/Health-1de52a1550c180948ad5c45ef59a5bb8?pvs=21),2025/08/24,,$0.00
大戶屋,General (https://app.notion.com/p/General-1fe52a1550c180d89a84f6b6694a42f5?pvs=21),101,NT$803.00,Food (https://app.notion.com/p/Food-1de52a1550c1808585f7c8d0cbbab341?pvs=21),2025/08/24,,$0.00
無印良品,Dream (https://app.notion.com/p/Dream-1de52a1550c180a4bc6eee5e921cbc2d?pvs=21),-11187,"NT$1,377.00",Cosmetics (https://app.notion.com/p/Cosmetics-1de52a1550c181cb93fdfe1a610bf352?pvs=21),2025/08/17,,$0.00
驗車,Dream (https://app.notion.com/p/Dream-1de52a1550c180a4bc6eee5e921cbc2d?pvs=21),-18033,NT$300.00,Traffic (https://app.notion.com/p/Traffic-1de52a1550c1807b8ff6e40f804e1127?pvs=21),2025/08/27,,$0.00
驗車,Dream (https://app.notion.com/p/Dream-1de52a1550c180a4bc6eee5e921cbc2d?pvs=21),-10612,NT$450.00,Traffic (https://app.notion.com/p/Traffic-1de52a1550c1807b8ff6e40f804e1127?pvs=21),2025/01/24,,$0.00
達盛興車行,Dream (https://app.notion.com/p/Dream-1de52a1550c180a4bc6eee5e921cbc2d?pvs=21),-18033,"NT$3,697.00",Traffic (https://app.notion.com/p/Traffic-1de52a1550c1807b8ff6e40f804e1127?pvs=21),2025/08/27,機油保養＋灌冷媒,$0.00
浪人鐵板燒,General (https://app.notion.com/p/General-1fe52a1550c180d89a84f6b6694a42f5?pvs=21),-569,NT$670.00,Food (https://app.notion.com/p/Food-1de52a1550c1808585f7c8d0cbbab341?pvs=21),2025/08/26,,$0.00
健保費,Fixed (https://app.notion.com/p/Fixed-1de52a1550c180f19995d25cbc6f1038?pvs=21),14789,"NT$1,083.00",Insurance (https://app.notion.com/p/Insurance-1de52a1550c181f09d1dfb6d85985a86?pvs=21),2025/09/01,,$0.00
停車位,Fixed (https://app.notion.com/p/Fixed-1de52a1550c180f19995d25cbc6f1038?pvs=21),14789,"NT$2,500.00",Insurance (https://app.notion.com/p/Insurance-1de52a1550c181f09d1dfb6d85985a86?pvs=21),2025/09/01,,$0.00
勞保費,Fixed (https://app.notion.com/p/Fixed-1de52a1550c180f19995d25cbc6f1038?pvs=21),14789,"NT$1,145.00",Insurance (https://app.notion.com/p/Insurance-1de52a1550c181f09d1dfb6d85985a86?pvs=21),2025/09/01,,$0.00
小販部,General (https://app.notion.com/p/General-1fe52a1550c180d89a84f6b6694a42f5?pvs=21),-7626,NT$55.00,Food (https://app.notion.com/p/Food-1de52a1550c1808585f7c8d0cbbab341?pvs=21),2025/09/01,,$0.00
加油費,Dream (https://app.notion.com/p/Dream-1de52a1550c180a4bc6eee5e921cbc2d?pvs=21),-19630,"NT$1,077.00",Traffic (https://app.notion.com/p/Traffic-1de52a1550c1807b8ff6e40f804e1127?pvs=21),2025/08/28,,$0.00
延平大飯店,General (https://app.notion.com/p/General-1fe52a1550c180d89a84f6b6694a42f5?pvs=21),-1269,NT$700.00,Food (https://app.notion.com/p/Food-1de52a1550c1808585f7c8d0cbbab341?pvs=21),2025/08/28,,$0.00
犀牛盾,Dream (https://app.notion.com/p/Dream-1de52a1550c180a4bc6eee5e921cbc2d?pvs=21),-25892,"NT$1,290.00",Fun (https://app.notion.com/p/Fun-1de52a1550c180f197e2ff3116ec3fa2?pvs=21),2025/08/31,🍐watch9殼＋se2殼,$0.00
南道雞商會,Dream (https://app.notion.com/p/Dream-1de52a1550c180a4bc6eee5e921cbc2d?pvs=21),-25892,"NT$1,180.00",Food (https://app.notion.com/p/Food-1de52a1550c1808585f7c8d0cbbab341?pvs=21),2025/08/31,,$0.00
八曜和茶,General (https://app.notion.com/p/General-1fe52a1550c180d89a84f6b6694a42f5?pvs=21),-4910,NT$118.00,Food (https://app.notion.com/p/Food-1de52a1550c1808585f7c8d0cbbab341?pvs=21),2025/08/31,,$0.00
動智羽球費用,Dream (https://app.notion.com/p/Dream-1de52a1550c180a4bc6eee5e921cbc2d?pvs=21),-19630,NT$520.00,Health (https://app.notion.com/p/Health-1de52a1550c180948ad5c45ef59a5bb8?pvs=21),2025/08/28,,$0.00
7-11,General (https://app.notion.com/p/General-1fe52a1550c180d89a84f6b6694a42f5?pvs=21),-3058,NT$150.00,Food (https://app.notion.com/p/Food-1de52a1550c1808585f7c8d0cbbab341?pvs=21),2025/08/29,,$0.00
50嵐,General (https://app.notion.com/p/General-1fe52a1550c180d89a84f6b6694a42f5?pvs=21),-3058,NT$125.00,Food (https://app.notion.com/p/Food-1de52a1550c1808585f7c8d0cbbab341?pvs=21),2025/08/29,,$0.00
阿里婆冰店,General (https://app.notion.com/p/General-1fe52a1550c180d89a84f6b6694a42f5?pvs=21),-3058,NT$125.00,Food (https://app.notion.com/p/Food-1de52a1550c1808585f7c8d0cbbab341?pvs=21),2025/08/29,,$0.00
Woosa,General (https://app.notion.com/p/General-1fe52a1550c180d89a84f6b6694a42f5?pvs=21),-3058,NT$594.00,Food (https://app.notion.com/p/Food-1de52a1550c1808585f7c8d0cbbab341?pvs=21),2025/08/29,,$0.00
久窩行旅,Dream (https://app.notion.com/p/Dream-1de52a1550c180a4bc6eee5e921cbc2d?pvs=21),-23422,"NT$3,192.00",Fun (https://app.notion.com/p/Fun-1de52a1550c180f197e2ff3116ec3fa2?pvs=21),2025/08/29,,$0.00
偈亭泡菜鍋,General (https://app.notion.com/p/General-1fe52a1550c180d89a84f6b6694a42f5?pvs=21),-3058,NT$515.00,Food (https://app.notion.com/p/Food-1de52a1550c1808585f7c8d0cbbab341?pvs=21),2025/08/29,,$0.00
再睡5分鐘,General (https://app.notion.com/p/General-1fe52a1550c180d89a84f6b6694a42f5?pvs=21),-3058,NT$125.00,Food (https://app.notion.com/p/Food-1de52a1550c1808585f7c8d0cbbab341?pvs=21),2025/08/29,,$0.00
烤鴨蛋餅,General (https://app.notion.com/p/General-1fe52a1550c180d89a84f6b6694a42f5?pvs=21),-3058,NT$80.00,Food (https://app.notion.com/p/Food-1de52a1550c1808585f7c8d0cbbab341?pvs=21),2025/08/29,,$0.00
Costco,General (https://app.notion.com/p/General-1fe52a1550c180d89a84f6b6694a42f5?pvs=21),-4910,"NT$1,734.00",Food (https://app.notion.com/p/Food-1de52a1550c1808585f7c8d0cbbab341?pvs=21),2025/08/31,,$0.00
國泰醫療險保費,Fixed (https://app.notion.com/p/Fixed-1de52a1550c180f19995d25cbc6f1038?pvs=21),18660,"NT$13,236.00",Insurance (https://app.notion.com/p/Insurance-1de52a1550c181f09d1dfb6d85985a86?pvs=21),2025/06/16,,$0.00
國泰長照險,Fixed (https://app.notion.com/p/Fixed-1de52a1550c180f19995d25cbc6f1038?pvs=21),9271,"NT$13,741.00",Insurance (https://app.notion.com/p/Insurance-1de52a1550c181f09d1dfb6d85985a86?pvs=21),2025/09/02,,$0.00
電剪,Dream (https://app.notion.com/p/Dream-1de52a1550c180a4bc6eee5e921cbc2d?pvs=21),-14036,"NT$1,350.00",Cosmetics (https://app.notion.com/p/Cosmetics-1de52a1550c181cb93fdfe1a610bf352?pvs=21),2025/08/26,,$0.00
台中大遠百,General (https://app.notion.com/p/General-1fe52a1550c180d89a84f6b6694a42f5?pvs=21),-3058,NT$75.00,Food (https://app.notion.com/p/Food-1de52a1550c1808585f7c8d0cbbab341?pvs=21),2025/08/29,,$0.00
全家,Dream (https://app.notion.com/p/Dream-1de52a1550c180a4bc6eee5e921cbc2d?pvs=21),-23422,NT$600.00,Fun (https://app.notion.com/p/Fun-1de52a1550c180f197e2ff3116ec3fa2?pvs=21),2025/08/29,,$0.00
匯給媽,Fixed (https://app.notion.com/p/Fixed-1de52a1550c180f19995d25cbc6f1038?pvs=21),9271,"NT$6,000.00",Family (https://app.notion.com/p/Family-1de52a1550c181faa107fcc0a73d8120?pvs=21),2025/09/02,,$0.00
房租,Fixed (https://app.notion.com/p/Fixed-1de52a1550c180f19995d25cbc6f1038?pvs=21),9271,"NT$7,250.00",Groceries (https://app.notion.com/p/Groceries-1de52a1550c180c6be6cdfaeb95cee9a?pvs=21),2025/09/02,,$0.00
2026好味要取哪曆,Dream (https://app.notion.com/p/Dream-1de52a1550c180a4bc6eee5e921cbc2d?pvs=21),-3886,"NT$1,399.00",Fun (https://app.notion.com/p/Fun-1de52a1550c180f197e2ff3116ec3fa2?pvs=21),2025/08/04,,$0.00
hahababy擁抱點點路跑,Dream (https://app.notion.com/p/Dream-1de52a1550c180a4bc6eee5e921cbc2d?pvs=21),-7847,"NT$1,620.00",Fun (https://app.notion.com/p/Fun-1de52a1550c180f197e2ff3116ec3fa2?pvs=21),2025/08/10,,$0.00
今冠機車行,Savings (https://app.notion.com/p/Savings-1de52a1550c18029b280dc7d9d36cb03?pvs=21),310634,"NT$3,500.00",Traffic (https://app.notion.com/p/Traffic-1de52a1550c1807b8ff6e40f804e1127?pvs=21),2025/09/01,ECU電腦,$0.00
億客來生鮮超市,General (https://app.notion.com/p/General-1fe52a1550c180d89a84f6b6694a42f5?pvs=21),-7626,NT$661.00,Food (https://app.notion.com/p/Food-1de52a1550c1808585f7c8d0cbbab341?pvs=21),2025/09/01,,$0.00
麥當勞,General (https://app.notion.com/p/General-1fe52a1550c180d89a84f6b6694a42f5?pvs=21),6949,NT$270.00,Food (https://app.notion.com/p/Food-1de52a1550c1808585f7c8d0cbbab341?pvs=21),2025/09/02,,$0.00
Spotify月費,Dream (https://app.notion.com/p/Dream-1de52a1550c180a4bc6eee5e921cbc2d?pvs=21),-20001,NT$202.00,Fun (https://app.notion.com/p/Fun-1de52a1550c180f197e2ff3116ec3fa2?pvs=21),2025/09/04,,$0.00
7-11,General (https://app.notion.com/p/General-1fe52a1550c180d89a84f6b6694a42f5?pvs=21),5464,NT$55.00,Food (https://app.notion.com/p/Food-1de52a1550c1808585f7c8d0cbbab341?pvs=21),2025/09/11,,$0.00
億客來,General (https://app.notion.com/p/General-1fe52a1550c180d89a84f6b6694a42f5?pvs=21),5464,NT$275.00,Food (https://app.notion.com/p/Food-1de52a1550c1808585f7c8d0cbbab341?pvs=21),2025/09/11,,$0.00
全聯,General (https://app.notion.com/p/General-1fe52a1550c180d89a84f6b6694a42f5?pvs=21),5794,NT$113.00,Food (https://app.notion.com/p/Food-1de52a1550c1808585f7c8d0cbbab341?pvs=21),2025/09/10,,$0.00
全聯,General (https://app.notion.com/p/General-1fe52a1550c180d89a84f6b6694a42f5?pvs=21),5794,NT$229.00,Food (https://app.notion.com/p/Food-1de52a1550c1808585f7c8d0cbbab341?pvs=21),2025/09/10,,$0.00
全聯,General (https://app.notion.com/p/General-1fe52a1550c180d89a84f6b6694a42f5?pvs=21),6136,NT$99.00,Food (https://app.notion.com/p/Food-1de52a1550c1808585f7c8d0cbbab341?pvs=21),2025/09/08,,$0.00
全聯,General (https://app.notion.com/p/General-1fe52a1550c180d89a84f6b6694a42f5?pvs=21),6949,NT$169.00,Food (https://app.notion.com/p/Food-1de52a1550c1808585f7c8d0cbbab341?pvs=21),2025/09/02,,$0.00
Costco,General (https://app.notion.com/p/General-1fe52a1550c180d89a84f6b6694a42f5?pvs=21),6136,NT$747.00,Food (https://app.notion.com/p/Food-1de52a1550c1808585f7c8d0cbbab341?pvs=21),2025/09/08,,$0.00
Costco,General (https://app.notion.com/p/General-1fe52a1550c180d89a84f6b6694a42f5?pvs=21),6136,NT$799.00,Cosmetics (https://app.notion.com/p/Cosmetics-1de52a1550c181cb93fdfe1a610bf352?pvs=21),2025/09/08,WOKY,$0.00
山東永和豆漿大王,General (https://app.notion.com/p/General-1fe52a1550c180d89a84f6b6694a42f5?pvs=21),9769,NT$90.00,Food (https://app.notion.com/p/Food-1de52a1550c1808585f7c8d0cbbab341?pvs=21),2025/09/04,,$0.00
山東永和豆漿大王,General (https://app.notion.com/p/General-1fe52a1550c180d89a84f6b6694a42f5?pvs=21),9669,NT$100.00,Food (https://app.notion.com/p/Food-1de52a1550c1808585f7c8d0cbbab341?pvs=21),2025/09/05,,$0.00
茶舍,General (https://app.notion.com/p/General-1fe52a1550c180d89a84f6b6694a42f5?pvs=21),6859,NT$90.00,Food (https://app.notion.com/p/Food-1de52a1550c1808585f7c8d0cbbab341?pvs=21),2025/09/03,,$0.00
茶舍,General (https://app.notion.com/p/General-1fe52a1550c180d89a84f6b6694a42f5?pvs=21),9609,NT$60.00,Food (https://app.notion.com/p/Food-1de52a1550c1808585f7c8d0cbbab341?pvs=21),2025/09/06,,$0.00
7-11,General (https://app.notion.com/p/General-1fe52a1550c180d89a84f6b6694a42f5?pvs=21),7781,NT$100.00,Food (https://app.notion.com/p/Food-1de52a1550c1808585f7c8d0cbbab341?pvs=21),2025/09/07,,$0.00
涓豆腐,Couple's (https://app.notion.com/p/Couple-s-1de52a1550c181d39de7eebc343b38cd?pvs=21),-216,"NT$1,668.00",Food (https://app.notion.com/p/Food-1de52a1550c1808585f7c8d0cbbab341?pvs=21),2025/09/07,,$0.00
中華電信手機費,Dream (https://app.notion.com/p/Dream-1de52a1550c180a4bc6eee5e921cbc2d?pvs=21),-21514,NT$665.00,Fun (https://app.notion.com/p/Fun-1de52a1550c180f197e2ff3116ec3fa2?pvs=21),2025/09/15,,$0.00
中華電信網路費,Dream (https://app.notion.com/p/Dream-1de52a1550c180a4bc6eee5e921cbc2d?pvs=21),-21514,NT$848.00,Fun (https://app.notion.com/p/Fun-1de52a1550c180f197e2ff3116ec3fa2?pvs=21),2025/09/15,,$0.00
7-11,General (https://app.notion.com/p/General-1fe52a1550c180d89a84f6b6694a42f5?pvs=21),-91,NT$126.00,Food (https://app.notion.com/p/Food-1de52a1550c1808585f7c8d0cbbab341?pvs=21),2025/09/17,,$0.00
加油費,General (https://app.notion.com/p/General-1fe52a1550c180d89a84f6b6694a42f5?pvs=21),-91,NT$142.00,Traffic (https://app.notion.com/p/Traffic-1de52a1550c1807b8ff6e40f804e1127?pvs=21),2025/09/17,,$0.00
7-11,General (https://app.notion.com/p/General-1fe52a1550c180d89a84f6b6694a42f5?pvs=21),-583,NT$122.00,Food (https://app.notion.com/p/Food-1de52a1550c1808585f7c8d0cbbab341?pvs=21),2025/09/18,,$0.00
全聯,General (https://app.notion.com/p/General-1fe52a1550c180d89a84f6b6694a42f5?pvs=21),487,NT$248.00,Food (https://app.notion.com/p/Food-1de52a1550c1808585f7c8d0cbbab341?pvs=21),2025/09/15,,$0.00
全聯,General (https://app.notion.com/p/General-1fe52a1550c180d89a84f6b6694a42f5?pvs=21),827,NT$320.00,Food (https://app.notion.com/p/Food-1de52a1550c1808585f7c8d0cbbab341?pvs=21),2025/09/14,,$0.00
全聯,General (https://app.notion.com/p/General-1fe52a1550c180d89a84f6b6694a42f5?pvs=21),5079,NT$385.00,Food (https://app.notion.com/p/Food-1de52a1550c1808585f7c8d0cbbab341?pvs=21),2025/09/12,,$0.00
Costco,General (https://app.notion.com/p/General-1fe52a1550c180d89a84f6b6694a42f5?pvs=21),827,"NT$3,164.00",Food (https://app.notion.com/p/Food-1de52a1550c1808585f7c8d0cbbab341?pvs=21),2025/09/14,,$0.00
Costco,General (https://app.notion.com/p/General-1fe52a1550c180d89a84f6b6694a42f5?pvs=21),827,NT$279.00,Food (https://app.notion.com/p/Food-1de52a1550c1808585f7c8d0cbbab341?pvs=21),2025/09/14,,$0.00
老虎麵,General (https://app.notion.com/p/General-1fe52a1550c180d89a84f6b6694a42f5?pvs=21),4590,NT$400.00,Food (https://app.notion.com/p/Food-1de52a1550c1808585f7c8d0cbbab341?pvs=21),2025/09/13,,$0.00
全家,General (https://app.notion.com/p/General-1fe52a1550c180d89a84f6b6694a42f5?pvs=21),4590,NT$89.00,Food (https://app.notion.com/p/Food-1de52a1550c1808585f7c8d0cbbab341?pvs=21),2025/09/13,,$0.00
洄瀾廣場,General (https://app.notion.com/p/General-1fe52a1550c180d89a84f6b6694a42f5?pvs=21),7781,NT$60.00,Food (https://app.notion.com/p/Food-1de52a1550c1808585f7c8d0cbbab341?pvs=21),2025/09/07,,$0.00
加油費,Dream (https://app.notion.com/p/Dream-1de52a1550c180a4bc6eee5e921cbc2d?pvs=21),-23397,"NT$1,523.00",Traffic (https://app.notion.com/p/Traffic-1de52a1550c1807b8ff6e40f804e1127?pvs=21),2025/09/21,,$0.00
福樂麵店,General (https://app.notion.com/p/General-1fe52a1550c180d89a84f6b6694a42f5?pvs=21),-2266,NT$785.00,Food (https://app.notion.com/p/Food-1de52a1550c1808585f7c8d0cbbab341?pvs=21),2025/09/21,,$0.00
東門文昌雞飯,General (https://app.notion.com/p/General-1fe52a1550c180d89a84f6b6694a42f5?pvs=21),177,NT$310.00,Food (https://app.notion.com/p/Food-1de52a1550c1808585f7c8d0cbbab341?pvs=21),2025/09/16,,$0.00
四海遊龍,General (https://app.notion.com/p/General-1fe52a1550c180d89a84f6b6694a42f5?pvs=21),487,NT$92.00,Food (https://app.notion.com/p/Food-1de52a1550c1808585f7c8d0cbbab341?pvs=21),2025/09/15,,$0.00
羽球零打,Dream (https://app.notion.com/p/Dream-1de52a1550c180a4bc6eee5e921cbc2d?pvs=21),-23397,NT$360.00,Health (https://app.notion.com/p/Health-1de52a1550c180948ad5c45ef59a5bb8?pvs=21),2025/09/21,,$0.00
竹東排骨酥麵,General (https://app.notion.com/p/General-1fe52a1550c180d89a84f6b6694a42f5?pvs=21),-1481,NT$638.00,Food (https://app.notion.com/p/Food-1de52a1550c1808585f7c8d0cbbab341?pvs=21),2025/09/19,,$0.00
全聯,General (https://app.notion.com/p/General-1fe52a1550c180d89a84f6b6694a42f5?pvs=21),-1481,NT$260.00,Food (https://app.notion.com/p/Food-1de52a1550c1808585f7c8d0cbbab341?pvs=21),2025/09/19,,$0.00
全聯,General (https://app.notion.com/p/General-1fe52a1550c180d89a84f6b6694a42f5?pvs=21),-583,NT$370.00,Food (https://app.notion.com/p/Food-1de52a1550c1808585f7c8d0cbbab341?pvs=21),2025/09/18,,$0.00
要活就要動,Dream (https://app.notion.com/p/Dream-1de52a1550c180a4bc6eee5e921cbc2d?pvs=21),-44718,"NT$2,000.00",Health (https://app.notion.com/p/Health-1de52a1550c180948ad5c45ef59a5bb8?pvs=21),2025/04/07,,$0.00
羽球零打,Dream (https://app.notion.com/p/Dream-1de52a1550c180a4bc6eee5e921cbc2d?pvs=21),-23577,NT$180.00,Health (https://app.notion.com/p/Health-1de52a1550c180948ad5c45ef59a5bb8?pvs=21),2025/09/27,,$0.00
全家,General (https://app.notion.com/p/General-1fe52a1550c180d89a84f6b6694a42f5?pvs=21),-4829,NT$49.00,Food (https://app.notion.com/p/Food-1de52a1550c1808585f7c8d0cbbab341?pvs=21),2025/09/27,,$0.00
全聯,General (https://app.notion.com/p/General-1fe52a1550c180d89a84f6b6694a42f5?pvs=21),-4829,NT$832.00,Food (https://app.notion.com/p/Food-1de52a1550c1808585f7c8d0cbbab341?pvs=21),2025/09/27,,$0.00
全聯,General (https://app.notion.com/p/General-1fe52a1550c180d89a84f6b6694a42f5?pvs=21),-2816,NT$550.00,Food (https://app.notion.com/p/Food-1de52a1550c1808585f7c8d0cbbab341?pvs=21),2025/09/23,,$0.00
迪卡農,General (https://app.notion.com/p/General-1fe52a1550c180d89a84f6b6694a42f5?pvs=21),-3948,NT$447.00,Health (https://app.notion.com/p/Health-1de52a1550c180948ad5c45ef59a5bb8?pvs=21),2025/09/25,,$0.00
Costco,General (https://app.notion.com/p/General-1fe52a1550c180d89a84f6b6694a42f5?pvs=21),-3948,NT$415.00,Food (https://app.notion.com/p/Food-1de52a1550c1808585f7c8d0cbbab341?pvs=21),2025/09/25,,$0.00
鼎香小館,General (https://app.notion.com/p/General-1fe52a1550c180d89a84f6b6694a42f5?pvs=21),-3086,NT$270.00,Food (https://app.notion.com/p/Food-1de52a1550c1808585f7c8d0cbbab341?pvs=21),2025/09/24,,$0.00
7-11,General (https://app.notion.com/p/General-1fe52a1550c180d89a84f6b6694a42f5?pvs=21),-6721,NT$120.00,Food (https://app.notion.com/p/Food-1de52a1550c1808585f7c8d0cbbab341?pvs=21),2025/09/30,,$0.00
要活就要動,Dream (https://app.notion.com/p/Dream-1de52a1550c180a4bc6eee5e921cbc2d?pvs=21),-25863,"NT$2,286.00",Health (https://app.notion.com/p/Health-1de52a1550c180948ad5c45ef59a5bb8?pvs=21),2025/09/30,,$0.00
一風堂,General (https://app.notion.com/p/General-1fe52a1550c180d89a84f6b6694a42f5?pvs=21),-6601,NT$520.00,Food (https://app.notion.com/p/Food-1de52a1550c1808585f7c8d0cbbab341?pvs=21),2025/09/29,,$0.00
幽靈馬車,General (https://app.notion.com/p/General-1fe52a1550c180d89a84f6b6694a42f5?pvs=21),-6601,NT$360.00,Food (https://app.notion.com/p/Food-1de52a1550c1808585f7c8d0cbbab341?pvs=21),2025/09/29,,$0.00
有飲,General (https://app.notion.com/p/General-1fe52a1550c180d89a84f6b6694a42f5?pvs=21),-6601,NT$120.00,Food (https://app.notion.com/p/Food-1de52a1550c1808585f7c8d0cbbab341?pvs=21),2025/09/29,,$0.00
全家,General (https://app.notion.com/p/General-1fe52a1550c180d89a84f6b6694a42f5?pvs=21),-6601,NT$49.00,Food (https://app.notion.com/p/Food-1de52a1550c1808585f7c8d0cbbab341?pvs=21),2025/09/29,,$0.00
歐爹,General (https://app.notion.com/p/General-1fe52a1550c180d89a84f6b6694a42f5?pvs=21),-5552,NT$318.00,Food (https://app.notion.com/p/Food-1de52a1550c1808585f7c8d0cbbab341?pvs=21),2025/09/28,,$0.00
卡莎米,General (https://app.notion.com/p/General-1fe52a1550c180d89a84f6b6694a42f5?pvs=21),-5552,NT$405.00,Food (https://app.notion.com/p/Food-1de52a1550c1808585f7c8d0cbbab341?pvs=21),2025/09/28,,$0.00
勞保費,Fixed (https://app.notion.com/p/Fixed-1de52a1550c180f19995d25cbc6f1038?pvs=21),4543,"NT$1,145.00",Insurance (https://app.notion.com/p/Insurance-1de52a1550c181f09d1dfb6d85985a86?pvs=21),2025/10/01,,$0.00
健保費,Fixed (https://app.notion.com/p/Fixed-1de52a1550c180f19995d25cbc6f1038?pvs=21),4543,"NT$1,083.00",Insurance (https://app.notion.com/p/Insurance-1de52a1550c181f09d1dfb6d85985a86?pvs=21),2025/10/01,,$0.00
停車位,Fixed (https://app.notion.com/p/Fixed-1de52a1550c180f19995d25cbc6f1038?pvs=21),4543,"NT$2,500.00",Insurance (https://app.notion.com/p/Insurance-1de52a1550c181f09d1dfb6d85985a86?pvs=21),2025/10/01,,$0.00
羽球鞋,Dream (https://app.notion.com/p/Dream-1de52a1550c180a4bc6eee5e921cbc2d?pvs=21),-2522,"NT$2,980.00",Health (https://app.notion.com/p/Health-1de52a1550c180948ad5c45ef59a5bb8?pvs=21),2025/10/03,,$0.00
全聯,General (https://app.notion.com/p/General-1fe52a1550c180d89a84f6b6694a42f5?pvs=21),-9165,NT$269.00,Food (https://app.notion.com/p/Food-1de52a1550c1808585f7c8d0cbbab341?pvs=21),2025/10/01,,$0.00
房租,Fixed (https://app.notion.com/p/Fixed-1de52a1550c180f19995d25cbc6f1038?pvs=21),12766,"NT$7,250.00",Groceries (https://app.notion.com/p/Groceries-1de52a1550c180c6be6cdfaeb95cee9a?pvs=21),2025/10/02,,$0.00
匯給媽,Fixed (https://app.notion.com/p/Fixed-1de52a1550c180f19995d25cbc6f1038?pvs=21),12766,"NT$6,000.00",Family (https://app.notion.com/p/Family-1de52a1550c181faa107fcc0a73d8120?pvs=21),2025/10/02,,$0.00
清大滷味,General (https://app.notion.com/p/General-1fe52a1550c180d89a84f6b6694a42f5?pvs=21),14211,NT$235.00,Food (https://app.notion.com/p/Food-1de52a1550c1808585f7c8d0cbbab341?pvs=21),2025/10/04,,$0.00
加油費,General (https://app.notion.com/p/General-1fe52a1550c180d89a84f6b6694a42f5?pvs=21),16015,NT$150.00,Traffic (https://app.notion.com/p/Traffic-1de52a1550c1807b8ff6e40f804e1127?pvs=21),2025/10/03,,$0.00
小販部,General (https://app.notion.com/p/General-1fe52a1550c180d89a84f6b6694a42f5?pvs=21),16015,NT$35.00,Food (https://app.notion.com/p/Food-1de52a1550c1808585f7c8d0cbbab341?pvs=21),2025/10/03,,$0.00
嘟嘟好鹹水雞,General (https://app.notion.com/p/General-1fe52a1550c180d89a84f6b6694a42f5?pvs=21),5479,NT$250.00,Food (https://app.notion.com/p/Food-1de52a1550c1808585f7c8d0cbbab341?pvs=21),2025/10/02,,$0.00
7-11,General (https://app.notion.com/p/General-1fe52a1550c180d89a84f6b6694a42f5?pvs=21),5479,NT$120.00,Food (https://app.notion.com/p/Food-1de52a1550c1808585f7c8d0cbbab341?pvs=21),2025/10/02,,$0.00
全聯,General (https://app.notion.com/p/General-1fe52a1550c180d89a84f6b6694a42f5?pvs=21),-9165,NT$175.00,Food (https://app.notion.com/p/Food-1de52a1550c1808585f7c8d0cbbab341?pvs=21),2025/10/01,,$0.00
Spotify月費,Dream (https://app.notion.com/p/Dream-1de52a1550c180a4bc6eee5e921cbc2d?pvs=21),-2201,NT$202.00,Fun (https://app.notion.com/p/Fun-1de52a1550c180f197e2ff3116ec3fa2?pvs=21),2025/10/04,,$0.00
IKEA,Dream (https://app.notion.com/p/Dream-1de52a1550c180a4bc6eee5e921cbc2d?pvs=21),-4752,"NT$2,551.00",Groceries (https://app.notion.com/p/Groceries-1de52a1550c180c6be6cdfaeb95cee9a?pvs=21),2025/10/05,,$0.00
IKEA,General (https://app.notion.com/p/General-1fe52a1550c180d89a84f6b6694a42f5?pvs=21),13067,NT$479.00,Food (https://app.notion.com/p/Food-1de52a1550c1808585f7c8d0cbbab341?pvs=21),2025/10/05,,$0.00
IKEA,General (https://app.notion.com/p/General-1fe52a1550c180d89a84f6b6694a42f5?pvs=21),13067,NT$70.00,Food (https://app.notion.com/p/Food-1de52a1550c1808585f7c8d0cbbab341?pvs=21),2025/10/05,,$0.00
牛小恬牛肉麵,General (https://app.notion.com/p/General-1fe52a1550c180d89a84f6b6694a42f5?pvs=21),13067,NT$480.00,Food (https://app.notion.com/p/Food-1de52a1550c1808585f7c8d0cbbab341?pvs=21),2025/10/05,,$0.00
青山,General (https://app.notion.com/p/General-1fe52a1550c180d89a84f6b6694a42f5?pvs=21),13067,NT$115.00,Food (https://app.notion.com/p/Food-1de52a1550c1808585f7c8d0cbbab341?pvs=21),2025/10/05,,$0.00
Costco,General (https://app.notion.com/p/General-1fe52a1550c180d89a84f6b6694a42f5?pvs=21),14211,"NT$4,390.00",Food (https://app.notion.com/p/Food-1de52a1550c1808585f7c8d0cbbab341?pvs=21),2025/10/04,,$0.00
Costco,General (https://app.notion.com/p/General-1fe52a1550c180d89a84f6b6694a42f5?pvs=21),14211,NT$179.00,Food (https://app.notion.com/p/Food-1de52a1550c1808585f7c8d0cbbab341?pvs=21),2025/10/04,,$0.00
樟之細路徒步嘉年華,Dream (https://app.notion.com/p/Dream-1de52a1550c180a4bc6eee5e921cbc2d?pvs=21),-5752,"NT$1,000.00",Fun (https://app.notion.com/p/Fun-1de52a1550c180f197e2ff3116ec3fa2?pvs=21),2025/10/07,,$0.00
全聯,General (https://app.notion.com/p/General-1fe52a1550c180d89a84f6b6694a42f5?pvs=21),11461,"NT$1,303.00",Food (https://app.notion.com/p/Food-1de52a1550c1808585f7c8d0cbbab341?pvs=21),2025/10/06,,$0.00
億客來,General (https://app.notion.com/p/General-1fe52a1550c180d89a84f6b6694a42f5?pvs=21),11461,NT$303.00,Food (https://app.notion.com/p/Food-1de52a1550c1808585f7c8d0cbbab341?pvs=21),2025/10/06,,$0.00
蔣好的味道,General (https://app.notion.com/p/General-1fe52a1550c180d89a84f6b6694a42f5?pvs=21),9079,NT$370.00,Food (https://app.notion.com/p/Food-1de52a1550c1808585f7c8d0cbbab341?pvs=21),2025/10/11,,$0.00
小確幸,General (https://app.notion.com/p/General-1fe52a1550c180d89a84f6b6694a42f5?pvs=21),9079,NT$120.00,Food (https://app.notion.com/p/Food-1de52a1550c1808585f7c8d0cbbab341?pvs=21),2025/10/11,,$0.00
一沐日,General (https://app.notion.com/p/General-1fe52a1550c180d89a84f6b6694a42f5?pvs=21),9079,NT$105.00,Food (https://app.notion.com/p/Food-1de52a1550c1808585f7c8d0cbbab341?pvs=21),2025/10/11,,$0.00
飛翔單車,General (https://app.notion.com/p/General-1fe52a1550c180d89a84f6b6694a42f5?pvs=21),10061,NT$700.00,Food (https://app.notion.com/p/Food-1de52a1550c1808585f7c8d0cbbab341?pvs=21),2025/10/10,,$0.00
農會,General (https://app.notion.com/p/General-1fe52a1550c180d89a84f6b6694a42f5?pvs=21),10061,NT$550.00,Food (https://app.notion.com/p/Food-1de52a1550c1808585f7c8d0cbbab341?pvs=21),2025/10/10,,$0.00
拾玖茶屋,General (https://app.notion.com/p/General-1fe52a1550c180d89a84f6b6694a42f5?pvs=21),10061,NT$40.00,Food (https://app.notion.com/p/Food-1de52a1550c1808585f7c8d0cbbab341?pvs=21),2025/10/10,,$0.00
7-11,General (https://app.notion.com/p/General-1fe52a1550c180d89a84f6b6694a42f5?pvs=21),11351,NT$110.00,Food (https://app.notion.com/p/Food-1de52a1550c1808585f7c8d0cbbab341?pvs=21),2025/10/07,,$0.00
大創,General (https://app.notion.com/p/General-1fe52a1550c180d89a84f6b6694a42f5?pvs=21),9079,NT$49.00,Food (https://app.notion.com/p/Food-1de52a1550c1808585f7c8d0cbbab341?pvs=21),2025/10/11,,$0.00
愛買,General (https://app.notion.com/p/General-1fe52a1550c180d89a84f6b6694a42f5?pvs=21),9079,NT$338.00,Food (https://app.notion.com/p/Food-1de52a1550c1808585f7c8d0cbbab341?pvs=21),2025/10/11,,$0.00
麥當勞,General (https://app.notion.com/p/General-1fe52a1550c180d89a84f6b6694a42f5?pvs=21),8158,NT$368.00,Food (https://app.notion.com/p/Food-1de52a1550c1808585f7c8d0cbbab341?pvs=21),2025/10/12,,$0.00
豐華小吃,General (https://app.notion.com/p/General-1fe52a1550c180d89a84f6b6694a42f5?pvs=21),8158,NT$400.00,Food (https://app.notion.com/p/Food-1de52a1550c1808585f7c8d0cbbab341?pvs=21),2025/10/12,,$0.00
7-11,General (https://app.notion.com/p/General-1fe52a1550c180d89a84f6b6694a42f5?pvs=21),7900,NT$85.00,Food (https://app.notion.com/p/Food-1de52a1550c1808585f7c8d0cbbab341?pvs=21),2025/10/13,,$0.00
中華電信手機費,Dream (https://app.notion.com/p/Dream-1de52a1550c180a4bc6eee5e921cbc2d?pvs=21),-7265,NT$665.00,Fun (https://app.notion.com/p/Fun-1de52a1550c180f197e2ff3116ec3fa2?pvs=21),2025/10/15,,$0.00
中華電信網路費,Dream (https://app.notion.com/p/Dream-1de52a1550c180a4bc6eee5e921cbc2d?pvs=21),-7265,NT$848.00,Fun (https://app.notion.com/p/Fun-1de52a1550c180f197e2ff3116ec3fa2?pvs=21),2025/10/15,,$0.00
7-11,General (https://app.notion.com/p/General-1fe52a1550c180d89a84f6b6694a42f5?pvs=21),7674,NT$226.00,Food (https://app.notion.com/p/Food-1de52a1550c1808585f7c8d0cbbab341?pvs=21),2025/10/15,,$0.00
台鐵,General (https://app.notion.com/p/General-1fe52a1550c180d89a84f6b6694a42f5?pvs=21),8158,NT$153.00,Food (https://app.notion.com/p/Food-1de52a1550c1808585f7c8d0cbbab341?pvs=21),2025/10/12,,$0.00
全聯,General (https://app.notion.com/p/General-1fe52a1550c180d89a84f6b6694a42f5?pvs=21),7900,NT$173.00,Food (https://app.notion.com/p/Food-1de52a1550c1808585f7c8d0cbbab341?pvs=21),2025/10/13,,$0.00
機車險,Savings (https://app.notion.com/p/Savings-1de52a1550c18029b280dc7d9d36cb03?pvs=21),316650,"NT$4,998.00",Traffic (https://app.notion.com/p/Traffic-1de52a1550c1807b8ff6e40f804e1127?pvs=21),2025/10/17,,$0.00
太河拉麵,General (https://app.notion.com/p/General-1fe52a1550c180d89a84f6b6694a42f5?pvs=21),7034,NT$640.00,Food (https://app.notion.com/p/Food-1de52a1550c1808585f7c8d0cbbab341?pvs=21),2025/10/17,,$0.00
台鐵,Dream (https://app.notion.com/p/Dream-1de52a1550c180a4bc6eee5e921cbc2d?pvs=21),-7915,NT$450.00,Traffic (https://app.notion.com/p/Traffic-1de52a1550c1807b8ff6e40f804e1127?pvs=21),2025/10/19,,$0.00
路易莎,General (https://app.notion.com/p/General-1fe52a1550c180d89a84f6b6694a42f5?pvs=21),5702,NT$65.00,Food (https://app.notion.com/p/Food-1de52a1550c1808585f7c8d0cbbab341?pvs=21),2025/10/19,,$0.00
羽球,General (https://app.notion.com/p/General-1fe52a1550c180d89a84f6b6694a42f5?pvs=21),5702,NT$200.00,Food (https://app.notion.com/p/Food-1de52a1550c1808585f7c8d0cbbab341?pvs=21),2025/10/19,,$0.00
麥當勞,General (https://app.notion.com/p/General-1fe52a1550c180d89a84f6b6694a42f5?pvs=21),5702,NT$280.00,Food (https://app.notion.com/p/Food-1de52a1550c1808585f7c8d0cbbab341?pvs=21),2025/10/19,,$0.00
歐爹,General (https://app.notion.com/p/General-1fe52a1550c180d89a84f6b6694a42f5?pvs=21),5702,NT$239.00,Food (https://app.notion.com/p/Food-1de52a1550c1808585f7c8d0cbbab341?pvs=21),2025/10/19,,$0.00
水電費,Dream (https://app.notion.com/p/Dream-1de52a1550c180a4bc6eee5e921cbc2d?pvs=21),-11366,"NT$2,221.00",Groceries (https://app.notion.com/p/Groceries-1de52a1550c180c6be6cdfaeb95cee9a?pvs=21),2025/10/22,,$0.00
全聯,General (https://app.notion.com/p/General-1fe52a1550c180d89a84f6b6694a42f5?pvs=21),5124,NT$130.00,Food (https://app.notion.com/p/Food-1de52a1550c1808585f7c8d0cbbab341?pvs=21),2025/10/21,,$0.00
全聯,General (https://app.notion.com/p/General-1fe52a1550c180d89a84f6b6694a42f5?pvs=21),5254,NT$448.00,Food (https://app.notion.com/p/Food-1de52a1550c1808585f7c8d0cbbab341?pvs=21),2025/10/20,,$0.00
全聯,General (https://app.notion.com/p/General-1fe52a1550c180d89a84f6b6694a42f5?pvs=21),6486,NT$548.00,Food (https://app.notion.com/p/Food-1de52a1550c1808585f7c8d0cbbab341?pvs=21),2025/10/18,,$0.00
7-11,General (https://app.notion.com/p/General-1fe52a1550c180d89a84f6b6694a42f5?pvs=21),4532,NT$450.00,Food (https://app.notion.com/p/Food-1de52a1550c1808585f7c8d0cbbab341?pvs=21),2025/10/23,,$0.00
行路的人,General (https://app.notion.com/p/General-1fe52a1550c180d89a84f6b6694a42f5?pvs=21),3882,NT$110.00,Food (https://app.notion.com/p/Food-1de52a1550c1808585f7c8d0cbbab341?pvs=21),2025/10/24,,$0.00
加油費,Dream (https://app.notion.com/p/Dream-1de52a1550c180a4bc6eee5e921cbc2d?pvs=21),-11366,"NT$1,230.00",Traffic (https://app.notion.com/p/Traffic-1de52a1550c1807b8ff6e40f804e1127?pvs=21),2025/10/22,汽車,$0.00
黃悶雞米飯,General (https://app.notion.com/p/General-1fe52a1550c180d89a84f6b6694a42f5?pvs=21),496,NT$640.00,Food (https://app.notion.com/p/Food-1de52a1550c1808585f7c8d0cbbab341?pvs=21),2025/10/26,,$0.00
讚不絕口,General (https://app.notion.com/p/General-1fe52a1550c180d89a84f6b6694a42f5?pvs=21),3882,NT$540.00,Food (https://app.notion.com/p/Food-1de52a1550c1808585f7c8d0cbbab341?pvs=21),2025/10/24,,$0.00
愛華火鍋,Couple's (https://app.notion.com/p/Couple-s-1de52a1550c181d39de7eebc343b38cd?pvs=21),2684,"NT$1,100.00",Food (https://app.notion.com/p/Food-1de52a1550c1808585f7c8d0cbbab341?pvs=21),2025/10/25,,$0.00
水餃＋餛飩,General (https://app.notion.com/p/General-1fe52a1550c180d89a84f6b6694a42f5?pvs=21),1136,NT$650.00,Food (https://app.notion.com/p/Food-1de52a1550c1808585f7c8d0cbbab341?pvs=21),2025/10/25,,$0.00
Costco,Dream (https://app.notion.com/p/Dream-1de52a1550c180a4bc6eee5e921cbc2d?pvs=21),-13647,"NT$2,281.00",Cosmetics (https://app.notion.com/p/Cosmetics-1de52a1550c181cb93fdfe1a610bf352?pvs=21),2025/10/25,,$0.00
停車位,Fixed (https://app.notion.com/p/Fixed-1de52a1550c180f19995d25cbc6f1038?pvs=21),8038,"NT$2,500.00",Insurance (https://app.notion.com/p/Insurance-1de52a1550c181f09d1dfb6d85985a86?pvs=21),2025/11/01,,$0.00
勞保費,Fixed (https://app.notion.com/p/Fixed-1de52a1550c180f19995d25cbc6f1038?pvs=21),8038,"NT$1,145.00",Insurance (https://app.notion.com/p/Insurance-1de52a1550c181f09d1dfb6d85985a86?pvs=21),2025/11/01,,$0.00
健保費,Fixed (https://app.notion.com/p/Fixed-1de52a1550c180f19995d25cbc6f1038?pvs=21),8038,"NT$1,083.00",Insurance (https://app.notion.com/p/Insurance-1de52a1550c181f09d1dfb6d85985a86?pvs=21),2025/11/01,,$0.00
房租,Fixed (https://app.notion.com/p/Fixed-1de52a1550c180f19995d25cbc6f1038?pvs=21),16261,"NT$7,250.00",Groceries (https://app.notion.com/p/Groceries-1de52a1550c180c6be6cdfaeb95cee9a?pvs=21),2025/11/02,,$0.00
匯給媽,Fixed (https://app.notion.com/p/Fixed-1de52a1550c180f19995d25cbc6f1038?pvs=21),16261,"NT$6,000.00",Family (https://app.notion.com/p/Family-1de52a1550c181faa107fcc0a73d8120?pvs=21),2025/11/02,,$0.00
八方燴,Dream (https://app.notion.com/p/Dream-1de52a1550c180a4bc6eee5e921cbc2d?pvs=21),-16506,"NT$2,844.00",Food (https://app.notion.com/p/Food-1de52a1550c1808585f7c8d0cbbab341?pvs=21),2025/10/30,,$0.00
Costco,General (https://app.notion.com/p/General-1fe52a1550c180d89a84f6b6694a42f5?pvs=21),1136,"NT$2,096.00",Food (https://app.notion.com/p/Food-1de52a1550c1808585f7c8d0cbbab341?pvs=21),2025/10/25,,$0.00
維縈家鄉碳烤雞排,General (https://app.notion.com/p/General-1fe52a1550c180d89a84f6b6694a42f5?pvs=21),10052,NT$190.00,Food (https://app.notion.com/p/Food-1de52a1550c1808585f7c8d0cbbab341?pvs=21),2025/11/02,,$0.00
覓雪手作雪花冰,General (https://app.notion.com/p/General-1fe52a1550c180d89a84f6b6694a42f5?pvs=21),10052,NT$260.00,Food (https://app.notion.com/p/Food-1de52a1550c1808585f7c8d0cbbab341?pvs=21),2025/11/02,,$0.00
一沐日,General (https://app.notion.com/p/General-1fe52a1550c180d89a84f6b6694a42f5?pvs=21),10052,NT$125.00,Food (https://app.notion.com/p/Food-1de52a1550c1808585f7c8d0cbbab341?pvs=21),2025/11/02,,$0.00
玉蘭,General (https://app.notion.com/p/General-1fe52a1550c180d89a84f6b6694a42f5?pvs=21),-3507,NT$55.00,Food (https://app.notion.com/p/Food-1de52a1550c1808585f7c8d0cbbab341?pvs=21),2025/11/01,,$0.00
小鵲幸,General (https://app.notion.com/p/General-1fe52a1550c180d89a84f6b6694a42f5?pvs=21),-3507,NT$60.00,Food (https://app.notion.com/p/Food-1de52a1550c1808585f7c8d0cbbab341?pvs=21),2025/11/01,,$0.00
迪卡儂,Dream (https://app.notion.com/p/Dream-1de52a1550c180a4bc6eee5e921cbc2d?pvs=21),-17103,NT$597.00,Clothes (https://app.notion.com/p/Clothes-1de52a1550c181c098ebee3f08c04f38?pvs=21),2025/10/31,,$0.00
肯德基,General (https://app.notion.com/p/General-1fe52a1550c180d89a84f6b6694a42f5?pvs=21),-3507,NT$457.00,Food (https://app.notion.com/p/Food-1de52a1550c1808585f7c8d0cbbab341?pvs=21),2025/11/01,,$0.00
加油費,General (https://app.notion.com/p/General-1fe52a1550c180d89a84f6b6694a42f5?pvs=21),4982,NT$142.00,Food (https://app.notion.com/p/Food-1de52a1550c1808585f7c8d0cbbab341?pvs=21),2025/10/22,機車,$0.00
Costco,General (https://app.notion.com/p/General-1fe52a1550c180d89a84f6b6694a42f5?pvs=21),-935,"NT$1,431.00",Food (https://app.notion.com/p/Food-1de52a1550c1808585f7c8d0cbbab341?pvs=21),2025/10/31,,$0.00
北門室食,General (https://app.notion.com/p/General-1fe52a1550c180d89a84f6b6694a42f5?pvs=21),10052,NT$710.00,Food (https://app.notion.com/p/Food-1de52a1550c1808585f7c8d0cbbab341?pvs=21),2025/11/02,,$0.00
蚵仔煎,General (https://app.notion.com/p/General-1fe52a1550c180d89a84f6b6694a42f5?pvs=21),10052,NT$80.00,Food (https://app.notion.com/p/Food-1de52a1550c1808585f7c8d0cbbab341?pvs=21),2025/11/02,,$0.00
潤餅,General (https://app.notion.com/p/General-1fe52a1550c180d89a84f6b6694a42f5?pvs=21),10052,NT$90.00,Food (https://app.notion.com/p/Food-1de52a1550c1808585f7c8d0cbbab341?pvs=21),2025/11/02,,$0.00
羽球,Dream (https://app.notion.com/p/Dream-1de52a1550c180a4bc6eee5e921cbc2d?pvs=21),-7915,NT$200.00,Fun (https://app.notion.com/p/Fun-1de52a1550c180f197e2ff3116ec3fa2?pvs=21),2025/10/19,,$0.00
羽球,Dream (https://app.notion.com/p/Dream-1de52a1550c180a4bc6eee5e921cbc2d?pvs=21),-13662,NT$650.00,Fun (https://app.notion.com/p/Fun-1de52a1550c180f197e2ff3116ec3fa2?pvs=21),2025/10/29,,$0.00
Spotify月費,Dream (https://app.notion.com/p/Dream-1de52a1550c180a4bc6eee5e921cbc2d?pvs=21),-13274,NT$202.00,Fun (https://app.notion.com/p/Fun-1de52a1550c180f197e2ff3116ec3fa2?pvs=21),2025/11/04,,$0.00
Costco,General (https://app.notion.com/p/General-1fe52a1550c180d89a84f6b6694a42f5?pvs=21),11376,NT$119.00,Food (https://app.notion.com/p/Food-1de52a1550c1808585f7c8d0cbbab341?pvs=21),2025/11/05,,$0.00
Costco,General (https://app.notion.com/p/General-1fe52a1550c180d89a84f6b6694a42f5?pvs=21),11863,NT$119.00,Food (https://app.notion.com/p/Food-1de52a1550c1808585f7c8d0cbbab341?pvs=21),2025/11/04,,$0.00
Costco,General (https://app.notion.com/p/General-1fe52a1550c180d89a84f6b6694a42f5?pvs=21),11863,NT$660.00,Food (https://app.notion.com/p/Food-1de52a1550c1808585f7c8d0cbbab341?pvs=21),2025/11/04,,$0.00
迪卡儂,Dream (https://app.notion.com/p/Dream-1de52a1550c180a4bc6eee5e921cbc2d?pvs=21),-13772,NT$498.00,Fun (https://app.notion.com/p/Fun-1de52a1550c180f197e2ff3116ec3fa2?pvs=21),2025/11/05,,$0.00
寶雅,Dream (https://app.notion.com/p/Dream-1de52a1550c180a4bc6eee5e921cbc2d?pvs=21),-15874,NT$304.00,Cosmetics (https://app.notion.com/p/Cosmetics-1de52a1550c181cb93fdfe1a610bf352?pvs=21),2025/11/06,,$0.00
寶雅,Dream (https://app.notion.com/p/Dream-1de52a1550c180a4bc6eee5e921cbc2d?pvs=21),-15874,"NT$1,798.00",Health (https://app.notion.com/p/Health-1de52a1550c180948ad5c45ef59a5bb8?pvs=21),2025/11/06,,$0.00
玉蘭,General (https://app.notion.com/p/General-1fe52a1550c180d89a84f6b6694a42f5?pvs=21),11031,NT$60.00,Food (https://app.notion.com/p/Food-1de52a1550c1808585f7c8d0cbbab341?pvs=21),2025/11/06,,$0.00
全聯,General (https://app.notion.com/p/General-1fe52a1550c180d89a84f6b6694a42f5?pvs=21),9642,NT$410.00,Food (https://app.notion.com/p/Food-1de52a1550c1808585f7c8d0cbbab341?pvs=21),2025/11/03,,$0.00
全聯,General (https://app.notion.com/p/General-1fe52a1550c180d89a84f6b6694a42f5?pvs=21),11376,NT$71.00,Food (https://app.notion.com/p/Food-1de52a1550c1808585f7c8d0cbbab341?pvs=21),2025/11/05,,$0.00
全聯,General (https://app.notion.com/p/General-1fe52a1550c180d89a84f6b6694a42f5?pvs=21),11376,NT$297.00,Food (https://app.notion.com/p/Food-1de52a1550c1808585f7c8d0cbbab341?pvs=21),2025/11/05,,$0.00
全聯,General (https://app.notion.com/p/General-1fe52a1550c180d89a84f6b6694a42f5?pvs=21),11031,NT$209.00,Food (https://app.notion.com/p/Food-1de52a1550c1808585f7c8d0cbbab341?pvs=21),2025/11/06,,$0.00
7-11,General (https://app.notion.com/p/General-1fe52a1550c180d89a84f6b6694a42f5?pvs=21),8949,NT$124.00,Food (https://app.notion.com/p/Food-1de52a1550c1808585f7c8d0cbbab341?pvs=21),2025/11/12,,$0.00
開飯川,Couple's (https://app.notion.com/p/Couple-s-1de52a1550c181d39de7eebc343b38cd?pvs=21),3834,"NT$1,532.00",Food (https://app.notion.com/p/Food-1de52a1550c1808585f7c8d0cbbab341?pvs=21),2025/11/11,,$0.00
全聯,General (https://app.notion.com/p/General-1fe52a1550c180d89a84f6b6694a42f5?pvs=21),9160,NT$951.00,Food (https://app.notion.com/p/Food-1de52a1550c1808585f7c8d0cbbab341?pvs=21),2025/11/09,,$0.00
7-11,General (https://app.notion.com/p/General-1fe52a1550c180d89a84f6b6694a42f5?pvs=21),9073,NT$87.00,Food (https://app.notion.com/p/Food-1de52a1550c1808585f7c8d0cbbab341?pvs=21),2025/11/10,,$0.00
龜記,General (https://app.notion.com/p/General-1fe52a1550c180d89a84f6b6694a42f5?pvs=21),9160,NT$40.00,Food (https://app.notion.com/p/Food-1de52a1550c1808585f7c8d0cbbab341?pvs=21),2025/11/09,,$0.00
全家,General (https://app.notion.com/p/General-1fe52a1550c180d89a84f6b6694a42f5?pvs=21),10775,NT$78.00,Food (https://app.notion.com/p/Food-1de52a1550c1808585f7c8d0cbbab341?pvs=21),2025/11/08,,$0.00
7-11,General (https://app.notion.com/p/General-1fe52a1550c180d89a84f6b6694a42f5?pvs=21),10775,NT$34.00,Food (https://app.notion.com/p/Food-1de52a1550c1808585f7c8d0cbbab341?pvs=21),2025/11/08,,$0.00
7-11,General (https://app.notion.com/p/General-1fe52a1550c180d89a84f6b6694a42f5?pvs=21),11031,NT$76.00,Food (https://app.notion.com/p/Food-1de52a1550c1808585f7c8d0cbbab341?pvs=21),2025/11/06,,$0.00
大學文具,General (https://app.notion.com/p/General-1fe52a1550c180d89a84f6b6694a42f5?pvs=21),9160,NT$250.00,Food (https://app.notion.com/p/Food-1de52a1550c1808585f7c8d0cbbab341?pvs=21),2025/11/09,,$0.00
中華電信手機費,Dream (https://app.notion.com/p/Dream-1de52a1550c180a4bc6eee5e921cbc2d?pvs=21),-7706,NT$665.00,Fun (https://app.notion.com/p/Fun-1de52a1550c180f197e2ff3116ec3fa2?pvs=21),2025/11/15,,$0.00
中華電信網路費,Dream (https://app.notion.com/p/Dream-1de52a1550c180a4bc6eee5e921cbc2d?pvs=21),-7706,NT$848.00,Fun (https://app.notion.com/p/Fun-1de52a1550c180f197e2ff3116ec3fa2?pvs=21),2025/11/15,,$0.00
茶舍,General (https://app.notion.com/p/General-1fe52a1550c180d89a84f6b6694a42f5?pvs=21),5195,NT$45.00,Food (https://app.notion.com/p/Food-1de52a1550c1808585f7c8d0cbbab341?pvs=21),2025/11/23,綠豆沙牛奶,$0.00
竹東排骨酥麵,General (https://app.notion.com/p/General-1fe52a1550c180d89a84f6b6694a42f5?pvs=21),5195,NT$166.00,Food (https://app.notion.com/p/Food-1de52a1550c1808585f7c8d0cbbab341?pvs=21),2025/11/23,,$0.00
台鐵,Dream (https://app.notion.com/p/Dream-1de52a1550c180a4bc6eee5e921cbc2d?pvs=21),-11381,NT$771.00,Traffic (https://app.notion.com/p/Traffic-1de52a1550c1807b8ff6e40f804e1127?pvs=21),2025/11/23,,$0.00
台鐵,Dream (https://app.notion.com/p/Dream-1de52a1550c180a4bc6eee5e921cbc2d?pvs=21),-9975,NT$769.00,Traffic (https://app.notion.com/p/Traffic-1de52a1550c1807b8ff6e40f804e1127?pvs=21),2025/11/21,,$0.00
全人好動,Dream (https://app.notion.com/p/Dream-1de52a1550c180a4bc6eee5e921cbc2d?pvs=21),-9206,"NT$1,500.00",Health (https://app.notion.com/p/Health-1de52a1550c180948ad5c45ef59a5bb8?pvs=21),2025/11/20,,$0.00
秘醬滷味,General (https://app.notion.com/p/General-1fe52a1550c180d89a84f6b6694a42f5?pvs=21),6929,NT$225.00,Food (https://app.notion.com/p/Food-1de52a1550c1808585f7c8d0cbbab341?pvs=21),2025/11/15,,$0.00
頂廂園,General (https://app.notion.com/p/General-1fe52a1550c180d89a84f6b6694a42f5?pvs=21),5673,NT$515.00,Food (https://app.notion.com/p/Food-1de52a1550c1808585f7c8d0cbbab341?pvs=21),2025/11/20,,$0.00
一沐日,General (https://app.notion.com/p/General-1fe52a1550c180d89a84f6b6694a42f5?pvs=21),5195,NT$55.00,Food (https://app.notion.com/p/Food-1de52a1550c1808585f7c8d0cbbab341?pvs=21),2025/11/23,,$0.00
7-11,General (https://app.notion.com/p/General-1fe52a1550c180d89a84f6b6694a42f5?pvs=21),5461,NT$13.00,Food (https://app.notion.com/p/Food-1de52a1550c1808585f7c8d0cbbab341?pvs=21),2025/11/21,,$0.00
7-11,General (https://app.notion.com/p/General-1fe52a1550c180d89a84f6b6694a42f5?pvs=21),5673,NT$39.00,Food (https://app.notion.com/p/Food-1de52a1550c1808585f7c8d0cbbab341?pvs=21),2025/11/20,,$0.00
7-11,General (https://app.notion.com/p/General-1fe52a1550c180d89a84f6b6694a42f5?pvs=21),6227,NT$54.00,Food (https://app.notion.com/p/Food-1de52a1550c1808585f7c8d0cbbab341?pvs=21),2025/11/19,,$0.00
7-11,General (https://app.notion.com/p/General-1fe52a1550c180d89a84f6b6694a42f5?pvs=21),6227,NT$53.00,Food (https://app.notion.com/p/Food-1de52a1550c1808585f7c8d0cbbab341?pvs=21),2025/11/19,,$0.00
7-11,General (https://app.notion.com/p/General-1fe52a1550c180d89a84f6b6694a42f5?pvs=21),6763,NT$71.00,Food (https://app.notion.com/p/Food-1de52a1550c1808585f7c8d0cbbab341?pvs=21),2025/11/17,,$0.00
7-11,General (https://app.notion.com/p/General-1fe52a1550c180d89a84f6b6694a42f5?pvs=21),6763,NT$95.00,Food (https://app.notion.com/p/Food-1de52a1550c1808585f7c8d0cbbab341?pvs=21),2025/11/17,,$0.00
茶湯會,General (https://app.notion.com/p/General-1fe52a1550c180d89a84f6b6694a42f5?pvs=21),6929,NT$35.00,Food (https://app.notion.com/p/Food-1de52a1550c1808585f7c8d0cbbab341?pvs=21),2025/11/15,,$0.00
龜記,General (https://app.notion.com/p/General-1fe52a1550c180d89a84f6b6694a42f5?pvs=21),6929,NT$50.00,Food (https://app.notion.com/p/Food-1de52a1550c1808585f7c8d0cbbab341?pvs=21),2025/11/15,,$0.00
7-11,General (https://app.notion.com/p/General-1fe52a1550c180d89a84f6b6694a42f5?pvs=21),6929,NT$225.00,Food (https://app.notion.com/p/Food-1de52a1550c1808585f7c8d0cbbab341?pvs=21),2025/11/15,,$0.00
7-11,General (https://app.notion.com/p/General-1fe52a1550c180d89a84f6b6694a42f5?pvs=21),7464,NT$109.00,Food (https://app.notion.com/p/Food-1de52a1550c1808585f7c8d0cbbab341?pvs=21),2025/11/14,,$0.00
Costco,Dream (https://app.notion.com/p/Dream-1de52a1550c180a4bc6eee5e921cbc2d?pvs=21),-6193,NT$319.00,Health (https://app.notion.com/p/Health-1de52a1550c180948ad5c45ef59a5bb8?pvs=21),2025/11/14,,$0.00
Costco,General (https://app.notion.com/p/General-1fe52a1550c180d89a84f6b6694a42f5?pvs=21),7464,"NT$1,376.00",Food (https://app.notion.com/p/Food-1de52a1550c1808585f7c8d0cbbab341?pvs=21),2025/11/14,,$0.00
迪卡儂,General (https://app.notion.com/p/General-1fe52a1550c180d89a84f6b6694a42f5?pvs=21),5461,NT$199.00,Food (https://app.notion.com/p/Food-1de52a1550c1808585f7c8d0cbbab341?pvs=21),2025/11/21,,$0.00
Subway,General (https://app.notion.com/p/General-1fe52a1550c180d89a84f6b6694a42f5?pvs=21),9160,NT$374.00,Food (https://app.notion.com/p/Food-1de52a1550c1808585f7c8d0cbbab341?pvs=21),2025/11/09,,$0.00
涓豆腐,Couple's (https://app.notion.com/p/Couple-s-1de52a1550c181d39de7eebc343b38cd?pvs=21),5366,"NT$1,318.00",Food (https://app.notion.com/p/Food-1de52a1550c1808585f7c8d0cbbab341?pvs=21),2025/11/08,,$0.00
東門文昌雞,General (https://app.notion.com/p/General-1fe52a1550c180d89a84f6b6694a42f5?pvs=21),6334,NT$429.00,Food (https://app.notion.com/p/Food-1de52a1550c1808585f7c8d0cbbab341?pvs=21),2025/11/18,,$0.00
金山雞腿飯,General (https://app.notion.com/p/General-1fe52a1550c180d89a84f6b6694a42f5?pvs=21),4770,NT$280.00,Food (https://app.notion.com/p/Food-1de52a1550c1808585f7c8d0cbbab341?pvs=21),2025/11/24,,$0.00
加油費,General (https://app.notion.com/p/General-1fe52a1550c180d89a84f6b6694a42f5?pvs=21),4770,NT$145.00,Traffic (https://app.notion.com/p/Traffic-1de52a1550c1807b8ff6e40f804e1127?pvs=21),2025/11/24,,$0.00
北門食室,General (https://app.notion.com/p/General-1fe52a1550c180d89a84f6b6694a42f5?pvs=21),2583,NT$110.00,Food (https://app.notion.com/p/Food-1de52a1550c1808585f7c8d0cbbab341?pvs=21),2025/11/29,,$0.00
客家幸福小館,General (https://app.notion.com/p/General-1fe52a1550c180d89a84f6b6694a42f5?pvs=21),2583,NT$360.00,Food (https://app.notion.com/p/Food-1de52a1550c1808585f7c8d0cbbab341?pvs=21),2025/11/29,,$0.00
健康檢查,Savings (https://app.notion.com/p/Savings-1de52a1550c18029b280dc7d9d36cb03?pvs=21),319657,"NT$3,500.00",Health (https://app.notion.com/p/Health-1de52a1550c180948ad5c45ef59a5bb8?pvs=21),2025/11/28,,$0.00
滷味,General (https://app.notion.com/p/General-1fe52a1550c180d89a84f6b6694a42f5?pvs=21),4330,NT$220.00,Food (https://app.notion.com/p/Food-1de52a1550c1808585f7c8d0cbbab341?pvs=21),2025/11/25,,$0.00
蚵仔煎,General (https://app.notion.com/p/General-1fe52a1550c180d89a84f6b6694a42f5?pvs=21),4330,NT$150.00,Food (https://app.notion.com/p/Food-1de52a1550c1808585f7c8d0cbbab341?pvs=21),2025/11/25,,$0.00
綜合麻辣臭豆腐,General (https://app.notion.com/p/General-1fe52a1550c180d89a84f6b6694a42f5?pvs=21),4330,NT$70.00,Food (https://app.notion.com/p/Food-1de52a1550c1808585f7c8d0cbbab341?pvs=21),2025/11/25,,$0.00
羽球零打,General (https://app.notion.com/p/General-1fe52a1550c180d89a84f6b6694a42f5?pvs=21),2583,NT$160.00,Food (https://app.notion.com/p/Food-1de52a1550c1808585f7c8d0cbbab341?pvs=21),2025/11/29,,$0.00
Costco,Dream (https://app.notion.com/p/Dream-1de52a1550c180a4bc6eee5e921cbc2d?pvs=21),-13792,"NT$1,682.00",Groceries (https://app.notion.com/p/Groceries-1de52a1550c180c6be6cdfaeb95cee9a?pvs=21),2025/11/29,,$0.00
Costco,General (https://app.notion.com/p/General-1fe52a1550c180d89a84f6b6694a42f5?pvs=21),2583,"NT$1,117.00",Food (https://app.notion.com/p/Food-1de52a1550c1808585f7c8d0cbbab341?pvs=21),2025/11/29,,$0.00
Costco,Dream (https://app.notion.com/p/Dream-1de52a1550c180a4bc6eee5e921cbc2d?pvs=21),-13792,NT$729.00,Health (https://app.notion.com/p/Health-1de52a1550c180948ad5c45ef59a5bb8?pvs=21),2025/11/29,,$0.00
健保費,Fixed (https://app.notion.com/p/Fixed-1de52a1550c180f19995d25cbc6f1038?pvs=21),11533,"NT$1,083.00",Insurance (https://app.notion.com/p/Insurance-1de52a1550c181f09d1dfb6d85985a86?pvs=21),2025/12/01,,$0.00
勞保費,Fixed (https://app.notion.com/p/Fixed-1de52a1550c180f19995d25cbc6f1038?pvs=21),11533,"NT$1,145.00",Insurance (https://app.notion.com/p/Insurance-1de52a1550c181f09d1dfb6d85985a86?pvs=21),2025/12/01,,$0.00
停車位,Fixed (https://app.notion.com/p/Fixed-1de52a1550c180f19995d25cbc6f1038?pvs=21),11533,"NT$2,500.00",Insurance (https://app.notion.com/p/Insurance-1de52a1550c181f09d1dfb6d85985a86?pvs=21),2025/12/01,,$0.00
沐嵐,General (https://app.notion.com/p/General-1fe52a1550c180d89a84f6b6694a42f5?pvs=21),1503,NT$630.00,Food (https://app.notion.com/p/Food-1de52a1550c1808585f7c8d0cbbab341?pvs=21),2025/11/30,,$0.00
麵堂,General (https://app.notion.com/p/General-1fe52a1550c180d89a84f6b6694a42f5?pvs=21),1503,NT$450.00,Food (https://app.notion.com/p/Food-1de52a1550c1808585f7c8d0cbbab341?pvs=21),2025/11/30,,$0.00
匯給媽,Fixed (https://app.notion.com/p/Fixed-1de52a1550c180f19995d25cbc6f1038?pvs=21),19756,"NT$6,000.00",Family (https://app.notion.com/p/Family-1de52a1550c181faa107fcc0a73d8120?pvs=21),2025/12/02,,$0.00
房租,Fixed (https://app.notion.com/p/Fixed-1de52a1550c180f19995d25cbc6f1038?pvs=21),19756,"NT$7,250.00",Groceries (https://app.notion.com/p/Groceries-1de52a1550c180c6be6cdfaeb95cee9a?pvs=21),2025/12/02,,$0.00
Spotify月費,Dream (https://app.notion.com/p/Dream-1de52a1550c180a4bc6eee5e921cbc2d?pvs=21),-3172,NT$202.00,Fun (https://app.notion.com/p/Fun-1de52a1550c180f197e2ff3116ec3fa2?pvs=21),2025/12/04,,$0.00
加油費,General (https://app.notion.com/p/General-1fe52a1550c180d89a84f6b6694a42f5?pvs=21),10775,NT$144.00,Traffic (https://app.notion.com/p/Traffic-1de52a1550c1807b8ff6e40f804e1127?pvs=21),2025/11/08,,$0.00
龜記,General (https://app.notion.com/p/General-1fe52a1550c180d89a84f6b6694a42f5?pvs=21),15833,NT$95.00,Food (https://app.notion.com/p/Food-1de52a1550c1808585f7c8d0cbbab341?pvs=21),2025/12/04,,$0.00
丸龜製麵,General (https://app.notion.com/p/General-1fe52a1550c180d89a84f6b6694a42f5?pvs=21),15833,NT$131.00,Food (https://app.notion.com/p/Food-1de52a1550c1808585f7c8d0cbbab341?pvs=21),2025/12/04,,$0.00
韓姜熙的小廚房,General (https://app.notion.com/p/General-1fe52a1550c180d89a84f6b6694a42f5?pvs=21),15833,NT$278.00,Food (https://app.notion.com/p/Food-1de52a1550c1808585f7c8d0cbbab341?pvs=21),2025/12/04,,$0.00
五星級麵店,General (https://app.notion.com/p/General-1fe52a1550c180d89a84f6b6694a42f5?pvs=21),15833,NT$198.00,Food (https://app.notion.com/p/Food-1de52a1550c1808585f7c8d0cbbab341?pvs=21),2025/12/04,,$0.00
億客來,General (https://app.notion.com/p/General-1fe52a1550c180d89a84f6b6694a42f5?pvs=21),-1045,NT$279.00,Food (https://app.notion.com/p/Food-1de52a1550c1808585f7c8d0cbbab341?pvs=21),2025/12/01,,$0.00
全聯,General (https://app.notion.com/p/General-1fe52a1550c180d89a84f6b6694a42f5?pvs=21),13535,NT$89.00,Food (https://app.notion.com/p/Food-1de52a1550c1808585f7c8d0cbbab341?pvs=21),2025/12/03,,$0.00
全聯,General (https://app.notion.com/p/General-1fe52a1550c180d89a84f6b6694a42f5?pvs=21),-1045,NT$269.00,Food (https://app.notion.com/p/Food-1de52a1550c1808585f7c8d0cbbab341?pvs=21),2025/12/01,,$0.00
全聯,General (https://app.notion.com/p/General-1fe52a1550c180d89a84f6b6694a42f5?pvs=21),13834,NT$135.00,Food (https://app.notion.com/p/Food-1de52a1550c1808585f7c8d0cbbab341?pvs=21),2025/12/02,,$0.00
大呼過癮,General (https://app.notion.com/p/General-1fe52a1550c180d89a84f6b6694a42f5?pvs=21),13535,NT$210.00,Food (https://app.notion.com/p/Food-1de52a1550c1808585f7c8d0cbbab341?pvs=21),2025/12/03,,$0.00
停車費,Dream (https://app.notion.com/p/Dream-1de52a1550c180a4bc6eee5e921cbc2d?pvs=21),-1650,NT$100.00,Traffic (https://app.notion.com/p/Traffic-1de52a1550c1807b8ff6e40f804e1127?pvs=21),2025/12/06,西門停車,$0.00
停車費,Dream (https://app.notion.com/p/Dream-1de52a1550c180a4bc6eee5e921cbc2d?pvs=21),-1650,NT$60.00,Traffic (https://app.notion.com/p/Traffic-1de52a1550c1807b8ff6e40f804e1127?pvs=21),2025/12/06,六張犁停車,$0.00
7-11,General (https://app.notion.com/p/General-1fe52a1550c180d89a84f6b6694a42f5?pvs=21),15428,NT$150.00,Food (https://app.notion.com/p/Food-1de52a1550c1808585f7c8d0cbbab341?pvs=21),2025/12/06,,$0.00
加油費,Dream (https://app.notion.com/p/Dream-1de52a1550c180a4bc6eee5e921cbc2d?pvs=21),-1650,NT$918.00,Traffic (https://app.notion.com/p/Traffic-1de52a1550c1807b8ff6e40f804e1127?pvs=21),2025/12/06,,$0.00
麥當勞,General (https://app.notion.com/p/General-1fe52a1550c180d89a84f6b6694a42f5?pvs=21),15428,NT$255.00,Food (https://app.notion.com/p/Food-1de52a1550c1808585f7c8d0cbbab341?pvs=21),2025/12/06,,$0.00
7-11,General (https://app.notion.com/p/General-1fe52a1550c180d89a84f6b6694a42f5?pvs=21),14478,NT$97.00,Food (https://app.notion.com/p/Food-1de52a1550c1808585f7c8d0cbbab341?pvs=21),2025/12/07,,$0.00
Haven Hair,Dream (https://app.notion.com/p/Dream-1de52a1550c180a4bc6eee5e921cbc2d?pvs=21),-7689,"NT$3,500.00",Clothes (https://app.notion.com/p/Clothes-1de52a1550c181c098ebee3f08c04f38?pvs=21),2025/12/13,,$0.00
狀元滷味,General (https://app.notion.com/p/General-1fe52a1550c180d89a84f6b6694a42f5?pvs=21),8748,NT$360.00,Food (https://app.notion.com/p/Food-1de52a1550c1808585f7c8d0cbbab341?pvs=21),2025/12/13,,$0.00
粥大福,General (https://app.notion.com/p/General-1fe52a1550c180d89a84f6b6694a42f5?pvs=21),8748,NT$245.00,Food (https://app.notion.com/p/Food-1de52a1550c1808585f7c8d0cbbab341?pvs=21),2025/12/13,,$0.00
大埔鐵板燒,General (https://app.notion.com/p/General-1fe52a1550c180d89a84f6b6694a42f5?pvs=21),9353,NT$555.00,Food (https://app.notion.com/p/Food-1de52a1550c1808585f7c8d0cbbab341?pvs=21),2025/12/12,,$0.00
機油,General (https://app.notion.com/p/General-1fe52a1550c180d89a84f6b6694a42f5?pvs=21),10103,NT$300.00,Traffic (https://app.notion.com/p/Traffic-1de52a1550c1807b8ff6e40f804e1127?pvs=21),2025/12/11,,$0.00
7-11,General (https://app.notion.com/p/General-1fe52a1550c180d89a84f6b6694a42f5?pvs=21),9353,NT$85.00,Food (https://app.notion.com/p/Food-1de52a1550c1808585f7c8d0cbbab341?pvs=21),2025/12/12,,$0.00
Costco,General (https://app.notion.com/p/General-1fe52a1550c180d89a84f6b6694a42f5?pvs=21),10103,NT$799.00,Food (https://app.notion.com/p/Food-1de52a1550c1808585f7c8d0cbbab341?pvs=21),2025/12/11,,$0.00
草本茶,General (https://app.notion.com/p/General-1fe52a1550c180d89a84f6b6694a42f5?pvs=21),9353,NT$110.00,Food (https://app.notion.com/p/Food-1de52a1550c1808585f7c8d0cbbab341?pvs=21),2025/12/12,,$0.00
小販部,General (https://app.notion.com/p/General-1fe52a1550c180d89a84f6b6694a42f5?pvs=21),10103,NT$13.00,Food (https://app.notion.com/p/Food-1de52a1550c1808585f7c8d0cbbab341?pvs=21),2025/12/11,,$0.00
7-11,General (https://app.notion.com/p/General-1fe52a1550c180d89a84f6b6694a42f5?pvs=21),11961,NT$58.00,Food (https://app.notion.com/p/Food-1de52a1550c1808585f7c8d0cbbab341?pvs=21),2025/12/09,,$0.00
7-11,General (https://app.notion.com/p/General-1fe52a1550c180d89a84f6b6694a42f5?pvs=21),11898,NT$63.00,Food (https://app.notion.com/p/Food-1de52a1550c1808585f7c8d0cbbab341?pvs=21),2025/12/10,,$0.00
Costco,General (https://app.notion.com/p/General-1fe52a1550c180d89a84f6b6694a42f5?pvs=21),10103,NT$148.00,Food (https://app.notion.com/p/Food-1de52a1550c1808585f7c8d0cbbab341?pvs=21),2025/12/11,,$0.00
Costco,Dream (https://app.notion.com/p/Dream-1de52a1550c180a4bc6eee5e921cbc2d?pvs=21),-2835,NT$435.00,Health (https://app.notion.com/p/Health-1de52a1550c180948ad5c45ef59a5bb8?pvs=21),2025/12/08,,$0.00
Costco,General (https://app.notion.com/p/General-1fe52a1550c180d89a84f6b6694a42f5?pvs=21),12019,"NT$2,459.00",Food (https://app.notion.com/p/Food-1de52a1550c1808585f7c8d0cbbab341?pvs=21),2025/12/08,,$0.00
Readmoo,Dream (https://app.notion.com/p/Dream-1de52a1550c180a4bc6eee5e921cbc2d?pvs=21),-7689,NT$955.00,Learning (https://app.notion.com/p/Learning-1de52a1550c181fba52ed20f1907d909?pvs=21),2025/12/13,,$0.00
肯德基,General (https://app.notion.com/p/General-1fe52a1550c180d89a84f6b6694a42f5?pvs=21),10103,NT$535.00,Food (https://app.notion.com/p/Food-1de52a1550c1808585f7c8d0cbbab341?pvs=21),2025/12/11,,$0.00
迪卡儂,Dream (https://app.notion.com/p/Dream-1de52a1550c180a4bc6eee5e921cbc2d?pvs=21),-3234,NT$399.00,Clothes (https://app.notion.com/p/Clothes-1de52a1550c181c098ebee3f08c04f38?pvs=21),2025/12/11,,$0.00
無印良品,Dream (https://app.notion.com/p/Dream-1de52a1550c180a4bc6eee5e921cbc2d?pvs=21),-2400,NT$750.00,Clothes (https://app.notion.com/p/Clothes-1de52a1550c181c098ebee3f08c04f38?pvs=21),2025/12/07,,$0.00
石二鍋,General (https://app.notion.com/p/General-1fe52a1550c180d89a84f6b6694a42f5?pvs=21),14478,NT$853.00,Food (https://app.notion.com/p/Food-1de52a1550c1808585f7c8d0cbbab341?pvs=21),2025/12/07,,$0.00
中華電信手機費,Dream (https://app.notion.com/p/Dream-1de52a1550c180a4bc6eee5e921cbc2d?pvs=21),-9202,NT$665.00,Fun (https://app.notion.com/p/Fun-1de52a1550c180f197e2ff3116ec3fa2?pvs=21),2025/12/15,,$0.00
中華電信網路費,Dream (https://app.notion.com/p/Dream-1de52a1550c180a4bc6eee5e921cbc2d?pvs=21),-9202,NT$848.00,Fun (https://app.notion.com/p/Fun-1de52a1550c180f197e2ff3116ec3fa2?pvs=21),2025/12/15,,$0.00
阿婆早餐店,General (https://app.notion.com/p/General-1fe52a1550c180d89a84f6b6694a42f5?pvs=21),7828,NT$55.00,Food (https://app.notion.com/p/Food-1de52a1550c1808585f7c8d0cbbab341?pvs=21),2025/12/16,雙黃油條,$0.00
全聯,General (https://app.notion.com/p/General-1fe52a1550c180d89a84f6b6694a42f5?pvs=21),7883,NT$340.00,Food (https://app.notion.com/p/Food-1de52a1550c1808585f7c8d0cbbab341?pvs=21),2025/12/15,,$0.00
柏廷耳鼻喉科,Savings (https://app.notion.com/p/Savings-1de52a1550c18029b280dc7d9d36cb03?pvs=21),324544,"NT$1,220.00",Health (https://app.notion.com/p/Health-1de52a1550c180948ad5c45ef59a5bb8?pvs=21),2025/12/15,,$0.00
柏廷耳鼻喉科,Savings (https://app.notion.com/p/Savings-1de52a1550c18029b280dc7d9d36cb03?pvs=21),325764,NT$200.00,Health (https://app.notion.com/p/Health-1de52a1550c180948ad5c45ef59a5bb8?pvs=21),2025/12/12,,$0.00
柏廷耳鼻喉科,Savings (https://app.notion.com/p/Savings-1de52a1550c18029b280dc7d9d36cb03?pvs=21),325964,NT$200.00,Health (https://app.notion.com/p/Health-1de52a1550c180948ad5c45ef59a5bb8?pvs=21),2025/12/09,,$0.00
五鮮級火鍋,Couple's (https://app.notion.com/p/Couple-s-1de52a1550c181d39de7eebc343b38cd?pvs=21),6806,"NT$1,028.00",Food (https://app.notion.com/p/Food-1de52a1550c1808585f7c8d0cbbab341?pvs=21),2025/12/16,,$0.00
7-11,General (https://app.notion.com/p/General-1fe52a1550c180d89a84f6b6694a42f5?pvs=21),7510,NT$105.00,Food (https://app.notion.com/p/Food-1de52a1550c1808585f7c8d0cbbab341?pvs=21),2025/12/17,早餐,$0.00
7-11,General (https://app.notion.com/p/General-1fe52a1550c180d89a84f6b6694a42f5?pvs=21),6656,NT$59.00,Food (https://app.notion.com/p/Food-1de52a1550c1808585f7c8d0cbbab341?pvs=21),2025/12/20,,$0.00
全家,General (https://app.notion.com/p/General-1fe52a1550c180d89a84f6b6694a42f5?pvs=21),6656,NT$56.00,Food (https://app.notion.com/p/Food-1de52a1550c1808585f7c8d0cbbab341?pvs=21),2025/12/20,,$0.00
加油費,General (https://app.notion.com/p/General-1fe52a1550c180d89a84f6b6694a42f5?pvs=21),6656,NT$133.00,Traffic (https://app.notion.com/p/Traffic-1de52a1550c1807b8ff6e40f804e1127?pvs=21),2025/12/20,機車,$0.00
威秀影城,Couple's (https://app.notion.com/p/Couple-s-1de52a1550c181d39de7eebc343b38cd?pvs=21),6228,NT$578.00,Fun (https://app.notion.com/p/Fun-1de52a1550c180f197e2ff3116ec3fa2?pvs=21),2025/12/20,動物方程式2,$0.00
全聯,General (https://app.notion.com/p/General-1fe52a1550c180d89a84f6b6694a42f5?pvs=21),7510,NT$173.00,Food (https://app.notion.com/p/Food-1de52a1550c1808585f7c8d0cbbab341?pvs=21),2025/12/17,,$0.00
全聯,General (https://app.notion.com/p/General-1fe52a1550c180d89a84f6b6694a42f5?pvs=21),7306,NT$159.00,Food (https://app.notion.com/p/Food-1de52a1550c1808585f7c8d0cbbab341?pvs=21),2025/12/18,,$0.00
茶湯會,General (https://app.notion.com/p/General-1fe52a1550c180d89a84f6b6694a42f5?pvs=21),6656,NT$130.00,Food (https://app.notion.com/p/Food-1de52a1550c1808585f7c8d0cbbab341?pvs=21),2025/12/20,,$0.00
上宇林,General (https://app.notion.com/p/General-1fe52a1550c180d89a84f6b6694a42f5?pvs=21),7306,NT$45.00,Food (https://app.notion.com/p/Food-1de52a1550c1808585f7c8d0cbbab341?pvs=21),2025/12/18,,$0.00
竹東排骨酥麵,General (https://app.notion.com/p/General-1fe52a1550c180d89a84f6b6694a42f5?pvs=21),7034,NT$272.00,Food (https://app.notion.com/p/Food-1de52a1550c1808585f7c8d0cbbab341?pvs=21),2025/12/19,,$0.00
50嵐,General (https://app.notion.com/p/General-1fe52a1550c180d89a84f6b6694a42f5?pvs=21),7510,NT$40.00,Food (https://app.notion.com/p/Food-1de52a1550c1808585f7c8d0cbbab341?pvs=21),2025/12/17,,$0.00
東南漢堡店,General (https://app.notion.com/p/General-1fe52a1550c180d89a84f6b6694a42f5?pvs=21),6306,NT$100.00,Food (https://app.notion.com/p/Food-1de52a1550c1808585f7c8d0cbbab341?pvs=21),2025/12/21,,$0.00
hahababy市集,General (https://app.notion.com/p/General-1fe52a1550c180d89a84f6b6694a42f5?pvs=21),6306,NT$100.00,Food (https://app.notion.com/p/Food-1de52a1550c1808585f7c8d0cbbab341?pvs=21),2025/12/21,,$0.00
hahababy市集,General (https://app.notion.com/p/General-1fe52a1550c180d89a84f6b6694a42f5?pvs=21),6306,NT$150.00,Food (https://app.notion.com/p/Food-1de52a1550c1808585f7c8d0cbbab341?pvs=21),2025/12/21,,$0.00
燒肉同話,Dream (https://app.notion.com/p/Dream-1de52a1550c180a4bc6eee5e921cbc2d?pvs=21),-12861,"NT$2,860.00",Food (https://app.notion.com/p/Food-1de52a1550c1808585f7c8d0cbbab341?pvs=21),2025/12/21,,$0.00
hahababy市集,Dream (https://app.notion.com/p/Dream-1de52a1550c180a4bc6eee5e921cbc2d?pvs=21),-12861,NT$599.00,Groceries (https://app.notion.com/p/Groceries-1de52a1550c180c6be6cdfaeb95cee9a?pvs=21),2025/12/21,,$0.00
停車費,Dream (https://app.notion.com/p/Dream-1de52a1550c180a4bc6eee5e921cbc2d?pvs=21),-12861,NT$200.00,Traffic (https://app.notion.com/p/Traffic-1de52a1550c1807b8ff6e40f804e1127?pvs=21),2025/12/21,,$0.00
長疆羊肉爐,General (https://app.notion.com/p/General-1fe52a1550c180d89a84f6b6694a42f5?pvs=21),4890,"NT$1,200.00",Food (https://app.notion.com/p/Food-1de52a1550c1808585f7c8d0cbbab341?pvs=21),2025/12/22,,$0.00
停車費,Dream (https://app.notion.com/p/Dream-1de52a1550c180a4bc6eee5e921cbc2d?pvs=21),-12881,NT$20.00,Traffic (https://app.notion.com/p/Traffic-1de52a1550c1807b8ff6e40f804e1127?pvs=21),2025/12/22,,$0.00
小時候牛排,General (https://app.notion.com/p/General-1fe52a1550c180d89a84f6b6694a42f5?pvs=21),8223,NT$525.00,Food (https://app.notion.com/p/Food-1de52a1550c1808585f7c8d0cbbab341?pvs=21),2025/12/14,,$0.00
妮那巧克力工廠,Dream (https://app.notion.com/p/Dream-1de52a1550c180a4bc6eee5e921cbc2d?pvs=21),-14615,NT$440.00,Fun (https://app.notion.com/p/Fun-1de52a1550c180f197e2ff3116ec3fa2?pvs=21),2025/12/25,,$0.00
加油費,Dream (https://app.notion.com/p/Dream-1de52a1550c180a4bc6eee5e921cbc2d?pvs=21),-14615,NT$956.00,Traffic (https://app.notion.com/p/Traffic-1de52a1550c1807b8ff6e40f804e1127?pvs=21),2025/12/25,汽車,$0.00
八曜和茶,Dream (https://app.notion.com/p/Dream-1de52a1550c180a4bc6eee5e921cbc2d?pvs=21),-14615,NT$288.00,Food (https://app.notion.com/p/Food-1de52a1550c1808585f7c8d0cbbab341?pvs=21),2025/12/25,,$0.00
Feeling 18,General (https://app.notion.com/p/General-1fe52a1550c180d89a84f6b6694a42f5?pvs=21),4068,NT$100.00,Food (https://app.notion.com/p/Food-1de52a1550c1808585f7c8d0cbbab341?pvs=21),2025/12/26,,$0.00
全家,General (https://app.notion.com/p/General-1fe52a1550c180d89a84f6b6694a42f5?pvs=21),4068,NT$130.00,Food (https://app.notion.com/p/Food-1de52a1550c1808585f7c8d0cbbab341?pvs=21),2025/12/26,汽車遙控器電池,$0.00
紙教堂停車費,Dream (https://app.notion.com/p/Dream-1de52a1550c180a4bc6eee5e921cbc2d?pvs=21),-14615,NT$50.00,Fun (https://app.notion.com/p/Fun-1de52a1550c180f197e2ff3116ec3fa2?pvs=21),2025/12/25,,$0.00
Costco,General (https://app.notion.com/p/General-1fe52a1550c180d89a84f6b6694a42f5?pvs=21),4298,NT$329.00,Food (https://app.notion.com/p/Food-1de52a1550c1808585f7c8d0cbbab341?pvs=21),2025/12/24,,$0.00
億客來,General (https://app.notion.com/p/General-1fe52a1550c180d89a84f6b6694a42f5?pvs=21),4298,NT$99.00,Food (https://app.notion.com/p/Food-1de52a1550c1808585f7c8d0cbbab341?pvs=21),2025/12/24,,$0.00
全聯,General (https://app.notion.com/p/General-1fe52a1550c180d89a84f6b6694a42f5?pvs=21),4726,NT$119.00,Food (https://app.notion.com/p/Food-1de52a1550c1808585f7c8d0cbbab341?pvs=21),2025/12/23,,$0.00
玉蘭,General (https://app.notion.com/p/General-1fe52a1550c180d89a84f6b6694a42f5?pvs=21),4726,NT$45.00,Food (https://app.notion.com/p/Food-1de52a1550c1808585f7c8d0cbbab341?pvs=21),2025/12/23,,$0.00
上宇林,General (https://app.notion.com/p/General-1fe52a1550c180d89a84f6b6694a42f5?pvs=21),4890,NT$55.00,Food (https://app.notion.com/p/Food-1de52a1550c1808585f7c8d0cbbab341?pvs=21),2025/12/22,,$0.00
全聯,General (https://app.notion.com/p/General-1fe52a1550c180d89a84f6b6694a42f5?pvs=21),4890,NT$161.00,Food (https://app.notion.com/p/Food-1de52a1550c1808585f7c8d0cbbab341?pvs=21),2025/12/22,,$0.00
蓋亞手機,Dream (https://app.notion.com/p/Dream-1de52a1550c180a4bc6eee5e921cbc2d?pvs=21),-20615,"NT$1,500.00",Fun (https://app.notion.com/p/Fun-1de52a1550c180f197e2ff3116ec3fa2?pvs=21),2025/12/27,,$0.00
向上眼鏡,Dream (https://app.notion.com/p/Dream-1de52a1550c180a4bc6eee5e921cbc2d?pvs=21),-20615,"NT$4,500.00",Health (https://app.notion.com/p/Health-1de52a1550c180948ad5c45ef59a5bb8?pvs=21),2025/12/27,,$0.00
青丹札西,General (https://app.notion.com/p/General-1fe52a1550c180d89a84f6b6694a42f5?pvs=21),3223,NT$720.00,Food (https://app.notion.com/p/Food-1de52a1550c1808585f7c8d0cbbab341?pvs=21),2025/12/27,,$0.00
草本茶,General (https://app.notion.com/p/General-1fe52a1550c180d89a84f6b6694a42f5?pvs=21),3223,NT$125.00,Food (https://app.notion.com/p/Food-1de52a1550c1808585f7c8d0cbbab341?pvs=21),2025/12/27,,$0.00
烏弄,General (https://app.notion.com/p/General-1fe52a1550c180d89a84f6b6694a42f5?pvs=21),2598,NT$95.00,Food (https://app.notion.com/p/Food-1de52a1550c1808585f7c8d0cbbab341?pvs=21),2025/12/28,,$0.00
蔣好的味道,General (https://app.notion.com/p/General-1fe52a1550c180d89a84f6b6694a42f5?pvs=21),2598,NT$460.00,Food (https://app.notion.com/p/Food-1de52a1550c1808585f7c8d0cbbab341?pvs=21),2025/12/28,,$0.00
汽車手機架,Dream (https://app.notion.com/p/Dream-1de52a1550c180a4bc6eee5e921cbc2d?pvs=21),-18090,NT$654.00,Traffic (https://app.notion.com/p/Traffic-1de52a1550c1807b8ff6e40f804e1127?pvs=21),2025/12/29,,$0.00
透光棉花,General (https://app.notion.com/p/General-1fe52a1550c180d89a84f6b6694a42f5?pvs=21),2598,NT$70.00,Food (https://app.notion.com/p/Food-1de52a1550c1808585f7c8d0cbbab341?pvs=21),2025/12/28,,$0.00
高千穗峽神樂,Dream (https://app.notion.com/p/Dream-1de52a1550c180a4bc6eee5e921cbc2d?pvs=21),-18090,NT$400.00,Fun (https://app.notion.com/p/Fun-1de52a1550c180f197e2ff3116ec3fa2?pvs=21),2025/12/29,,$0.00
日豪客運,Dream (https://app.notion.com/p/Dream-1de52a1550c180a4bc6eee5e921cbc2d?pvs=21),-18090,NT$180.00,Traffic (https://app.notion.com/p/Traffic-1de52a1550c1807b8ff6e40f804e1127?pvs=21),2025/12/29,新竹轉運站到桃園機場,$0.00
產交巴士,Dream (https://app.notion.com/p/Dream-1de52a1550c180a4bc6eee5e921cbc2d?pvs=21),-18090,NT$480.00,Traffic (https://app.notion.com/p/Traffic-1de52a1550c1807b8ff6e40f804e1127?pvs=21),2025/12/29,熊本機場到熊本車站*2,$0.00
黑亭拉麵,Dream (https://app.notion.com/p/Dream-1de52a1550c180a4bc6eee5e921cbc2d?pvs=21),-18090,NT$687.00,Food (https://app.notion.com/p/Food-1de52a1550c1808585f7c8d0cbbab341?pvs=21),2025/12/29,"玉子拉麵+A
豚腿拉麵+C",$0.00
熊本電車,Dream (https://app.notion.com/p/Dream-1de52a1550c180a4bc6eee5e921cbc2d?pvs=21),-18090,NT$40.00,Traffic (https://app.notion.com/p/Traffic-1de52a1550c1807b8ff6e40f804e1127?pvs=21),2025/12/29,,$0.00
熊本巴士,Dream (https://app.notion.com/p/Dream-1de52a1550c180a4bc6eee5e921cbc2d?pvs=21),-18090,NT$40.00,Traffic (https://app.notion.com/p/Traffic-1de52a1550c1807b8ff6e40f804e1127?pvs=21),2025/12/29,,$0.00
熊本販賣機,Dream (https://app.notion.com/p/Dream-1de52a1550c180a4bc6eee5e921cbc2d?pvs=21),-18090,NT$62.00,Food (https://app.notion.com/p/Food-1de52a1550c1808585f7c8d0cbbab341?pvs=21),2025/12/29,綠茶+奶茶,$0.00
熊本全家,Dream (https://app.notion.com/p/Dream-1de52a1550c180a4bc6eee5e921cbc2d?pvs=21),-18090,NT$405.00,Food (https://app.notion.com/p/Food-1de52a1550c1808585f7c8d0cbbab341?pvs=21),2025/12/29,,$0.00
熊本ONE STATION酒店 ワン・ステーションホテル熊本,Dream (https://app.notion.com/p/Dream-1de52a1550c180a4bc6eee5e921cbc2d?pvs=21),-18090,"NT$3,765.00",Travel (https://app.notion.com/p/Travel-1de52a1550c18102a04df0c968556b0b?pvs=21),2025/12/29,,$0.00
勝烈亭,Dream (https://app.notion.com/p/Dream-1de52a1550c180a4bc6eee5e921cbc2d?pvs=21),-18090,"NT$1,229.00",Food (https://app.notion.com/p/Food-1de52a1550c1808585f7c8d0cbbab341?pvs=21),2025/12/29,,$0.00
熊本全家,Dream (https://app.notion.com/p/Dream-1de52a1550c180a4bc6eee5e921cbc2d?pvs=21),-18090,NT$245.00,Food (https://app.notion.com/p/Food-1de52a1550c1808585f7c8d0cbbab341?pvs=21),2025/12/29,,$0.00
麵包 TRAINDOR トランドール熊本駅店,Dream (https://app.notion.com/p/Dream-1de52a1550c180a4bc6eee5e921cbc2d?pvs=21),-32308,NT$221.00,Food (https://app.notion.com/p/Food-1de52a1550c1808585f7c8d0cbbab341?pvs=21),2025/12/30,,$0.00
熊本全家,Dream (https://app.notion.com/p/Dream-1de52a1550c180a4bc6eee5e921cbc2d?pvs=21),-32308,NT$67.00,Food (https://app.notion.com/p/Food-1de52a1550c1808585f7c8d0cbbab341?pvs=21),2025/12/30,,$0.00
Budget租車,Dream (https://app.notion.com/p/Dream-1de52a1550c180a4bc6eee5e921cbc2d?pvs=21),-32308,"NT$10,774.00",Traffic (https://app.notion.com/p/Traffic-1de52a1550c1807b8ff6e40f804e1127?pvs=21),2025/12/30,,$0.00
前田菓子舗,Dream (https://app.notion.com/p/Dream-1de52a1550c180a4bc6eee5e921cbc2d?pvs=21),-32308,NT$162.00,Food (https://app.notion.com/p/Food-1de52a1550c1808585f7c8d0cbbab341?pvs=21),2025/12/30,,$0.00
Tomoemaru ともえまる食堂(予約は受けていません),Dream (https://app.notion.com/p/Dream-1de52a1550c180a4bc6eee5e921cbc2d?pvs=21),-32308,"NT$1,219.00",Food (https://app.notion.com/p/Food-1de52a1550c1808585f7c8d0cbbab341?pvs=21),2025/12/30,,$0.00
Tomoemaru ともえまる食堂(予約は受けていません),Dream (https://app.notion.com/p/Dream-1de52a1550c180a4bc6eee5e921cbc2d?pvs=21),-32308,NT$545.00,Food (https://app.notion.com/p/Food-1de52a1550c1808585f7c8d0cbbab341?pvs=21),2025/12/30,地雞,$0.00
折扣藥妝超市 コスモス（COSMOS) ドラッグストアコスモス 神殿店,Dream (https://app.notion.com/p/Dream-1de52a1550c180a4bc6eee5e921cbc2d?pvs=21),-32308,"NT$1,230.00",Groceries (https://app.notion.com/p/Groceries-1de52a1550c180c6be6cdfaeb95cee9a?pvs=21),2025/12/30,,$0.00
天岩戶神社,Dream (https://app.notion.com/p/Dream-1de52a1550c180a4bc6eee5e921cbc2d?pvs=21),-39975,NT$200.00,Fun (https://app.notion.com/p/Fun-1de52a1550c180f197e2ff3116ec3fa2?pvs=21),2025/12/31,御朱印,$0.00
天岩戶神社,Dream (https://app.notion.com/p/Dream-1de52a1550c180a4bc6eee5e921cbc2d?pvs=21),-39975,NT$80.00,Fun (https://app.notion.com/p/Fun-1de52a1550c180f197e2ff3116ec3fa2?pvs=21),2025/12/31,大吉中吉籤,$0.00
天岩戶神社,Dream (https://app.notion.com/p/Dream-1de52a1550c180a4bc6eee5e921cbc2d?pvs=21),-39975,NT$100.00,Traffic (https://app.notion.com/p/Traffic-1de52a1550c1807b8ff6e40f804e1127?pvs=21),2025/12/31,停車費,$0.00
高千穗小火車,Dream (https://app.notion.com/p/Dream-1de52a1550c180a4bc6eee5e921cbc2d?pvs=21),-39975,NT$400.00,Fun (https://app.notion.com/p/Fun-1de52a1550c180f197e2ff3116ec3fa2?pvs=21),2025/12/31,,$0.00
高千穗小火車,Dream (https://app.notion.com/p/Dream-1de52a1550c180a4bc6eee5e921cbc2d?pvs=21),-39975,NT$28.00,Food (https://app.notion.com/p/Food-1de52a1550c1808585f7c8d0cbbab341?pvs=21),2025/12/31,販賣機,$0.00
"Mich ",Dream (https://app.notion.com/p/Dream-1de52a1550c180a4bc6eee5e921cbc2d?pvs=21),-39975,NT$219.00,Food (https://app.notion.com/p/Food-1de52a1550c1808585f7c8d0cbbab341?pvs=21),2025/12/31,甜點,$0.00
由布院Lawson,Dream (https://app.notion.com/p/Dream-1de52a1550c180a4bc6eee5e921cbc2d?pvs=21),-39975,NT$460.00,Food (https://app.notion.com/p/Food-1de52a1550c1808585f7c8d0cbbab341?pvs=21),2025/12/31,,$0.00
吉吾炸雞,Dream (https://app.notion.com/p/Dream-1de52a1550c180a4bc6eee5e921cbc2d?pvs=21),-39975,NT$180.00,Food (https://app.notion.com/p/Food-1de52a1550c1808585f7c8d0cbbab341?pvs=21),2025/12/31,,$0.00
湯布院 炭焼おにぎり もぐもぐ,Dream (https://app.notion.com/p/Dream-1de52a1550c180a4bc6eee5e921cbc2d?pvs=21),-39975,NT$340.00,Food (https://app.notion.com/p/Food-1de52a1550c1808585f7c8d0cbbab341?pvs=21),2025/12/31,,$0.00
Donguri No Mori どんぐりの森 由布院店,Dream (https://app.notion.com/p/Dream-1de52a1550c180a4bc6eee5e921cbc2d?pvs=21),-39975,NT$332.00,Fun (https://app.notion.com/p/Fun-1de52a1550c180f197e2ff3116ec3fa2?pvs=21),2025/12/31,,$0.00
由布院停車費,Dream (https://app.notion.com/p/Dream-1de52a1550c180a4bc6eee5e921cbc2d?pvs=21),-39975,NT$132.00,Traffic (https://app.notion.com/p/Traffic-1de52a1550c1807b8ff6e40f804e1127?pvs=21),2025/12/31,,$0.00
Super hotel bepu,Dream (https://app.notion.com/p/Dream-1de52a1550c180a4bc6eee5e921cbc2d?pvs=21),-39975,"NT$3,940.00",Travel (https://app.notion.com/p/Travel-1de52a1550c18102a04df0c968556b0b?pvs=21),2025/12/31,,$0.00
別府7-11,Dream (https://app.notion.com/p/Dream-1de52a1550c180a4bc6eee5e921cbc2d?pvs=21),-39975,NT$255.00,Food (https://app.notion.com/p/Food-1de52a1550c1808585f7c8d0cbbab341?pvs=21),2025/12/31,,$0.00
別府Lawson,Dream (https://app.notion.com/p/Dream-1de52a1550c180a4bc6eee5e921cbc2d?pvs=21),-39975,NT$701.00,Food (https://app.notion.com/p/Food-1de52a1550c1808585f7c8d0cbbab341?pvs=21),2025/12/31,,$0.00
由布院小吃,Dream (https://app.notion.com/p/Dream-1de52a1550c180a4bc6eee5e921cbc2d?pvs=21),-39975,NT$300.00,Food (https://app.notion.com/p/Food-1de52a1550c1808585f7c8d0cbbab341?pvs=21),2025/12/31,芋頭薄餅+草莓大福*2,$0.00
勞保費,Fixed (https://app.notion.com/p/Fixed-1de52a1550c180f19995d25cbc6f1038?pvs=21),15028,"NT$1,145.00",Insurance (https://app.notion.com/p/Insurance-1de52a1550c181f09d1dfb6d85985a86?pvs=21),2026/01/01,,$0.00
停車位,Fixed (https://app.notion.com/p/Fixed-1de52a1550c180f19995d25cbc6f1038?pvs=21),15028,"NT$2,500.00",Insurance (https://app.notion.com/p/Insurance-1de52a1550c181f09d1dfb6d85985a86?pvs=21),2026/01/01,,$0.00
健保費,Fixed (https://app.notion.com/p/Fixed-1de52a1550c180f19995d25cbc6f1038?pvs=21),15028,"NT$1,083.00",Insurance (https://app.notion.com/p/Insurance-1de52a1550c181f09d1dfb6d85985a86?pvs=21),2026/01/01,,$0.00
租車油錢,Dream (https://app.notion.com/p/Dream-1de52a1550c180a4bc6eee5e921cbc2d?pvs=21),-66182,NT$666.00,Traffic (https://app.notion.com/p/Traffic-1de52a1550c1807b8ff6e40f804e1127?pvs=21),2026/01/01,,$0.00
租車ETC,Dream (https://app.notion.com/p/Dream-1de52a1550c180a4bc6eee5e921cbc2d?pvs=21),-66182,NT$405.00,Traffic (https://app.notion.com/p/Traffic-1de52a1550c1807b8ff6e40f804e1127?pvs=21),2026/01/01,,$0.00
福岡公車,Dream (https://app.notion.com/p/Dream-1de52a1550c180a4bc6eee5e921cbc2d?pvs=21),-66182,NT$75.00,Traffic (https://app.notion.com/p/Traffic-1de52a1550c1807b8ff6e40f804e1127?pvs=21),2026/01/01,,$0.00
Pancake house,Dream (https://app.notion.com/p/Dream-1de52a1550c180a4bc6eee5e921cbc2d?pvs=21),-66182,NT$946.00,Food (https://app.notion.com/p/Food-1de52a1550c1808585f7c8d0cbbab341?pvs=21),2026/01/01,,$0.00
Best Western Plus 福岡天神南 ベストウェスタンプラス福岡天神南,Dream (https://app.notion.com/p/Dream-1de52a1550c180a4bc6eee5e921cbc2d?pvs=21),-66182,"NT$7,800.00",Travel (https://app.notion.com/p/Travel-1de52a1550c18102a04df0c968556b0b?pvs=21),2026/01/01,福岡3晚,$0.00
Uniqlo,Dream (https://app.notion.com/p/Dream-1de52a1550c180a4bc6eee5e921cbc2d?pvs=21),-66182,"NT$11,645.00",Clothes (https://app.notion.com/p/Clothes-1de52a1550c181c098ebee3f08c04f38?pvs=21),2026/01/01,羽絨衣*4那包,$0.00
"WEGO ",Dream (https://app.notion.com/p/Dream-1de52a1550c180a4bc6eee5e921cbc2d?pvs=21),-66182,"NT$1,500.00",Clothes (https://app.notion.com/p/Clothes-1de52a1550c181c098ebee3f08c04f38?pvs=21),2026/01/01,,$0.00
福岡全家,Dream (https://app.notion.com/p/Dream-1de52a1550c180a4bc6eee5e921cbc2d?pvs=21),-66182,NT$105.00,Food (https://app.notion.com/p/Food-1de52a1550c1808585f7c8d0cbbab341?pvs=21),2026/01/01,,$0.00
福岡7-11,Dream (https://app.notion.com/p/Dream-1de52a1550c180a4bc6eee5e921cbc2d?pvs=21),-66182,NT$161.00,Food (https://app.notion.com/p/Food-1de52a1550c1808585f7c8d0cbbab341?pvs=21),2026/01/01,,$0.00
一蘭拉麵本社,Dream (https://app.notion.com/p/Dream-1de52a1550c180a4bc6eee5e921cbc2d?pvs=21),-66182,NT$904.00,Food (https://app.notion.com/p/Food-1de52a1550c1808585f7c8d0cbbab341?pvs=21),2026/01/01,,$0.00
匯給媽,Fixed (https://app.notion.com/p/Fixed-1de52a1550c180f19995d25cbc6f1038?pvs=21),23251,"NT$6,000.00",Family (https://app.notion.com/p/Family-1de52a1550c181faa107fcc0a73d8120?pvs=21),2026/01/07,,$0.00
房租,Fixed (https://app.notion.com/p/Fixed-1de52a1550c180f19995d25cbc6f1038?pvs=21),23251,"NT$7,250.00",Groceries (https://app.notion.com/p/Groceries-1de52a1550c180c6be6cdfaeb95cee9a?pvs=21),2026/01/07,,$0.00
関西グルメ研究所博多住吉店,Dream (https://app.notion.com/p/Dream-1de52a1550c180a4bc6eee5e921cbc2d?pvs=21),-81253,NT$686.00,Food (https://app.notion.com/p/Food-1de52a1550c1808585f7c8d0cbbab341?pvs=21),2026/01/02,,$0.00
HOKA Fukuoka Tenjin,Dream (https://app.notion.com/p/Dream-1de52a1550c180a4bc6eee5e921cbc2d?pvs=21),-81253,"NT$6,046.00",Clothes (https://app.notion.com/p/Clothes-1de52a1550c181c098ebee3f08c04f38?pvs=21),2026/01/02,,$0.00
HOKA Fukuoka Tenjin,Dream (https://app.notion.com/p/Dream-1de52a1550c180a4bc6eee5e921cbc2d?pvs=21),-81253,"NT$4,434.00",Clothes (https://app.notion.com/p/Clothes-1de52a1550c181c098ebee3f08c04f38?pvs=21),2026/01/02,換Nike和adidas的衣服,$0.00
UNIQLO 天神店 ユニクロ 天神店,Dream (https://app.notion.com/p/Dream-1de52a1550c180a4bc6eee5e921cbc2d?pvs=21),-81253,"NT$2,552.00",Clothes (https://app.notion.com/p/Clothes-1de52a1550c181c098ebee3f08c04f38?pvs=21),2026/01/02,,$0.00
3COINS＋plus mina天神店,Dream (https://app.notion.com/p/Dream-1de52a1550c180a4bc6eee5e921cbc2d?pvs=21),-81253,NT$444.00,Groceries (https://app.notion.com/p/Groceries-1de52a1550c180c6be6cdfaeb95cee9a?pvs=21),2026/01/02,,$0.00
Matsumoto Kiyoshi ドラッグストア マツモトキヨシ 天神地下街東2番街店,Dream (https://app.notion.com/p/Dream-1de52a1550c180a4bc6eee5e921cbc2d?pvs=21),-81253,"NT$7,250.00",Groceries (https://app.notion.com/p/Groceries-1de52a1550c180c6be6cdfaeb95cee9a?pvs=21),2026/01/02,,$0.00
福岡全家,Dream (https://app.notion.com/p/Dream-1de52a1550c180a4bc6eee5e921cbc2d?pvs=21),-81253,NT$166.00,Food (https://app.notion.com/p/Food-1de52a1550c1808585f7c8d0cbbab341?pvs=21),2026/01/02,,$0.00
KKday,Dream (https://app.notion.com/p/Dream-1de52a1550c180a4bc6eee5e921cbc2d?pvs=21),-83840,"NT$1,271.00",Fun (https://app.notion.com/p/Fun-1de52a1550c180f197e2ff3116ec3fa2?pvs=21),2026/01/03,柳川太宰府一日遊套票,$0.00
Lawson,Dream (https://app.notion.com/p/Dream-1de52a1550c180a4bc6eee5e921cbc2d?pvs=21),-83840,NT$145.00,Food (https://app.notion.com/p/Food-1de52a1550c1808585f7c8d0cbbab341?pvs=21),2026/01/03,,$0.00
太宰府,Dream (https://app.notion.com/p/Dream-1de52a1550c180a4bc6eee5e921cbc2d?pvs=21),-83840,NT$100.00,Fun (https://app.notion.com/p/Fun-1de52a1550c180f197e2ff3116ec3fa2?pvs=21),2026/01/03,御朱印,$0.00
太宰府,Dream (https://app.notion.com/p/Dream-1de52a1550c180a4bc6eee5e921cbc2d?pvs=21),-83840,"NT$1,520.00",Fun (https://app.notion.com/p/Fun-1de52a1550c180f197e2ff3116ec3fa2?pvs=21),2026/01/03,御守和小禮物們,$0.00
Uber,Dream (https://app.notion.com/p/Dream-1de52a1550c180a4bc6eee5e921cbc2d?pvs=21),-83840,NT$107.00,Traffic (https://app.notion.com/p/Traffic-1de52a1550c1807b8ff6e40f804e1127?pvs=21),2026/01/03,太宰府到竈門神社,$0.00
竈門神社,Dream (https://app.notion.com/p/Dream-1de52a1550c180a4bc6eee5e921cbc2d?pvs=21),-83840,NT$700.00,Fun (https://app.notion.com/p/Fun-1de52a1550c180f197e2ff3116ec3fa2?pvs=21),2026/01/03,御守們,$0.00
太宰府酒殿屋,Dream (https://app.notion.com/p/Dream-1de52a1550c180a4bc6eee5e921cbc2d?pvs=21),-83840,NT$70.00,Food (https://app.notion.com/p/Food-1de52a1550c1808585f7c8d0cbbab341?pvs=21),2026/01/03,梅餅,$0.00
二日市車站販賣機,Dream (https://app.notion.com/p/Dream-1de52a1550c180a4bc6eee5e921cbc2d?pvs=21),-83840,NT$70.00,Food (https://app.notion.com/p/Food-1de52a1550c1808585f7c8d0cbbab341?pvs=21),2026/01/03,,$0.00
本吉屋,Dream (https://app.notion.com/p/Dream-1de52a1550c180a4bc6eee5e921cbc2d?pvs=21),-83840,"NT$2,080.00",Food (https://app.notion.com/p/Food-1de52a1550c1808585f7c8d0cbbab341?pvs=21),2026/01/03,鰻魚飯,$0.00
三柱神社,Dream (https://app.notion.com/p/Dream-1de52a1550c180a4bc6eee5e921cbc2d?pvs=21),-83840,NT$203.00,Fun (https://app.notion.com/p/Fun-1de52a1550c180f197e2ff3116ec3fa2?pvs=21),2026/01/03,御朱印,$0.00
三柱神社,Dream (https://app.notion.com/p/Dream-1de52a1550c180a4bc6eee5e921cbc2d?pvs=21),-83840,NT$160.00,Fun (https://app.notion.com/p/Fun-1de52a1550c180f197e2ff3116ec3fa2?pvs=21),2026/01/03,小達摩,$0.00
太宰府,Dream (https://app.notion.com/p/Dream-1de52a1550c180a4bc6eee5e921cbc2d?pvs=21),-83840,NT$203.00,Fun (https://app.notion.com/p/Fun-1de52a1550c180f197e2ff3116ec3fa2?pvs=21),2026/01/03,抽籤,$0.00
Uber,Dream (https://app.notion.com/p/Dream-1de52a1550c180a4bc6eee5e921cbc2d?pvs=21),-83840,NT$200.00,Traffic (https://app.notion.com/p/Traffic-1de52a1550c1807b8ff6e40f804e1127?pvs=21),2026/01/03,,$0.00
Big Camera,Dream (https://app.notion.com/p/Dream-1de52a1550c180a4bc6eee5e921cbc2d?pvs=21),-83840,"NT$2,461.00",Health (https://app.notion.com/p/Health-1de52a1550c180948ad5c45ef59a5bb8?pvs=21),2026/01/03,Atex450筋膜槍,$0.00
"MUJI ",Dream (https://app.notion.com/p/Dream-1de52a1550c180a4bc6eee5e921cbc2d?pvs=21),-83840,"NT$4,539.00",Fun (https://app.notion.com/p/Fun-1de52a1550c180f197e2ff3116ec3fa2?pvs=21),2026/01/03,行李箱,$0.00
Spotify月費,Dream (https://app.notion.com/p/Dream-1de52a1550c180a4bc6eee5e921cbc2d?pvs=21),-88176,NT$202.00,Fun (https://app.notion.com/p/Fun-1de52a1550c180f197e2ff3116ec3fa2?pvs=21),2026/01/07,,$0.00
Budget Rent,Dream (https://app.notion.com/p/Dream-1de52a1550c180a4bc6eee5e921cbc2d?pvs=21),-108382,"NT$7,899.00",Traffic (https://app.notion.com/p/Traffic-1de52a1550c1807b8ff6e40f804e1127?pvs=21),2026/01/04,,$0.00
AIPEN,Dream (https://app.notion.com/p/Dream-1de52a1550c180a4bc6eee5e921cbc2d?pvs=21),-83840,"NT$2,960.00",Clothes (https://app.notion.com/p/Clothes-1de52a1550c181c098ebee3f08c04f38?pvs=21),2026/01/03,ON 跑鞋,$0.00
Lawson,Dream (https://app.notion.com/p/Dream-1de52a1550c180a4bc6eee5e921cbc2d?pvs=21),-83840,NT$143.00,Food (https://app.notion.com/p/Food-1de52a1550c1808585f7c8d0cbbab341?pvs=21),2026/01/03,,$0.00
熊本機場,Dream (https://app.notion.com/p/Dream-1de52a1550c180a4bc6eee5e921cbc2d?pvs=21),-107974,NT$192.00,Food (https://app.notion.com/p/Food-1de52a1550c1808585f7c8d0cbbab341?pvs=21),2026/01/06,,$0.00
熊本機場,Dream (https://app.notion.com/p/Dream-1de52a1550c180a4bc6eee5e921cbc2d?pvs=21),-107974,NT$39.00,Food (https://app.notion.com/p/Food-1de52a1550c1808585f7c8d0cbbab341?pvs=21),2026/01/06,,$0.00
日豪客運,Dream (https://app.notion.com/p/Dream-1de52a1550c180a4bc6eee5e921cbc2d?pvs=21),-107974,NT$219.00,Traffic (https://app.notion.com/p/Traffic-1de52a1550c1807b8ff6e40f804e1127?pvs=21),2026/01/06,,$0.00
產交巴士,Dream (https://app.notion.com/p/Dream-1de52a1550c180a4bc6eee5e921cbc2d?pvs=21),-107974,NT$280.00,Fun (https://app.notion.com/p/Fun-1de52a1550c180f197e2ff3116ec3fa2?pvs=21),2026/01/06,熊本車站到熊本機場,$0.00
ENEOS,Dream (https://app.notion.com/p/Dream-1de52a1550c180a4bc6eee5e921cbc2d?pvs=21),-107244,NT$380.00,Traffic (https://app.notion.com/p/Traffic-1de52a1550c1807b8ff6e40f804e1127?pvs=21),2026/01/05,,$0.00
博多車站百貨公司,Dream (https://app.notion.com/p/Dream-1de52a1550c180a4bc6eee5e921cbc2d?pvs=21),-108382,NT$916.00,Food (https://app.notion.com/p/Food-1de52a1550c1808585f7c8d0cbbab341?pvs=21),2026/01/04,,$0.00
阿蘇卡德利動物樂園,Dream (https://app.notion.com/p/Dream-1de52a1550c180a4bc6eee5e921cbc2d?pvs=21),-107244,"NT$1,047.00",Fun (https://app.notion.com/p/Fun-1de52a1550c180f197e2ff3116ec3fa2?pvs=21),2026/01/05,,$0.00
Patisserie Roku麓,Dream (https://app.notion.com/p/Dream-1de52a1550c180a4bc6eee5e921cbc2d?pvs=21),-108382,NT$295.00,Food (https://app.notion.com/p/Food-1de52a1550c1808585f7c8d0cbbab341?pvs=21),2026/01/04,,$0.00
ヤマサキショップ 後藤商店,Dream (https://app.notion.com/p/Dream-1de52a1550c180a4bc6eee5e921cbc2d?pvs=21),-108382,NT$230.00,Food (https://app.notion.com/p/Food-1de52a1550c1808585f7c8d0cbbab341?pvs=21),2026/01/04,,$0.00
天外天拉麵,Dream (https://app.notion.com/p/Dream-1de52a1550c180a4bc6eee5e921cbc2d?pvs=21),-107244,NT$666.00,Food (https://app.notion.com/p/Food-1de52a1550c1808585f7c8d0cbbab341?pvs=21),2026/01/05,,$0.00
阿部牧場,Dream (https://app.notion.com/p/Dream-1de52a1550c180a4bc6eee5e921cbc2d?pvs=21),-107244,NT$202.00,Food (https://app.notion.com/p/Food-1de52a1550c1808585f7c8d0cbbab341?pvs=21),2026/01/05,,$0.00
大觀峰小販部,Dream (https://app.notion.com/p/Dream-1de52a1550c180a4bc6eee5e921cbc2d?pvs=21),-107244,NT$550.00,Food (https://app.notion.com/p/Food-1de52a1550c1808585f7c8d0cbbab341?pvs=21),2026/01/05,,$0.00
福岡全家,Dream (https://app.notion.com/p/Dream-1de52a1550c180a4bc6eee5e921cbc2d?pvs=21),-83840,NT$320.00,Food (https://app.notion.com/p/Food-1de52a1550c1808585f7c8d0cbbab341?pvs=21),2026/01/03,,$0.00
みやげ処町屋,Dream (https://app.notion.com/p/Dream-1de52a1550c180a4bc6eee5e921cbc2d?pvs=21),-108382,NT$220.00,Fun (https://app.notion.com/p/Fun-1de52a1550c180f197e2ff3116ec3fa2?pvs=21),2026/01/04,,$0.00
KITTE Uniqlo,Dream (https://app.notion.com/p/Dream-1de52a1550c180a4bc6eee5e921cbc2d?pvs=21),-108382,"NT$2,830.00",Clothes (https://app.notion.com/p/Clothes-1de52a1550c181c098ebee3f08c04f38?pvs=21),2026/01/04,,$0.00
阿蘇神社,Dream (https://app.notion.com/p/Dream-1de52a1550c180a4bc6eee5e921cbc2d?pvs=21),-107244,NT$300.00,Fun (https://app.notion.com/p/Fun-1de52a1550c180f197e2ff3116ec3fa2?pvs=21),2026/01/05,,$0.00
熊本全家,Dream (https://app.notion.com/p/Dream-1de52a1550c180a4bc6eee5e921cbc2d?pvs=21),-107244,NT$182.00,Food (https://app.notion.com/p/Food-1de52a1550c1808585f7c8d0cbbab341?pvs=21),2026/01/05,,$0.00
BLOSSOM販賣機,Dream (https://app.notion.com/p/Dream-1de52a1550c180a4bc6eee5e921cbc2d?pvs=21),-107244,NT$35.00,Food (https://app.notion.com/p/Food-1de52a1550c1808585f7c8d0cbbab341?pvs=21),2026/01/05,,$0.00
星宇航空,Dream (https://app.notion.com/p/Dream-1de52a1550c180a4bc6eee5e921cbc2d?pvs=21),-18090,"NT$8,287.00",Traffic (https://app.notion.com/p/Traffic-1de52a1550c1807b8ff6e40f804e1127?pvs=21),2025/12/29,,$0.00
南城苑,Dream (https://app.notion.com/p/Dream-1de52a1550c180a4bc6eee5e921cbc2d?pvs=21),-108382,"NT$12,152.00",Travel (https://app.notion.com/p/Travel-1de52a1550c18102a04df0c968556b0b?pvs=21),2026/01/04,,$0.00
BLOSSOM,Dream (https://app.notion.com/p/Dream-1de52a1550c180a4bc6eee5e921cbc2d?pvs=21),-107244,"NT$3,000.00",Travel (https://app.notion.com/p/Travel-1de52a1550c18102a04df0c968556b0b?pvs=21),2026/01/05,,$0.00
全聯,General (https://app.notion.com/p/General-1fe52a1550c180d89a84f6b6694a42f5?pvs=21),3776,NT$491.00,Food (https://app.notion.com/p/Food-1de52a1550c1808585f7c8d0cbbab341?pvs=21),2026/01/09,,$0.00
全聯,General (https://app.notion.com/p/General-1fe52a1550c180d89a84f6b6694a42f5?pvs=21),4267,NT$288.00,Food (https://app.notion.com/p/Food-1de52a1550c1808585f7c8d0cbbab341?pvs=21),2026/01/08,,$0.00
全聯,General (https://app.notion.com/p/General-1fe52a1550c180d89a84f6b6694a42f5?pvs=21),4555,"NT$1,057.00",Food (https://app.notion.com/p/Food-1de52a1550c1808585f7c8d0cbbab341?pvs=21),2026/01/07,,$0.00
北門食室,General (https://app.notion.com/p/General-1fe52a1550c180d89a84f6b6694a42f5?pvs=21),2178,NT$708.00,Food (https://app.notion.com/p/Food-1de52a1550c1808585f7c8d0cbbab341?pvs=21),2026/01/11,,$0.00
好豆味,General (https://app.notion.com/p/General-1fe52a1550c180d89a84f6b6694a42f5?pvs=21),2178,NT$120.00,Food (https://app.notion.com/p/Food-1de52a1550c1808585f7c8d0cbbab341?pvs=21),2026/01/11,,$0.00
延平大飯店,General (https://app.notion.com/p/General-1fe52a1550c180d89a84f6b6694a42f5?pvs=21),3056,NT$480.00,Food (https://app.notion.com/p/Food-1de52a1550c1808585f7c8d0cbbab341?pvs=21),2026/01/10,,$0.00
全家,General (https://app.notion.com/p/General-1fe52a1550c180d89a84f6b6694a42f5?pvs=21),2178,NT$50.00,Food (https://app.notion.com/p/Food-1de52a1550c1808585f7c8d0cbbab341?pvs=21),2026/01/11,,$0.00
羽球零打,Dream (https://app.notion.com/p/Dream-1de52a1550c180a4bc6eee5e921cbc2d?pvs=21),-88336,NT$160.00,Health (https://app.notion.com/p/Health-1de52a1550c180948ad5c45ef59a5bb8?pvs=21),2026/01/10,,$0.00
Subway,General (https://app.notion.com/p/General-1fe52a1550c180d89a84f6b6694a42f5?pvs=21),3056,NT$140.00,Food (https://app.notion.com/p/Food-1de52a1550c1808585f7c8d0cbbab341?pvs=21),2026/01/10,,$0.00
玉蘭,General (https://app.notion.com/p/General-1fe52a1550c180d89a84f6b6694a42f5?pvs=21),3056,NT$50.00,Food (https://app.notion.com/p/Food-1de52a1550c1808585f7c8d0cbbab341?pvs=21),2026/01/10,,$0.00
50嵐,General (https://app.notion.com/p/General-1fe52a1550c180d89a84f6b6694a42f5?pvs=21),3056,NT$50.00,Food (https://app.notion.com/p/Food-1de52a1550c1808585f7c8d0cbbab341?pvs=21),2026/01/10,,$0.00
小販部,General (https://app.notion.com/p/General-1fe52a1550c180d89a84f6b6694a42f5?pvs=21),1793,NT$50.00,Food (https://app.notion.com/p/Food-1de52a1550c1808585f7c8d0cbbab341?pvs=21),2026/01/12,,$0.00
全聯,General (https://app.notion.com/p/General-1fe52a1550c180d89a84f6b6694a42f5?pvs=21),1793,NT$128.00,Food (https://app.notion.com/p/Food-1de52a1550c1808585f7c8d0cbbab341?pvs=21),2026/01/12,,$0.00
中華電信網路費,Dream (https://app.notion.com/p/Dream-1de52a1550c180a4bc6eee5e921cbc2d?pvs=21),-84326,NT$848.00,Fun (https://app.notion.com/p/Fun-1de52a1550c180f197e2ff3116ec3fa2?pvs=21),2026/01/15,,$0.00
中華電信手機費,Dream (https://app.notion.com/p/Dream-1de52a1550c180a4bc6eee5e921cbc2d?pvs=21),-84326,NT$665.00,Fun (https://app.notion.com/p/Fun-1de52a1550c180f197e2ff3116ec3fa2?pvs=21),2026/01/15,,$0.00
7-11,General (https://app.notion.com/p/General-1fe52a1550c180d89a84f6b6694a42f5?pvs=21),1230,NT$143.00,Food (https://app.notion.com/p/Food-1de52a1550c1808585f7c8d0cbbab341?pvs=21),2026/01/13,,$0.00
7-11,General (https://app.notion.com/p/General-1fe52a1550c180d89a84f6b6694a42f5?pvs=21),1793,NT$64.00,Food (https://app.notion.com/p/Food-1de52a1550c1808585f7c8d0cbbab341?pvs=21),2026/01/12,,$0.00
大呼過癮,General (https://app.notion.com/p/General-1fe52a1550c180d89a84f6b6694a42f5?pvs=21),1230,NT$420.00,Food (https://app.notion.com/p/Food-1de52a1550c1808585f7c8d0cbbab341?pvs=21),2026/01/13,,$0.00
全聯,General (https://app.notion.com/p/General-1fe52a1550c180d89a84f6b6694a42f5?pvs=21),3999,NT$231.00,Food (https://app.notion.com/p/Food-1de52a1550c1808585f7c8d0cbbab341?pvs=21),2026/01/14,,$0.00
開飯川,Dream (https://app.notion.com/p/Dream-1de52a1550c180a4bc6eee5e921cbc2d?pvs=21),-90050,"NT$4,274.00",Fun (https://app.notion.com/p/Fun-1de52a1550c180f197e2ff3116ec3fa2?pvs=21),2026/01/17,,$0.00
加油費,General (https://app.notion.com/p/General-1fe52a1550c180d89a84f6b6694a42f5?pvs=21),1793,NT$143.00,Traffic (https://app.notion.com/p/Traffic-1de52a1550c1807b8ff6e40f804e1127?pvs=21),2026/01/12,,$0.00
加油費,Dream (https://app.notion.com/p/Dream-1de52a1550c180a4bc6eee5e921cbc2d?pvs=21),-85776,"NT$1,450.00",Traffic (https://app.notion.com/p/Traffic-1de52a1550c1807b8ff6e40f804e1127?pvs=21),2026/01/16,,$0.00
兩支北方麵食館,General (https://app.notion.com/p/General-1fe52a1550c180d89a84f6b6694a42f5?pvs=21),2742,NT$335.00,Food (https://app.notion.com/p/Food-1de52a1550c1808585f7c8d0cbbab341?pvs=21),2026/01/18,,$0.00
停車費,Dream (https://app.notion.com/p/Dream-1de52a1550c180a4bc6eee5e921cbc2d?pvs=21),-83693,NT$30.00,Traffic (https://app.notion.com/p/Traffic-1de52a1550c1807b8ff6e40f804e1127?pvs=21),2026/01/18,,$0.00
停車費,Dream (https://app.notion.com/p/Dream-1de52a1550c180a4bc6eee5e921cbc2d?pvs=21),-83693,NT$60.00,Traffic (https://app.notion.com/p/Traffic-1de52a1550c1807b8ff6e40f804e1127?pvs=21),2026/01/18,,$0.00
全聯,General (https://app.notion.com/p/General-1fe52a1550c180d89a84f6b6694a42f5?pvs=21),2742,NT$768.00,Food (https://app.notion.com/p/Food-1de52a1550c1808585f7c8d0cbbab341?pvs=21),2026/01/18,,$0.00
玉蘭,General (https://app.notion.com/p/General-1fe52a1550c180d89a84f6b6694a42f5?pvs=21),2742,NT$90.00,Food (https://app.notion.com/p/Food-1de52a1550c1808585f7c8d0cbbab341?pvs=21),2026/01/18,,$0.00
全家,General (https://app.notion.com/p/General-1fe52a1550c180d89a84f6b6694a42f5?pvs=21),3935,NT$64.00,Food (https://app.notion.com/p/Food-1de52a1550c1808585f7c8d0cbbab341?pvs=21),2026/01/16,,$0.00
7-11,General (https://app.notion.com/p/General-1fe52a1550c180d89a84f6b6694a42f5?pvs=21),1642,NT$65.00,Food (https://app.notion.com/p/Food-1de52a1550c1808585f7c8d0cbbab341?pvs=21),2026/01/23,,$0.00
石二鍋,General (https://app.notion.com/p/General-1fe52a1550c180d89a84f6b6694a42f5?pvs=21),2202,NT$540.00,Food (https://app.notion.com/p/Food-1de52a1550c1808585f7c8d0cbbab341?pvs=21),2026/01/20,,$0.00
竹東排骨酥麵,General (https://app.notion.com/p/General-1fe52a1550c180d89a84f6b6694a42f5?pvs=21),1707,NT$495.00,Food (https://app.notion.com/p/Food-1de52a1550c1808585f7c8d0cbbab341?pvs=21),2026/01/21,,$0.00
中油,General (https://app.notion.com/p/General-1fe52a1550c180d89a84f6b6694a42f5?pvs=21),-133,NT$149.00,Traffic (https://app.notion.com/p/Traffic-1de52a1550c1807b8ff6e40f804e1127?pvs=21),2026/01/29,機車加油費,$0.00
小販部,General (https://app.notion.com/p/General-1fe52a1550c180d89a84f6b6694a42f5?pvs=21),-133,NT$35.00,Food (https://app.notion.com/p/Food-1de52a1550c1808585f7c8d0cbbab341?pvs=21),2026/01/29,,$0.00
大魯閣,General (https://app.notion.com/p/General-1fe52a1550c180d89a84f6b6694a42f5?pvs=21),262,NT$629.00,Food (https://app.notion.com/p/Food-1de52a1550c1808585f7c8d0cbbab341?pvs=21),2026/01/27,丸龜,$0.00
全聯,General (https://app.notion.com/p/General-1fe52a1550c180d89a84f6b6694a42f5?pvs=21),51,NT$191.00,Food (https://app.notion.com/p/Food-1de52a1550c1808585f7c8d0cbbab341?pvs=21),2026/01/28,,$0.00
拾久茶屋,General (https://app.notion.com/p/General-1fe52a1550c180d89a84f6b6694a42f5?pvs=21),51,NT$20.00,Food (https://app.notion.com/p/Food-1de52a1550c1808585f7c8d0cbbab341?pvs=21),2026/01/28,,$0.00
全聯,General (https://app.notion.com/p/General-1fe52a1550c180d89a84f6b6694a42f5?pvs=21),891,NT$249.00,Food (https://app.notion.com/p/Food-1de52a1550c1808585f7c8d0cbbab341?pvs=21),2026/01/26,,$0.00
中原大學停車費,Dream (https://app.notion.com/p/Dream-1de52a1550c180a4bc6eee5e921cbc2d?pvs=21),-85401,NT$195.00,Traffic (https://app.notion.com/p/Traffic-1de52a1550c1807b8ff6e40f804e1127?pvs=21),2026/01/25,,$0.00
麥當勞,General (https://app.notion.com/p/General-1fe52a1550c180d89a84f6b6694a42f5?pvs=21),1140,NT$349.00,Food (https://app.notion.com/p/Food-1de52a1550c1808585f7c8d0cbbab341?pvs=21),2026/01/25,,$0.00
中油,Dream (https://app.notion.com/p/Dream-1de52a1550c180a4bc6eee5e921cbc2d?pvs=21),-85206,"NT$1,513.00",Traffic (https://app.notion.com/p/Traffic-1de52a1550c1807b8ff6e40f804e1127?pvs=21),2026/01/24,,$0.00
麥當勞,General (https://app.notion.com/p/General-1fe52a1550c180d89a84f6b6694a42f5?pvs=21),1489,NT$153.00,Food (https://app.notion.com/p/Food-1de52a1550c1808585f7c8d0cbbab341?pvs=21),2026/01/24,,$0.00
停車位,Fixed (https://app.notion.com/p/Fixed-1de52a1550c180f19995d25cbc6f1038?pvs=21),18477,"NT$2,500.00",Insurance (https://app.notion.com/p/Insurance-1de52a1550c181f09d1dfb6d85985a86?pvs=21),2026/02/01,,$0.00
勞保費,Fixed (https://app.notion.com/p/Fixed-1de52a1550c180f19995d25cbc6f1038?pvs=21),18477,"NT$1,145.00",Insurance (https://app.notion.com/p/Insurance-1de52a1550c181f09d1dfb6d85985a86?pvs=21),2026/02/01,,$0.00
健保費,Fixed (https://app.notion.com/p/Fixed-1de52a1550c180f19995d25cbc6f1038?pvs=21),18477,"NT$1,129.00",Insurance (https://app.notion.com/p/Insurance-1de52a1550c181f09d1dfb6d85985a86?pvs=21),2026/02/01,,$0.00
匯給媽,Fixed (https://app.notion.com/p/Fixed-1de52a1550c180f19995d25cbc6f1038?pvs=21),26700,"NT$6,000.00",Family (https://app.notion.com/p/Family-1de52a1550c181faa107fcc0a73d8120?pvs=21),2026/02/02,,$0.00
房租,Fixed (https://app.notion.com/p/Fixed-1de52a1550c180f19995d25cbc6f1038?pvs=21),26700,"NT$7,250.00",Groceries (https://app.notion.com/p/Groceries-1de52a1550c180c6be6cdfaeb95cee9a?pvs=21),2026/02/02,,$0.00
孔金鴛鴦鍋,Couple's (https://app.notion.com/p/Couple-s-1de52a1550c181d39de7eebc343b38cd?pvs=21),714,"NT$1,514.00",Food (https://app.notion.com/p/Food-1de52a1550c1808585f7c8d0cbbab341?pvs=21),2026/02/01,,$0.00
竹東排骨酥麵,General (https://app.notion.com/p/General-1fe52a1550c180d89a84f6b6694a42f5?pvs=21),-1222,NT$242.00,Food (https://app.notion.com/p/Food-1de52a1550c1808585f7c8d0cbbab341?pvs=21),2026/01/31,,$0.00
全聯,General (https://app.notion.com/p/General-1fe52a1550c180d89a84f6b6694a42f5?pvs=21),-980,NT$847.00,Food (https://app.notion.com/p/Food-1de52a1550c1808585f7c8d0cbbab341?pvs=21),2026/01/30,,$0.00
7-11,General (https://app.notion.com/p/General-1fe52a1550c180d89a84f6b6694a42f5?pvs=21),11227,NT$75.00,Food (https://app.notion.com/p/Food-1de52a1550c1808585f7c8d0cbbab341?pvs=21),2026/02/02,,$0.00
無印良品,General (https://app.notion.com/p/General-1fe52a1550c180d89a84f6b6694a42f5?pvs=21),-3712,NT$390.00,Food (https://app.notion.com/p/Food-1de52a1550c1808585f7c8d0cbbab341?pvs=21),2026/02/01,,$0.00
龜記,General (https://app.notion.com/p/General-1fe52a1550c180d89a84f6b6694a42f5?pvs=21),-3712,NT$100.00,Food (https://app.notion.com/p/Food-1de52a1550c1808585f7c8d0cbbab341?pvs=21),2026/02/01,,$0.00
Spotify月費,Dream (https://app.notion.com/p/Dream-1de52a1550c180a4bc6eee5e921cbc2d?pvs=21),-993,NT$202.00,Fun (https://app.notion.com/p/Fun-1de52a1550c180f197e2ff3116ec3fa2?pvs=21),2026/02/04,,$0.00
國泰保費,Dream (https://app.notion.com/p/Dream-1de52a1550c180a4bc6eee5e921cbc2d?pvs=21),-11387,"NT$9,047.00",Traffic (https://app.notion.com/p/Traffic-1de52a1550c1807b8ff6e40f804e1127?pvs=21),2026/02/05,,$0.00
玉蘭,General (https://app.notion.com/p/General-1fe52a1550c180d89a84f6b6694a42f5?pvs=21),14167,NT$60.00,Food (https://app.notion.com/p/Food-1de52a1550c1808585f7c8d0cbbab341?pvs=21),2026/02/04,,$0.00
草本茶,General (https://app.notion.com/p/General-1fe52a1550c180d89a84f6b6694a42f5?pvs=21),11517,NT$115.00,Food (https://app.notion.com/p/Food-1de52a1550c1808585f7c8d0cbbab341?pvs=21),2026/02/10,,$0.00
全聯,General (https://app.notion.com/p/General-1fe52a1550c180d89a84f6b6694a42f5?pvs=21),11632,NT$383.00,Food (https://app.notion.com/p/Food-1de52a1550c1808585f7c8d0cbbab341?pvs=21),2026/02/09,,$0.00
龜記,General (https://app.notion.com/p/General-1fe52a1550c180d89a84f6b6694a42f5?pvs=21),12015,NT$57.00,Food (https://app.notion.com/p/Food-1de52a1550c1808585f7c8d0cbbab341?pvs=21),2026/02/08,,$0.00
路易莎,General (https://app.notion.com/p/General-1fe52a1550c180d89a84f6b6694a42f5?pvs=21),12015,NT$70.00,Food (https://app.notion.com/p/Food-1de52a1550c1808585f7c8d0cbbab341?pvs=21),2026/02/08,,$0.00
一沐日,General (https://app.notion.com/p/General-1fe52a1550c180d89a84f6b6694a42f5?pvs=21),12142,NT$100.00,Food (https://app.notion.com/p/Food-1de52a1550c1808585f7c8d0cbbab341?pvs=21),2026/02/07,,$0.00
拾久茶鋪,General (https://app.notion.com/p/General-1fe52a1550c180d89a84f6b6694a42f5?pvs=21),12242,NT$25.00,Food (https://app.notion.com/p/Food-1de52a1550c1808585f7c8d0cbbab341?pvs=21),2026/02/06,,$0.00
Costco,General (https://app.notion.com/p/General-1fe52a1550c180d89a84f6b6694a42f5?pvs=21),12676,"NT$1,227.00",Food (https://app.notion.com/p/Food-1de52a1550c1808585f7c8d0cbbab341?pvs=21),2026/02/05,,$0.00
Costco,Dream (https://app.notion.com/p/Dream-1de52a1550c180a4bc6eee5e921cbc2d?pvs=21),-11387,"NT$1,347.00",Other (https://app.notion.com/p/Other-1de52a1550c1810a92c1c432337241e8?pvs=21),2026/02/05,,$0.00
全聯,General (https://app.notion.com/p/General-1fe52a1550c180d89a84f6b6694a42f5?pvs=21),12242,NT$409.00,Food (https://app.notion.com/p/Food-1de52a1550c1808585f7c8d0cbbab341?pvs=21),2026/02/06,,$0.00
全聯,General (https://app.notion.com/p/General-1fe52a1550c180d89a84f6b6694a42f5?pvs=21),12676,NT$224.00,Food (https://app.notion.com/p/Food-1de52a1550c1808585f7c8d0cbbab341?pvs=21),2026/02/05,,$0.00
上宇林,General (https://app.notion.com/p/General-1fe52a1550c180d89a84f6b6694a42f5?pvs=21),12676,NT$40.00,Food (https://app.notion.com/p/Food-1de52a1550c1808585f7c8d0cbbab341?pvs=21),2026/02/05,,$0.00
上宇林,General (https://app.notion.com/p/General-1fe52a1550c180d89a84f6b6694a42f5?pvs=21),11283,NT$40.00,Food (https://app.notion.com/p/Food-1de52a1550c1808585f7c8d0cbbab341?pvs=21),2026/02/12,,$0.00
玉蘭,General (https://app.notion.com/p/General-1fe52a1550c180d89a84f6b6694a42f5?pvs=21),11467,NT$50.00,Food (https://app.notion.com/p/Food-1de52a1550c1808585f7c8d0cbbab341?pvs=21),2026/02/11,,$0.00
加油費,General (https://app.notion.com/p/General-1fe52a1550c180d89a84f6b6694a42f5?pvs=21),11283,NT$144.00,Traffic (https://app.notion.com/p/Traffic-1de52a1550c1807b8ff6e40f804e1127?pvs=21),2026/02/12,,$0.00
7-11,General (https://app.notion.com/p/General-1fe52a1550c180d89a84f6b6694a42f5?pvs=21),10775,NT$45.00,Food (https://app.notion.com/p/Food-1de52a1550c1808585f7c8d0cbbab341?pvs=21),2026/02/13,,$0.00
中華電信網路費,Dream (https://app.notion.com/p/Dream-1de52a1550c180a4bc6eee5e921cbc2d?pvs=21),-15406,NT$848.00,Fun (https://app.notion.com/p/Fun-1de52a1550c180f197e2ff3116ec3fa2?pvs=21),2026/02/15,,$0.00
中華電信手機費,Dream (https://app.notion.com/p/Dream-1de52a1550c180a4bc6eee5e921cbc2d?pvs=21),-15406,NT$665.00,Fun (https://app.notion.com/p/Fun-1de52a1550c180f197e2ff3116ec3fa2?pvs=21),2026/02/15,,$0.00
7-11,General (https://app.notion.com/p/General-1fe52a1550c180d89a84f6b6694a42f5?pvs=21),6809,NT$59.00,Food (https://app.notion.com/p/Food-1de52a1550c1808585f7c8d0cbbab341?pvs=21),2026/02/23,,$0.00
貳樓,Couple's (https://app.notion.com/p/Couple-s-1de52a1550c181d39de7eebc343b38cd?pvs=21),-414,NT$924.00,Food (https://app.notion.com/p/Food-1de52a1550c1808585f7c8d0cbbab341?pvs=21),2026/02/22,,$0.00
Costco,General (https://app.notion.com/p/General-1fe52a1550c180d89a84f6b6694a42f5?pvs=21),7476,NT$698.00,Food (https://app.notion.com/p/Food-1de52a1550c1808585f7c8d0cbbab341?pvs=21),2026/02/19,,$0.00
麥當勞,General (https://app.notion.com/p/General-1fe52a1550c180d89a84f6b6694a42f5?pvs=21),10775,NT$463.00,Food (https://app.notion.com/p/Food-1de52a1550c1808585f7c8d0cbbab341?pvs=21),2026/02/13,,$0.00
加油費,Dream (https://app.notion.com/p/Dream-1de52a1550c180a4bc6eee5e921cbc2d?pvs=21),-13689,"NT$1,377.00",Traffic (https://app.notion.com/p/Traffic-1de52a1550c1807b8ff6e40f804e1127?pvs=21),2026/02/14,,$0.00
加油費,Dream (https://app.notion.com/p/Dream-1de52a1550c180a4bc6eee5e921cbc2d?pvs=21),-22151,"NT$1,385.00",Traffic (https://app.notion.com/p/Traffic-1de52a1550c1807b8ff6e40f804e1127?pvs=21),2026/02/18,,$0.00
洗車費,Dream (https://app.notion.com/p/Dream-1de52a1550c180a4bc6eee5e921cbc2d?pvs=21),-13689,NT$225.00,Traffic (https://app.notion.com/p/Traffic-1de52a1550c1807b8ff6e40f804e1127?pvs=21),2026/02/14,,$0.00
199,Dream (https://app.notion.com/p/Dream-1de52a1550c180a4bc6eee5e921cbc2d?pvs=21),-15406,NT$204.00,Other (https://app.notion.com/p/Other-1de52a1550c1810a92c1c432337241e8?pvs=21),2026/02/15,,$0.00
宏匯廣場,General (https://app.notion.com/p/General-1fe52a1550c180d89a84f6b6694a42f5?pvs=21),8574,NT$360.00,Food (https://app.notion.com/p/Food-1de52a1550c1808585f7c8d0cbbab341?pvs=21),2026/02/18,一碗小,$0.00
Comebuy,General (https://app.notion.com/p/General-1fe52a1550c180d89a84f6b6694a42f5?pvs=21),9361,NT$95.00,Food (https://app.notion.com/p/Food-1de52a1550c1808585f7c8d0cbbab341?pvs=21),2026/02/17,,$0.00
檢驗費,Dream (https://app.notion.com/p/Dream-1de52a1550c180a4bc6eee5e921cbc2d?pvs=21),-11837,NT$450.00,Traffic (https://app.notion.com/p/Traffic-1de52a1550c1807b8ff6e40f804e1127?pvs=21),2026/02/13,,$0.00
Ubike,General (https://app.notion.com/p/General-1fe52a1550c180d89a84f6b6694a42f5?pvs=21),6868,NT$30.00,Food (https://app.notion.com/p/Food-1de52a1550c1808585f7c8d0cbbab341?pvs=21),2026/02/22,,$0.00
停車費,General (https://app.notion.com/p/General-1fe52a1550c180d89a84f6b6694a42f5?pvs=21),6898,NT$20.00,Traffic (https://app.notion.com/p/Traffic-1de52a1550c1807b8ff6e40f804e1127?pvs=21),2026/02/21,,$0.00
青花驕,Couple's (https://app.notion.com/p/Couple-s-1de52a1550c181d39de7eebc343b38cd?pvs=21),510,"NT$2,204.00",Food (https://app.notion.com/p/Food-1de52a1550c1808585f7c8d0cbbab341?pvs=21),2026/02/19,,$0.00
停車費,Dream (https://app.notion.com/p/Dream-1de52a1550c180a4bc6eee5e921cbc2d?pvs=21),-22201,NT$50.00,Traffic (https://app.notion.com/p/Traffic-1de52a1550c1807b8ff6e40f804e1127?pvs=21),2026/02/19,,$0.00
竹東排骨酥麵,General (https://app.notion.com/p/General-1fe52a1550c180d89a84f6b6694a42f5?pvs=21),6918,NT$558.00,Food (https://app.notion.com/p/Food-1de52a1550c1808585f7c8d0cbbab341?pvs=21),2026/02/20,,$0.00
禾日香滷肉飯,General (https://app.notion.com/p/General-1fe52a1550c180d89a84f6b6694a42f5?pvs=21),7476,NT$400.00,Food (https://app.notion.com/p/Food-1de52a1550c1808585f7c8d0cbbab341?pvs=21),2026/02/19,,$0.00
全聯,General (https://app.notion.com/p/General-1fe52a1550c180d89a84f6b6694a42f5?pvs=21),8574,NT$427.00,Food (https://app.notion.com/p/Food-1de52a1550c1808585f7c8d0cbbab341?pvs=21),2026/02/18,,$0.00
青山,General (https://app.notion.com/p/General-1fe52a1550c180d89a84f6b6694a42f5?pvs=21),9361,NT$180.00,Food (https://app.notion.com/p/Food-1de52a1550c1808585f7c8d0cbbab341?pvs=21),2026/02/17,,$0.00
宏匯廣場,Dream (https://app.notion.com/p/Dream-1de52a1550c180a4bc6eee5e921cbc2d?pvs=21),-22151,NT$60.00,Traffic (https://app.notion.com/p/Traffic-1de52a1550c1807b8ff6e40f804e1127?pvs=21),2026/02/18,,$0.00
麥當勞,General (https://app.notion.com/p/General-1fe52a1550c180d89a84f6b6694a42f5?pvs=21),9636,NT$32.00,Food (https://app.notion.com/p/Food-1de52a1550c1808585f7c8d0cbbab341?pvs=21),2026/02/16,,$0.00
康青龍,General (https://app.notion.com/p/General-1fe52a1550c180d89a84f6b6694a42f5?pvs=21),9636,NT$362.00,Food (https://app.notion.com/p/Food-1de52a1550c1808585f7c8d0cbbab341?pvs=21),2026/02/16,,$0.00
花蓮農會,General (https://app.notion.com/p/General-1fe52a1550c180d89a84f6b6694a42f5?pvs=21),9636,NT$40.00,Food (https://app.notion.com/p/Food-1de52a1550c1808585f7c8d0cbbab341?pvs=21),2026/02/16,,$0.00
汽油精,Dream (https://app.notion.com/p/Dream-1de52a1550c180a4bc6eee5e921cbc2d?pvs=21),-13689,NT$250.00,Traffic (https://app.notion.com/p/Traffic-1de52a1550c1807b8ff6e40f804e1127?pvs=21),2026/02/14,,$0.00
阿牛牛肉麵,General (https://app.notion.com/p/General-1fe52a1550c180d89a84f6b6694a42f5?pvs=21),10070,NT$585.00,Food (https://app.notion.com/p/Food-1de52a1550c1808585f7c8d0cbbab341?pvs=21),2026/02/15,,$0.00
茶舍,General (https://app.notion.com/p/General-1fe52a1550c180d89a84f6b6694a42f5?pvs=21),10070,NT$120.00,Food (https://app.notion.com/p/Food-1de52a1550c1808585f7c8d0cbbab341?pvs=21),2026/02/15,,$0.00
爸,Dream (https://app.notion.com/p/Dream-1de52a1550c180a4bc6eee5e921cbc2d?pvs=21),-19956,"NT$1,000.00",Fun (https://app.notion.com/p/Fun-1de52a1550c180f197e2ff3116ec3fa2?pvs=21),2026/02/16,紅包,$0.00
媽,Dream (https://app.notion.com/p/Dream-1de52a1550c180a4bc6eee5e921cbc2d?pvs=21),-19956,"NT$3,000.00",Fun (https://app.notion.com/p/Fun-1de52a1550c180f197e2ff3116ec3fa2?pvs=21),2026/02/16,紅包,$0.00
阿嬤,Dream (https://app.notion.com/p/Dream-1de52a1550c180a4bc6eee5e921cbc2d?pvs=21),-19956,"NT$1,000.00",Fun (https://app.notion.com/p/Fun-1de52a1550c180f197e2ff3116ec3fa2?pvs=21),2026/02/16,紅包,$0.00
哥,Dream (https://app.notion.com/p/Dream-1de52a1550c180a4bc6eee5e921cbc2d?pvs=21),-19956,"NT$1,000.00",Fun (https://app.notion.com/p/Fun-1de52a1550c180f197e2ff3116ec3fa2?pvs=21),2026/02/16,紅包,$0.00
刮刮樂,Dream (https://app.notion.com/p/Dream-1de52a1550c180a4bc6eee5e921cbc2d?pvs=21),-20706,"NT$1,000.00",Fun (https://app.notion.com/p/Fun-1de52a1550c180f197e2ff3116ec3fa2?pvs=21),2026/02/17,,$0.00
Steam,Dream (https://app.notion.com/p/Dream-1de52a1550c180a4bc6eee5e921cbc2d?pvs=21),-22832,NT$631.00,Fun (https://app.notion.com/p/Fun-1de52a1550c180f197e2ff3116ec3fa2?pvs=21),2026/02/20,the oxygen not included,$0.00
輸錢,Dream (https://app.notion.com/p/Dream-1de52a1550c180a4bc6eee5e921cbc2d?pvs=21),-19956,NT$550.00,Fun (https://app.notion.com/p/Fun-1de52a1550c180f197e2ff3116ec3fa2?pvs=21),2026/02/16,,$0.00
輸錢,Dream (https://app.notion.com/p/Dream-1de52a1550c180a4bc6eee5e921cbc2d?pvs=21),-20706,NT$350.00,Fun (https://app.notion.com/p/Fun-1de52a1550c180f197e2ff3116ec3fa2?pvs=21),2026/02/17,,$0.00
停車位,Fixed (https://app.notion.com/p/Fixed-1de52a1550c180f19995d25cbc6f1038?pvs=21),21926,"NT$2,500.00",Insurance (https://app.notion.com/p/Insurance-1de52a1550c181f09d1dfb6d85985a86?pvs=21),2026/03/01,,$0.00
勞保費,Fixed (https://app.notion.com/p/Fixed-1de52a1550c180f19995d25cbc6f1038?pvs=21),21926,"NT$1,145.00",Insurance (https://app.notion.com/p/Insurance-1de52a1550c181f09d1dfb6d85985a86?pvs=21),2026/03/01,,$0.00
健保費,Fixed (https://app.notion.com/p/Fixed-1de52a1550c180f19995d25cbc6f1038?pvs=21),21926,"NT$1,129.00",Insurance (https://app.notion.com/p/Insurance-1de52a1550c181f09d1dfb6d85985a86?pvs=21),2026/03/01,,$0.00
匯給媽,Fixed (https://app.notion.com/p/Fixed-1de52a1550c180f19995d25cbc6f1038?pvs=21),30149,"NT$6,000.00",Family (https://app.notion.com/p/Family-1de52a1550c181faa107fcc0a73d8120?pvs=21),2026/03/02,,$0.00
房租,Fixed (https://app.notion.com/p/Fixed-1de52a1550c180f19995d25cbc6f1038?pvs=21),30149,"NT$7,250.00",Groceries (https://app.notion.com/p/Groceries-1de52a1550c180c6be6cdfaeb95cee9a?pvs=21),2026/03/02,,$0.00
Spotify月費,Dream (https://app.notion.com/p/Dream-1de52a1550c180a4bc6eee5e921cbc2d?pvs=21),-16731,NT$202.00,Fun (https://app.notion.com/p/Fun-1de52a1550c180f197e2ff3116ec3fa2?pvs=21),2026/03/04,,$0.00
7-11,General (https://app.notion.com/p/General-1fe52a1550c180d89a84f6b6694a42f5?pvs=21),14159,NT$60.00,Food (https://app.notion.com/p/Food-1de52a1550c1808585f7c8d0cbbab341?pvs=21),2026/03/05,,$0.00
7-11,General (https://app.notion.com/p/General-1fe52a1550c180d89a84f6b6694a42f5?pvs=21),14159,NT$94.00,Food (https://app.notion.com/p/Food-1de52a1550c1808585f7c8d0cbbab341?pvs=21),2026/03/05,,$0.00
加油費,General (https://app.notion.com/p/General-1fe52a1550c180d89a84f6b6694a42f5?pvs=21),14501,NT$150.00,Traffic (https://app.notion.com/p/Traffic-1de52a1550c1807b8ff6e40f804e1127?pvs=21),2026/03/04,,$0.00
全聯,General (https://app.notion.com/p/General-1fe52a1550c180d89a84f6b6694a42f5?pvs=21),4220,NT$865.00,Food (https://app.notion.com/p/Food-1de52a1550c1808585f7c8d0cbbab341?pvs=21),2026/02/28,,$0.00
林亮辰皮膚診所,Savings (https://app.notion.com/p/Savings-1de52a1550c18029b280dc7d9d36cb03?pvs=21),336408,NT$340.00,Health (https://app.notion.com/p/Health-1de52a1550c180948ad5c45ef59a5bb8?pvs=21),2026/02/28,,$0.00
林亮辰皮膚診所,Savings (https://app.notion.com/p/Savings-1de52a1550c18029b280dc7d9d36cb03?pvs=21),336408,NT$810.00,Health (https://app.notion.com/p/Health-1de52a1550c180948ad5c45ef59a5bb8?pvs=21),2026/02/28,70(口服A酸10mg)*3 = 210,$0.00
Costco,General (https://app.notion.com/p/General-1fe52a1550c180d89a84f6b6694a42f5?pvs=21),-3363,"NT$1,387.00",Food (https://app.notion.com/p/Food-1de52a1550c1808585f7c8d0cbbab341?pvs=21),2026/03/01,,$0.00
momo,Dream (https://app.notion.com/p/Dream-1de52a1550c180a4bc6eee5e921cbc2d?pvs=21),-14845,"NT$2,207.00",Groceries (https://app.notion.com/p/Groceries-1de52a1550c180c6be6cdfaeb95cee9a?pvs=21),2026/03/03,不沾鍋,$0.00
Costco,General (https://app.notion.com/p/General-1fe52a1550c180d89a84f6b6694a42f5?pvs=21),-3363,"NT$4,116.00",Food (https://app.notion.com/p/Food-1de52a1550c1808585f7c8d0cbbab341?pvs=21),2026/03/01,,$0.00
億客來,General (https://app.notion.com/p/General-1fe52a1550c180d89a84f6b6694a42f5?pvs=21),-3363,NT$80.00,Food (https://app.notion.com/p/Food-1de52a1550c1808585f7c8d0cbbab341?pvs=21),2026/03/01,,$0.00
歐爹,General (https://app.notion.com/p/General-1fe52a1550c180d89a84f6b6694a42f5?pvs=21),4220,NT$227.00,Food (https://app.notion.com/p/Food-1de52a1550c1808585f7c8d0cbbab341?pvs=21),2026/02/28,,$0.00
水費,General (https://app.notion.com/p/General-1fe52a1550c180d89a84f6b6694a42f5?pvs=21),5592,NT$123.00,Cosmetics (https://app.notion.com/p/Cosmetics-1de52a1550c181cb93fdfe1a610bf352?pvs=21),2026/02/25,,$0.00
全聯,General (https://app.notion.com/p/General-1fe52a1550c180d89a84f6b6694a42f5?pvs=21),5312,NT$245.00,Food (https://app.notion.com/p/Food-1de52a1550c1808585f7c8d0cbbab341?pvs=21),2026/02/26,,$0.00
麻古,General (https://app.notion.com/p/General-1fe52a1550c180d89a84f6b6694a42f5?pvs=21),5312,NT$35.00,Food (https://app.notion.com/p/Food-1de52a1550c1808585f7c8d0cbbab341?pvs=21),2026/02/26,,$0.00
SUKIYA,General (https://app.notion.com/p/General-1fe52a1550c180d89a84f6b6694a42f5?pvs=21),6347,NT$392.00,Food (https://app.notion.com/p/Food-1de52a1550c1808585f7c8d0cbbab341?pvs=21),2026/02/24,,$0.00
四海遊龍,General (https://app.notion.com/p/General-1fe52a1550c180d89a84f6b6694a42f5?pvs=21),6347,NT$70.00,Food (https://app.notion.com/p/Food-1de52a1550c1808585f7c8d0cbbab341?pvs=21),2026/02/24,,$0.00
電費,General (https://app.notion.com/p/General-1fe52a1550c180d89a84f6b6694a42f5?pvs=21),5592,NT$632.00,Cosmetics (https://app.notion.com/p/Cosmetics-1de52a1550c181cb93fdfe1a610bf352?pvs=21),2026/02/25,,$0.00
momo,Dream (https://app.notion.com/p/Dream-1de52a1550c180a4bc6eee5e921cbc2d?pvs=21),-16731,"NT$2,207.00",Groceries (https://app.notion.com/p/Groceries-1de52a1550c180c6be6cdfaeb95cee9a?pvs=21),2026/03/04,不沾鍋,$0.00
中華電信手機費,Dream (https://app.notion.com/p/Dream-1de52a1550c180a4bc6eee5e921cbc2d?pvs=21),-16719,NT$665.00,Fun (https://app.notion.com/p/Fun-1de52a1550c180f197e2ff3116ec3fa2?pvs=21),2026/03/15,,$0.00
中華電信網路費,Dream (https://app.notion.com/p/Dream-1de52a1550c180a4bc6eee5e921cbc2d?pvs=21),-16719,NT$848.00,Fun (https://app.notion.com/p/Fun-1de52a1550c180f197e2ff3116ec3fa2?pvs=21),2026/03/15,,$0.00
羽球零打,Dream (https://app.notion.com/p/Dream-1de52a1550c180a4bc6eee5e921cbc2d?pvs=21),-16719,NT$160.00,Fun (https://app.notion.com/p/Fun-1de52a1550c180f197e2ff3116ec3fa2?pvs=21),2026/03/15,,$0.00
老雲記,General (https://app.notion.com/p/General-1fe52a1550c180d89a84f6b6694a42f5?pvs=21),11732,NT$295.00,Food (https://app.notion.com/p/Food-1de52a1550c1808585f7c8d0cbbab341?pvs=21),2026/03/14,,$0.00
豪泰客運,Dream (https://app.notion.com/p/Dream-1de52a1550c180a4bc6eee5e921cbc2d?pvs=21),-15046,NT$315.00,Traffic (https://app.notion.com/p/Traffic-1de52a1550c1807b8ff6e40f804e1127?pvs=21),2026/03/14,,$0.00
義大利麵,General (https://app.notion.com/p/General-1fe52a1550c180d89a84f6b6694a42f5?pvs=21),11732,NT$340.00,Food (https://app.notion.com/p/Food-1de52a1550c1808585f7c8d0cbbab341?pvs=21),2026/03/14,,$0.00
7-11,General (https://app.notion.com/p/General-1fe52a1550c180d89a84f6b6694a42f5?pvs=21),11218,NT$89.00,Food (https://app.notion.com/p/Food-1de52a1550c1808585f7c8d0cbbab341?pvs=21),2026/03/16,,$0.00
麻古茶坊,General (https://app.notion.com/p/General-1fe52a1550c180d89a84f6b6694a42f5?pvs=21),11307,NT$55.00,Food (https://app.notion.com/p/Food-1de52a1550c1808585f7c8d0cbbab341?pvs=21),2026/03/15,,$0.00
玉蘭,General (https://app.notion.com/p/General-1fe52a1550c180d89a84f6b6694a42f5?pvs=21),11732,NT$112.00,Food (https://app.notion.com/p/Food-1de52a1550c1808585f7c8d0cbbab341?pvs=21),2026/03/14,,$0.00
上宇林,General (https://app.notion.com/p/General-1fe52a1550c180d89a84f6b6694a42f5?pvs=21),14114,NT$45.00,Food (https://app.notion.com/p/Food-1de52a1550c1808585f7c8d0cbbab341?pvs=21),2026/03/06,,$0.00
小米,Dream (https://app.notion.com/p/Dream-1de52a1550c180a4bc6eee5e921cbc2d?pvs=21),-12638,"NT$3,313.00",Other (https://app.notion.com/p/Other-1de52a1550c1810a92c1c432337241e8?pvs=21),2026/03/02,,$0.00
subway,General (https://app.notion.com/p/General-1fe52a1550c180d89a84f6b6694a42f5?pvs=21),12645,NT$108.00,Food (https://app.notion.com/p/Food-1de52a1550c1808585f7c8d0cbbab341?pvs=21),2026/03/11,,$0.00
加油費,General (https://app.notion.com/p/General-1fe52a1550c180d89a84f6b6694a42f5?pvs=21),13214,NT$900.00,Traffic (https://app.notion.com/p/Traffic-1de52a1550c1807b8ff6e40f804e1127?pvs=21),2026/03/08,,$0.00
全聯,General (https://app.notion.com/p/General-1fe52a1550c180d89a84f6b6694a42f5?pvs=21),11307,NT$341.00,Food (https://app.notion.com/p/Food-1de52a1550c1808585f7c8d0cbbab341?pvs=21),2026/03/15,,$0.00
全聯,General (https://app.notion.com/p/General-1fe52a1550c180d89a84f6b6694a42f5?pvs=21),12479,NT$166.00,Food (https://app.notion.com/p/Food-1de52a1550c1808585f7c8d0cbbab341?pvs=21),2026/03/12,,$0.00
全聯,General (https://app.notion.com/p/General-1fe52a1550c180d89a84f6b6694a42f5?pvs=21),12645,NT$461.00,Food (https://app.notion.com/p/Food-1de52a1550c1808585f7c8d0cbbab341?pvs=21),2026/03/11,,$0.00
全聯,General (https://app.notion.com/p/General-1fe52a1550c180d89a84f6b6694a42f5?pvs=21),14159,NT$188.00,Food (https://app.notion.com/p/Food-1de52a1550c1808585f7c8d0cbbab341?pvs=21),2026/03/05,,$0.00
竹東排骨酥麵,General (https://app.notion.com/p/General-1fe52a1550c180d89a84f6b6694a42f5?pvs=21),10881,NT$288.00,Food (https://app.notion.com/p/Food-1de52a1550c1808585f7c8d0cbbab341?pvs=21),2026/03/17,,$0.00
早餐,General (https://app.notion.com/p/General-1fe52a1550c180d89a84f6b6694a42f5?pvs=21),5165,NT$215.00,Food (https://app.notion.com/p/Food-1de52a1550c1808585f7c8d0cbbab341?pvs=21),2026/03/21,,$0.00
7-11,General (https://app.notion.com/p/General-1fe52a1550c180d89a84f6b6694a42f5?pvs=21),4774,NT$134.00,Food (https://app.notion.com/p/Food-1de52a1550c1808585f7c8d0cbbab341?pvs=21),2026/03/22,,$0.00
第二春,General (https://app.notion.com/p/General-1fe52a1550c180d89a84f6b6694a42f5?pvs=21),4344,NT$360.00,Food (https://app.notion.com/p/Food-1de52a1550c1808585f7c8d0cbbab341?pvs=21),2026/03/24,,$0.00
南北臭豆腐,General (https://app.notion.com/p/General-1fe52a1550c180d89a84f6b6694a42f5?pvs=21),4344,NT$70.00,Food (https://app.notion.com/p/Food-1de52a1550c1808585f7c8d0cbbab341?pvs=21),2026/03/24,,$0.00
丐幫滷味,General (https://app.notion.com/p/General-1fe52a1550c180d89a84f6b6694a42f5?pvs=21),4135,NT$185.00,Food (https://app.notion.com/p/Food-1de52a1550c1808585f7c8d0cbbab341?pvs=21),2026/03/25,,$0.00
"Sukiya ",General (https://app.notion.com/p/General-1fe52a1550c180d89a84f6b6694a42f5?pvs=21),-1253,NT$401.00,Food (https://app.notion.com/p/Food-1de52a1550c1808585f7c8d0cbbab341?pvs=21),2026/03/29,,$0.00
勞保費,Fixed (https://app.notion.com/p/Fixed-1de52a1550c180f19995d25cbc6f1038?pvs=21),25375,"NT$1,145.00",Insurance (https://app.notion.com/p/Insurance-1de52a1550c181f09d1dfb6d85985a86?pvs=21),2026/04/01,,$0.00
停車位,Fixed (https://app.notion.com/p/Fixed-1de52a1550c180f19995d25cbc6f1038?pvs=21),25375,"NT$2,500.00",Insurance (https://app.notion.com/p/Insurance-1de52a1550c181f09d1dfb6d85985a86?pvs=21),2026/04/01,,$0.00
健保費,Fixed (https://app.notion.com/p/Fixed-1de52a1550c180f19995d25cbc6f1038?pvs=21),25375,"NT$1,129.00",Insurance (https://app.notion.com/p/Insurance-1de52a1550c181f09d1dfb6d85985a86?pvs=21),2026/04/01,,$0.00
房租,Fixed (https://app.notion.com/p/Fixed-1de52a1550c180f19995d25cbc6f1038?pvs=21),33598,"NT$7,250.00",Groceries (https://app.notion.com/p/Groceries-1de52a1550c180c6be6cdfaeb95cee9a?pvs=21),2026/04/02,,$0.00
匯給媽,Fixed (https://app.notion.com/p/Fixed-1de52a1550c180f19995d25cbc6f1038?pvs=21),33598,"NT$6,000.00",Family (https://app.notion.com/p/Family-1de52a1550c181faa107fcc0a73d8120?pvs=21),2026/04/02,,$0.00
水剌韓式,General (https://app.notion.com/p/General-1fe52a1550c180d89a84f6b6694a42f5?pvs=21),7277,"NT$1,188.00",Food (https://app.notion.com/p/Food-1de52a1550c1808585f7c8d0cbbab341?pvs=21),2026/04/03,,$0.00
LOPIA,General (https://app.notion.com/p/General-1fe52a1550c180d89a84f6b6694a42f5?pvs=21),7277,"NT$2,498.00",Food (https://app.notion.com/p/Food-1de52a1550c1808585f7c8d0cbbab341?pvs=21),2026/04/03,,$0.00
屈臣氏,Dream (https://app.notion.com/p/Dream-1de52a1550c180a4bc6eee5e921cbc2d?pvs=21),-4818,NT$457.00,Health (https://app.notion.com/p/Health-1de52a1550c180948ad5c45ef59a5bb8?pvs=21),2026/04/03,,$0.00
麥當勞,General (https://app.notion.com/p/General-1fe52a1550c180d89a84f6b6694a42f5?pvs=21),-4051,NT$119.00,Food (https://app.notion.com/p/Food-1de52a1550c1808585f7c8d0cbbab341?pvs=21),2026/04/01,,$0.00
麥當勞,General (https://app.notion.com/p/General-1fe52a1550c180d89a84f6b6694a42f5?pvs=21),-1512,NT$259.00,Food (https://app.notion.com/p/Food-1de52a1550c1808585f7c8d0cbbab341?pvs=21),2026/03/30,,$0.00
IKEA,Dream (https://app.notion.com/p/Dream-1de52a1550c180a4bc6eee5e921cbc2d?pvs=21),-8868,NT$149.00,Groceries (https://app.notion.com/p/Groceries-1de52a1550c180c6be6cdfaeb95cee9a?pvs=21),2026/03/28,,$0.00
竹北農會,General (https://app.notion.com/p/General-1fe52a1550c180d89a84f6b6694a42f5?pvs=21),-852,"NT$1,233.00",Food (https://app.notion.com/p/Food-1de52a1550c1808585f7c8d0cbbab341?pvs=21),2026/03/28,,$0.00
第二春,General (https://app.notion.com/p/General-1fe52a1550c180d89a84f6b6694a42f5?pvs=21),-1932,NT$420.00,Food (https://app.notion.com/p/Food-1de52a1550c1808585f7c8d0cbbab341?pvs=21),2026/03/31,,$0.00
Costco,General (https://app.notion.com/p/General-1fe52a1550c180d89a84f6b6694a42f5?pvs=21),5165,"NT$5,318.00",Food (https://app.notion.com/p/Food-1de52a1550c1808585f7c8d0cbbab341?pvs=21),2026/03/21,,$0.00
Costco,General (https://app.notion.com/p/General-1fe52a1550c180d89a84f6b6694a42f5?pvs=21),601,"NT$3,434.00",Food (https://app.notion.com/p/Food-1de52a1550c1808585f7c8d0cbbab341?pvs=21),2026/03/27,,$0.00
全家,General (https://app.notion.com/p/General-1fe52a1550c180d89a84f6b6694a42f5?pvs=21),-852,NT$220.00,Food (https://app.notion.com/p/Food-1de52a1550c1808585f7c8d0cbbab341?pvs=21),2026/03/28,,$0.00
7-11,General (https://app.notion.com/p/General-1fe52a1550c180d89a84f6b6694a42f5?pvs=21),4035,NT$100.00,Food (https://app.notion.com/p/Food-1de52a1550c1808585f7c8d0cbbab341?pvs=21),2026/03/26,,$0.00
7-11,General (https://app.notion.com/p/General-1fe52a1550c180d89a84f6b6694a42f5?pvs=21),4135,NT$24.00,Food (https://app.notion.com/p/Food-1de52a1550c1808585f7c8d0cbbab341?pvs=21),2026/03/25,,$0.00
7-11,General (https://app.notion.com/p/General-1fe52a1550c180d89a84f6b6694a42f5?pvs=21),4774,NT$257.00,Food (https://app.notion.com/p/Food-1de52a1550c1808585f7c8d0cbbab341?pvs=21),2026/03/22,,$0.00
全家,General (https://app.notion.com/p/General-1fe52a1550c180d89a84f6b6694a42f5?pvs=21),10698,NT$87.00,Food (https://app.notion.com/p/Food-1de52a1550c1808585f7c8d0cbbab341?pvs=21),2026/03/19,,$0.00
7-11,General (https://app.notion.com/p/General-1fe52a1550c180d89a84f6b6694a42f5?pvs=21),10785,NT$96.00,Food (https://app.notion.com/p/Food-1de52a1550c1808585f7c8d0cbbab341?pvs=21),2026/03/18,,$0.00
7-11,General (https://app.notion.com/p/General-1fe52a1550c180d89a84f6b6694a42f5?pvs=21),10881,NT$49.00,Food (https://app.notion.com/p/Food-1de52a1550c1808585f7c8d0cbbab341?pvs=21),2026/03/17,,$0.00
全家,General (https://app.notion.com/p/General-1fe52a1550c180d89a84f6b6694a42f5?pvs=21),11307,NT$29.00,Food (https://app.notion.com/p/Food-1de52a1550c1808585f7c8d0cbbab341?pvs=21),2026/03/15,,$0.00
機車大保養,Savings (https://app.notion.com/p/Savings-1de52a1550c18029b280dc7d9d36cb03?pvs=21),337545,"NT$3,750.00",Traffic (https://app.notion.com/p/Traffic-1de52a1550c1807b8ff6e40f804e1127?pvs=21),2026/03/19,,$0.00
林亮辰皮膚診所,Savings (https://app.notion.com/p/Savings-1de52a1550c18029b280dc7d9d36cb03?pvs=21),341295,NT$340.00,Health (https://app.notion.com/p/Health-1de52a1550c180948ad5c45ef59a5bb8?pvs=21),2026/03/06,,$0.00
林亮辰皮膚診所,Savings (https://app.notion.com/p/Savings-1de52a1550c18029b280dc7d9d36cb03?pvs=21),336225,NT$980.00,Health (https://app.notion.com/p/Health-1de52a1550c180948ad5c45ef59a5bb8?pvs=21),2026/03/20,70(口服A酸10mg)*14 = 980,$0.00
林亮辰皮膚診所,Savings (https://app.notion.com/p/Savings-1de52a1550c18029b280dc7d9d36cb03?pvs=21),336225,NT$340.00,Health (https://app.notion.com/p/Health-1de52a1550c180948ad5c45ef59a5bb8?pvs=21),2026/03/20,,$0.00
林亮辰皮膚診所,Savings (https://app.notion.com/p/Savings-1de52a1550c18029b280dc7d9d36cb03?pvs=21),341295,NT$980.00,Health (https://app.notion.com/p/Health-1de52a1550c180948ad5c45ef59a5bb8?pvs=21),2026/03/06,70(口服A酸10mg)*14 = 980,$0.00
林亮辰皮膚診所,Savings (https://app.notion.com/p/Savings-1de52a1550c18029b280dc7d9d36cb03?pvs=21),335325,NT$340.00,Health (https://app.notion.com/p/Health-1de52a1550c180948ad5c45ef59a5bb8?pvs=21),2026/04/01,,$0.00
林亮辰皮膚診所,Savings (https://app.notion.com/p/Savings-1de52a1550c18029b280dc7d9d36cb03?pvs=21),335325,"NT$1,960.00",Health (https://app.notion.com/p/Health-1de52a1550c180948ad5c45ef59a5bb8?pvs=21),2026/04/01,70(口服A酸10mg)*28 = 1960,$0.00
林亮辰皮膚診所,Savings (https://app.notion.com/p/Savings-1de52a1550c18029b280dc7d9d36cb03?pvs=21),335325,NT$600.00,Health (https://app.notion.com/p/Health-1de52a1550c180948ad5c45ef59a5bb8?pvs=21),2026/04/01,抽血,$0.00
Spotify月費,Dream (https://app.notion.com/p/Dream-1de52a1550c180a4bc6eee5e921cbc2d?pvs=21),-5130,NT$202.00,Fun (https://app.notion.com/p/Fun-1de52a1550c180f197e2ff3116ec3fa2?pvs=21),2026/04/04,,$0.00
LX嵐鮮早午餐,General (https://app.notion.com/p/General-1fe52a1550c180d89a84f6b6694a42f5?pvs=21),9521,NT$205.00,Food (https://app.notion.com/p/Food-1de52a1550c1808585f7c8d0cbbab341?pvs=21),2026/04/05,,$0.00
東南漢堡,General (https://app.notion.com/p/General-1fe52a1550c180d89a84f6b6694a42f5?pvs=21),9281,NT$160.00,Food (https://app.notion.com/p/Food-1de52a1550c1808585f7c8d0cbbab341?pvs=21),2026/04/06,,$0.00
豪手藝,General (https://app.notion.com/p/General-1fe52a1550c180d89a84f6b6694a42f5?pvs=21),9281,NT$80.00,Food (https://app.notion.com/p/Food-1de52a1550c1808585f7c8d0cbbab341?pvs=21),2026/04/06,刈包,$0.00
誠品,Dream (https://app.notion.com/p/Dream-1de52a1550c180a4bc6eee5e921cbc2d?pvs=21),-5130,NT$347.00,Fun (https://app.notion.com/p/Fun-1de52a1550c180f197e2ff3116ec3fa2?pvs=21),2026/04/04,,$0.00
大創,General (https://app.notion.com/p/General-1fe52a1550c180d89a84f6b6694a42f5?pvs=21),9726,NT$551.00,Groceries (https://app.notion.com/p/Groceries-1de52a1550c180c6be6cdfaeb95cee9a?pvs=21),2026/04/04,,$0.00
小福利,Couple's (https://app.notion.com/p/Couple-s-1de52a1550c181d39de7eebc343b38cd?pvs=21),-1950,"NT$1,536.00",Food (https://app.notion.com/p/Food-1de52a1550c1808585f7c8d0cbbab341?pvs=21),2026/04/04,,$0.00
無印良品,Dream (https://app.notion.com/p/Dream-1de52a1550c180a4bc6eee5e921cbc2d?pvs=21),-5130,NT$286.00,Groceries (https://app.notion.com/p/Groceries-1de52a1550c180c6be6cdfaeb95cee9a?pvs=21),2026/04/04,,$0.00
中華電信網路費,Dream (https://app.notion.com/p/Dream-1de52a1550c180a4bc6eee5e921cbc2d?pvs=21),-7042,NT$848.00,Fun (https://app.notion.com/p/Fun-1de52a1550c180f197e2ff3116ec3fa2?pvs=21),2026/04/15,,$0.00
中華電信手機費,Dream (https://app.notion.com/p/Dream-1de52a1550c180a4bc6eee5e921cbc2d?pvs=21),-7042,NT$665.00,Fun (https://app.notion.com/p/Fun-1de52a1550c180f197e2ff3116ec3fa2?pvs=21),2026/04/15,,$0.00
老雲記,General (https://app.notion.com/p/General-1fe52a1550c180d89a84f6b6694a42f5?pvs=21),4419,NT$450.00,Food (https://app.notion.com/p/Food-1de52a1550c1808585f7c8d0cbbab341?pvs=21),2026/04/14,,$0.00
加油費,General (https://app.notion.com/p/General-1fe52a1550c180d89a84f6b6694a42f5?pvs=21),2077,NT$172.00,Traffic (https://app.notion.com/p/Traffic-1de52a1550c1807b8ff6e40f804e1127?pvs=21),2026/04/22,,$0.00
貳樓,Couple's (https://app.notion.com/p/Couple-s-1de52a1550c181d39de7eebc343b38cd?pvs=21),-3144,"NT$1,194.00",Food (https://app.notion.com/p/Food-1de52a1550c1808585f7c8d0cbbab341?pvs=21),2026/04/16,,$0.00
HOLA,Dream (https://app.notion.com/p/Dream-1de52a1550c180a4bc6eee5e921cbc2d?pvs=21),-5529,NT$399.00,Groceries (https://app.notion.com/p/Groceries-1de52a1550c180c6be6cdfaeb95cee9a?pvs=21),2026/04/11,,$0.00
加油費,General (https://app.notion.com/p/General-1fe52a1550c180d89a84f6b6694a42f5?pvs=21),9106,NT$175.00,Traffic (https://app.notion.com/p/Traffic-1de52a1550c1807b8ff6e40f804e1127?pvs=21),2026/04/08,,$0.00
全聯,General (https://app.notion.com/p/General-1fe52a1550c180d89a84f6b6694a42f5?pvs=21),2077,NT$155.00,Food (https://app.notion.com/p/Food-1de52a1550c1808585f7c8d0cbbab341?pvs=21),2026/04/22,,$0.00
全聯,General (https://app.notion.com/p/General-1fe52a1550c180d89a84f6b6694a42f5?pvs=21),2987,NT$758.00,Food (https://app.notion.com/p/Food-1de52a1550c1808585f7c8d0cbbab341?pvs=21),2026/04/19,,$0.00
全聯,General (https://app.notion.com/p/General-1fe52a1550c180d89a84f6b6694a42f5?pvs=21),3895,NT$175.00,Food (https://app.notion.com/p/Food-1de52a1550c1808585f7c8d0cbbab341?pvs=21),2026/04/16,,$0.00
全聯,General (https://app.notion.com/p/General-1fe52a1550c180d89a84f6b6694a42f5?pvs=21),4070,NT$262.00,Food (https://app.notion.com/p/Food-1de52a1550c1808585f7c8d0cbbab341?pvs=21),2026/04/15,,$0.00
全聯,General (https://app.notion.com/p/General-1fe52a1550c180d89a84f6b6694a42f5?pvs=21),8330,NT$348.00,Food (https://app.notion.com/p/Food-1de52a1550c1808585f7c8d0cbbab341?pvs=21),2026/04/10,,$0.00
全聯,General (https://app.notion.com/p/General-1fe52a1550c180d89a84f6b6694a42f5?pvs=21),8759,NT$240.00,Food (https://app.notion.com/p/Food-1de52a1550c1808585f7c8d0cbbab341?pvs=21),2026/04/09,,$0.00
7-11,General (https://app.notion.com/p/General-1fe52a1550c180d89a84f6b6694a42f5?pvs=21),4070,NT$87.00,Food (https://app.notion.com/p/Food-1de52a1550c1808585f7c8d0cbbab341?pvs=21),2026/04/15,,$0.00
7-11,General (https://app.notion.com/p/General-1fe52a1550c180d89a84f6b6694a42f5?pvs=21),2987,NT$150.00,Food (https://app.notion.com/p/Food-1de52a1550c1808585f7c8d0cbbab341?pvs=21),2026/04/19,,$0.00
7-11,General (https://app.notion.com/p/General-1fe52a1550c180d89a84f6b6694a42f5?pvs=21),2404,NT$58.00,Food (https://app.notion.com/p/Food-1de52a1550c1808585f7c8d0cbbab341?pvs=21),2026/04/21,,$0.00
7-11,General (https://app.notion.com/p/General-1fe52a1550c180d89a84f6b6694a42f5?pvs=21),8759,NT$107.00,Food (https://app.notion.com/p/Food-1de52a1550c1808585f7c8d0cbbab341?pvs=21),2026/04/09,,$0.00
7-11,General (https://app.notion.com/p/General-1fe52a1550c180d89a84f6b6694a42f5?pvs=21),8330,NT$81.00,Food (https://app.notion.com/p/Food-1de52a1550c1808585f7c8d0cbbab341?pvs=21),2026/04/10,,$0.00
7-11,General (https://app.notion.com/p/General-1fe52a1550c180d89a84f6b6694a42f5?pvs=21),5031,NT$72.00,Food (https://app.notion.com/p/Food-1de52a1550c1808585f7c8d0cbbab341?pvs=21),2026/04/11,,$0.00
7-11,General (https://app.notion.com/p/General-1fe52a1550c180d89a84f6b6694a42f5?pvs=21),4869,NT$162.00,Food (https://app.notion.com/p/Food-1de52a1550c1808585f7c8d0cbbab341?pvs=21),2026/04/13,,$0.00
老雲記,General (https://app.notion.com/p/General-1fe52a1550c180d89a84f6b6694a42f5?pvs=21),2404,NT$525.00,Food (https://app.notion.com/p/Food-1de52a1550c1808585f7c8d0cbbab341?pvs=21),2026/04/21,,$0.00
饗泰多,Couple's (https://app.notion.com/p/Couple-s-1de52a1550c181d39de7eebc343b38cd?pvs=21),-5236,"NT$2,092.00",Food (https://app.notion.com/p/Food-1de52a1550c1808585f7c8d0cbbab341?pvs=21),2026/04/19,,$0.00
林亮辰皮膚診所,Savings (https://app.notion.com/p/Savings-1de52a1550c18029b280dc7d9d36cb03?pvs=21),337032,"NT$2,800.00",Health (https://app.notion.com/p/Health-1de52a1550c180948ad5c45ef59a5bb8?pvs=21),2026/04/10,林炳煌90(20mg)*30=2700,$0.00
Disney+,Savings (https://app.notion.com/p/Savings-1de52a1550c18029b280dc7d9d36cb03?pvs=21),326132,"NT$3,000.00",Fun (https://app.notion.com/p/Fun-1de52a1550c180f197e2ff3116ec3fa2?pvs=21),2026/04/22,補,$0.00
HBO,Savings (https://app.notion.com/p/Savings-1de52a1550c18029b280dc7d9d36cb03?pvs=21),338108,NT$300.00,Fun (https://app.notion.com/p/Fun-1de52a1550c180f197e2ff3116ec3fa2?pvs=21),2026/03/01,,$0.00
Netflix,Savings (https://app.notion.com/p/Savings-1de52a1550c18029b280dc7d9d36cb03?pvs=21),326132,"NT$2,400.00",Fun (https://app.notion.com/p/Fun-1de52a1550c180f197e2ff3116ec3fa2?pvs=21),2026/04/22,補,$0.00
YouTube,Savings (https://app.notion.com/p/Savings-1de52a1550c18029b280dc7d9d36cb03?pvs=21),326132,"NT$3,600.00",Fun (https://app.notion.com/p/Fun-1de52a1550c180f197e2ff3116ec3fa2?pvs=21),2026/04/22,補,$0.00
星宇航空,Dream (https://app.notion.com/p/Dream-1de52a1550c180a4bc6eee5e921cbc2d?pvs=21),-103885,"NT$5,806.00",Traffic (https://app.notion.com/p/Traffic-1de52a1550c1807b8ff6e40f804e1127?pvs=21),2026/08/02,東京台灣,$0.00
樂桃航空,Dream (https://app.notion.com/p/Dream-1de52a1550c180a4bc6eee5e921cbc2d?pvs=21),-98079,"NT$5,190.00",Traffic (https://app.notion.com/p/Traffic-1de52a1550c1807b8ff6e40f804e1127?pvs=21),2026/07/26,台灣東京,"$5,190.00"
岳野,Dream (https://app.notion.com/p/Dream-1de52a1550c180a4bc6eee5e921cbc2d?pvs=21),-98079,"NT$10,000.00",Fun (https://app.notion.com/p/Fun-1de52a1550c180f197e2ff3116ec3fa2?pvs=21),2026/07/26,富士山行程訂金,"$10,000.00"
Costco,General (https://app.notion.com/p/General-1fe52a1550c180d89a84f6b6694a42f5?pvs=21),5031,"NT$2,467.00",Food (https://app.notion.com/p/Food-1de52a1550c1808585f7c8d0cbbab341?pvs=21),2026/04/11,,$0.00
北門食室,General (https://app.notion.com/p/General-1fe52a1550c180d89a84f6b6694a42f5?pvs=21),5031,NT$760.00,Food (https://app.notion.com/p/Food-1de52a1550c1808585f7c8d0cbbab341?pvs=21),2026/04/11,,$0.00
小販部,General (https://app.notion.com/p/General-1fe52a1550c180d89a84f6b6694a42f5?pvs=21),1632,NT$60.00,Food (https://app.notion.com/p/Food-1de52a1550c1808585f7c8d0cbbab341?pvs=21),2026/04/23,,$0.00
7-11,General (https://app.notion.com/p/General-1fe52a1550c180d89a84f6b6694a42f5?pvs=21),1322,NT$64.00,Food (https://app.notion.com/p/Food-1de52a1550c1808585f7c8d0cbbab341?pvs=21),2026/04/25,,$0.00
羽球零打,Dream (https://app.notion.com/p/Dream-1de52a1550c180a4bc6eee5e921cbc2d?pvs=21),-7282,NT$160.00,Fun (https://app.notion.com/p/Fun-1de52a1550c180f197e2ff3116ec3fa2?pvs=21),2026/04/25,,$0.00
汽車保養費,Dream (https://app.notion.com/p/Dream-1de52a1550c180a4bc6eee5e921cbc2d?pvs=21),-11722,"NT$3,150.00",Traffic (https://app.notion.com/p/Traffic-1de52a1550c1807b8ff6e40f804e1127?pvs=21),2026/04/27,,$0.00
汽車維修費,Savings (https://app.notion.com/p/Savings-1de52a1550c18029b280dc7d9d36cb03?pvs=21),319592,"NT$6,000.00",Traffic (https://app.notion.com/p/Traffic-1de52a1550c1807b8ff6e40f804e1127?pvs=21),2026/04/27,,$0.00
汽車停車費,Savings (https://app.notion.com/p/Savings-1de52a1550c18029b280dc7d9d36cb03?pvs=21),319592,NT$540.00,Traffic (https://app.notion.com/p/Traffic-1de52a1550c1807b8ff6e40f804e1127?pvs=21),2026/04/27,,$0.00
汽車停車費,Dream (https://app.notion.com/p/Dream-1de52a1550c180a4bc6eee5e921cbc2d?pvs=21),-7282,NT$80.00,Traffic (https://app.notion.com/p/Traffic-1de52a1550c1807b8ff6e40f804e1127?pvs=21),2026/04/25,,$0.00
7-11,General (https://app.notion.com/p/General-1fe52a1550c180d89a84f6b6694a42f5?pvs=21),-318,NT$75.00,Food (https://app.notion.com/p/Food-1de52a1550c1808585f7c8d0cbbab341?pvs=21),2026/04/27,,$0.00
小販部,General (https://app.notion.com/p/General-1fe52a1550c180d89a84f6b6694a42f5?pvs=21),-318,NT$20.00,Food (https://app.notion.com/p/Food-1de52a1550c1808585f7c8d0cbbab341?pvs=21),2026/04/27,,$0.00
Ubike,General (https://app.notion.com/p/General-1fe52a1550c180d89a84f6b6694a42f5?pvs=21),-318,NT$10.00,Traffic (https://app.notion.com/p/Traffic-1de52a1550c1807b8ff6e40f804e1127?pvs=21),2026/04/27,,$0.00
Subway,General (https://app.notion.com/p/General-1fe52a1550c180d89a84f6b6694a42f5?pvs=21),-213,NT$330.00,Food (https://app.notion.com/p/Food-1de52a1550c1808585f7c8d0cbbab341?pvs=21),2026/04/26,,$0.00
全聯,General (https://app.notion.com/p/General-1fe52a1550c180d89a84f6b6694a42f5?pvs=21),-213,"NT$1,205.00",Food (https://app.notion.com/p/Food-1de52a1550c1808585f7c8d0cbbab341?pvs=21),2026/04/26,,$0.00
全聯,General (https://app.notion.com/p/General-1fe52a1550c180d89a84f6b6694a42f5?pvs=21),1386,NT$246.00,Food (https://app.notion.com/p/Food-1de52a1550c1808585f7c8d0cbbab341?pvs=21),2026/04/24,,$0.00
全聯,General (https://app.notion.com/p/General-1fe52a1550c180d89a84f6b6694a42f5?pvs=21),1632,NT$385.00,Food (https://app.notion.com/p/Food-1de52a1550c1808585f7c8d0cbbab341?pvs=21),2026/04/23,,$0.00
徒手治療,Savings (https://app.notion.com/p/Savings-1de52a1550c18029b280dc7d9d36cb03?pvs=21),335132,"NT$1,900.00",Health (https://app.notion.com/p/Health-1de52a1550c180948ad5c45ef59a5bb8?pvs=21),2026/04/14,,$0.00
老雲記,General (https://app.notion.com/p/General-1fe52a1550c180d89a84f6b6694a42f5?pvs=21),-833,NT$370.00,Food (https://app.notion.com/p/Food-1de52a1550c1808585f7c8d0cbbab341?pvs=21),2026/04/28,,$0.00
全聯,General (https://app.notion.com/p/General-1fe52a1550c180d89a84f6b6694a42f5?pvs=21),-833,NT$145.00,Food (https://app.notion.com/p/Food-1de52a1550c1808585f7c8d0cbbab341?pvs=21),2026/04/28,,$0.00
水電費,General (https://app.notion.com/p/General-1fe52a1550c180d89a84f6b6694a42f5?pvs=21),-1998,"NT$1,165.00",Groceries (https://app.notion.com/p/Groceries-1de52a1550c180c6be6cdfaeb95cee9a?pvs=21),2026/04/30,,$0.00
停車位,Fixed (https://app.notion.com/p/Fixed-1de52a1550c180f19995d25cbc6f1038?pvs=21),28824,"NT$2,500.00",Insurance (https://app.notion.com/p/Insurance-1de52a1550c181f09d1dfb6d85985a86?pvs=21),2026/05/01,,$0.00
勞保費,Fixed (https://app.notion.com/p/Fixed-1de52a1550c180f19995d25cbc6f1038?pvs=21),28824,"NT$1,145.00",Insurance (https://app.notion.com/p/Insurance-1de52a1550c181f09d1dfb6d85985a86?pvs=21),2026/05/01,,$0.00
健保費,Fixed (https://app.notion.com/p/Fixed-1de52a1550c180f19995d25cbc6f1038?pvs=21),28824,"NT$1,129.00",Insurance (https://app.notion.com/p/Insurance-1de52a1550c181f09d1dfb6d85985a86?pvs=21),2026/05/01,,$0.00
麥當勞,General (https://app.notion.com/p/General-1fe52a1550c180d89a84f6b6694a42f5?pvs=21),-6438,NT$382.00,Food (https://app.notion.com/p/Food-1de52a1550c1808585f7c8d0cbbab341?pvs=21),2026/05/01,,$0.00
想想咖哩,General (https://app.notion.com/p/General-1fe52a1550c180d89a84f6b6694a42f5?pvs=21),-6438,NT$338.00,Food (https://app.notion.com/p/Food-1de52a1550c1808585f7c8d0cbbab341?pvs=21),2026/05/01,,$0.00
Apple,Dream (https://app.notion.com/p/Dream-1de52a1550c180a4bc6eee5e921cbc2d?pvs=21),-37012,"NT$21,900.00",Fun (https://app.notion.com/p/Fun-1de52a1550c180f197e2ff3116ec3fa2?pvs=21),2026/05/01,Iphone17e,$0.00
Torras,Dream (https://app.notion.com/p/Dream-1de52a1550c180a4bc6eee5e921cbc2d?pvs=21),-37012,"NT$1,390.00",Fun (https://app.notion.com/p/Fun-1de52a1550c180f197e2ff3116ec3fa2?pvs=21),2026/05/01,Iphone17e手機殼,$0.00
房租,Fixed (https://app.notion.com/p/Fixed-1de52a1550c180f19995d25cbc6f1038?pvs=21),36997,"NT$7,300.00",Groceries (https://app.notion.com/p/Groceries-1de52a1550c180c6be6cdfaeb95cee9a?pvs=21),2026/05/02,,$0.00
匯給媽,Fixed (https://app.notion.com/p/Fixed-1de52a1550c180f19995d25cbc6f1038?pvs=21),36997,"NT$6,000.00",Family (https://app.notion.com/p/Family-1de52a1550c181faa107fcc0a73d8120?pvs=21),2026/05/02,,$0.00
爭鮮,Couple's (https://app.notion.com/p/Couple-s-1de52a1550c181d39de7eebc343b38cd?pvs=21),-3846,NT$610.00,Food (https://app.notion.com/p/Food-1de52a1550c1808585f7c8d0cbbab341?pvs=21),2026/05/02,,$0.00
全聯,General (https://app.notion.com/p/General-1fe52a1550c180d89a84f6b6694a42f5?pvs=21),7388,NT$568.00,Food (https://app.notion.com/p/Food-1de52a1550c1808585f7c8d0cbbab341?pvs=21),2026/05/03,,$0.00
HOLA,Dream (https://app.notion.com/p/Dream-1de52a1550c180a4bc6eee5e921cbc2d?pvs=21),-8572,"NT$1,290.00",Groceries (https://app.notion.com/p/Groceries-1de52a1550c180c6be6cdfaeb95cee9a?pvs=21),2026/04/26,,$0.00
蔣好的味道,General (https://app.notion.com/p/General-1fe52a1550c180d89a84f6b6694a42f5?pvs=21),7388,NT$620.00,Food (https://app.notion.com/p/Food-1de52a1550c1808585f7c8d0cbbab341?pvs=21),2026/05/03,,$0.00
NET,Dream (https://app.notion.com/p/Dream-1de52a1550c180a4bc6eee5e921cbc2d?pvs=21),-30684,NT$179.00,Clothes (https://app.notion.com/p/Clothes-1de52a1550c181c098ebee3f08c04f38?pvs=21),2026/05/02,,$0.00
Lopia,General (https://app.notion.com/p/General-1fe52a1550c180d89a84f6b6694a42f5?pvs=21),-6438,"NT$1,660.00",Food (https://app.notion.com/p/Food-1de52a1550c1808585f7c8d0cbbab341?pvs=21),2026/05/01,,$0.00
豆花,General (https://app.notion.com/p/General-1fe52a1550c180d89a84f6b6694a42f5?pvs=21),-6438,NT$60.00,Food (https://app.notion.com/p/Food-1de52a1550c1808585f7c8d0cbbab341?pvs=21),2026/05/01,,$0.00
Spotify月費,Dream (https://app.notion.com/p/Dream-1de52a1550c180a4bc6eee5e921cbc2d?pvs=21),-30363,NT$202.00,Fun (https://app.notion.com/p/Fun-1de52a1550c180f197e2ff3116ec3fa2?pvs=21),2026/05/04,,$0.00
7-11,General (https://app.notion.com/p/General-1fe52a1550c180d89a84f6b6694a42f5?pvs=21),9892,NT$127.00,Food (https://app.notion.com/p/Food-1de52a1550c1808585f7c8d0cbbab341?pvs=21),2026/05/05,,$0.00
拉亞,General (https://app.notion.com/p/General-1fe52a1550c180d89a84f6b6694a42f5?pvs=21),9892,NT$124.00,Food (https://app.notion.com/p/Food-1de52a1550c1808585f7c8d0cbbab341?pvs=21),2026/05/05,,$0.00
全家,General (https://app.notion.com/p/General-1fe52a1550c180d89a84f6b6694a42f5?pvs=21),9892,NT$70.00,Food (https://app.notion.com/p/Food-1de52a1550c1808585f7c8d0cbbab341?pvs=21),2026/05/05,,$0.00
7-11,General (https://app.notion.com/p/General-1fe52a1550c180d89a84f6b6694a42f5?pvs=21),7290,NT$65.00,Food (https://app.notion.com/p/Food-1de52a1550c1808585f7c8d0cbbab341?pvs=21),2026/05/06,,$0.00
Hoda,Dream (https://app.notion.com/p/Dream-1de52a1550c180a4bc6eee5e921cbc2d?pvs=21),-33143,NT$783.00,Fun (https://app.notion.com/p/Fun-1de52a1550c180f197e2ff3116ec3fa2?pvs=21),2026/05/06,,$0.00
Coupang,Dream (https://app.notion.com/p/Dream-1de52a1550c180a4bc6eee5e921cbc2d?pvs=21),-33143,"NT$1,997.00",Fun (https://app.notion.com/p/Fun-1de52a1550c180f197e2ff3116ec3fa2?pvs=21),2026/05/06,3合1無線充電座,$0.00
Coupang,General (https://app.notion.com/p/General-1fe52a1550c180d89a84f6b6694a42f5?pvs=21),7290,"NT$2,537.00",Food (https://app.notion.com/p/Food-1de52a1550c1808585f7c8d0cbbab341?pvs=21),2026/05/06,蛋白粉,$0.00
7-11,General (https://app.notion.com/p/General-1fe52a1550c180d89a84f6b6694a42f5?pvs=21),7156,NT$134.00,Food (https://app.notion.com/p/Food-1de52a1550c1808585f7c8d0cbbab341?pvs=21),2026/05/07,,$0.00
台鐵,General (https://app.notion.com/p/General-1fe52a1550c180d89a84f6b6694a42f5?pvs=21),4563,NT$35.00,Traffic (https://app.notion.com/p/Traffic-1de52a1550c1807b8ff6e40f804e1127?pvs=21),2026/05/10,綠茶,$0.00
老鄉牛肉麵,General (https://app.notion.com/p/General-1fe52a1550c180d89a84f6b6694a42f5?pvs=21),6243,NT$410.00,Food (https://app.notion.com/p/Food-1de52a1550c1808585f7c8d0cbbab341?pvs=21),2026/05/09,,$0.00
茶舍,General (https://app.notion.com/p/General-1fe52a1550c180d89a84f6b6694a42f5?pvs=21),6243,NT$135.00,Food (https://app.notion.com/p/Food-1de52a1550c1808585f7c8d0cbbab341?pvs=21),2026/05/09,,$0.00
蔣好的味道,General (https://app.notion.com/p/General-1fe52a1550c180d89a84f6b6694a42f5?pvs=21),6788,NT$368.00,Food (https://app.notion.com/p/Food-1de52a1550c1808585f7c8d0cbbab341?pvs=21),2026/05/08,,$0.00
中油,General (https://app.notion.com/p/General-1fe52a1550c180d89a84f6b6694a42f5?pvs=21),4150,NT$170.00,Traffic (https://app.notion.com/p/Traffic-1de52a1550c1807b8ff6e40f804e1127?pvs=21),2026/05/11,機車加油,$0.00
第一銀行,General (https://app.notion.com/p/General-1fe52a1550c180d89a84f6b6694a42f5?pvs=21),4150,NT$50.00,Fun (https://app.notion.com/p/Fun-1de52a1550c180f197e2ff3116ec3fa2?pvs=21),2026/05/11,Pin碼解鎖,$0.00
7-11,General (https://app.notion.com/p/General-1fe52a1550c180d89a84f6b6694a42f5?pvs=21),4150,NT$108.00,Food (https://app.notion.com/p/Food-1de52a1550c1808585f7c8d0cbbab341?pvs=21),2026/05/11,,$0.00
岳野,Dream (https://app.notion.com/p/Dream-1de52a1550c180a4bc6eee5e921cbc2d?pvs=21),-98079,"NT$27,900.00",Fun (https://app.notion.com/p/Fun-1de52a1550c180f197e2ff3116ec3fa2?pvs=21),2026/07/26,富士山５天行程,"$27,900.00"
潤餅,General (https://app.notion.com/p/General-1fe52a1550c180d89a84f6b6694a42f5?pvs=21),4150,NT$45.00,Food (https://app.notion.com/p/Food-1de52a1550c1808585f7c8d0cbbab341?pvs=21),2026/05/11,,$0.00
草本茶,General (https://app.notion.com/p/General-1fe52a1550c180d89a84f6b6694a42f5?pvs=21),4150,NT$40.00,Food (https://app.notion.com/p/Food-1de52a1550c1808585f7c8d0cbbab341?pvs=21),2026/05/11,,$0.00
拉亞漢堡,General (https://app.notion.com/p/General-1fe52a1550c180d89a84f6b6694a42f5?pvs=21),3093,NT$45.00,Food (https://app.notion.com/p/Food-1de52a1550c1808585f7c8d0cbbab341?pvs=21),2026/05/12,,$0.00
台鐵,Dream (https://app.notion.com/p/Dream-1de52a1550c180a4bc6eee5e921cbc2d?pvs=21),-34641,NT$771.00,Traffic (https://app.notion.com/p/Traffic-1de52a1550c1807b8ff6e40f804e1127?pvs=21),2026/05/10,花蓮新竹,$0.00
"台鐵 ",Dream (https://app.notion.com/p/Dream-1de52a1550c180a4bc6eee5e921cbc2d?pvs=21),-34641,NT$727.00,Traffic (https://app.notion.com/p/Traffic-1de52a1550c1807b8ff6e40f804e1127?pvs=21),2026/05/10,新竹花蓮,$0.00
全聯,General (https://app.notion.com/p/General-1fe52a1550c180d89a84f6b6694a42f5?pvs=21),4563,"NT$1,645.00",Food (https://app.notion.com/p/Food-1de52a1550c1808585f7c8d0cbbab341?pvs=21),2026/05/10,,$0.00
全聯,General (https://app.notion.com/p/General-1fe52a1550c180d89a84f6b6694a42f5?pvs=21),9892,NT$175.00,Food (https://app.notion.com/p/Food-1de52a1550c1808585f7c8d0cbbab341?pvs=21),2026/05/05,,$0.00
7-11,General (https://app.notion.com/p/General-1fe52a1550c180d89a84f6b6694a42f5?pvs=21),3023,NT$70.00,Food (https://app.notion.com/p/Food-1de52a1550c1808585f7c8d0cbbab341?pvs=21),2026/05/13,,$0.00
起家雞,General (https://app.notion.com/p/General-1fe52a1550c180d89a84f6b6694a42f5?pvs=21),3093,NT$912.00,Food (https://app.notion.com/p/Food-1de52a1550c1808585f7c8d0cbbab341?pvs=21),2026/05/12,,$0.00
龜記,General (https://app.notion.com/p/General-1fe52a1550c180d89a84f6b6694a42f5?pvs=21),3093,NT$100.00,Food (https://app.notion.com/p/Food-1de52a1550c1808585f7c8d0cbbab341?pvs=21),2026/05/12,,$0.00
全國加油站,Dream (https://app.notion.com/p/Dream-1de52a1550c180a4bc6eee5e921cbc2d?pvs=21),-36324,"NT$1,683.00",Traffic (https://app.notion.com/p/Traffic-1de52a1550c1807b8ff6e40f804e1127?pvs=21),2026/05/13,汽車,$0.00
中華電信網路費,Dream (https://app.notion.com/p/Dream-1de52a1550c180a4bc6eee5e921cbc2d?pvs=21),-37837,NT$848.00,Fun (https://app.notion.com/p/Fun-1de52a1550c180f197e2ff3116ec3fa2?pvs=21),2026/05/15,,$0.00
中華電信手機費,Dream (https://app.notion.com/p/Dream-1de52a1550c180a4bc6eee5e921cbc2d?pvs=21),-37837,NT$665.00,Fun (https://app.notion.com/p/Fun-1de52a1550c180f197e2ff3116ec3fa2?pvs=21),2026/05/15,,$0.00
7-11,General (https://app.notion.com/p/General-1fe52a1550c180d89a84f6b6694a42f5?pvs=21),-950,NT$58.00,Food (https://app.notion.com/p/Food-1de52a1550c1808585f7c8d0cbbab341?pvs=21),2026/05/16,,$0.00
早餐店,General (https://app.notion.com/p/General-1fe52a1550c180d89a84f6b6694a42f5?pvs=21),-950,NT$70.00,Food (https://app.notion.com/p/Food-1de52a1550c1808585f7c8d0cbbab341?pvs=21),2026/05/16,,$0.00
"小屋頂早餐
",General (https://app.notion.com/p/General-1fe52a1550c180d89a84f6b6694a42f5?pvs=21),-1665,NT$238.00,Food (https://app.notion.com/p/Food-1de52a1550c1808585f7c8d0cbbab341?pvs=21),2026/05/17,,$0.00
全聯,General (https://app.notion.com/p/General-1fe52a1550c180d89a84f6b6694a42f5?pvs=21),-1665,NT$477.00,Food (https://app.notion.com/p/Food-1de52a1550c1808585f7c8d0cbbab341?pvs=21),2026/05/17,,$0.00
麥味登,General (https://app.notion.com/p/General-1fe52a1550c180d89a84f6b6694a42f5?pvs=21),-1725,NT$60.00,Food (https://app.notion.com/p/Food-1de52a1550c1808585f7c8d0cbbab341?pvs=21),2026/05/18,,$0.00
蔥油雞,General (https://app.notion.com/p/General-1fe52a1550c180d89a84f6b6694a42f5?pvs=21),-2155,NT$280.00,Food (https://app.notion.com/p/Food-1de52a1550c1808585f7c8d0cbbab341?pvs=21),2026/05/19,,$0.00
第二春,General (https://app.notion.com/p/General-1fe52a1550c180d89a84f6b6694a42f5?pvs=21),-2155,NT$150.00,Food (https://app.notion.com/p/Food-1de52a1550c1808585f7c8d0cbbab341?pvs=21),2026/05/19,,$0.00
羽球零打,Dream (https://app.notion.com/p/Dream-1de52a1550c180a4bc6eee5e921cbc2d?pvs=21),-58359,NT$170.00,Fun (https://app.notion.com/p/Fun-1de52a1550c180f197e2ff3116ec3fa2?pvs=21),2026/05/23,,$0.00
呷潤餅,General (https://app.notion.com/p/General-1fe52a1550c180d89a84f6b6694a42f5?pvs=21),-3165,NT$170.00,Food (https://app.notion.com/p/Food-1de52a1550c1808585f7c8d0cbbab341?pvs=21),2026/05/23,,$0.00
加油費,General (https://app.notion.com/p/General-1fe52a1550c180d89a84f6b6694a42f5?pvs=21),-3165,NT$170.00,Traffic (https://app.notion.com/p/Traffic-1de52a1550c1807b8ff6e40f804e1127?pvs=21),2026/05/23,機車,$0.00
威秀影城,Dream (https://app.notion.com/p/Dream-1de52a1550c180a4bc6eee5e921cbc2d?pvs=21),-59004,NT$645.00,Fun (https://app.notion.com/p/Fun-1de52a1550c180f197e2ff3116ec3fa2?pvs=21),2026/05/24,,$0.00
春水堂,General (https://app.notion.com/p/General-1fe52a1550c180d89a84f6b6694a42f5?pvs=21),-4237,"NT$1,072.00",Food (https://app.notion.com/p/Food-1de52a1550c1808585f7c8d0cbbab341?pvs=21),2026/05/24,,$0.00
全家,General (https://app.notion.com/p/General-1fe52a1550c180d89a84f6b6694a42f5?pvs=21),-4335,NT$63.00,Food (https://app.notion.com/p/Food-1de52a1550c1808585f7c8d0cbbab341?pvs=21),2026/05/25,,$0.00
拉亞,General (https://app.notion.com/p/General-1fe52a1550c180d89a84f6b6694a42f5?pvs=21),-4335,NT$35.00,Food (https://app.notion.com/p/Food-1de52a1550c1808585f7c8d0cbbab341?pvs=21),2026/05/25,,$0.00
全家,General (https://app.notion.com/p/General-1fe52a1550c180d89a84f6b6694a42f5?pvs=21),-4435,NT$45.00,Food (https://app.notion.com/p/Food-1de52a1550c1808585f7c8d0cbbab341?pvs=21),2026/05/26,,$0.00
玉蘭,General (https://app.notion.com/p/General-1fe52a1550c180d89a84f6b6694a42f5?pvs=21),-4435,NT$55.00,Food (https://app.notion.com/p/Food-1de52a1550c1808585f7c8d0cbbab341?pvs=21),2026/05/26,,$0.00
好豆味,General (https://app.notion.com/p/General-1fe52a1550c180d89a84f6b6694a42f5?pvs=21),-5390,NT$140.00,Food (https://app.notion.com/p/Food-1de52a1550c1808585f7c8d0cbbab341?pvs=21),2026/05/29,,$0.00
私嚐,General (https://app.notion.com/p/General-1fe52a1550c180d89a84f6b6694a42f5?pvs=21),-5390,NT$717.00,Food (https://app.notion.com/p/Food-1de52a1550c1808585f7c8d0cbbab341?pvs=21),2026/05/29,,$0.00
7-11,General (https://app.notion.com/p/General-1fe52a1550c180d89a84f6b6694a42f5?pvs=21),-5390,NT$98.00,Food (https://app.notion.com/p/Food-1de52a1550c1808585f7c8d0cbbab341?pvs=21),2026/05/29,,$0.00
"林亮辰皮膚診所 ",Savings (https://app.notion.com/p/Savings-1de52a1550c18029b280dc7d9d36cb03?pvs=21),317292,"NT$1,960.00",Health (https://app.notion.com/p/Health-1de52a1550c180948ad5c45ef59a5bb8?pvs=21),2026/04/29,70(口服A酸10mg)*28 = 1960,$0.00
"林亮辰皮膚診所 ",Savings (https://app.notion.com/p/Savings-1de52a1550c18029b280dc7d9d36cb03?pvs=21),317292,NT$340.00,Health (https://app.notion.com/p/Health-1de52a1550c180948ad5c45ef59a5bb8?pvs=21),2026/04/29,,$0.00
"林亮辰皮膚診所 ",Savings (https://app.notion.com/p/Savings-1de52a1550c18029b280dc7d9d36cb03?pvs=21),321499,NT$340.00,Health (https://app.notion.com/p/Health-1de52a1550c180948ad5c45ef59a5bb8?pvs=21),2026/05/29,,$0.00
林亮辰皮膚診所,Savings (https://app.notion.com/p/Savings-1de52a1550c18029b280dc7d9d36cb03?pvs=21),321499,"NT$1,960.00",Health (https://app.notion.com/p/Health-1de52a1550c180948ad5c45ef59a5bb8?pvs=21),2026/05/29,70(口服A酸10mg)*28 = 1960,$0.00
"包sir ",General (https://app.notion.com/p/General-1fe52a1550c180d89a84f6b6694a42f5?pvs=21),-6383,NT$725.00,Food (https://app.notion.com/p/Food-1de52a1550c1808585f7c8d0cbbab341?pvs=21),2026/05/30,,$0.00
全聯,General (https://app.notion.com/p/General-1fe52a1550c180d89a84f6b6694a42f5?pvs=21),-6383,NT$268.00,Food (https://app.notion.com/p/Food-1de52a1550c1808585f7c8d0cbbab341?pvs=21),2026/05/30,,$0.00
勞保費,Fixed (https://app.notion.com/p/Fixed-1de52a1550c180f19995d25cbc6f1038?pvs=21),20940,"NT$1,145.00",Insurance (https://app.notion.com/p/Insurance-1de52a1550c181f09d1dfb6d85985a86?pvs=21),2026/06/01,,$0.00
停車位,Fixed (https://app.notion.com/p/Fixed-1de52a1550c180f19995d25cbc6f1038?pvs=21),20940,"NT$2,500.00",Insurance (https://app.notion.com/p/Insurance-1de52a1550c181f09d1dfb6d85985a86?pvs=21),2026/06/01,,$0.00
健保費,Fixed (https://app.notion.com/p/Fixed-1de52a1550c180f19995d25cbc6f1038?pvs=21),20940,"NT$1,129.00",Insurance (https://app.notion.com/p/Insurance-1de52a1550c181f09d1dfb6d85985a86?pvs=21),2026/06/01,,$0.00
拉亞,General (https://app.notion.com/p/General-1fe52a1550c180d89a84f6b6694a42f5?pvs=21),-9451,NT$109.00,Food (https://app.notion.com/p/Food-1de52a1550c1808585f7c8d0cbbab341?pvs=21),2026/06/01,,$0.00
清大機車停車費,General (https://app.notion.com/p/General-1fe52a1550c180d89a84f6b6694a42f5?pvs=21),-9451,NT$600.00,Traffic (https://app.notion.com/p/Traffic-1de52a1550c1807b8ff6e40f804e1127?pvs=21),2026/06/01,,$0.00
房租,Fixed (https://app.notion.com/p/Fixed-1de52a1550c180f19995d25cbc6f1038?pvs=21),29113,"NT$7,300.00",Groceries (https://app.notion.com/p/Groceries-1de52a1550c180c6be6cdfaeb95cee9a?pvs=21),2026/06/02,,$0.00
匯給媽,Fixed (https://app.notion.com/p/Fixed-1de52a1550c180f19995d25cbc6f1038?pvs=21),29113,"NT$6,000.00",Family (https://app.notion.com/p/Family-1de52a1550c181faa107fcc0a73d8120?pvs=21),2026/06/02,,$0.00
達盛興,Dream (https://app.notion.com/p/Dream-1de52a1550c180a4bc6eee5e921cbc2d?pvs=21),-50142,NT$800.00,Traffic (https://app.notion.com/p/Traffic-1de52a1550c1807b8ff6e40f804e1127?pvs=21),2026/06/02,,$0.00
玉蘭,General (https://app.notion.com/p/General-1fe52a1550c180d89a84f6b6694a42f5?pvs=21),8329,NT$60.00,Food (https://app.notion.com/p/Food-1de52a1550c1808585f7c8d0cbbab341?pvs=21),2026/06/04,,$0.00
小鵲幸,General (https://app.notion.com/p/General-1fe52a1550c180d89a84f6b6694a42f5?pvs=21),8329,NT$60.00,Food (https://app.notion.com/p/Food-1de52a1550c1808585f7c8d0cbbab341?pvs=21),2026/06/04,,$0.00
Spotify月費,Dream (https://app.notion.com/p/Dream-1de52a1550c180a4bc6eee5e921cbc2d?pvs=21),-49821,NT$202.00,Fun (https://app.notion.com/p/Fun-1de52a1550c180f197e2ff3116ec3fa2?pvs=21),2026/06/04,,$0.00
台南車票,Dream (https://app.notion.com/p/Dream-1de52a1550c180a4bc6eee5e921cbc2d?pvs=21),-46464,"NT$1,000.00",Traffic (https://app.notion.com/p/Traffic-1de52a1550c1807b8ff6e40f804e1127?pvs=21),2026/06/07,,$0.00
家圓豆漿大王,General (https://app.notion.com/p/General-1fe52a1550c180d89a84f6b6694a42f5?pvs=21),7234,NT$225.00,Food (https://app.notion.com/p/Food-1de52a1550c1808585f7c8d0cbbab341?pvs=21),2026/06/07,,$0.00
林聰明砂鍋魚頭,General (https://app.notion.com/p/General-1fe52a1550c180d89a84f6b6694a42f5?pvs=21),7459,NT$265.00,Food (https://app.notion.com/p/Food-1de52a1550c1808585f7c8d0cbbab341?pvs=21),2026/06/06,,$0.00
東門火雞肉飯,General (https://app.notion.com/p/General-1fe52a1550c180d89a84f6b6694a42f5?pvs=21),7924,NT$405.00,Food (https://app.notion.com/p/Food-1de52a1550c1808585f7c8d0cbbab341?pvs=21),2026/06/05,,$0.00
汽車燃料費,Dream (https://app.notion.com/p/Dream-1de52a1550c180a4bc6eee5e921cbc2d?pvs=21),-45464,"NT$2,643.00",Traffic (https://app.notion.com/p/Traffic-1de52a1550c1807b8ff6e40f804e1127?pvs=21),2026/06/05,,$0.00
全家,General (https://app.notion.com/p/General-1fe52a1550c180d89a84f6b6694a42f5?pvs=21),6161,NT$65.00,Food (https://app.notion.com/p/Food-1de52a1550c1808585f7c8d0cbbab341?pvs=21),2026/06/08,,$0.00
拉亞,General (https://app.notion.com/p/General-1fe52a1550c180d89a84f6b6694a42f5?pvs=21),6161,NT$35.00,Food (https://app.notion.com/p/Food-1de52a1550c1808585f7c8d0cbbab341?pvs=21),2026/06/08,,$0.00
7-11,General (https://app.notion.com/p/General-1fe52a1550c180d89a84f6b6694a42f5?pvs=21),6161,NT$126.00,Food (https://app.notion.com/p/Food-1de52a1550c1808585f7c8d0cbbab341?pvs=21),2026/06/08,,$0.00
全家,General (https://app.notion.com/p/General-1fe52a1550c180d89a84f6b6694a42f5?pvs=21),4313,NT$63.00,Food (https://app.notion.com/p/Food-1de52a1550c1808585f7c8d0cbbab341?pvs=21),2026/06/11,,$0.00
拉亞,General (https://app.notion.com/p/General-1fe52a1550c180d89a84f6b6694a42f5?pvs=21),4313,NT$45.00,Food (https://app.notion.com/p/Food-1de52a1550c1808585f7c8d0cbbab341?pvs=21),2026/06/11,,$0.00
50嵐,General (https://app.notion.com/p/General-1fe52a1550c180d89a84f6b6694a42f5?pvs=21),4313,NT$45.00,Food (https://app.notion.com/p/Food-1de52a1550c1808585f7c8d0cbbab341?pvs=21),2026/06/11,,$0.00
加油費,General (https://app.notion.com/p/General-1fe52a1550c180d89a84f6b6694a42f5?pvs=21),4313,NT$174.00,Traffic (https://app.notion.com/p/Traffic-1de52a1550c1807b8ff6e40f804e1127?pvs=21),2026/06/11,,$0.00
7-11,General (https://app.notion.com/p/General-1fe52a1550c180d89a84f6b6694a42f5?pvs=21),4313,NT$90.00,Food (https://app.notion.com/p/Food-1de52a1550c1808585f7c8d0cbbab341?pvs=21),2026/06/11,,$0.00
大茗,General (https://app.notion.com/p/General-1fe52a1550c180d89a84f6b6694a42f5?pvs=21),5526,NT$215.00,Food (https://app.notion.com/p/Food-1de52a1550c1808585f7c8d0cbbab341?pvs=21),2026/06/10,,$0.00
全聯,General (https://app.notion.com/p/General-1fe52a1550c180d89a84f6b6694a42f5?pvs=21),5526,NT$355.00,Food (https://app.notion.com/p/Food-1de52a1550c1808585f7c8d0cbbab341?pvs=21),2026/06/10,,$0.00
中華電信手機費,Dream (https://app.notion.com/p/Dream-1de52a1550c180a4bc6eee5e921cbc2d?pvs=21),-59753,NT$665.00,Fun (https://app.notion.com/p/Fun-1de52a1550c180f197e2ff3116ec3fa2?pvs=21),2026/06/15,,$0.00
中華電信網路費,Dream (https://app.notion.com/p/Dream-1de52a1550c180a4bc6eee5e921cbc2d?pvs=21),-59753,NT$848.00,Fun (https://app.notion.com/p/Fun-1de52a1550c180f197e2ff3116ec3fa2?pvs=21),2026/06/15,,$0.00
全家,General (https://app.notion.com/p/General-1fe52a1550c180d89a84f6b6694a42f5?pvs=21),1021,NT$65.00,Food (https://app.notion.com/p/Food-1de52a1550c1808585f7c8d0cbbab341?pvs=21),2026/06/16,,$0.00
台鐵,Dream (https://app.notion.com/p/Dream-1de52a1550c180a4bc6eee5e921cbc2d?pvs=21),-65449,NT$696.00,Traffic (https://app.notion.com/p/Traffic-1de52a1550c1807b8ff6e40f804e1127?pvs=21),2026/06/16,,$0.00
玉蘭,General (https://app.notion.com/p/General-1fe52a1550c180d89a84f6b6694a42f5?pvs=21),1021,NT$100.00,Food (https://app.notion.com/p/Food-1de52a1550c1808585f7c8d0cbbab341?pvs=21),2026/06/16,,$0.00
六扇門,General (https://app.notion.com/p/General-1fe52a1550c180d89a84f6b6694a42f5?pvs=21),1021,NT$395.00,Food (https://app.notion.com/p/Food-1de52a1550c1808585f7c8d0cbbab341?pvs=21),2026/06/16,,$0.00
爭鮮,General (https://app.notion.com/p/General-1fe52a1550c180d89a84f6b6694a42f5?pvs=21),1021,NT$50.00,Food (https://app.notion.com/p/Food-1de52a1550c1808585f7c8d0cbbab341?pvs=21),2026/06/16,,$0.00
"林亮辰皮膚診所 ",Savings (https://app.notion.com/p/Savings-1de52a1550c18029b280dc7d9d36cb03?pvs=21),319806,"NT$8,200.00",Health (https://app.notion.com/p/Health-1de52a1550c180948ad5c45ef59a5bb8?pvs=21),2026/06/05,林炳煌90(20mg)*30=8100,$0.00
南廣展覽館,General (https://app.notion.com/p/General-1fe52a1550c180d89a84f6b6694a42f5?pvs=21),3304,NT$49.00,Food (https://app.notion.com/p/Food-1de52a1550c1808585f7c8d0cbbab341?pvs=21),2026/06/12,,$0.00
掛號信,General (https://app.notion.com/p/General-1fe52a1550c180d89a84f6b6694a42f5?pvs=21),5449,NT$114.00,Groceries (https://app.notion.com/p/Groceries-1de52a1550c180c6be6cdfaeb95cee9a?pvs=21),2026/06/03,,$0.00
一風堂,General (https://app.notion.com/p/General-1fe52a1550c180d89a84f6b6694a42f5?pvs=21),3304,NT$960.00,Food (https://app.notion.com/p/Food-1de52a1550c1808585f7c8d0cbbab341?pvs=21),2026/06/12,,$0.00
五金王,General (https://app.notion.com/p/General-1fe52a1550c180d89a84f6b6694a42f5?pvs=21),-9451,NT$359.00,Groceries (https://app.notion.com/p/Groceries-1de52a1550c180c6be6cdfaeb95cee9a?pvs=21),2026/06/01,,$0.00
福來麵食館,General (https://app.notion.com/p/General-1fe52a1550c180d89a84f6b6694a42f5?pvs=21),6161,NT$270.00,Food (https://app.notion.com/p/Food-1de52a1550c1808585f7c8d0cbbab341?pvs=21),2026/06/08,,$0.00
LuxgenU5,Savings (https://app.notion.com/p/Savings-1de52a1550c18029b280dc7d9d36cb03?pvs=21),189806,"NT$130,000.00",Traffic (https://app.notion.com/p/Traffic-1de52a1550c1807b8ff6e40f804e1127?pvs=21),2026/06/16,,$0.00
燃料費,Dream (https://app.notion.com/p/Dream-1de52a1550c180a4bc6eee5e921cbc2d?pvs=21),-65449,"NT$5,000.00",Traffic (https://app.notion.com/p/Traffic-1de52a1550c1807b8ff6e40f804e1127?pvs=21),2026/06/16,,$0.00
冷氣清潔費,Dream (https://app.notion.com/p/Dream-1de52a1550c180a4bc6eee5e921cbc2d?pvs=21),-41637,"NT$3,800.00",Other (https://app.notion.com/p/Other-1de52a1550c1810a92c1c432337241e8?pvs=21),2026/05/16,,$0.00
佑全,General (https://app.notion.com/p/General-1fe52a1550c180d89a84f6b6694a42f5?pvs=21),1631,NT$62.00,Food (https://app.notion.com/p/Food-1de52a1550c1808585f7c8d0cbbab341?pvs=21),2026/06/15,,$0.00
北門食室,General (https://app.notion.com/p/General-1fe52a1550c180d89a84f6b6694a42f5?pvs=21),2739,NT$455.00,Food (https://app.notion.com/p/Food-1de52a1550c1808585f7c8d0cbbab341?pvs=21),2026/06/13,,$0.00
Morein,General (https://app.notion.com/p/General-1fe52a1550c180d89a84f6b6694a42f5?pvs=21),2739,NT$110.00,Food (https://app.notion.com/p/Food-1de52a1550c1808585f7c8d0cbbab341?pvs=21),2026/06/13,,$0.00
Coupang,General (https://app.notion.com/p/General-1fe52a1550c180d89a84f6b6694a42f5?pvs=21),4313,NT$796.00,Groceries (https://app.notion.com/p/Groceries-1de52a1550c180c6be6cdfaeb95cee9a?pvs=21),2026/06/11,,$0.00
全聯,General (https://app.notion.com/p/General-1fe52a1550c180d89a84f6b6694a42f5?pvs=21),6161,NT$577.00,Food (https://app.notion.com/p/Food-1de52a1550c1808585f7c8d0cbbab341?pvs=21),2026/06/08,,$0.00
台鐵,General (https://app.notion.com/p/General-1fe52a1550c180d89a84f6b6694a42f5?pvs=21),7459,NT$200.00,Food (https://app.notion.com/p/Food-1de52a1550c1808585f7c8d0cbbab341?pvs=21),2026/06/06,,$0.00
厚醇牛肉麵,General (https://app.notion.com/p/General-1fe52a1550c180d89a84f6b6694a42f5?pvs=21),-143,NT$420.00,Food (https://app.notion.com/p/Food-1de52a1550c1808585f7c8d0cbbab341?pvs=21),2026/06/17,,$0.00
車麗屋,General (https://app.notion.com/p/General-1fe52a1550c180d89a84f6b6694a42f5?pvs=21),-143,NT$744.00,Food (https://app.notion.com/p/Food-1de52a1550c1808585f7c8d0cbbab341?pvs=21),2026/06/17,雨刷22吋+16吋+遮陽板,$0.00
日幣,Dream (https://app.notion.com/p/Dream-1de52a1550c180a4bc6eee5e921cbc2d?pvs=21),-98079,"NT$16,000.00",Fun (https://app.notion.com/p/Fun-1de52a1550c180f197e2ff3116ec3fa2?pvs=21),2026/07/26,,"$16,000.00"
上野匠烤肉飯,General (https://app.notion.com/p/General-1fe52a1550c180d89a84f6b6694a42f5?pvs=21),-333,NT$115.00,Food (https://app.notion.com/p/Food-1de52a1550c1808585f7c8d0cbbab341?pvs=21),2026/06/18,,$0.00
手機支架,Dream (https://app.notion.com/p/Dream-1de52a1550c180a4bc6eee5e921cbc2d?pvs=21),-72757,"NT$1,679.00",Fun (https://app.notion.com/p/Fun-1de52a1550c180f197e2ff3116ec3fa2?pvs=21),2026/06/20,,$0.00
溪頭露營區,Dream (https://app.notion.com/p/Dream-1de52a1550c180a4bc6eee5e921cbc2d?pvs=21),-67912,NT$175.00,Traffic (https://app.notion.com/p/Traffic-1de52a1550c1807b8ff6e40f804e1127?pvs=21),2026/06/19,,$0.00
停車費,Dream (https://app.notion.com/p/Dream-1de52a1550c180a4bc6eee5e921cbc2d?pvs=21),-72757,NT$85.00,Traffic (https://app.notion.com/p/Traffic-1de52a1550c1807b8ff6e40f804e1127?pvs=21),2026/06/20,,$0.00
延南家韓式豬肉湯飯雪濃湯,General (https://app.notion.com/p/General-1fe52a1550c180d89a84f6b6694a42f5?pvs=21),-1387,NT$744.00,Food (https://app.notion.com/p/Food-1de52a1550c1808585f7c8d0cbbab341?pvs=21),2026/06/20,,$0.00
明倫蛋餅,General (https://app.notion.com/p/General-1fe52a1550c180d89a84f6b6694a42f5?pvs=21),-1387,NT$100.00,Food (https://app.notion.com/p/Food-1de52a1550c1808585f7c8d0cbbab341?pvs=21),2026/06/20,,$0.00
大腸包小腸,General (https://app.notion.com/p/General-1fe52a1550c180d89a84f6b6694a42f5?pvs=21),-1387,NT$75.00,Food (https://app.notion.com/p/Food-1de52a1550c1808585f7c8d0cbbab341?pvs=21),2026/06/20,,$0.00
花茶大師,General (https://app.notion.com/p/General-1fe52a1550c180d89a84f6b6694a42f5?pvs=21),-1387,NT$135.00,Food (https://app.notion.com/p/Food-1de52a1550c1808585f7c8d0cbbab341?pvs=21),2026/06/20,,$0.00
Mini hotel,Dream (https://app.notion.com/p/Dream-1de52a1550c180a4bc6eee5e921cbc2d?pvs=21),-72757,"NT$3,081.00",Fun (https://app.notion.com/p/Fun-1de52a1550c180f197e2ff3116ec3fa2?pvs=21),2026/06/20,,$0.00
上宇林,General (https://app.notion.com/p/General-1fe52a1550c180d89a84f6b6694a42f5?pvs=21),-1482,NT$95.00,Food (https://app.notion.com/p/Food-1de52a1550c1808585f7c8d0cbbab341?pvs=21),2026/06/21,,$0.00
巨城,General (https://app.notion.com/p/General-1fe52a1550c180d89a84f6b6694a42f5?pvs=21),-2825,NT$670.00,Food (https://app.notion.com/p/Food-1de52a1550c1808585f7c8d0cbbab341?pvs=21),2026/05/20,,$0.00
Costco,General (https://app.notion.com/p/General-1fe52a1550c180d89a84f6b6694a42f5?pvs=21),-950,"NT$3,845.00",Food (https://app.notion.com/p/Food-1de52a1550c1808585f7c8d0cbbab341?pvs=21),2026/05/16,,$0.00
加油費,Dream (https://app.notion.com/p/Dream-1de52a1550c180a4bc6eee5e921cbc2d?pvs=21),-67912,"NT$1,167.00",Traffic (https://app.notion.com/p/Traffic-1de52a1550c1807b8ff6e40f804e1127?pvs=21),2026/06/19,,$0.00
育豐婚禮,Dream (https://app.notion.com/p/Dream-1de52a1550c180a4bc6eee5e921cbc2d?pvs=21),-75306,"NT$3,800.00",Fun (https://app.notion.com/p/Fun-1de52a1550c180f197e2ff3116ec3fa2?pvs=21),2026/06/21,,$0.00
停車費,Dream (https://app.notion.com/p/Dream-1de52a1550c180a4bc6eee5e921cbc2d?pvs=21),-75306,NT$120.00,Traffic (https://app.notion.com/p/Traffic-1de52a1550c1807b8ff6e40f804e1127?pvs=21),2026/06/21,,$0.00
7-11,General (https://app.notion.com/p/General-1fe52a1550c180d89a84f6b6694a42f5?pvs=21),-333,NT$75.00,Food (https://app.notion.com/p/Food-1de52a1550c1808585f7c8d0cbbab341?pvs=21),2026/06/18,,$0.00
迪卡儂,Dream (https://app.notion.com/p/Dream-1de52a1550c180a4bc6eee5e921cbc2d?pvs=21),-75306,"NT$2,074.00",Fun (https://app.notion.com/p/Fun-1de52a1550c180f197e2ff3116ec3fa2?pvs=21),2026/06/21,,$0.00
山東豆漿,General (https://app.notion.com/p/General-1fe52a1550c180d89a84f6b6694a42f5?pvs=21),-1838,NT$76.00,Food (https://app.notion.com/p/Food-1de52a1550c1808585f7c8d0cbbab341?pvs=21),2026/06/24,,$0.00
清大停車,General (https://app.notion.com/p/General-1fe52a1550c180d89a84f6b6694a42f5?pvs=21),-1632,NT$30.00,Traffic (https://app.notion.com/p/Traffic-1de52a1550c1807b8ff6e40f804e1127?pvs=21),2026/06/23,,$0.00
山東豆漿大王,General (https://app.notion.com/p/General-1fe52a1550c180d89a84f6b6694a42f5?pvs=21),-1916,NT$78.00,Food (https://app.notion.com/p/Food-1de52a1550c1808585f7c8d0cbbab341?pvs=21),2026/06/26,,$0.00
停車位,Fixed (https://app.notion.com/p/Fixed-1de52a1550c180f19995d25cbc6f1038?pvs=21),11104,"NT$2,500.00",Insurance (https://app.notion.com/p/Insurance-1de52a1550c181f09d1dfb6d85985a86?pvs=21),2026/07/01,,"$2,500.00"
勞保費,Fixed (https://app.notion.com/p/Fixed-1de52a1550c180f19995d25cbc6f1038?pvs=21),11104,"NT$1,145.00",Insurance (https://app.notion.com/p/Insurance-1de52a1550c181f09d1dfb6d85985a86?pvs=21),2026/07/01,,"$1,145.00"
健保費,Fixed (https://app.notion.com/p/Fixed-1de52a1550c180f19995d25cbc6f1038?pvs=21),11104,"NT$1,129.00",Insurance (https://app.notion.com/p/Insurance-1de52a1550c181f09d1dfb6d85985a86?pvs=21),2026/07/01,,"$1,129.00"
黑貓,General (https://app.notion.com/p/General-1fe52a1550c180d89a84f6b6694a42f5?pvs=21),-1838,NT$130.00,Groceries (https://app.notion.com/p/Groceries-1de52a1550c180c6be6cdfaeb95cee9a?pvs=21),2026/06/24,,$0.00
Lopia,General (https://app.notion.com/p/General-1fe52a1550c180d89a84f6b6694a42f5?pvs=21),-4296,"NT$1,818.00",Food (https://app.notion.com/p/Food-1de52a1550c1808585f7c8d0cbbab341?pvs=21),2026/06/29,,$0.00
越式生牛肉,General (https://app.notion.com/p/General-1fe52a1550c180d89a84f6b6694a42f5?pvs=21),-2478,NT$450.00,Food (https://app.notion.com/p/Food-1de52a1550c1808585f7c8d0cbbab341?pvs=21),2026/06/28,,$0.00
7-11,General (https://app.notion.com/p/General-1fe52a1550c180d89a84f6b6694a42f5?pvs=21),-4546,NT$250.00,Food (https://app.notion.com/p/Food-1de52a1550c1808585f7c8d0cbbab341?pvs=21),2026/06/30,,$0.00
宏匯廣場停車,Dream (https://app.notion.com/p/Dream-1de52a1550c180a4bc6eee5e921cbc2d?pvs=21),-75502,NT$20.00,Traffic (https://app.notion.com/p/Traffic-1de52a1550c1807b8ff6e40f804e1127?pvs=21),2026/06/29,,$0.00
農會,General (https://app.notion.com/p/General-1fe52a1550c180d89a84f6b6694a42f5?pvs=21),-2478,NT$112.00,Food (https://app.notion.com/p/Food-1de52a1550c1808585f7c8d0cbbab341?pvs=21),2026/06/28,,$0.00
城市車旅,Dream (https://app.notion.com/p/Dream-1de52a1550c180a4bc6eee5e921cbc2d?pvs=21),-78482,"NT$1,800.00",Traffic (https://app.notion.com/p/Traffic-1de52a1550c1807b8ff6e40f804e1127?pvs=21),2026/06/26,,$0.00
汽車加油,Dream (https://app.notion.com/p/Dream-1de52a1550c180a4bc6eee5e921cbc2d?pvs=21),-76682,"NT$1,079.00",Traffic (https://app.notion.com/p/Traffic-1de52a1550c1807b8ff6e40f804e1127?pvs=21),2026/06/23,,$0.00
拾久茶屋,General (https://app.notion.com/p/General-1fe52a1550c180d89a84f6b6694a42f5?pvs=21),-1632,NT$50.00,Food (https://app.notion.com/p/Food-1de52a1550c1808585f7c8d0cbbab341?pvs=21),2026/06/23,,$0.00
五金王,Dream (https://app.notion.com/p/Dream-1de52a1550c180a4bc6eee5e921cbc2d?pvs=21),-75603,NT$297.00,Groceries (https://app.notion.com/p/Groceries-1de52a1550c180c6be6cdfaeb95cee9a?pvs=21),2026/06/22,,$0.00
2026綜合所得稅,Dream (https://app.notion.com/p/Dream-1de52a1550c180a4bc6eee5e921cbc2d?pvs=21),-58189,"NT$13,885.00",Tax (https://app.notion.com/p/Tax-1de52a1550c1816f8f50ee76d1367da6?pvs=21),2026/05/19,,$0.00
章媽蔥抓餅,General (https://app.notion.com/p/General-1fe52a1550c180d89a84f6b6694a42f5?pvs=21),-1632,NT$70.00,Food (https://app.notion.com/p/Food-1de52a1550c1808585f7c8d0cbbab341?pvs=21),2026/06/23,,$0.00
全聯,General (https://app.notion.com/p/General-1fe52a1550c180d89a84f6b6694a42f5?pvs=21),1693,"NT$1,046.00",Food (https://app.notion.com/p/Food-1de52a1550c1808585f7c8d0cbbab341?pvs=21),2026/06/14,,$0.00
章媽蔥抓餅,General (https://app.notion.com/p/General-1fe52a1550c180d89a84f6b6694a42f5?pvs=21),5526,NT$65.00,Food (https://app.notion.com/p/Food-1de52a1550c1808585f7c8d0cbbab341?pvs=21),2026/06/10,,$0.00
蝦皮,Dream (https://app.notion.com/p/Dream-1de52a1550c180a4bc6eee5e921cbc2d?pvs=21),-66570,NT$721.00,Traffic (https://app.notion.com/p/Traffic-1de52a1550c1807b8ff6e40f804e1127?pvs=21),2026/06/18,,$0.00
國泰汽車保費,Dream (https://app.notion.com/p/Dream-1de52a1550c180a4bc6eee5e921cbc2d?pvs=21),-58240,"NT$11,776.00",Traffic (https://app.notion.com/p/Traffic-1de52a1550c1807b8ff6e40f804e1127?pvs=21),2026/06/14,AWY-2910,$0.00
國泰醫療險保費,Fixed (https://app.notion.com/p/Fixed-1de52a1550c180f19995d25cbc6f1038?pvs=21),15878,"NT$13,235.00",Insurance (https://app.notion.com/p/Insurance-1de52a1550c181f09d1dfb6d85985a86?pvs=21),2026/06/22,,$0.00
富邦醫療險保費,Fixed (https://app.notion.com/p/Fixed-1de52a1550c180f19995d25cbc6f1038?pvs=21),25714,"NT$11,283.00",Insurance (https://app.notion.com/p/Insurance-1de52a1550c181f09d1dfb6d85985a86?pvs=21),2026/05/15,,$0.00
etag,Dream (https://app.notion.com/p/Dream-1de52a1550c180a4bc6eee5e921cbc2d?pvs=21),-66570,NT$400.00,Traffic (https://app.notion.com/p/Traffic-1de52a1550c1807b8ff6e40f804e1127?pvs=21),2026/06/18,,$0.00
要活就要動,Dream (https://app.notion.com/p/Dream-1de52a1550c180a4bc6eee5e921cbc2d?pvs=21),-58189,"NT$2,667.00",Health (https://app.notion.com/p/Health-1de52a1550c180948ad5c45ef59a5bb8?pvs=21),2026/05/19,,$0.00
要活就要動,Dream (https://app.notion.com/p/Dream-1de52a1550c180a4bc6eee5e921cbc2d?pvs=21),-83693,"NT$2,553.00",Health (https://app.notion.com/p/Health-1de52a1550c180948ad5c45ef59a5bb8?pvs=21),2026/01/18,,$0.00
房租,Fixed (https://app.notion.com/p/Fixed-1de52a1550c180f19995d25cbc6f1038?pvs=21),19277,"NT$7,300.00",Groceries (https://app.notion.com/p/Groceries-1de52a1550c180c6be6cdfaeb95cee9a?pvs=21),2026/07/02,,"$7,300.00"
匯給媽,Fixed (https://app.notion.com/p/Fixed-1de52a1550c180f19995d25cbc6f1038?pvs=21),19277,"NT$6,000.00",Family (https://app.notion.com/p/Family-1de52a1550c181faa107fcc0a73d8120?pvs=21),2026/07/02,,"$6,000.00"
全聯,General (https://app.notion.com/p/General-1fe52a1550c180d89a84f6b6694a42f5?pvs=21),7947,NT$110.00,Food (https://app.notion.com/p/Food-1de52a1550c1808585f7c8d0cbbab341?pvs=21),2026/07/02,,$110.00
機車保養,General (https://app.notion.com/p/General-1fe52a1550c180d89a84f6b6694a42f5?pvs=21),7947,NT$350.00,Traffic (https://app.notion.com/p/Traffic-1de52a1550c1807b8ff6e40f804e1127?pvs=21),2026/07/02,,$350.00
7-11,General (https://app.notion.com/p/General-1fe52a1550c180d89a84f6b6694a42f5?pvs=21),7947,NT$61.00,Food (https://app.notion.com/p/Food-1de52a1550c1808585f7c8d0cbbab341?pvs=21),2026/07/02,,$61.00