Date,Expense,Detail,Amount,Category,Account,Account Balance
2026/08/02,星宇航空,東京台灣,"NT$5,806.00",Traffic (https://app.notion.com/p/Traffic-1de52a1550c1807b8ff6e40f804e1127?pvs=21),Dream (https://app.notion.com/p/Dream-1de52a1550c180a4bc6eee5e921cbc2d?pvs=21),-103885
2026/07/26,日幣,,"NT$16,000.00",Fun (https://app.notion.com/p/Fun-1de52a1550c180f197e2ff3116ec3fa2?pvs=21),Dream (https://app.notion.com/p/Dream-1de52a1550c180a4bc6eee5e921cbc2d?pvs=21),-98079
2026/07/26,岳野,富士山５天行程,"NT$27,900.00",Fun (https://app.notion.com/p/Fun-1de52a1550c180f197e2ff3116ec3fa2?pvs=21),Dream (https://app.notion.com/p/Dream-1de52a1550c180a4bc6eee5e921cbc2d?pvs=21),-98079
2026/07/26,岳野,富士山行程訂金,"NT$10,000.00",Fun (https://app.notion.com/p/Fun-1de52a1550c180f197e2ff3116ec3fa2?pvs=21),Dream (https://app.notion.com/p/Dream-1de52a1550c180a4bc6eee5e921cbc2d?pvs=21),-98079
2026/07/26,樂桃航空,台灣東京,"NT$5,190.00",Traffic (https://app.notion.com/p/Traffic-1de52a1550c1807b8ff6e40f804e1127?pvs=21),Dream (https://app.notion.com/p/Dream-1de52a1550c180a4bc6eee5e921cbc2d?pvs=21),-98079
2026/07/02,7-11,,NT$61.00,Food (https://app.notion.com/p/Food-1de52a1550c1808585f7c8d0cbbab341?pvs=21),General (https://app.notion.com/p/General-1fe52a1550c180d89a84f6b6694a42f5?pvs=21),7947
2026/07/02,機車保養,,NT$350.00,Traffic (https://app.notion.com/p/Traffic-1de52a1550c1807b8ff6e40f804e1127?pvs=21),General (https://app.notion.com/p/General-1fe52a1550c180d89a84f6b6694a42f5?pvs=21),7947
2026/07/02,全聯,,NT$110.00,Food (https://app.notion.com/p/Food-1de52a1550c1808585f7c8d0cbbab341?pvs=21),General (https://app.notion.com/p/General-1fe52a1550c180d89a84f6b6694a42f5?pvs=21),7947
2026/07/02,匯給媽,,"NT$6,000.00",Family (https://app.notion.com/p/Family-1de52a1550c181faa107fcc0a73d8120?pvs=21),Fixed (https://app.notion.com/p/Fixed-1de52a1550c180f19995d25cbc6f1038?pvs=21),19277
2026/07/02,房租,,"NT$7,300.00",Groceries (https://app.notion.com/p/Groceries-1de52a1550c180c6be6cdfaeb95cee9a?pvs=21),Fixed (https://app.notion.com/p/Fixed-1de52a1550c180f19995d25cbc6f1038?pvs=21),19277
2026/07/01,健保費,,"NT$1,129.00",Insurance (https://app.notion.com/p/Insurance-1de52a1550c181f09d1dfb6d85985a86?pvs=21),Fixed (https://app.notion.com/p/Fixed-1de52a1550c180f19995d25cbc6f1038?pvs=21),11104
2026/07/01,勞保費,,"NT$1,145.00",Insurance (https://app.notion.com/p/Insurance-1de52a1550c181f09d1dfb6d85985a86?pvs=21),Fixed (https://app.notion.com/p/Fixed-1de52a1550c180f19995d25cbc6f1038?pvs=21),11104
2026/07/01,停車位,,"NT$2,500.00",Insurance (https://app.notion.com/p/Insurance-1de52a1550c181f09d1dfb6d85985a86?pvs=21),Fixed (https://app.notion.com/p/Fixed-1de52a1550c180f19995d25cbc6f1038?pvs=21),11104
2026/06/30,7-11,,NT$250.00,Food (https://app.notion.com/p/Food-1de52a1550c1808585f7c8d0cbbab341?pvs=21),General (https://app.notion.com/p/General-1fe52a1550c180d89a84f6b6694a42f5?pvs=21),-4546
2026/06/29,宏匯廣場停車,,NT$20.00,Traffic (https://app.notion.com/p/Traffic-1de52a1550c1807b8ff6e40f804e1127?pvs=21),Dream (https://app.notion.com/p/Dream-1de52a1550c180a4bc6eee5e921cbc2d?pvs=21),-75502
2026/06/29,Lopia,,"NT$1,818.00",Food (https://app.notion.com/p/Food-1de52a1550c1808585f7c8d0cbbab341?pvs=21),General (https://app.notion.com/p/General-1fe52a1550c180d89a84f6b6694a42f5?pvs=21),-4296
2026/06/28,農會,,NT$112.00,Food (https://app.notion.com/p/Food-1de52a1550c1808585f7c8d0cbbab341?pvs=21),General (https://app.notion.com/p/General-1fe52a1550c180d89a84f6b6694a42f5?pvs=21),-2478
2026/06/28,越式生牛肉,,NT$450.00,Food (https://app.notion.com/p/Food-1de52a1550c1808585f7c8d0cbbab341?pvs=21),General (https://app.notion.com/p/General-1fe52a1550c180d89a84f6b6694a42f5?pvs=21),-2478
2026/06/26,城市車旅,,"NT$1,800.00",Traffic (https://app.notion.com/p/Traffic-1de52a1550c1807b8ff6e40f804e1127?pvs=21),Dream (https://app.notion.com/p/Dream-1de52a1550c180a4bc6eee5e921cbc2d?pvs=21),-78482
2026/06/26,山東豆漿大王,,NT$78.00,Food (https://app.notion.com/p/Food-1de52a1550c1808585f7c8d0cbbab341?pvs=21),General (https://app.notion.com/p/General-1fe52a1550c180d89a84f6b6694a42f5?pvs=21),-1916
2026/06/24,黑貓,,NT$130.00,Groceries (https://app.notion.com/p/Groceries-1de52a1550c180c6be6cdfaeb95cee9a?pvs=21),General (https://app.notion.com/p/General-1fe52a1550c180d89a84f6b6694a42f5?pvs=21),-1838
2026/06/24,山東豆漿,,NT$76.00,Food (https://app.notion.com/p/Food-1de52a1550c1808585f7c8d0cbbab341?pvs=21),General (https://app.notion.com/p/General-1fe52a1550c180d89a84f6b6694a42f5?pvs=21),-1838
2026/06/23,章媽蔥抓餅,,NT$70.00,Food (https://app.notion.com/p/Food-1de52a1550c1808585f7c8d0cbbab341?pvs=21),General (https://app.notion.com/p/General-1fe52a1550c180d89a84f6b6694a42f5?pvs=21),-1632
2026/06/23,拾久茶屋,,NT$50.00,Food (https://app.notion.com/p/Food-1de52a1550c1808585f7c8d0cbbab341?pvs=21),General (https://app.notion.com/p/General-1fe52a1550c180d89a84f6b6694a42f5?pvs=21),-1632
2026/06/23,汽車加油,,"NT$1,079.00",Traffic (https://app.notion.com/p/Traffic-1de52a1550c1807b8ff6e40f804e1127?pvs=21),Dream (https://app.notion.com/p/Dream-1de52a1550c180a4bc6eee5e921cbc2d?pvs=21),-76682
2026/06/23,清大停車,,NT$30.00,Traffic (https://app.notion.com/p/Traffic-1de52a1550c1807b8ff6e40f804e1127?pvs=21),General (https://app.notion.com/p/General-1fe52a1550c180d89a84f6b6694a42f5?pvs=21),-1632
2026/06/22,國泰醫療險保費,,"NT$13,235.00",Insurance (https://app.notion.com/p/Insurance-1de52a1550c181f09d1dfb6d85985a86?pvs=21),Fixed (https://app.notion.com/p/Fixed-1de52a1550c180f19995d25cbc6f1038?pvs=21),15878
2026/06/22,五金王,,NT$297.00,Groceries (https://app.notion.com/p/Groceries-1de52a1550c180c6be6cdfaeb95cee9a?pvs=21),Dream (https://app.notion.com/p/Dream-1de52a1550c180a4bc6eee5e921cbc2d?pvs=21),-75603
2026/06/21,迪卡儂,,"NT$2,074.00",Fun (https://app.notion.com/p/Fun-1de52a1550c180f197e2ff3116ec3fa2?pvs=21),Dream (https://app.notion.com/p/Dream-1de52a1550c180a4bc6eee5e921cbc2d?pvs=21),-75306
2026/06/21,停車費,,NT$120.00,Traffic (https://app.notion.com/p/Traffic-1de52a1550c1807b8ff6e40f804e1127?pvs=21),Dream (https://app.notion.com/p/Dream-1de52a1550c180a4bc6eee5e921cbc2d?pvs=21),-75306
2026/06/21,育豐婚禮,,"NT$3,800.00",Fun (https://app.notion.com/p/Fun-1de52a1550c180f197e2ff3116ec3fa2?pvs=21),Dream (https://app.notion.com/p/Dream-1de52a1550c180a4bc6eee5e921cbc2d?pvs=21),-75306
2026/06/21,上宇林,,NT$95.00,Food (https://app.notion.com/p/Food-1de52a1550c1808585f7c8d0cbbab341?pvs=21),General (https://app.notion.com/p/General-1fe52a1550c180d89a84f6b6694a42f5?pvs=21),-1482
2026/06/20,Mini hotel,,"NT$3,081.00",Fun (https://app.notion.com/p/Fun-1de52a1550c180f197e2ff3116ec3fa2?pvs=21),Dream (https://app.notion.com/p/Dream-1de52a1550c180a4bc6eee5e921cbc2d?pvs=21),-72757
2026/06/20,花茶大師,,NT$135.00,Food (https://app.notion.com/p/Food-1de52a1550c1808585f7c8d0cbbab341?pvs=21),General (https://app.notion.com/p/General-1fe52a1550c180d89a84f6b6694a42f5?pvs=21),-1387
2026/06/20,大腸包小腸,,NT$75.00,Food (https://app.notion.com/p/Food-1de52a1550c1808585f7c8d0cbbab341?pvs=21),General (https://app.notion.com/p/General-1fe52a1550c180d89a84f6b6694a42f5?pvs=21),-1387
2026/06/20,明倫蛋餅,,NT$100.00,Food (https://app.notion.com/p/Food-1de52a1550c1808585f7c8d0cbbab341?pvs=21),General (https://app.notion.com/p/General-1fe52a1550c180d89a84f6b6694a42f5?pvs=21),-1387
2026/06/20,延南家韓式豬肉湯飯雪濃湯,,NT$744.00,Food (https://app.notion.com/p/Food-1de52a1550c1808585f7c8d0cbbab341?pvs=21),General (https://app.notion.com/p/General-1fe52a1550c180d89a84f6b6694a42f5?pvs=21),-1387
2026/06/20,停車費,,NT$85.00,Traffic (https://app.notion.com/p/Traffic-1de52a1550c1807b8ff6e40f804e1127?pvs=21),Dream (https://app.notion.com/p/Dream-1de52a1550c180a4bc6eee5e921cbc2d?pvs=21),-72757
2026/06/20,手機支架,,"NT$1,679.00",Fun (https://app.notion.com/p/Fun-1de52a1550c180f197e2ff3116ec3fa2?pvs=21),Dream (https://app.notion.com/p/Dream-1de52a1550c180a4bc6eee5e921cbc2d?pvs=21),-72757
2026/06/19,加油費,,"NT$1,167.00",Traffic (https://app.notion.com/p/Traffic-1de52a1550c1807b8ff6e40f804e1127?pvs=21),Dream (https://app.notion.com/p/Dream-1de52a1550c180a4bc6eee5e921cbc2d?pvs=21),-67912
2026/06/19,溪頭露營區,,NT$175.00,Traffic (https://app.notion.com/p/Traffic-1de52a1550c1807b8ff6e40f804e1127?pvs=21),Dream (https://app.notion.com/p/Dream-1de52a1550c180a4bc6eee5e921cbc2d?pvs=21),-67912
2026/06/18,etag,,NT$400.00,Traffic (https://app.notion.com/p/Traffic-1de52a1550c1807b8ff6e40f804e1127?pvs=21),Dream (https://app.notion.com/p/Dream-1de52a1550c180a4bc6eee5e921cbc2d?pvs=21),-66570
2026/06/18,蝦皮,,NT$721.00,Traffic (https://app.notion.com/p/Traffic-1de52a1550c1807b8ff6e40f804e1127?pvs=21),Dream (https://app.notion.com/p/Dream-1de52a1550c180a4bc6eee5e921cbc2d?pvs=21),-66570
2026/06/18,7-11,,NT$75.00,Food (https://app.notion.com/p/Food-1de52a1550c1808585f7c8d0cbbab341?pvs=21),General (https://app.notion.com/p/General-1fe52a1550c180d89a84f6b6694a42f5?pvs=21),-333
2026/06/18,上野匠烤肉飯,,NT$115.00,Food (https://app.notion.com/p/Food-1de52a1550c1808585f7c8d0cbbab341?pvs=21),General (https://app.notion.com/p/General-1fe52a1550c180d89a84f6b6694a42f5?pvs=21),-333
2026/06/17,車麗屋,雨刷22吋+16吋+遮陽板,NT$744.00,Food (https://app.notion.com/p/Food-1de52a1550c1808585f7c8d0cbbab341?pvs=21),General (https://app.notion.com/p/General-1fe52a1550c180d89a84f6b6694a42f5?pvs=21),-143
2026/06/17,厚醇牛肉麵,,NT$420.00,Food (https://app.notion.com/p/Food-1de52a1550c1808585f7c8d0cbbab341?pvs=21),General (https://app.notion.com/p/General-1fe52a1550c180d89a84f6b6694a42f5?pvs=21),-143
2026/06/16,燃料費,,"NT$5,000.00",Traffic (https://app.notion.com/p/Traffic-1de52a1550c1807b8ff6e40f804e1127?pvs=21),Dream (https://app.notion.com/p/Dream-1de52a1550c180a4bc6eee5e921cbc2d?pvs=21),-65449
2026/06/16,LuxgenU5,,"NT$130,000.00",Traffic (https://app.notion.com/p/Traffic-1de52a1550c1807b8ff6e40f804e1127?pvs=21),Savings (https://app.notion.com/p/Savings-1de52a1550c18029b280dc7d9d36cb03?pvs=21),189806
2026/06/16,爭鮮,,NT$50.00,Food (https://app.notion.com/p/Food-1de52a1550c1808585f7c8d0cbbab341?pvs=21),General (https://app.notion.com/p/General-1fe52a1550c180d89a84f6b6694a42f5?pvs=21),1021
2026/06/16,六扇門,,NT$395.00,Food (https://app.notion.com/p/Food-1de52a1550c1808585f7c8d0cbbab341?pvs=21),General (https://app.notion.com/p/General-1fe52a1550c180d89a84f6b6694a42f5?pvs=21),1021
2026/06/16,玉蘭,,NT$100.00,Food (https://app.notion.com/p/Food-1de52a1550c1808585f7c8d0cbbab341?pvs=21),General (https://app.notion.com/p/General-1fe52a1550c180d89a84f6b6694a42f5?pvs=21),1021
2026/06/16,台鐵,,NT$696.00,Traffic (https://app.notion.com/p/Traffic-1de52a1550c1807b8ff6e40f804e1127?pvs=21),Dream (https://app.notion.com/p/Dream-1de52a1550c180a4bc6eee5e921cbc2d?pvs=21),-65449
2026/06/16,全家,,NT$65.00,Food (https://app.notion.com/p/Food-1de52a1550c1808585f7c8d0cbbab341?pvs=21),General (https://app.notion.com/p/General-1fe52a1550c180d89a84f6b6694a42f5?pvs=21),1021
2026/06/15,佑全,,NT$62.00,Food (https://app.notion.com/p/Food-1de52a1550c1808585f7c8d0cbbab341?pvs=21),General (https://app.notion.com/p/General-1fe52a1550c180d89a84f6b6694a42f5?pvs=21),1631
2026/06/15,中華電信網路費,,NT$848.00,Fun (https://app.notion.com/p/Fun-1de52a1550c180f197e2ff3116ec3fa2?pvs=21),Dream (https://app.notion.com/p/Dream-1de52a1550c180a4bc6eee5e921cbc2d?pvs=21),-59753
2026/06/15,中華電信手機費,,NT$665.00,Fun (https://app.notion.com/p/Fun-1de52a1550c180f197e2ff3116ec3fa2?pvs=21),Dream (https://app.notion.com/p/Dream-1de52a1550c180a4bc6eee5e921cbc2d?pvs=21),-59753
2026/06/14,國泰汽車保費,AWY-2910,"NT$11,776.00",Traffic (https://app.notion.com/p/Traffic-1de52a1550c1807b8ff6e40f804e1127?pvs=21),Dream (https://app.notion.com/p/Dream-1de52a1550c180a4bc6eee5e921cbc2d?pvs=21),-58240
2026/06/14,全聯,,"NT$1,046.00",Food (https://app.notion.com/p/Food-1de52a1550c1808585f7c8d0cbbab341?pvs=21),General (https://app.notion.com/p/General-1fe52a1550c180d89a84f6b6694a42f5?pvs=21),1693
2026/06/13,Morein,,NT$110.00,Food (https://app.notion.com/p/Food-1de52a1550c1808585f7c8d0cbbab341?pvs=21),General (https://app.notion.com/p/General-1fe52a1550c180d89a84f6b6694a42f5?pvs=21),2739
2026/06/13,北門食室,,NT$455.00,Food (https://app.notion.com/p/Food-1de52a1550c1808585f7c8d0cbbab341?pvs=21),General (https://app.notion.com/p/General-1fe52a1550c180d89a84f6b6694a42f5?pvs=21),2739
2026/06/12,一風堂,,NT$960.00,Food (https://app.notion.com/p/Food-1de52a1550c1808585f7c8d0cbbab341?pvs=21),General (https://app.notion.com/p/General-1fe52a1550c180d89a84f6b6694a42f5?pvs=21),3304
2026/06/12,南廣展覽館,,NT$49.00,Food (https://app.notion.com/p/Food-1de52a1550c1808585f7c8d0cbbab341?pvs=21),General (https://app.notion.com/p/General-1fe52a1550c180d89a84f6b6694a42f5?pvs=21),3304
2026/06/11,Coupang,,NT$796.00,Groceries (https://app.notion.com/p/Groceries-1de52a1550c180c6be6cdfaeb95cee9a?pvs=21),General (https://app.notion.com/p/General-1fe52a1550c180d89a84f6b6694a42f5?pvs=21),4313
2026/06/11,7-11,,NT$90.00,Food (https://app.notion.com/p/Food-1de52a1550c1808585f7c8d0cbbab341?pvs=21),General (https://app.notion.com/p/General-1fe52a1550c180d89a84f6b6694a42f5?pvs=21),4313
2026/06/11,加油費,,NT$174.00,Traffic (https://app.notion.com/p/Traffic-1de52a1550c1807b8ff6e40f804e1127?pvs=21),General (https://app.notion.com/p/General-1fe52a1550c180d89a84f6b6694a42f5?pvs=21),4313
2026/06/11,50嵐,,NT$45.00,Food (https://app.notion.com/p/Food-1de52a1550c1808585f7c8d0cbbab341?pvs=21),General (https://app.notion.com/p/General-1fe52a1550c180d89a84f6b6694a42f5?pvs=21),4313
2026/06/11,拉亞,,NT$45.00,Food (https://app.notion.com/p/Food-1de52a1550c1808585f7c8d0cbbab341?pvs=21),General (https://app.notion.com/p/General-1fe52a1550c180d89a84f6b6694a42f5?pvs=21),4313
2026/06/11,全家,,NT$63.00,Food (https://app.notion.com/p/Food-1de52a1550c1808585f7c8d0cbbab341?pvs=21),General (https://app.notion.com/p/General-1fe52a1550c180d89a84f6b6694a42f5?pvs=21),4313
2026/06/10,章媽蔥抓餅,,NT$65.00,Food (https://app.notion.com/p/Food-1de52a1550c1808585f7c8d0cbbab341?pvs=21),General (https://app.notion.com/p/General-1fe52a1550c180d89a84f6b6694a42f5?pvs=21),5526
2026/06/10,全聯,,NT$355.00,Food (https://app.notion.com/p/Food-1de52a1550c1808585f7c8d0cbbab341?pvs=21),General (https://app.notion.com/p/General-1fe52a1550c180d89a84f6b6694a42f5?pvs=21),5526
2026/06/10,大茗,,NT$215.00,Food (https://app.notion.com/p/Food-1de52a1550c1808585f7c8d0cbbab341?pvs=21),General (https://app.notion.com/p/General-1fe52a1550c180d89a84f6b6694a42f5?pvs=21),5526
2026/06/08,全聯,,NT$577.00,Food (https://app.notion.com/p/Food-1de52a1550c1808585f7c8d0cbbab341?pvs=21),General (https://app.notion.com/p/General-1fe52a1550c180d89a84f6b6694a42f5?pvs=21),6161
2026/06/08,福來麵食館,,NT$270.00,Food (https://app.notion.com/p/Food-1de52a1550c1808585f7c8d0cbbab341?pvs=21),General (https://app.notion.com/p/General-1fe52a1550c180d89a84f6b6694a42f5?pvs=21),6161
2026/06/08,7-11,,NT$126.00,Food (https://app.notion.com/p/Food-1de52a1550c1808585f7c8d0cbbab341?pvs=21),General (https://app.notion.com/p/General-1fe52a1550c180d89a84f6b6694a42f5?pvs=21),6161
2026/06/08,拉亞,,NT$35.00,Food (https://app.notion.com/p/Food-1de52a1550c1808585f7c8d0cbbab341?pvs=21),General (https://app.notion.com/p/General-1fe52a1550c180d89a84f6b6694a42f5?pvs=21),6161
2026/06/08,全家,,NT$65.00,Food (https://app.notion.com/p/Food-1de52a1550c1808585f7c8d0cbbab341?pvs=21),General (https://app.notion.com/p/General-1fe52a1550c180d89a84f6b6694a42f5?pvs=21),6161
2026/06/07,家圓豆漿大王,,NT$225.00,Food (https://app.notion.com/p/Food-1de52a1550c1808585f7c8d0cbbab341?pvs=21),General (https://app.notion.com/p/General-1fe52a1550c180d89a84f6b6694a42f5?pvs=21),7234
2026/06/07,台南車票,,"NT$1,000.00",Traffic (https://app.notion.com/p/Traffic-1de52a1550c1807b8ff6e40f804e1127?pvs=21),Dream (https://app.notion.com/p/Dream-1de52a1550c180a4bc6eee5e921cbc2d?pvs=21),-46464
2026/06/06,台鐵,,NT$200.00,Food (https://app.notion.com/p/Food-1de52a1550c1808585f7c8d0cbbab341?pvs=21),General (https://app.notion.com/p/General-1fe52a1550c180d89a84f6b6694a42f5?pvs=21),7459
2026/06/06,林聰明砂鍋魚頭,,NT$265.00,Food (https://app.notion.com/p/Food-1de52a1550c1808585f7c8d0cbbab341?pvs=21),General (https://app.notion.com/p/General-1fe52a1550c180d89a84f6b6694a42f5?pvs=21),7459
2026/06/05,"林亮辰皮膚診所 ",林炳煌90(20mg)*30=8100,"NT$8,200.00",Health (https://app.notion.com/p/Health-1de52a1550c180948ad5c45ef59a5bb8?pvs=21),Savings (https://app.notion.com/p/Savings-1de52a1550c18029b280dc7d9d36cb03?pvs=21),319806
2026/06/05,汽車燃料費,,"NT$2,643.00",Traffic (https://app.notion.com/p/Traffic-1de52a1550c1807b8ff6e40f804e1127?pvs=21),Dream (https://app.notion.com/p/Dream-1de52a1550c180a4bc6eee5e921cbc2d?pvs=21),-45464
2026/06/05,東門火雞肉飯,,NT$405.00,Food (https://app.notion.com/p/Food-1de52a1550c1808585f7c8d0cbbab341?pvs=21),General (https://app.notion.com/p/General-1fe52a1550c180d89a84f6b6694a42f5?pvs=21),7924
2026/06/04,Spotify月費,,NT$202.00,Fun (https://app.notion.com/p/Fun-1de52a1550c180f197e2ff3116ec3fa2?pvs=21),Dream (https://app.notion.com/p/Dream-1de52a1550c180a4bc6eee5e921cbc2d?pvs=21),-49821
2026/06/04,小鵲幸,,NT$60.00,Food (https://app.notion.com/p/Food-1de52a1550c1808585f7c8d0cbbab341?pvs=21),General (https://app.notion.com/p/General-1fe52a1550c180d89a84f6b6694a42f5?pvs=21),8329
2026/06/04,玉蘭,,NT$60.00,Food (https://app.notion.com/p/Food-1de52a1550c1808585f7c8d0cbbab341?pvs=21),General (https://app.notion.com/p/General-1fe52a1550c180d89a84f6b6694a42f5?pvs=21),8329
2026/06/03,掛號信,,NT$114.00,Groceries (https://app.notion.com/p/Groceries-1de52a1550c180c6be6cdfaeb95cee9a?pvs=21),General (https://app.notion.com/p/General-1fe52a1550c180d89a84f6b6694a42f5?pvs=21),5449
2026/06/02,達盛興,,NT$800.00,Traffic (https://app.notion.com/p/Traffic-1de52a1550c1807b8ff6e40f804e1127?pvs=21),Dream (https://app.notion.com/p/Dream-1de52a1550c180a4bc6eee5e921cbc2d?pvs=21),-50142
2026/06/02,匯給媽,,"NT$6,000.00",Family (https://app.notion.com/p/Family-1de52a1550c181faa107fcc0a73d8120?pvs=21),Fixed (https://app.notion.com/p/Fixed-1de52a1550c180f19995d25cbc6f1038?pvs=21),29113
2026/06/02,房租,,"NT$7,300.00",Groceries (https://app.notion.com/p/Groceries-1de52a1550c180c6be6cdfaeb95cee9a?pvs=21),Fixed (https://app.notion.com/p/Fixed-1de52a1550c180f19995d25cbc6f1038?pvs=21),29113
2026/06/01,五金王,,NT$359.00,Groceries (https://app.notion.com/p/Groceries-1de52a1550c180c6be6cdfaeb95cee9a?pvs=21),General (https://app.notion.com/p/General-1fe52a1550c180d89a84f6b6694a42f5?pvs=21),-9451
2026/06/01,清大機車停車費,,NT$600.00,Traffic (https://app.notion.com/p/Traffic-1de52a1550c1807b8ff6e40f804e1127?pvs=21),General (https://app.notion.com/p/General-1fe52a1550c180d89a84f6b6694a42f5?pvs=21),-9451
2026/06/01,拉亞,,NT$109.00,Food (https://app.notion.com/p/Food-1de52a1550c1808585f7c8d0cbbab341?pvs=21),General (https://app.notion.com/p/General-1fe52a1550c180d89a84f6b6694a42f5?pvs=21),-9451
2026/06/01,健保費,,"NT$1,129.00",Insurance (https://app.notion.com/p/Insurance-1de52a1550c181f09d1dfb6d85985a86?pvs=21),Fixed (https://app.notion.com/p/Fixed-1de52a1550c180f19995d25cbc6f1038?pvs=21),20940
2026/06/01,停車位,,"NT$2,500.00",Insurance (https://app.notion.com/p/Insurance-1de52a1550c181f09d1dfb6d85985a86?pvs=21),Fixed (https://app.notion.com/p/Fixed-1de52a1550c180f19995d25cbc6f1038?pvs=21),20940
2026/06/01,勞保費,,"NT$1,145.00",Insurance (https://app.notion.com/p/Insurance-1de52a1550c181f09d1dfb6d85985a86?pvs=21),Fixed (https://app.notion.com/p/Fixed-1de52a1550c180f19995d25cbc6f1038?pvs=21),20940
2026/05/30,全聯,,NT$268.00,Food (https://app.notion.com/p/Food-1de52a1550c1808585f7c8d0cbbab341?pvs=21),General (https://app.notion.com/p/General-1fe52a1550c180d89a84f6b6694a42f5?pvs=21),-6383
2026/05/30,"包sir ",,NT$725.00,Food (https://app.notion.com/p/Food-1de52a1550c1808585f7c8d0cbbab341?pvs=21),General (https://app.notion.com/p/General-1fe52a1550c180d89a84f6b6694a42f5?pvs=21),-6383
2026/05/29,林亮辰皮膚診所,70(口服A酸10mg)*28 = 1960,"NT$1,960.00",Health (https://app.notion.com/p/Health-1de52a1550c180948ad5c45ef59a5bb8?pvs=21),Savings (https://app.notion.com/p/Savings-1de52a1550c18029b280dc7d9d36cb03?pvs=21),321499
2026/05/29,"林亮辰皮膚診所 ",,NT$340.00,Health (https://app.notion.com/p/Health-1de52a1550c180948ad5c45ef59a5bb8?pvs=21),Savings (https://app.notion.com/p/Savings-1de52a1550c18029b280dc7d9d36cb03?pvs=21),321499
2026/05/29,7-11,,NT$98.00,Food (https://app.notion.com/p/Food-1de52a1550c1808585f7c8d0cbbab341?pvs=21),General (https://app.notion.com/p/General-1fe52a1550c180d89a84f6b6694a42f5?pvs=21),-5390
2026/05/29,私嚐,,NT$717.00,Food (https://app.notion.com/p/Food-1de52a1550c1808585f7c8d0cbbab341?pvs=21),General (https://app.notion.com/p/General-1fe52a1550c180d89a84f6b6694a42f5?pvs=21),-5390
2026/05/29,好豆味,,NT$140.00,Food (https://app.notion.com/p/Food-1de52a1550c1808585f7c8d0cbbab341?pvs=21),General (https://app.notion.com/p/General-1fe52a1550c180d89a84f6b6694a42f5?pvs=21),-5390
2026/05/26,玉蘭,,NT$55.00,Food (https://app.notion.com/p/Food-1de52a1550c1808585f7c8d0cbbab341?pvs=21),General (https://app.notion.com/p/General-1fe52a1550c180d89a84f6b6694a42f5?pvs=21),-4435
2026/05/26,全家,,NT$45.00,Food (https://app.notion.com/p/Food-1de52a1550c1808585f7c8d0cbbab341?pvs=21),General (https://app.notion.com/p/General-1fe52a1550c180d89a84f6b6694a42f5?pvs=21),-4435
2026/05/25,拉亞,,NT$35.00,Food (https://app.notion.com/p/Food-1de52a1550c1808585f7c8d0cbbab341?pvs=21),General (https://app.notion.com/p/General-1fe52a1550c180d89a84f6b6694a42f5?pvs=21),-4335
2026/05/25,全家,,NT$63.00,Food (https://app.notion.com/p/Food-1de52a1550c1808585f7c8d0cbbab341?pvs=21),General (https://app.notion.com/p/General-1fe52a1550c180d89a84f6b6694a42f5?pvs=21),-4335
2026/05/24,春水堂,,"NT$1,072.00",Food (https://app.notion.com/p/Food-1de52a1550c1808585f7c8d0cbbab341?pvs=21),General (https://app.notion.com/p/General-1fe52a1550c180d89a84f6b6694a42f5?pvs=21),-4237
2026/05/24,威秀影城,,NT$645.00,Fun (https://app.notion.com/p/Fun-1de52a1550c180f197e2ff3116ec3fa2?pvs=21),Dream (https://app.notion.com/p/Dream-1de52a1550c180a4bc6eee5e921cbc2d?pvs=21),-59004
2026/05/23,加油費,機車,NT$170.00,Traffic (https://app.notion.com/p/Traffic-1de52a1550c1807b8ff6e40f804e1127?pvs=21),General (https://app.notion.com/p/General-1fe52a1550c180d89a84f6b6694a42f5?pvs=21),-3165
2026/05/23,呷潤餅,,NT$170.00,Food (https://app.notion.com/p/Food-1de52a1550c1808585f7c8d0cbbab341?pvs=21),General (https://app.notion.com/p/General-1fe52a1550c180d89a84f6b6694a42f5?pvs=21),-3165
2026/05/23,羽球零打,,NT$170.00,Fun (https://app.notion.com/p/Fun-1de52a1550c180f197e2ff3116ec3fa2?pvs=21),Dream (https://app.notion.com/p/Dream-1de52a1550c180a4bc6eee5e921cbc2d?pvs=21),-58359
2026/05/20,巨城,,NT$670.00,Food (https://app.notion.com/p/Food-1de52a1550c1808585f7c8d0cbbab341?pvs=21),General (https://app.notion.com/p/General-1fe52a1550c180d89a84f6b6694a42f5?pvs=21),-2825
2026/05/19,要活就要動,,"NT$2,667.00",Health (https://app.notion.com/p/Health-1de52a1550c180948ad5c45ef59a5bb8?pvs=21),Dream (https://app.notion.com/p/Dream-1de52a1550c180a4bc6eee5e921cbc2d?pvs=21),-58189
2026/05/19,2026綜合所得稅,,"NT$13,885.00",Tax (https://app.notion.com/p/Tax-1de52a1550c1816f8f50ee76d1367da6?pvs=21),Dream (https://app.notion.com/p/Dream-1de52a1550c180a4bc6eee5e921cbc2d?pvs=21),-58189
2026/05/19,第二春,,NT$150.00,Food (https://app.notion.com/p/Food-1de52a1550c1808585f7c8d0cbbab341?pvs=21),General (https://app.notion.com/p/General-1fe52a1550c180d89a84f6b6694a42f5?pvs=21),-2155
2026/05/19,蔥油雞,,NT$280.00,Food (https://app.notion.com/p/Food-1de52a1550c1808585f7c8d0cbbab341?pvs=21),General (https://app.notion.com/p/General-1fe52a1550c180d89a84f6b6694a42f5?pvs=21),-2155
2026/05/18,麥味登,,NT$60.00,Food (https://app.notion.com/p/Food-1de52a1550c1808585f7c8d0cbbab341?pvs=21),General (https://app.notion.com/p/General-1fe52a1550c180d89a84f6b6694a42f5?pvs=21),-1725
2026/05/17,全聯,,NT$477.00,Food (https://app.notion.com/p/Food-1de52a1550c1808585f7c8d0cbbab341?pvs=21),General (https://app.notion.com/p/General-1fe52a1550c180d89a84f6b6694a42f5?pvs=21),-1665
2026/05/17,"小屋頂早餐
",,NT$238.00,Food (https://app.notion.com/p/Food-1de52a1550c1808585f7c8d0cbbab341?pvs=21),General (https://app.notion.com/p/General-1fe52a1550c180d89a84f6b6694a42f5?pvs=21),-1665
2026/05/16,Costco,,"NT$3,845.00",Food (https://app.notion.com/p/Food-1de52a1550c1808585f7c8d0cbbab341?pvs=21),General (https://app.notion.com/p/General-1fe52a1550c180d89a84f6b6694a42f5?pvs=21),-950
2026/05/16,冷氣清潔費,,"NT$3,800.00",Other (https://app.notion.com/p/Other-1de52a1550c1810a92c1c432337241e8?pvs=21),Dream (https://app.notion.com/p/Dream-1de52a1550c180a4bc6eee5e921cbc2d?pvs=21),-41637
2026/05/16,早餐店,,NT$70.00,Food (https://app.notion.com/p/Food-1de52a1550c1808585f7c8d0cbbab341?pvs=21),General (https://app.notion.com/p/General-1fe52a1550c180d89a84f6b6694a42f5?pvs=21),-950
2026/05/16,7-11,,NT$58.00,Food (https://app.notion.com/p/Food-1de52a1550c1808585f7c8d0cbbab341?pvs=21),General (https://app.notion.com/p/General-1fe52a1550c180d89a84f6b6694a42f5?pvs=21),-950
2026/05/15,富邦醫療險保費,,"NT$11,283.00",Insurance (https://app.notion.com/p/Insurance-1de52a1550c181f09d1dfb6d85985a86?pvs=21),Fixed (https://app.notion.com/p/Fixed-1de52a1550c180f19995d25cbc6f1038?pvs=21),25714
2026/05/15,中華電信手機費,,NT$665.00,Fun (https://app.notion.com/p/Fun-1de52a1550c180f197e2ff3116ec3fa2?pvs=21),Dream (https://app.notion.com/p/Dream-1de52a1550c180a4bc6eee5e921cbc2d?pvs=21),-37837
2026/05/15,中華電信網路費,,NT$848.00,Fun (https://app.notion.com/p/Fun-1de52a1550c180f197e2ff3116ec3fa2?pvs=21),Dream (https://app.notion.com/p/Dream-1de52a1550c180a4bc6eee5e921cbc2d?pvs=21),-37837
2026/05/13,全國加油站,汽車,"NT$1,683.00",Traffic (https://app.notion.com/p/Traffic-1de52a1550c1807b8ff6e40f804e1127?pvs=21),Dream (https://app.notion.com/p/Dream-1de52a1550c180a4bc6eee5e921cbc2d?pvs=21),-36324
2026/05/13,7-11,,NT$70.00,Food (https://app.notion.com/p/Food-1de52a1550c1808585f7c8d0cbbab341?pvs=21),General (https://app.notion.com/p/General-1fe52a1550c180d89a84f6b6694a42f5?pvs=21),3023
2026/05/12,龜記,,NT$100.00,Food (https://app.notion.com/p/Food-1de52a1550c1808585f7c8d0cbbab341?pvs=21),General (https://app.notion.com/p/General-1fe52a1550c180d89a84f6b6694a42f5?pvs=21),3093
2026/05/12,起家雞,,NT$912.00,Food (https://app.notion.com/p/Food-1de52a1550c1808585f7c8d0cbbab341?pvs=21),General (https://app.notion.com/p/General-1fe52a1550c180d89a84f6b6694a42f5?pvs=21),3093
2026/05/12,拉亞漢堡,,NT$45.00,Food (https://app.notion.com/p/Food-1de52a1550c1808585f7c8d0cbbab341?pvs=21),General (https://app.notion.com/p/General-1fe52a1550c180d89a84f6b6694a42f5?pvs=21),3093
2026/05/11,草本茶,,NT$40.00,Food (https://app.notion.com/p/Food-1de52a1550c1808585f7c8d0cbbab341?pvs=21),General (https://app.notion.com/p/General-1fe52a1550c180d89a84f6b6694a42f5?pvs=21),4150
2026/05/11,潤餅,,NT$45.00,Food (https://app.notion.com/p/Food-1de52a1550c1808585f7c8d0cbbab341?pvs=21),General (https://app.notion.com/p/General-1fe52a1550c180d89a84f6b6694a42f5?pvs=21),4150
2026/05/11,7-11,,NT$108.00,Food (https://app.notion.com/p/Food-1de52a1550c1808585f7c8d0cbbab341?pvs=21),General (https://app.notion.com/p/General-1fe52a1550c180d89a84f6b6694a42f5?pvs=21),4150
2026/05/11,第一銀行,Pin碼解鎖,NT$50.00,Fun (https://app.notion.com/p/Fun-1de52a1550c180f197e2ff3116ec3fa2?pvs=21),General (https://app.notion.com/p/General-1fe52a1550c180d89a84f6b6694a42f5?pvs=21),4150
2026/05/11,中油,機車加油,NT$170.00,Traffic (https://app.notion.com/p/Traffic-1de52a1550c1807b8ff6e40f804e1127?pvs=21),General (https://app.notion.com/p/General-1fe52a1550c180d89a84f6b6694a42f5?pvs=21),4150
2026/05/10,全聯,,"NT$1,645.00",Food (https://app.notion.com/p/Food-1de52a1550c1808585f7c8d0cbbab341?pvs=21),General (https://app.notion.com/p/General-1fe52a1550c180d89a84f6b6694a42f5?pvs=21),4563
2026/05/10,"台鐵 ",新竹花蓮,NT$727.00,Traffic (https://app.notion.com/p/Traffic-1de52a1550c1807b8ff6e40f804e1127?pvs=21),Dream (https://app.notion.com/p/Dream-1de52a1550c180a4bc6eee5e921cbc2d?pvs=21),-34641
2026/05/10,台鐵,花蓮新竹,NT$771.00,Traffic (https://app.notion.com/p/Traffic-1de52a1550c1807b8ff6e40f804e1127?pvs=21),Dream (https://app.notion.com/p/Dream-1de52a1550c180a4bc6eee5e921cbc2d?pvs=21),-34641
2026/05/10,台鐵,綠茶,NT$35.00,Traffic (https://app.notion.com/p/Traffic-1de52a1550c1807b8ff6e40f804e1127?pvs=21),General (https://app.notion.com/p/General-1fe52a1550c180d89a84f6b6694a42f5?pvs=21),4563
2026/05/09,茶舍,,NT$135.00,Food (https://app.notion.com/p/Food-1de52a1550c1808585f7c8d0cbbab341?pvs=21),General (https://app.notion.com/p/General-1fe52a1550c180d89a84f6b6694a42f5?pvs=21),6243
2026/05/09,老鄉牛肉麵,,NT$410.00,Food (https://app.notion.com/p/Food-1de52a1550c1808585f7c8d0cbbab341?pvs=21),General (https://app.notion.com/p/General-1fe52a1550c180d89a84f6b6694a42f5?pvs=21),6243
2026/05/08,蔣好的味道,,NT$368.00,Food (https://app.notion.com/p/Food-1de52a1550c1808585f7c8d0cbbab341?pvs=21),General (https://app.notion.com/p/General-1fe52a1550c180d89a84f6b6694a42f5?pvs=21),6788
2026/05/07,7-11,,NT$134.00,Food (https://app.notion.com/p/Food-1de52a1550c1808585f7c8d0cbbab341?pvs=21),General (https://app.notion.com/p/General-1fe52a1550c180d89a84f6b6694a42f5?pvs=21),7156
2026/05/06,Coupang,蛋白粉,"NT$2,537.00",Food (https://app.notion.com/p/Food-1de52a1550c1808585f7c8d0cbbab341?pvs=21),General (https://app.notion.com/p/General-1fe52a1550c180d89a84f6b6694a42f5?pvs=21),7290
2026/05/06,Coupang,3合1無線充電座,"NT$1,997.00",Fun (https://app.notion.com/p/Fun-1de52a1550c180f197e2ff3116ec3fa2?pvs=21),Dream (https://app.notion.com/p/Dream-1de52a1550c180a4bc6eee5e921cbc2d?pvs=21),-33143
2026/05/06,Hoda,,NT$783.00,Fun (https://app.notion.com/p/Fun-1de52a1550c180f197e2ff3116ec3fa2?pvs=21),Dream (https://app.notion.com/p/Dream-1de52a1550c180a4bc6eee5e921cbc2d?pvs=21),-33143
2026/05/06,7-11,,NT$65.00,Food (https://app.notion.com/p/Food-1de52a1550c1808585f7c8d0cbbab341?pvs=21),General (https://app.notion.com/p/General-1fe52a1550c180d89a84f6b6694a42f5?pvs=21),7290
2026/05/05,全聯,,NT$175.00,Food (https://app.notion.com/p/Food-1de52a1550c1808585f7c8d0cbbab341?pvs=21),General (https://app.notion.com/p/General-1fe52a1550c180d89a84f6b6694a42f5?pvs=21),9892
2026/05/05,全家,,NT$70.00,Food (https://app.notion.com/p/Food-1de52a1550c1808585f7c8d0cbbab341?pvs=21),General (https://app.notion.com/p/General-1fe52a1550c180d89a84f6b6694a42f5?pvs=21),9892
2026/05/05,拉亞,,NT$124.00,Food (https://app.notion.com/p/Food-1de52a1550c1808585f7c8d0cbbab341?pvs=21),General (https://app.notion.com/p/General-1fe52a1550c180d89a84f6b6694a42f5?pvs=21),9892
2026/05/05,7-11,,NT$127.00,Food (https://app.notion.com/p/Food-1de52a1550c1808585f7c8d0cbbab341?pvs=21),General (https://app.notion.com/p/General-1fe52a1550c180d89a84f6b6694a42f5?pvs=21),9892
2026/05/04,Spotify月費,,NT$202.00,Fun (https://app.notion.com/p/Fun-1de52a1550c180f197e2ff3116ec3fa2?pvs=21),Dream (https://app.notion.com/p/Dream-1de52a1550c180a4bc6eee5e921cbc2d?pvs=21),-30363
2026/05/03,蔣好的味道,,NT$620.00,Food (https://app.notion.com/p/Food-1de52a1550c1808585f7c8d0cbbab341?pvs=21),General (https://app.notion.com/p/General-1fe52a1550c180d89a84f6b6694a42f5?pvs=21),7388
2026/05/03,全聯,,NT$568.00,Food (https://app.notion.com/p/Food-1de52a1550c1808585f7c8d0cbbab341?pvs=21),General (https://app.notion.com/p/General-1fe52a1550c180d89a84f6b6694a42f5?pvs=21),7388
2026/05/02,NET,,NT$179.00,Clothes (https://app.notion.com/p/Clothes-1de52a1550c181c098ebee3f08c04f38?pvs=21),Dream (https://app.notion.com/p/Dream-1de52a1550c180a4bc6eee5e921cbc2d?pvs=21),-30684
2026/05/02,爭鮮,,NT$610.00,Food (https://app.notion.com/p/Food-1de52a1550c1808585f7c8d0cbbab341?pvs=21),Couple's (https://app.notion.com/p/Couple-s-1de52a1550c181d39de7eebc343b38cd?pvs=21),-3846
2026/05/02,匯給媽,,"NT$6,000.00",Family (https://app.notion.com/p/Family-1de52a1550c181faa107fcc0a73d8120?pvs=21),Fixed (https://app.notion.com/p/Fixed-1de52a1550c180f19995d25cbc6f1038?pvs=21),36997
2026/05/02,房租,,"NT$7,300.00",Groceries (https://app.notion.com/p/Groceries-1de52a1550c180c6be6cdfaeb95cee9a?pvs=21),Fixed (https://app.notion.com/p/Fixed-1de52a1550c180f19995d25cbc6f1038?pvs=21),36997
2026/05/01,豆花,,NT$60.00,Food (https://app.notion.com/p/Food-1de52a1550c1808585f7c8d0cbbab341?pvs=21),General (https://app.notion.com/p/General-1fe52a1550c180d89a84f6b6694a42f5?pvs=21),-6438
2026/05/01,Lopia,,"NT$1,660.00",Food (https://app.notion.com/p/Food-1de52a1550c1808585f7c8d0cbbab341?pvs=21),General (https://app.notion.com/p/General-1fe52a1550c180d89a84f6b6694a42f5?pvs=21),-6438
2026/05/01,Torras,Iphone17e手機殼,"NT$1,390.00",Fun (https://app.notion.com/p/Fun-1de52a1550c180f197e2ff3116ec3fa2?pvs=21),Dream (https://app.notion.com/p/Dream-1de52a1550c180a4bc6eee5e921cbc2d?pvs=21),-37012
2026/05/01,Apple,Iphone17e,"NT$21,900.00",Fun (https://app.notion.com/p/Fun-1de52a1550c180f197e2ff3116ec3fa2?pvs=21),Dream (https://app.notion.com/p/Dream-1de52a1550c180a4bc6eee5e921cbc2d?pvs=21),-37012
2026/05/01,想想咖哩,,NT$338.00,Food (https://app.notion.com/p/Food-1de52a1550c1808585f7c8d0cbbab341?pvs=21),General (https://app.notion.com/p/General-1fe52a1550c180d89a84f6b6694a42f5?pvs=21),-6438
2026/05/01,麥當勞,,NT$382.00,Food (https://app.notion.com/p/Food-1de52a1550c1808585f7c8d0cbbab341?pvs=21),General (https://app.notion.com/p/General-1fe52a1550c180d89a84f6b6694a42f5?pvs=21),-6438
2026/05/01,健保費,,"NT$1,129.00",Insurance (https://app.notion.com/p/Insurance-1de52a1550c181f09d1dfb6d85985a86?pvs=21),Fixed (https://app.notion.com/p/Fixed-1de52a1550c180f19995d25cbc6f1038?pvs=21),28824
2026/05/01,勞保費,,"NT$1,145.00",Insurance (https://app.notion.com/p/Insurance-1de52a1550c181f09d1dfb6d85985a86?pvs=21),Fixed (https://app.notion.com/p/Fixed-1de52a1550c180f19995d25cbc6f1038?pvs=21),28824
2026/05/01,停車位,,"NT$2,500.00",Insurance (https://app.notion.com/p/Insurance-1de52a1550c181f09d1dfb6d85985a86?pvs=21),Fixed (https://app.notion.com/p/Fixed-1de52a1550c180f19995d25cbc6f1038?pvs=21),28824
2026/04/30,水電費,,"NT$1,165.00",Groceries (https://app.notion.com/p/Groceries-1de52a1550c180c6be6cdfaeb95cee9a?pvs=21),General (https://app.notion.com/p/General-1fe52a1550c180d89a84f6b6694a42f5?pvs=21),-1998
2026/04/29,"林亮辰皮膚診所 ",,NT$340.00,Health (https://app.notion.com/p/Health-1de52a1550c180948ad5c45ef59a5bb8?pvs=21),Savings (https://app.notion.com/p/Savings-1de52a1550c18029b280dc7d9d36cb03?pvs=21),317292
2026/04/29,"林亮辰皮膚診所 ",70(口服A酸10mg)*28 = 1960,"NT$1,960.00",Health (https://app.notion.com/p/Health-1de52a1550c180948ad5c45ef59a5bb8?pvs=21),Savings (https://app.notion.com/p/Savings-1de52a1550c18029b280dc7d9d36cb03?pvs=21),317292
2026/04/28,全聯,,NT$145.00,Food (https://app.notion.com/p/Food-1de52a1550c1808585f7c8d0cbbab341?pvs=21),General (https://app.notion.com/p/General-1fe52a1550c180d89a84f6b6694a42f5?pvs=21),-833
2026/04/28,老雲記,,NT$370.00,Food (https://app.notion.com/p/Food-1de52a1550c1808585f7c8d0cbbab341?pvs=21),General (https://app.notion.com/p/General-1fe52a1550c180d89a84f6b6694a42f5?pvs=21),-833
2026/04/27,Ubike,,NT$10.00,Traffic (https://app.notion.com/p/Traffic-1de52a1550c1807b8ff6e40f804e1127?pvs=21),General (https://app.notion.com/p/General-1fe52a1550c180d89a84f6b6694a42f5?pvs=21),-318
2026/04/27,小販部,,NT$20.00,Food (https://app.notion.com/p/Food-1de52a1550c1808585f7c8d0cbbab341?pvs=21),General (https://app.notion.com/p/General-1fe52a1550c180d89a84f6b6694a42f5?pvs=21),-318
2026/04/27,7-11,,NT$75.00,Food (https://app.notion.com/p/Food-1de52a1550c1808585f7c8d0cbbab341?pvs=21),General (https://app.notion.com/p/General-1fe52a1550c180d89a84f6b6694a42f5?pvs=21),-318
2026/04/27,汽車停車費,,NT$540.00,Traffic (https://app.notion.com/p/Traffic-1de52a1550c1807b8ff6e40f804e1127?pvs=21),Savings (https://app.notion.com/p/Savings-1de52a1550c18029b280dc7d9d36cb03?pvs=21),319592
2026/04/27,汽車維修費,,"NT$6,000.00",Traffic (https://app.notion.com/p/Traffic-1de52a1550c1807b8ff6e40f804e1127?pvs=21),Savings (https://app.notion.com/p/Savings-1de52a1550c18029b280dc7d9d36cb03?pvs=21),319592
2026/04/27,汽車保養費,,"NT$3,150.00",Traffic (https://app.notion.com/p/Traffic-1de52a1550c1807b8ff6e40f804e1127?pvs=21),Dream (https://app.notion.com/p/Dream-1de52a1550c180a4bc6eee5e921cbc2d?pvs=21),-11722
2026/04/26,HOLA,,"NT$1,290.00",Groceries (https://app.notion.com/p/Groceries-1de52a1550c180c6be6cdfaeb95cee9a?pvs=21),Dream (https://app.notion.com/p/Dream-1de52a1550c180a4bc6eee5e921cbc2d?pvs=21),-8572
2026/04/26,全聯,,"NT$1,205.00",Food (https://app.notion.com/p/Food-1de52a1550c1808585f7c8d0cbbab341?pvs=21),General (https://app.notion.com/p/General-1fe52a1550c180d89a84f6b6694a42f5?pvs=21),-213
2026/04/26,Subway,,NT$330.00,Food (https://app.notion.com/p/Food-1de52a1550c1808585f7c8d0cbbab341?pvs=21),General (https://app.notion.com/p/General-1fe52a1550c180d89a84f6b6694a42f5?pvs=21),-213
2026/04/25,汽車停車費,,NT$80.00,Traffic (https://app.notion.com/p/Traffic-1de52a1550c1807b8ff6e40f804e1127?pvs=21),Dream (https://app.notion.com/p/Dream-1de52a1550c180a4bc6eee5e921cbc2d?pvs=21),-7282
2026/04/25,羽球零打,,NT$160.00,Fun (https://app.notion.com/p/Fun-1de52a1550c180f197e2ff3116ec3fa2?pvs=21),Dream (https://app.notion.com/p/Dream-1de52a1550c180a4bc6eee5e921cbc2d?pvs=21),-7282
2026/04/25,7-11,,NT$64.00,Food (https://app.notion.com/p/Food-1de52a1550c1808585f7c8d0cbbab341?pvs=21),General (https://app.notion.com/p/General-1fe52a1550c180d89a84f6b6694a42f5?pvs=21),1322
2026/04/24,全聯,,NT$246.00,Food (https://app.notion.com/p/Food-1de52a1550c1808585f7c8d0cbbab341?pvs=21),General (https://app.notion.com/p/General-1fe52a1550c180d89a84f6b6694a42f5?pvs=21),1386
2026/04/23,全聯,,NT$385.00,Food (https://app.notion.com/p/Food-1de52a1550c1808585f7c8d0cbbab341?pvs=21),General (https://app.notion.com/p/General-1fe52a1550c180d89a84f6b6694a42f5?pvs=21),1632
2026/04/23,小販部,,NT$60.00,Food (https://app.notion.com/p/Food-1de52a1550c1808585f7c8d0cbbab341?pvs=21),General (https://app.notion.com/p/General-1fe52a1550c180d89a84f6b6694a42f5?pvs=21),1632
2026/04/22,YouTube,補,"NT$3,600.00",Fun (https://app.notion.com/p/Fun-1de52a1550c180f197e2ff3116ec3fa2?pvs=21),Savings (https://app.notion.com/p/Savings-1de52a1550c18029b280dc7d9d36cb03?pvs=21),326132
2026/04/22,Netflix,補,"NT$2,400.00",Fun (https://app.notion.com/p/Fun-1de52a1550c180f197e2ff3116ec3fa2?pvs=21),Savings (https://app.notion.com/p/Savings-1de52a1550c18029b280dc7d9d36cb03?pvs=21),326132
2026/04/22,Disney+,補,"NT$3,000.00",Fun (https://app.notion.com/p/Fun-1de52a1550c180f197e2ff3116ec3fa2?pvs=21),Savings (https://app.notion.com/p/Savings-1de52a1550c18029b280dc7d9d36cb03?pvs=21),326132
2026/04/22,全聯,,NT$155.00,Food (https://app.notion.com/p/Food-1de52a1550c1808585f7c8d0cbbab341?pvs=21),General (https://app.notion.com/p/General-1fe52a1550c180d89a84f6b6694a42f5?pvs=21),2077
2026/04/22,加油費,,NT$172.00,Traffic (https://app.notion.com/p/Traffic-1de52a1550c1807b8ff6e40f804e1127?pvs=21),General (https://app.notion.com/p/General-1fe52a1550c180d89a84f6b6694a42f5?pvs=21),2077
2026/04/21,老雲記,,NT$525.00,Food (https://app.notion.com/p/Food-1de52a1550c1808585f7c8d0cbbab341?pvs=21),General (https://app.notion.com/p/General-1fe52a1550c180d89a84f6b6694a42f5?pvs=21),2404
2026/04/21,7-11,,NT$58.00,Food (https://app.notion.com/p/Food-1de52a1550c1808585f7c8d0cbbab341?pvs=21),General (https://app.notion.com/p/General-1fe52a1550c180d89a84f6b6694a42f5?pvs=21),2404
2026/04/19,饗泰多,,"NT$2,092.00",Food (https://app.notion.com/p/Food-1de52a1550c1808585f7c8d0cbbab341?pvs=21),Couple's (https://app.notion.com/p/Couple-s-1de52a1550c181d39de7eebc343b38cd?pvs=21),-5236
2026/04/19,7-11,,NT$150.00,Food (https://app.notion.com/p/Food-1de52a1550c1808585f7c8d0cbbab341?pvs=21),General (https://app.notion.com/p/General-1fe52a1550c180d89a84f6b6694a42f5?pvs=21),2987
2026/04/19,全聯,,NT$758.00,Food (https://app.notion.com/p/Food-1de52a1550c1808585f7c8d0cbbab341?pvs=21),General (https://app.notion.com/p/General-1fe52a1550c180d89a84f6b6694a42f5?pvs=21),2987
2026/04/16,全聯,,NT$175.00,Food (https://app.notion.com/p/Food-1de52a1550c1808585f7c8d0cbbab341?pvs=21),General (https://app.notion.com/p/General-1fe52a1550c180d89a84f6b6694a42f5?pvs=21),3895
2026/04/16,貳樓,,"NT$1,194.00",Food (https://app.notion.com/p/Food-1de52a1550c1808585f7c8d0cbbab341?pvs=21),Couple's (https://app.notion.com/p/Couple-s-1de52a1550c181d39de7eebc343b38cd?pvs=21),-3144
2026/04/15,7-11,,NT$87.00,Food (https://app.notion.com/p/Food-1de52a1550c1808585f7c8d0cbbab341?pvs=21),General (https://app.notion.com/p/General-1fe52a1550c180d89a84f6b6694a42f5?pvs=21),4070
2026/04/15,全聯,,NT$262.00,Food (https://app.notion.com/p/Food-1de52a1550c1808585f7c8d0cbbab341?pvs=21),General (https://app.notion.com/p/General-1fe52a1550c180d89a84f6b6694a42f5?pvs=21),4070
2026/04/15,中華電信手機費,,NT$665.00,Fun (https://app.notion.com/p/Fun-1de52a1550c180f197e2ff3116ec3fa2?pvs=21),Dream (https://app.notion.com/p/Dream-1de52a1550c180a4bc6eee5e921cbc2d?pvs=21),-7042
2026/04/15,中華電信網路費,,NT$848.00,Fun (https://app.notion.com/p/Fun-1de52a1550c180f197e2ff3116ec3fa2?pvs=21),Dream (https://app.notion.com/p/Dream-1de52a1550c180a4bc6eee5e921cbc2d?pvs=21),-7042
2026/04/14,徒手治療,,"NT$1,900.00",Health (https://app.notion.com/p/Health-1de52a1550c180948ad5c45ef59a5bb8?pvs=21),Savings (https://app.notion.com/p/Savings-1de52a1550c18029b280dc7d9d36cb03?pvs=21),335132
2026/04/14,老雲記,,NT$450.00,Food (https://app.notion.com/p/Food-1de52a1550c1808585f7c8d0cbbab341?pvs=21),General (https://app.notion.com/p/General-1fe52a1550c180d89a84f6b6694a42f5?pvs=21),4419
2026/04/13,7-11,,NT$162.00,Food (https://app.notion.com/p/Food-1de52a1550c1808585f7c8d0cbbab341?pvs=21),General (https://app.notion.com/p/General-1fe52a1550c180d89a84f6b6694a42f5?pvs=21),4869
2026/04/11,北門食室,,NT$760.00,Food (https://app.notion.com/p/Food-1de52a1550c1808585f7c8d0cbbab341?pvs=21),General (https://app.notion.com/p/General-1fe52a1550c180d89a84f6b6694a42f5?pvs=21),5031
2026/04/11,Costco,,"NT$2,467.00",Food (https://app.notion.com/p/Food-1de52a1550c1808585f7c8d0cbbab341?pvs=21),General (https://app.notion.com/p/General-1fe52a1550c180d89a84f6b6694a42f5?pvs=21),5031
2026/04/11,7-11,,NT$72.00,Food (https://app.notion.com/p/Food-1de52a1550c1808585f7c8d0cbbab341?pvs=21),General (https://app.notion.com/p/General-1fe52a1550c180d89a84f6b6694a42f5?pvs=21),5031
2026/04/11,HOLA,,NT$399.00,Groceries (https://app.notion.com/p/Groceries-1de52a1550c180c6be6cdfaeb95cee9a?pvs=21),Dream (https://app.notion.com/p/Dream-1de52a1550c180a4bc6eee5e921cbc2d?pvs=21),-5529
2026/04/10,林亮辰皮膚診所,林炳煌90(20mg)*30=2700,"NT$2,800.00",Health (https://app.notion.com/p/Health-1de52a1550c180948ad5c45ef59a5bb8?pvs=21),Savings (https://app.notion.com/p/Savings-1de52a1550c18029b280dc7d9d36cb03?pvs=21),337032
2026/04/10,7-11,,NT$81.00,Food (https://app.notion.com/p/Food-1de52a1550c1808585f7c8d0cbbab341?pvs=21),General (https://app.notion.com/p/General-1fe52a1550c180d89a84f6b6694a42f5?pvs=21),8330
2026/04/10,全聯,,NT$348.00,Food (https://app.notion.com/p/Food-1de52a1550c1808585f7c8d0cbbab341?pvs=21),General (https://app.notion.com/p/General-1fe52a1550c180d89a84f6b6694a42f5?pvs=21),8330
2026/04/09,7-11,,NT$107.00,Food (https://app.notion.com/p/Food-1de52a1550c1808585f7c8d0cbbab341?pvs=21),General (https://app.notion.com/p/General-1fe52a1550c180d89a84f6b6694a42f5?pvs=21),8759
2026/04/09,全聯,,NT$240.00,Food (https://app.notion.com/p/Food-1de52a1550c1808585f7c8d0cbbab341?pvs=21),General (https://app.notion.com/p/General-1fe52a1550c180d89a84f6b6694a42f5?pvs=21),8759
2026/04/08,加油費,,NT$175.00,Traffic (https://app.notion.com/p/Traffic-1de52a1550c1807b8ff6e40f804e1127?pvs=21),General (https://app.notion.com/p/General-1fe52a1550c180d89a84f6b6694a42f5?pvs=21),9106
2026/04/06,豪手藝,刈包,NT$80.00,Food (https://app.notion.com/p/Food-1de52a1550c1808585f7c8d0cbbab341?pvs=21),General (https://app.notion.com/p/General-1fe52a1550c180d89a84f6b6694a42f5?pvs=21),9281
2026/04/06,東南漢堡,,NT$160.00,Food (https://app.notion.com/p/Food-1de52a1550c1808585f7c8d0cbbab341?pvs=21),General (https://app.notion.com/p/General-1fe52a1550c180d89a84f6b6694a42f5?pvs=21),9281
2026/04/05,LX嵐鮮早午餐,,NT$205.00,Food (https://app.notion.com/p/Food-1de52a1550c1808585f7c8d0cbbab341?pvs=21),General (https://app.notion.com/p/General-1fe52a1550c180d89a84f6b6694a42f5?pvs=21),9521
2026/04/04,無印良品,,NT$286.00,Groceries (https://app.notion.com/p/Groceries-1de52a1550c180c6be6cdfaeb95cee9a?pvs=21),Dream (https://app.notion.com/p/Dream-1de52a1550c180a4bc6eee5e921cbc2d?pvs=21),-5130
2026/04/04,小福利,,"NT$1,536.00",Food (https://app.notion.com/p/Food-1de52a1550c1808585f7c8d0cbbab341?pvs=21),Couple's (https://app.notion.com/p/Couple-s-1de52a1550c181d39de7eebc343b38cd?pvs=21),-1950
2026/04/04,大創,,NT$551.00,Groceries (https://app.notion.com/p/Groceries-1de52a1550c180c6be6cdfaeb95cee9a?pvs=21),General (https://app.notion.com/p/General-1fe52a1550c180d89a84f6b6694a42f5?pvs=21),9726
2026/04/04,誠品,,NT$347.00,Fun (https://app.notion.com/p/Fun-1de52a1550c180f197e2ff3116ec3fa2?pvs=21),Dream (https://app.notion.com/p/Dream-1de52a1550c180a4bc6eee5e921cbc2d?pvs=21),-5130
2026/04/04,Spotify月費,,NT$202.00,Fun (https://app.notion.com/p/Fun-1de52a1550c180f197e2ff3116ec3fa2?pvs=21),Dream (https://app.notion.com/p/Dream-1de52a1550c180a4bc6eee5e921cbc2d?pvs=21),-5130
2026/04/03,屈臣氏,,NT$457.00,Health (https://app.notion.com/p/Health-1de52a1550c180948ad5c45ef59a5bb8?pvs=21),Dream (https://app.notion.com/p/Dream-1de52a1550c180a4bc6eee5e921cbc2d?pvs=21),-4818
2026/04/03,LOPIA,,"NT$2,498.00",Food (https://app.notion.com/p/Food-1de52a1550c1808585f7c8d0cbbab341?pvs=21),General (https://app.notion.com/p/General-1fe52a1550c180d89a84f6b6694a42f5?pvs=21),7277
2026/04/03,水剌韓式,,"NT$1,188.00",Food (https://app.notion.com/p/Food-1de52a1550c1808585f7c8d0cbbab341?pvs=21),General (https://app.notion.com/p/General-1fe52a1550c180d89a84f6b6694a42f5?pvs=21),7277
2026/04/02,匯給媽,,"NT$6,000.00",Family (https://app.notion.com/p/Family-1de52a1550c181faa107fcc0a73d8120?pvs=21),Fixed (https://app.notion.com/p/Fixed-1de52a1550c180f19995d25cbc6f1038?pvs=21),33598
2026/04/02,房租,,"NT$7,250.00",Groceries (https://app.notion.com/p/Groceries-1de52a1550c180c6be6cdfaeb95cee9a?pvs=21),Fixed (https://app.notion.com/p/Fixed-1de52a1550c180f19995d25cbc6f1038?pvs=21),33598
2026/04/01,林亮辰皮膚診所,抽血,NT$600.00,Health (https://app.notion.com/p/Health-1de52a1550c180948ad5c45ef59a5bb8?pvs=21),Savings (https://app.notion.com/p/Savings-1de52a1550c18029b280dc7d9d36cb03?pvs=21),335325
2026/04/01,林亮辰皮膚診所,70(口服A酸10mg)*28 = 1960,"NT$1,960.00",Health (https://app.notion.com/p/Health-1de52a1550c180948ad5c45ef59a5bb8?pvs=21),Savings (https://app.notion.com/p/Savings-1de52a1550c18029b280dc7d9d36cb03?pvs=21),335325
2026/04/01,林亮辰皮膚診所,,NT$340.00,Health (https://app.notion.com/p/Health-1de52a1550c180948ad5c45ef59a5bb8?pvs=21),Savings (https://app.notion.com/p/Savings-1de52a1550c18029b280dc7d9d36cb03?pvs=21),335325
2026/04/01,麥當勞,,NT$119.00,Food (https://app.notion.com/p/Food-1de52a1550c1808585f7c8d0cbbab341?pvs=21),General (https://app.notion.com/p/General-1fe52a1550c180d89a84f6b6694a42f5?pvs=21),-4051
2026/04/01,健保費,,"NT$1,129.00",Insurance (https://app.notion.com/p/Insurance-1de52a1550c181f09d1dfb6d85985a86?pvs=21),Fixed (https://app.notion.com/p/Fixed-1de52a1550c180f19995d25cbc6f1038?pvs=21),25375
2026/04/01,停車位,,"NT$2,500.00",Insurance (https://app.notion.com/p/Insurance-1de52a1550c181f09d1dfb6d85985a86?pvs=21),Fixed (https://app.notion.com/p/Fixed-1de52a1550c180f19995d25cbc6f1038?pvs=21),25375
2026/04/01,勞保費,,"NT$1,145.00",Insurance (https://app.notion.com/p/Insurance-1de52a1550c181f09d1dfb6d85985a86?pvs=21),Fixed (https://app.notion.com/p/Fixed-1de52a1550c180f19995d25cbc6f1038?pvs=21),25375
2026/03/31,第二春,,NT$420.00,Food (https://app.notion.com/p/Food-1de52a1550c1808585f7c8d0cbbab341?pvs=21),General (https://app.notion.com/p/General-1fe52a1550c180d89a84f6b6694a42f5?pvs=21),-1932
2026/03/30,麥當勞,,NT$259.00,Food (https://app.notion.com/p/Food-1de52a1550c1808585f7c8d0cbbab341?pvs=21),General (https://app.notion.com/p/General-1fe52a1550c180d89a84f6b6694a42f5?pvs=21),-1512
2026/03/29,"Sukiya ",,NT$401.00,Food (https://app.notion.com/p/Food-1de52a1550c1808585f7c8d0cbbab341?pvs=21),General (https://app.notion.com/p/General-1fe52a1550c180d89a84f6b6694a42f5?pvs=21),-1253
2026/03/28,全家,,NT$220.00,Food (https://app.notion.com/p/Food-1de52a1550c1808585f7c8d0cbbab341?pvs=21),General (https://app.notion.com/p/General-1fe52a1550c180d89a84f6b6694a42f5?pvs=21),-852
2026/03/28,竹北農會,,"NT$1,233.00",Food (https://app.notion.com/p/Food-1de52a1550c1808585f7c8d0cbbab341?pvs=21),General (https://app.notion.com/p/General-1fe52a1550c180d89a84f6b6694a42f5?pvs=21),-852
2026/03/28,IKEA,,NT$149.00,Groceries (https://app.notion.com/p/Groceries-1de52a1550c180c6be6cdfaeb95cee9a?pvs=21),Dream (https://app.notion.com/p/Dream-1de52a1550c180a4bc6eee5e921cbc2d?pvs=21),-8868
2026/03/27,Costco,,"NT$3,434.00",Food (https://app.notion.com/p/Food-1de52a1550c1808585f7c8d0cbbab341?pvs=21),General (https://app.notion.com/p/General-1fe52a1550c180d89a84f6b6694a42f5?pvs=21),601
2026/03/26,7-11,,NT$100.00,Food (https://app.notion.com/p/Food-1de52a1550c1808585f7c8d0cbbab341?pvs=21),General (https://app.notion.com/p/General-1fe52a1550c180d89a84f6b6694a42f5?pvs=21),4035
2026/03/25,7-11,,NT$24.00,Food (https://app.notion.com/p/Food-1de52a1550c1808585f7c8d0cbbab341?pvs=21),General (https://app.notion.com/p/General-1fe52a1550c180d89a84f6b6694a42f5?pvs=21),4135
2026/03/25,丐幫滷味,,NT$185.00,Food (https://app.notion.com/p/Food-1de52a1550c1808585f7c8d0cbbab341?pvs=21),General (https://app.notion.com/p/General-1fe52a1550c180d89a84f6b6694a42f5?pvs=21),4135
2026/03/24,南北臭豆腐,,NT$70.00,Food (https://app.notion.com/p/Food-1de52a1550c1808585f7c8d0cbbab341?pvs=21),General (https://app.notion.com/p/General-1fe52a1550c180d89a84f6b6694a42f5?pvs=21),4344
2026/03/24,第二春,,NT$360.00,Food (https://app.notion.com/p/Food-1de52a1550c1808585f7c8d0cbbab341?pvs=21),General (https://app.notion.com/p/General-1fe52a1550c180d89a84f6b6694a42f5?pvs=21),4344
2026/03/22,7-11,,NT$257.00,Food (https://app.notion.com/p/Food-1de52a1550c1808585f7c8d0cbbab341?pvs=21),General (https://app.notion.com/p/General-1fe52a1550c180d89a84f6b6694a42f5?pvs=21),4774
2026/03/22,7-11,,NT$134.00,Food (https://app.notion.com/p/Food-1de52a1550c1808585f7c8d0cbbab341?pvs=21),General (https://app.notion.com/p/General-1fe52a1550c180d89a84f6b6694a42f5?pvs=21),4774
2026/03/21,Costco,,"NT$5,318.00",Food (https://app.notion.com/p/Food-1de52a1550c1808585f7c8d0cbbab341?pvs=21),General (https://app.notion.com/p/General-1fe52a1550c180d89a84f6b6694a42f5?pvs=21),5165
2026/03/21,早餐,,NT$215.00,Food (https://app.notion.com/p/Food-1de52a1550c1808585f7c8d0cbbab341?pvs=21),General (https://app.notion.com/p/General-1fe52a1550c180d89a84f6b6694a42f5?pvs=21),5165
2026/03/20,林亮辰皮膚診所,,NT$340.00,Health (https://app.notion.com/p/Health-1de52a1550c180948ad5c45ef59a5bb8?pvs=21),Savings (https://app.notion.com/p/Savings-1de52a1550c18029b280dc7d9d36cb03?pvs=21),336225
2026/03/20,林亮辰皮膚診所,70(口服A酸10mg)*14 = 980,NT$980.00,Health (https://app.notion.com/p/Health-1de52a1550c180948ad5c45ef59a5bb8?pvs=21),Savings (https://app.notion.com/p/Savings-1de52a1550c18029b280dc7d9d36cb03?pvs=21),336225
2026/03/19,機車大保養,,"NT$3,750.00",Traffic (https://app.notion.com/p/Traffic-1de52a1550c1807b8ff6e40f804e1127?pvs=21),Savings (https://app.notion.com/p/Savings-1de52a1550c18029b280dc7d9d36cb03?pvs=21),337545
2026/03/19,全家,,NT$87.00,Food (https://app.notion.com/p/Food-1de52a1550c1808585f7c8d0cbbab341?pvs=21),General (https://app.notion.com/p/General-1fe52a1550c180d89a84f6b6694a42f5?pvs=21),10698
2026/03/18,7-11,,NT$96.00,Food (https://app.notion.com/p/Food-1de52a1550c1808585f7c8d0cbbab341?pvs=21),General (https://app.notion.com/p/General-1fe52a1550c180d89a84f6b6694a42f5?pvs=21),10785
2026/03/17,7-11,,NT$49.00,Food (https://app.notion.com/p/Food-1de52a1550c1808585f7c8d0cbbab341?pvs=21),General (https://app.notion.com/p/General-1fe52a1550c180d89a84f6b6694a42f5?pvs=21),10881
2026/03/17,竹東排骨酥麵,,NT$288.00,Food (https://app.notion.com/p/Food-1de52a1550c1808585f7c8d0cbbab341?pvs=21),General (https://app.notion.com/p/General-1fe52a1550c180d89a84f6b6694a42f5?pvs=21),10881
2026/03/16,7-11,,NT$89.00,Food (https://app.notion.com/p/Food-1de52a1550c1808585f7c8d0cbbab341?pvs=21),General (https://app.notion.com/p/General-1fe52a1550c180d89a84f6b6694a42f5?pvs=21),11218
2026/03/15,全家,,NT$29.00,Food (https://app.notion.com/p/Food-1de52a1550c1808585f7c8d0cbbab341?pvs=21),General (https://app.notion.com/p/General-1fe52a1550c180d89a84f6b6694a42f5?pvs=21),11307
2026/03/15,全聯,,NT$341.00,Food (https://app.notion.com/p/Food-1de52a1550c1808585f7c8d0cbbab341?pvs=21),General (https://app.notion.com/p/General-1fe52a1550c180d89a84f6b6694a42f5?pvs=21),11307
2026/03/15,麻古茶坊,,NT$55.00,Food (https://app.notion.com/p/Food-1de52a1550c1808585f7c8d0cbbab341?pvs=21),General (https://app.notion.com/p/General-1fe52a1550c180d89a84f6b6694a42f5?pvs=21),11307
2026/03/15,羽球零打,,NT$160.00,Fun (https://app.notion.com/p/Fun-1de52a1550c180f197e2ff3116ec3fa2?pvs=21),Dream (https://app.notion.com/p/Dream-1de52a1550c180a4bc6eee5e921cbc2d?pvs=21),-16719
2026/03/15,中華電信網路費,,NT$848.00,Fun (https://app.notion.com/p/Fun-1de52a1550c180f197e2ff3116ec3fa2?pvs=21),Dream (https://app.notion.com/p/Dream-1de52a1550c180a4bc6eee5e921cbc2d?pvs=21),-16719
2026/03/15,中華電信手機費,,NT$665.00,Fun (https://app.notion.com/p/Fun-1de52a1550c180f197e2ff3116ec3fa2?pvs=21),Dream (https://app.notion.com/p/Dream-1de52a1550c180a4bc6eee5e921cbc2d?pvs=21),-16719
2026/03/14,玉蘭,,NT$112.00,Food (https://app.notion.com/p/Food-1de52a1550c1808585f7c8d0cbbab341?pvs=21),General (https://app.notion.com/p/General-1fe52a1550c180d89a84f6b6694a42f5?pvs=21),11732
2026/03/14,義大利麵,,NT$340.00,Food (https://app.notion.com/p/Food-1de52a1550c1808585f7c8d0cbbab341?pvs=21),General (https://app.notion.com/p/General-1fe52a1550c180d89a84f6b6694a42f5?pvs=21),11732
2026/03/14,豪泰客運,,NT$315.00,Traffic (https://app.notion.com/p/Traffic-1de52a1550c1807b8ff6e40f804e1127?pvs=21),Dream (https://app.notion.com/p/Dream-1de52a1550c180a4bc6eee5e921cbc2d?pvs=21),-15046
2026/03/14,老雲記,,NT$295.00,Food (https://app.notion.com/p/Food-1de52a1550c1808585f7c8d0cbbab341?pvs=21),General (https://app.notion.com/p/General-1fe52a1550c180d89a84f6b6694a42f5?pvs=21),11732
2026/03/12,全聯,,NT$166.00,Food (https://app.notion.com/p/Food-1de52a1550c1808585f7c8d0cbbab341?pvs=21),General (https://app.notion.com/p/General-1fe52a1550c180d89a84f6b6694a42f5?pvs=21),12479
2026/03/11,全聯,,NT$461.00,Food (https://app.notion.com/p/Food-1de52a1550c1808585f7c8d0cbbab341?pvs=21),General (https://app.notion.com/p/General-1fe52a1550c180d89a84f6b6694a42f5?pvs=21),12645
2026/03/11,subway,,NT$108.00,Food (https://app.notion.com/p/Food-1de52a1550c1808585f7c8d0cbbab341?pvs=21),General (https://app.notion.com/p/General-1fe52a1550c180d89a84f6b6694a42f5?pvs=21),12645
2026/03/08,加油費,,NT$900.00,Traffic (https://app.notion.com/p/Traffic-1de52a1550c1807b8ff6e40f804e1127?pvs=21),General (https://app.notion.com/p/General-1fe52a1550c180d89a84f6b6694a42f5?pvs=21),13214
2026/03/06,林亮辰皮膚診所,70(口服A酸10mg)*14 = 980,NT$980.00,Health (https://app.notion.com/p/Health-1de52a1550c180948ad5c45ef59a5bb8?pvs=21),Savings (https://app.notion.com/p/Savings-1de52a1550c18029b280dc7d9d36cb03?pvs=21),341295
2026/03/06,林亮辰皮膚診所,,NT$340.00,Health (https://app.notion.com/p/Health-1de52a1550c180948ad5c45ef59a5bb8?pvs=21),Savings (https://app.notion.com/p/Savings-1de52a1550c18029b280dc7d9d36cb03?pvs=21),341295
2026/03/06,上宇林,,NT$45.00,Food (https://app.notion.com/p/Food-1de52a1550c1808585f7c8d0cbbab341?pvs=21),General (https://app.notion.com/p/General-1fe52a1550c180d89a84f6b6694a42f5?pvs=21),14114
2026/03/05,全聯,,NT$188.00,Food (https://app.notion.com/p/Food-1de52a1550c1808585f7c8d0cbbab341?pvs=21),General (https://app.notion.com/p/General-1fe52a1550c180d89a84f6b6694a42f5?pvs=21),14159
2026/03/05,7-11,,NT$94.00,Food (https://app.notion.com/p/Food-1de52a1550c1808585f7c8d0cbbab341?pvs=21),General (https://app.notion.com/p/General-1fe52a1550c180d89a84f6b6694a42f5?pvs=21),14159
2026/03/05,7-11,,NT$60.00,Food (https://app.notion.com/p/Food-1de52a1550c1808585f7c8d0cbbab341?pvs=21),General (https://app.notion.com/p/General-1fe52a1550c180d89a84f6b6694a42f5?pvs=21),14159
2026/03/04,momo,不沾鍋,"NT$2,207.00",Groceries (https://app.notion.com/p/Groceries-1de52a1550c180c6be6cdfaeb95cee9a?pvs=21),Dream (https://app.notion.com/p/Dream-1de52a1550c180a4bc6eee5e921cbc2d?pvs=21),-16731
2026/03/04,加油費,,NT$150.00,Traffic (https://app.notion.com/p/Traffic-1de52a1550c1807b8ff6e40f804e1127?pvs=21),General (https://app.notion.com/p/General-1fe52a1550c180d89a84f6b6694a42f5?pvs=21),14501
2026/03/04,Spotify月費,,NT$202.00,Fun (https://app.notion.com/p/Fun-1de52a1550c180f197e2ff3116ec3fa2?pvs=21),Dream (https://app.notion.com/p/Dream-1de52a1550c180a4bc6eee5e921cbc2d?pvs=21),-16731
2026/03/03,momo,不沾鍋,"NT$2,207.00",Groceries (https://app.notion.com/p/Groceries-1de52a1550c180c6be6cdfaeb95cee9a?pvs=21),Dream (https://app.notion.com/p/Dream-1de52a1550c180a4bc6eee5e921cbc2d?pvs=21),-14845
2026/03/02,小米,,"NT$3,313.00",Other (https://app.notion.com/p/Other-1de52a1550c1810a92c1c432337241e8?pvs=21),Dream (https://app.notion.com/p/Dream-1de52a1550c180a4bc6eee5e921cbc2d?pvs=21),-12638
2026/03/02,房租,,"NT$7,250.00",Groceries (https://app.notion.com/p/Groceries-1de52a1550c180c6be6cdfaeb95cee9a?pvs=21),Fixed (https://app.notion.com/p/Fixed-1de52a1550c180f19995d25cbc6f1038?pvs=21),30149
2026/03/02,匯給媽,,"NT$6,000.00",Family (https://app.notion.com/p/Family-1de52a1550c181faa107fcc0a73d8120?pvs=21),Fixed (https://app.notion.com/p/Fixed-1de52a1550c180f19995d25cbc6f1038?pvs=21),30149
2026/03/01,HBO,,NT$300.00,Fun (https://app.notion.com/p/Fun-1de52a1550c180f197e2ff3116ec3fa2?pvs=21),Savings (https://app.notion.com/p/Savings-1de52a1550c18029b280dc7d9d36cb03?pvs=21),338108
2026/03/01,億客來,,NT$80.00,Food (https://app.notion.com/p/Food-1de52a1550c1808585f7c8d0cbbab341?pvs=21),General (https://app.notion.com/p/General-1fe52a1550c180d89a84f6b6694a42f5?pvs=21),-3363
2026/03/01,Costco,,"NT$4,116.00",Food (https://app.notion.com/p/Food-1de52a1550c1808585f7c8d0cbbab341?pvs=21),General (https://app.notion.com/p/General-1fe52a1550c180d89a84f6b6694a42f5?pvs=21),-3363
2026/03/01,Costco,,"NT$1,387.00",Food (https://app.notion.com/p/Food-1de52a1550c1808585f7c8d0cbbab341?pvs=21),General (https://app.notion.com/p/General-1fe52a1550c180d89a84f6b6694a42f5?pvs=21),-3363
2026/03/01,健保費,,"NT$1,129.00",Insurance (https://app.notion.com/p/Insurance-1de52a1550c181f09d1dfb6d85985a86?pvs=21),Fixed (https://app.notion.com/p/Fixed-1de52a1550c180f19995d25cbc6f1038?pvs=21),21926
2026/03/01,勞保費,,"NT$1,145.00",Insurance (https://app.notion.com/p/Insurance-1de52a1550c181f09d1dfb6d85985a86?pvs=21),Fixed (https://app.notion.com/p/Fixed-1de52a1550c180f19995d25cbc6f1038?pvs=21),21926
2026/03/01,停車位,,"NT$2,500.00",Insurance (https://app.notion.com/p/Insurance-1de52a1550c181f09d1dfb6d85985a86?pvs=21),Fixed (https://app.notion.com/p/Fixed-1de52a1550c180f19995d25cbc6f1038?pvs=21),21926
2026/02/28,歐爹,,NT$227.00,Food (https://app.notion.com/p/Food-1de52a1550c1808585f7c8d0cbbab341?pvs=21),General (https://app.notion.com/p/General-1fe52a1550c180d89a84f6b6694a42f5?pvs=21),4220
2026/02/28,林亮辰皮膚診所,70(口服A酸10mg)*3 = 210,NT$810.00,Health (https://app.notion.com/p/Health-1de52a1550c180948ad5c45ef59a5bb8?pvs=21),Savings (https://app.notion.com/p/Savings-1de52a1550c18029b280dc7d9d36cb03?pvs=21),336408
2026/02/28,林亮辰皮膚診所,,NT$340.00,Health (https://app.notion.com/p/Health-1de52a1550c180948ad5c45ef59a5bb8?pvs=21),Savings (https://app.notion.com/p/Savings-1de52a1550c18029b280dc7d9d36cb03?pvs=21),336408
2026/02/28,全聯,,NT$865.00,Food (https://app.notion.com/p/Food-1de52a1550c1808585f7c8d0cbbab341?pvs=21),General (https://app.notion.com/p/General-1fe52a1550c180d89a84f6b6694a42f5?pvs=21),4220
2026/02/26,麻古,,NT$35.00,Food (https://app.notion.com/p/Food-1de52a1550c1808585f7c8d0cbbab341?pvs=21),General (https://app.notion.com/p/General-1fe52a1550c180d89a84f6b6694a42f5?pvs=21),5312
2026/02/26,全聯,,NT$245.00,Food (https://app.notion.com/p/Food-1de52a1550c1808585f7c8d0cbbab341?pvs=21),General (https://app.notion.com/p/General-1fe52a1550c180d89a84f6b6694a42f5?pvs=21),5312
2026/02/25,電費,,NT$632.00,Cosmetics (https://app.notion.com/p/Cosmetics-1de52a1550c181cb93fdfe1a610bf352?pvs=21),General (https://app.notion.com/p/General-1fe52a1550c180d89a84f6b6694a42f5?pvs=21),5592
2026/02/25,水費,,NT$123.00,Cosmetics (https://app.notion.com/p/Cosmetics-1de52a1550c181cb93fdfe1a610bf352?pvs=21),General (https://app.notion.com/p/General-1fe52a1550c180d89a84f6b6694a42f5?pvs=21),5592
2026/02/24,四海遊龍,,NT$70.00,Food (https://app.notion.com/p/Food-1de52a1550c1808585f7c8d0cbbab341?pvs=21),General (https://app.notion.com/p/General-1fe52a1550c180d89a84f6b6694a42f5?pvs=21),6347
2026/02/24,SUKIYA,,NT$392.00,Food (https://app.notion.com/p/Food-1de52a1550c1808585f7c8d0cbbab341?pvs=21),General (https://app.notion.com/p/General-1fe52a1550c180d89a84f6b6694a42f5?pvs=21),6347
2026/02/23,7-11,,NT$59.00,Food (https://app.notion.com/p/Food-1de52a1550c1808585f7c8d0cbbab341?pvs=21),General (https://app.notion.com/p/General-1fe52a1550c180d89a84f6b6694a42f5?pvs=21),6809
2026/02/22,Ubike,,NT$30.00,Food (https://app.notion.com/p/Food-1de52a1550c1808585f7c8d0cbbab341?pvs=21),General (https://app.notion.com/p/General-1fe52a1550c180d89a84f6b6694a42f5?pvs=21),6868
2026/02/22,貳樓,,NT$924.00,Food (https://app.notion.com/p/Food-1de52a1550c1808585f7c8d0cbbab341?pvs=21),Couple's (https://app.notion.com/p/Couple-s-1de52a1550c181d39de7eebc343b38cd?pvs=21),-414
2026/02/21,停車費,,NT$20.00,Traffic (https://app.notion.com/p/Traffic-1de52a1550c1807b8ff6e40f804e1127?pvs=21),General (https://app.notion.com/p/General-1fe52a1550c180d89a84f6b6694a42f5?pvs=21),6898
2026/02/20,Steam,the oxygen not included,NT$631.00,Fun (https://app.notion.com/p/Fun-1de52a1550c180f197e2ff3116ec3fa2?pvs=21),Dream (https://app.notion.com/p/Dream-1de52a1550c180a4bc6eee5e921cbc2d?pvs=21),-22832
2026/02/20,竹東排骨酥麵,,NT$558.00,Food (https://app.notion.com/p/Food-1de52a1550c1808585f7c8d0cbbab341?pvs=21),General (https://app.notion.com/p/General-1fe52a1550c180d89a84f6b6694a42f5?pvs=21),6918
2026/02/19,禾日香滷肉飯,,NT$400.00,Food (https://app.notion.com/p/Food-1de52a1550c1808585f7c8d0cbbab341?pvs=21),General (https://app.notion.com/p/General-1fe52a1550c180d89a84f6b6694a42f5?pvs=21),7476
2026/02/19,停車費,,NT$50.00,Traffic (https://app.notion.com/p/Traffic-1de52a1550c1807b8ff6e40f804e1127?pvs=21),Dream (https://app.notion.com/p/Dream-1de52a1550c180a4bc6eee5e921cbc2d?pvs=21),-22201
2026/02/19,青花驕,,"NT$2,204.00",Food (https://app.notion.com/p/Food-1de52a1550c1808585f7c8d0cbbab341?pvs=21),Couple's (https://app.notion.com/p/Couple-s-1de52a1550c181d39de7eebc343b38cd?pvs=21),510
2026/02/19,Costco,,NT$698.00,Food (https://app.notion.com/p/Food-1de52a1550c1808585f7c8d0cbbab341?pvs=21),General (https://app.notion.com/p/General-1fe52a1550c180d89a84f6b6694a42f5?pvs=21),7476
2026/02/18,宏匯廣場,,NT$60.00,Traffic (https://app.notion.com/p/Traffic-1de52a1550c1807b8ff6e40f804e1127?pvs=21),Dream (https://app.notion.com/p/Dream-1de52a1550c180a4bc6eee5e921cbc2d?pvs=21),-22151
2026/02/18,全聯,,NT$427.00,Food (https://app.notion.com/p/Food-1de52a1550c1808585f7c8d0cbbab341?pvs=21),General (https://app.notion.com/p/General-1fe52a1550c180d89a84f6b6694a42f5?pvs=21),8574
2026/02/18,宏匯廣場,一碗小,NT$360.00,Food (https://app.notion.com/p/Food-1de52a1550c1808585f7c8d0cbbab341?pvs=21),General (https://app.notion.com/p/General-1fe52a1550c180d89a84f6b6694a42f5?pvs=21),8574
2026/02/18,加油費,,"NT$1,385.00",Traffic (https://app.notion.com/p/Traffic-1de52a1550c1807b8ff6e40f804e1127?pvs=21),Dream (https://app.notion.com/p/Dream-1de52a1550c180a4bc6eee5e921cbc2d?pvs=21),-22151
2026/02/17,輸錢,,NT$350.00,Fun (https://app.notion.com/p/Fun-1de52a1550c180f197e2ff3116ec3fa2?pvs=21),Dream (https://app.notion.com/p/Dream-1de52a1550c180a4bc6eee5e921cbc2d?pvs=21),-20706
2026/02/17,刮刮樂,,"NT$1,000.00",Fun (https://app.notion.com/p/Fun-1de52a1550c180f197e2ff3116ec3fa2?pvs=21),Dream (https://app.notion.com/p/Dream-1de52a1550c180a4bc6eee5e921cbc2d?pvs=21),-20706
2026/02/17,青山,,NT$180.00,Food (https://app.notion.com/p/Food-1de52a1550c1808585f7c8d0cbbab341?pvs=21),General (https://app.notion.com/p/General-1fe52a1550c180d89a84f6b6694a42f5?pvs=21),9361
2026/02/17,Comebuy,,NT$95.00,Food (https://app.notion.com/p/Food-1de52a1550c1808585f7c8d0cbbab341?pvs=21),General (https://app.notion.com/p/General-1fe52a1550c180d89a84f6b6694a42f5?pvs=21),9361
2026/02/16,輸錢,,NT$550.00,Fun (https://app.notion.com/p/Fun-1de52a1550c180f197e2ff3116ec3fa2?pvs=21),Dream (https://app.notion.com/p/Dream-1de52a1550c180a4bc6eee5e921cbc2d?pvs=21),-19956
2026/02/16,哥,紅包,"NT$1,000.00",Fun (https://app.notion.com/p/Fun-1de52a1550c180f197e2ff3116ec3fa2?pvs=21),Dream (https://app.notion.com/p/Dream-1de52a1550c180a4bc6eee5e921cbc2d?pvs=21),-19956
2026/02/16,阿嬤,紅包,"NT$1,000.00",Fun (https://app.notion.com/p/Fun-1de52a1550c180f197e2ff3116ec3fa2?pvs=21),Dream (https://app.notion.com/p/Dream-1de52a1550c180a4bc6eee5e921cbc2d?pvs=21),-19956
2026/02/16,媽,紅包,"NT$3,000.00",Fun (https://app.notion.com/p/Fun-1de52a1550c180f197e2ff3116ec3fa2?pvs=21),Dream (https://app.notion.com/p/Dream-1de52a1550c180a4bc6eee5e921cbc2d?pvs=21),-19956
2026/02/16,爸,紅包,"NT$1,000.00",Fun (https://app.notion.com/p/Fun-1de52a1550c180f197e2ff3116ec3fa2?pvs=21),Dream (https://app.notion.com/p/Dream-1de52a1550c180a4bc6eee5e921cbc2d?pvs=21),-19956
2026/02/16,花蓮農會,,NT$40.00,Food (https://app.notion.com/p/Food-1de52a1550c1808585f7c8d0cbbab341?pvs=21),General (https://app.notion.com/p/General-1fe52a1550c180d89a84f6b6694a42f5?pvs=21),9636
2026/02/16,康青龍,,NT$362.00,Food (https://app.notion.com/p/Food-1de52a1550c1808585f7c8d0cbbab341?pvs=21),General (https://app.notion.com/p/General-1fe52a1550c180d89a84f6b6694a42f5?pvs=21),9636
2026/02/16,麥當勞,,NT$32.00,Food (https://app.notion.com/p/Food-1de52a1550c1808585f7c8d0cbbab341?pvs=21),General (https://app.notion.com/p/General-1fe52a1550c180d89a84f6b6694a42f5?pvs=21),9636
2026/02/15,茶舍,,NT$120.00,Food (https://app.notion.com/p/Food-1de52a1550c1808585f7c8d0cbbab341?pvs=21),General (https://app.notion.com/p/General-1fe52a1550c180d89a84f6b6694a42f5?pvs=21),10070
2026/02/15,阿牛牛肉麵,,NT$585.00,Food (https://app.notion.com/p/Food-1de52a1550c1808585f7c8d0cbbab341?pvs=21),General (https://app.notion.com/p/General-1fe52a1550c180d89a84f6b6694a42f5?pvs=21),10070
2026/02/15,199,,NT$204.00,Other (https://app.notion.com/p/Other-1de52a1550c1810a92c1c432337241e8?pvs=21),Dream (https://app.notion.com/p/Dream-1de52a1550c180a4bc6eee5e921cbc2d?pvs=21),-15406
2026/02/15,中華電信手機費,,NT$665.00,Fun (https://app.notion.com/p/Fun-1de52a1550c180f197e2ff3116ec3fa2?pvs=21),Dream (https://app.notion.com/p/Dream-1de52a1550c180a4bc6eee5e921cbc2d?pvs=21),-15406
2026/02/15,中華電信網路費,,NT$848.00,Fun (https://app.notion.com/p/Fun-1de52a1550c180f197e2ff3116ec3fa2?pvs=21),Dream (https://app.notion.com/p/Dream-1de52a1550c180a4bc6eee5e921cbc2d?pvs=21),-15406
2026/02/14,汽油精,,NT$250.00,Traffic (https://app.notion.com/p/Traffic-1de52a1550c1807b8ff6e40f804e1127?pvs=21),Dream (https://app.notion.com/p/Dream-1de52a1550c180a4bc6eee5e921cbc2d?pvs=21),-13689
2026/02/14,洗車費,,NT$225.00,Traffic (https://app.notion.com/p/Traffic-1de52a1550c1807b8ff6e40f804e1127?pvs=21),Dream (https://app.notion.com/p/Dream-1de52a1550c180a4bc6eee5e921cbc2d?pvs=21),-13689
2026/02/14,加油費,,"NT$1,377.00",Traffic (https://app.notion.com/p/Traffic-1de52a1550c1807b8ff6e40f804e1127?pvs=21),Dream (https://app.notion.com/p/Dream-1de52a1550c180a4bc6eee5e921cbc2d?pvs=21),-13689
2026/02/13,檢驗費,,NT$450.00,Traffic (https://app.notion.com/p/Traffic-1de52a1550c1807b8ff6e40f804e1127?pvs=21),Dream (https://app.notion.com/p/Dream-1de52a1550c180a4bc6eee5e921cbc2d?pvs=21),-11837
2026/02/13,麥當勞,,NT$463.00,Food (https://app.notion.com/p/Food-1de52a1550c1808585f7c8d0cbbab341?pvs=21),General (https://app.notion.com/p/General-1fe52a1550c180d89a84f6b6694a42f5?pvs=21),10775
2026/02/13,7-11,,NT$45.00,Food (https://app.notion.com/p/Food-1de52a1550c1808585f7c8d0cbbab341?pvs=21),General (https://app.notion.com/p/General-1fe52a1550c180d89a84f6b6694a42f5?pvs=21),10775
2026/02/12,加油費,,NT$144.00,Traffic (https://app.notion.com/p/Traffic-1de52a1550c1807b8ff6e40f804e1127?pvs=21),General (https://app.notion.com/p/General-1fe52a1550c180d89a84f6b6694a42f5?pvs=21),11283
2026/02/12,上宇林,,NT$40.00,Food (https://app.notion.com/p/Food-1de52a1550c1808585f7c8d0cbbab341?pvs=21),General (https://app.notion.com/p/General-1fe52a1550c180d89a84f6b6694a42f5?pvs=21),11283
2026/02/11,玉蘭,,NT$50.00,Food (https://app.notion.com/p/Food-1de52a1550c1808585f7c8d0cbbab341?pvs=21),General (https://app.notion.com/p/General-1fe52a1550c180d89a84f6b6694a42f5?pvs=21),11467
2026/02/10,草本茶,,NT$115.00,Food (https://app.notion.com/p/Food-1de52a1550c1808585f7c8d0cbbab341?pvs=21),General (https://app.notion.com/p/General-1fe52a1550c180d89a84f6b6694a42f5?pvs=21),11517
2026/02/09,全聯,,NT$383.00,Food (https://app.notion.com/p/Food-1de52a1550c1808585f7c8d0cbbab341?pvs=21),General (https://app.notion.com/p/General-1fe52a1550c180d89a84f6b6694a42f5?pvs=21),11632
2026/02/08,路易莎,,NT$70.00,Food (https://app.notion.com/p/Food-1de52a1550c1808585f7c8d0cbbab341?pvs=21),General (https://app.notion.com/p/General-1fe52a1550c180d89a84f6b6694a42f5?pvs=21),12015
2026/02/08,龜記,,NT$57.00,Food (https://app.notion.com/p/Food-1de52a1550c1808585f7c8d0cbbab341?pvs=21),General (https://app.notion.com/p/General-1fe52a1550c180d89a84f6b6694a42f5?pvs=21),12015
2026/02/07,一沐日,,NT$100.00,Food (https://app.notion.com/p/Food-1de52a1550c1808585f7c8d0cbbab341?pvs=21),General (https://app.notion.com/p/General-1fe52a1550c180d89a84f6b6694a42f5?pvs=21),12142
2026/02/06,全聯,,NT$409.00,Food (https://app.notion.com/p/Food-1de52a1550c1808585f7c8d0cbbab341?pvs=21),General (https://app.notion.com/p/General-1fe52a1550c180d89a84f6b6694a42f5?pvs=21),12242
2026/02/06,拾久茶鋪,,NT$25.00,Food (https://app.notion.com/p/Food-1de52a1550c1808585f7c8d0cbbab341?pvs=21),General (https://app.notion.com/p/General-1fe52a1550c180d89a84f6b6694a42f5?pvs=21),12242
2026/02/05,上宇林,,NT$40.00,Food (https://app.notion.com/p/Food-1de52a1550c1808585f7c8d0cbbab341?pvs=21),General (https://app.notion.com/p/General-1fe52a1550c180d89a84f6b6694a42f5?pvs=21),12676
2026/02/05,全聯,,NT$224.00,Food (https://app.notion.com/p/Food-1de52a1550c1808585f7c8d0cbbab341?pvs=21),General (https://app.notion.com/p/General-1fe52a1550c180d89a84f6b6694a42f5?pvs=21),12676
2026/02/05,Costco,,"NT$1,347.00",Other (https://app.notion.com/p/Other-1de52a1550c1810a92c1c432337241e8?pvs=21),Dream (https://app.notion.com/p/Dream-1de52a1550c180a4bc6eee5e921cbc2d?pvs=21),-11387
2026/02/05,Costco,,"NT$1,227.00",Food (https://app.notion.com/p/Food-1de52a1550c1808585f7c8d0cbbab341?pvs=21),General (https://app.notion.com/p/General-1fe52a1550c180d89a84f6b6694a42f5?pvs=21),12676
2026/02/05,國泰保費,,"NT$9,047.00",Traffic (https://app.notion.com/p/Traffic-1de52a1550c1807b8ff6e40f804e1127?pvs=21),Dream (https://app.notion.com/p/Dream-1de52a1550c180a4bc6eee5e921cbc2d?pvs=21),-11387
2026/02/04,玉蘭,,NT$60.00,Food (https://app.notion.com/p/Food-1de52a1550c1808585f7c8d0cbbab341?pvs=21),General (https://app.notion.com/p/General-1fe52a1550c180d89a84f6b6694a42f5?pvs=21),14167
2026/02/04,Spotify月費,,NT$202.00,Fun (https://app.notion.com/p/Fun-1de52a1550c180f197e2ff3116ec3fa2?pvs=21),Dream (https://app.notion.com/p/Dream-1de52a1550c180a4bc6eee5e921cbc2d?pvs=21),-993
2026/02/02,7-11,,NT$75.00,Food (https://app.notion.com/p/Food-1de52a1550c1808585f7c8d0cbbab341?pvs=21),General (https://app.notion.com/p/General-1fe52a1550c180d89a84f6b6694a42f5?pvs=21),11227
2026/02/02,房租,,"NT$7,250.00",Groceries (https://app.notion.com/p/Groceries-1de52a1550c180c6be6cdfaeb95cee9a?pvs=21),Fixed (https://app.notion.com/p/Fixed-1de52a1550c180f19995d25cbc6f1038?pvs=21),26700
2026/02/02,匯給媽,,"NT$6,000.00",Family (https://app.notion.com/p/Family-1de52a1550c181faa107fcc0a73d8120?pvs=21),Fixed (https://app.notion.com/p/Fixed-1de52a1550c180f19995d25cbc6f1038?pvs=21),26700
2026/02/01,龜記,,NT$100.00,Food (https://app.notion.com/p/Food-1de52a1550c1808585f7c8d0cbbab341?pvs=21),General (https://app.notion.com/p/General-1fe52a1550c180d89a84f6b6694a42f5?pvs=21),-3712
2026/02/01,無印良品,,NT$390.00,Food (https://app.notion.com/p/Food-1de52a1550c1808585f7c8d0cbbab341?pvs=21),General (https://app.notion.com/p/General-1fe52a1550c180d89a84f6b6694a42f5?pvs=21),-3712
2026/02/01,孔金鴛鴦鍋,,"NT$1,514.00",Food (https://app.notion.com/p/Food-1de52a1550c1808585f7c8d0cbbab341?pvs=21),Couple's (https://app.notion.com/p/Couple-s-1de52a1550c181d39de7eebc343b38cd?pvs=21),714
2026/02/01,健保費,,"NT$1,129.00",Insurance (https://app.notion.com/p/Insurance-1de52a1550c181f09d1dfb6d85985a86?pvs=21),Fixed (https://app.notion.com/p/Fixed-1de52a1550c180f19995d25cbc6f1038?pvs=21),18477
2026/02/01,勞保費,,"NT$1,145.00",Insurance (https://app.notion.com/p/Insurance-1de52a1550c181f09d1dfb6d85985a86?pvs=21),Fixed (https://app.notion.com/p/Fixed-1de52a1550c180f19995d25cbc6f1038?pvs=21),18477
2026/02/01,停車位,,"NT$2,500.00",Insurance (https://app.notion.com/p/Insurance-1de52a1550c181f09d1dfb6d85985a86?pvs=21),Fixed (https://app.notion.com/p/Fixed-1de52a1550c180f19995d25cbc6f1038?pvs=21),18477
2026/01/31,竹東排骨酥麵,,NT$242.00,Food (https://app.notion.com/p/Food-1de52a1550c1808585f7c8d0cbbab341?pvs=21),General (https://app.notion.com/p/General-1fe52a1550c180d89a84f6b6694a42f5?pvs=21),-1222
2026/01/30,全聯,,NT$847.00,Food (https://app.notion.com/p/Food-1de52a1550c1808585f7c8d0cbbab341?pvs=21),General (https://app.notion.com/p/General-1fe52a1550c180d89a84f6b6694a42f5?pvs=21),-980
2026/01/29,小販部,,NT$35.00,Food (https://app.notion.com/p/Food-1de52a1550c1808585f7c8d0cbbab341?pvs=21),General (https://app.notion.com/p/General-1fe52a1550c180d89a84f6b6694a42f5?pvs=21),-133
2026/01/29,中油,機車加油費,NT$149.00,Traffic (https://app.notion.com/p/Traffic-1de52a1550c1807b8ff6e40f804e1127?pvs=21),General (https://app.notion.com/p/General-1fe52a1550c180d89a84f6b6694a42f5?pvs=21),-133
2026/01/28,拾久茶屋,,NT$20.00,Food (https://app.notion.com/p/Food-1de52a1550c1808585f7c8d0cbbab341?pvs=21),General (https://app.notion.com/p/General-1fe52a1550c180d89a84f6b6694a42f5?pvs=21),51
2026/01/28,全聯,,NT$191.00,Food (https://app.notion.com/p/Food-1de52a1550c1808585f7c8d0cbbab341?pvs=21),General (https://app.notion.com/p/General-1fe52a1550c180d89a84f6b6694a42f5?pvs=21),51
2026/01/27,大魯閣,丸龜,NT$629.00,Food (https://app.notion.com/p/Food-1de52a1550c1808585f7c8d0cbbab341?pvs=21),General (https://app.notion.com/p/General-1fe52a1550c180d89a84f6b6694a42f5?pvs=21),262
2026/01/26,全聯,,NT$249.00,Food (https://app.notion.com/p/Food-1de52a1550c1808585f7c8d0cbbab341?pvs=21),General (https://app.notion.com/p/General-1fe52a1550c180d89a84f6b6694a42f5?pvs=21),891
2026/01/25,麥當勞,,NT$349.00,Food (https://app.notion.com/p/Food-1de52a1550c1808585f7c8d0cbbab341?pvs=21),General (https://app.notion.com/p/General-1fe52a1550c180d89a84f6b6694a42f5?pvs=21),1140
2026/01/25,中原大學停車費,,NT$195.00,Traffic (https://app.notion.com/p/Traffic-1de52a1550c1807b8ff6e40f804e1127?pvs=21),Dream (https://app.notion.com/p/Dream-1de52a1550c180a4bc6eee5e921cbc2d?pvs=21),-85401
2026/01/24,麥當勞,,NT$153.00,Food (https://app.notion.com/p/Food-1de52a1550c1808585f7c8d0cbbab341?pvs=21),General (https://app.notion.com/p/General-1fe52a1550c180d89a84f6b6694a42f5?pvs=21),1489
2026/01/24,中油,,"NT$1,513.00",Traffic (https://app.notion.com/p/Traffic-1de52a1550c1807b8ff6e40f804e1127?pvs=21),Dream (https://app.notion.com/p/Dream-1de52a1550c180a4bc6eee5e921cbc2d?pvs=21),-85206
2026/01/23,7-11,,NT$65.00,Food (https://app.notion.com/p/Food-1de52a1550c1808585f7c8d0cbbab341?pvs=21),General (https://app.notion.com/p/General-1fe52a1550c180d89a84f6b6694a42f5?pvs=21),1642
2026/01/21,竹東排骨酥麵,,NT$495.00,Food (https://app.notion.com/p/Food-1de52a1550c1808585f7c8d0cbbab341?pvs=21),General (https://app.notion.com/p/General-1fe52a1550c180d89a84f6b6694a42f5?pvs=21),1707
2026/01/20,石二鍋,,NT$540.00,Food (https://app.notion.com/p/Food-1de52a1550c1808585f7c8d0cbbab341?pvs=21),General (https://app.notion.com/p/General-1fe52a1550c180d89a84f6b6694a42f5?pvs=21),2202
2026/01/18,要活就要動,,"NT$2,553.00",Health (https://app.notion.com/p/Health-1de52a1550c180948ad5c45ef59a5bb8?pvs=21),Dream (https://app.notion.com/p/Dream-1de52a1550c180a4bc6eee5e921cbc2d?pvs=21),-83693
2026/01/18,玉蘭,,NT$90.00,Food (https://app.notion.com/p/Food-1de52a1550c1808585f7c8d0cbbab341?pvs=21),General (https://app.notion.com/p/General-1fe52a1550c180d89a84f6b6694a42f5?pvs=21),2742
2026/01/18,全聯,,NT$768.00,Food (https://app.notion.com/p/Food-1de52a1550c1808585f7c8d0cbbab341?pvs=21),General (https://app.notion.com/p/General-1fe52a1550c180d89a84f6b6694a42f5?pvs=21),2742
2026/01/18,停車費,,NT$60.00,Traffic (https://app.notion.com/p/Traffic-1de52a1550c1807b8ff6e40f804e1127?pvs=21),Dream (https://app.notion.com/p/Dream-1de52a1550c180a4bc6eee5e921cbc2d?pvs=21),-83693
2026/01/18,停車費,,NT$30.00,Traffic (https://app.notion.com/p/Traffic-1de52a1550c1807b8ff6e40f804e1127?pvs=21),Dream (https://app.notion.com/p/Dream-1de52a1550c180a4bc6eee5e921cbc2d?pvs=21),-83693
2026/01/18,兩支北方麵食館,,NT$335.00,Food (https://app.notion.com/p/Food-1de52a1550c1808585f7c8d0cbbab341?pvs=21),General (https://app.notion.com/p/General-1fe52a1550c180d89a84f6b6694a42f5?pvs=21),2742
2026/01/17,開飯川,,"NT$4,274.00",Fun (https://app.notion.com/p/Fun-1de52a1550c180f197e2ff3116ec3fa2?pvs=21),Dream (https://app.notion.com/p/Dream-1de52a1550c180a4bc6eee5e921cbc2d?pvs=21),-90050
2026/01/16,全家,,NT$64.00,Food (https://app.notion.com/p/Food-1de52a1550c1808585f7c8d0cbbab341?pvs=21),General (https://app.notion.com/p/General-1fe52a1550c180d89a84f6b6694a42f5?pvs=21),3935
2026/01/16,加油費,,"NT$1,450.00",Traffic (https://app.notion.com/p/Traffic-1de52a1550c1807b8ff6e40f804e1127?pvs=21),Dream (https://app.notion.com/p/Dream-1de52a1550c180a4bc6eee5e921cbc2d?pvs=21),-85776
2026/01/15,中華電信手機費,,NT$665.00,Fun (https://app.notion.com/p/Fun-1de52a1550c180f197e2ff3116ec3fa2?pvs=21),Dream (https://app.notion.com/p/Dream-1de52a1550c180a4bc6eee5e921cbc2d?pvs=21),-84326
2026/01/15,中華電信網路費,,NT$848.00,Fun (https://app.notion.com/p/Fun-1de52a1550c180f197e2ff3116ec3fa2?pvs=21),Dream (https://app.notion.com/p/Dream-1de52a1550c180a4bc6eee5e921cbc2d?pvs=21),-84326
2026/01/14,全聯,,NT$231.00,Food (https://app.notion.com/p/Food-1de52a1550c1808585f7c8d0cbbab341?pvs=21),General (https://app.notion.com/p/General-1fe52a1550c180d89a84f6b6694a42f5?pvs=21),3999
2026/01/13,大呼過癮,,NT$420.00,Food (https://app.notion.com/p/Food-1de52a1550c1808585f7c8d0cbbab341?pvs=21),General (https://app.notion.com/p/General-1fe52a1550c180d89a84f6b6694a42f5?pvs=21),1230
2026/01/13,7-11,,NT$143.00,Food (https://app.notion.com/p/Food-1de52a1550c1808585f7c8d0cbbab341?pvs=21),General (https://app.notion.com/p/General-1fe52a1550c180d89a84f6b6694a42f5?pvs=21),1230
2026/01/12,加油費,,NT$143.00,Traffic (https://app.notion.com/p/Traffic-1de52a1550c1807b8ff6e40f804e1127?pvs=21),General (https://app.notion.com/p/General-1fe52a1550c180d89a84f6b6694a42f5?pvs=21),1793
2026/01/12,7-11,,NT$64.00,Food (https://app.notion.com/p/Food-1de52a1550c1808585f7c8d0cbbab341?pvs=21),General (https://app.notion.com/p/General-1fe52a1550c180d89a84f6b6694a42f5?pvs=21),1793
2026/01/12,全聯,,NT$128.00,Food (https://app.notion.com/p/Food-1de52a1550c1808585f7c8d0cbbab341?pvs=21),General (https://app.notion.com/p/General-1fe52a1550c180d89a84f6b6694a42f5?pvs=21),1793
2026/01/12,小販部,,NT$50.00,Food (https://app.notion.com/p/Food-1de52a1550c1808585f7c8d0cbbab341?pvs=21),General (https://app.notion.com/p/General-1fe52a1550c180d89a84f6b6694a42f5?pvs=21),1793
2026/01/11,全家,,NT$50.00,Food (https://app.notion.com/p/Food-1de52a1550c1808585f7c8d0cbbab341?pvs=21),General (https://app.notion.com/p/General-1fe52a1550c180d89a84f6b6694a42f5?pvs=21),2178
2026/01/11,好豆味,,NT$120.00,Food (https://app.notion.com/p/Food-1de52a1550c1808585f7c8d0cbbab341?pvs=21),General (https://app.notion.com/p/General-1fe52a1550c180d89a84f6b6694a42f5?pvs=21),2178
2026/01/11,北門食室,,NT$708.00,Food (https://app.notion.com/p/Food-1de52a1550c1808585f7c8d0cbbab341?pvs=21),General (https://app.notion.com/p/General-1fe52a1550c180d89a84f6b6694a42f5?pvs=21),2178
2026/01/10,50嵐,,NT$50.00,Food (https://app.notion.com/p/Food-1de52a1550c1808585f7c8d0cbbab341?pvs=21),General (https://app.notion.com/p/General-1fe52a1550c180d89a84f6b6694a42f5?pvs=21),3056
2026/01/10,玉蘭,,NT$50.00,Food (https://app.notion.com/p/Food-1de52a1550c1808585f7c8d0cbbab341?pvs=21),General (https://app.notion.com/p/General-1fe52a1550c180d89a84f6b6694a42f5?pvs=21),3056
2026/01/10,Subway,,NT$140.00,Food (https://app.notion.com/p/Food-1de52a1550c1808585f7c8d0cbbab341?pvs=21),General (https://app.notion.com/p/General-1fe52a1550c180d89a84f6b6694a42f5?pvs=21),3056
2026/01/10,羽球零打,,NT$160.00,Health (https://app.notion.com/p/Health-1de52a1550c180948ad5c45ef59a5bb8?pvs=21),Dream (https://app.notion.com/p/Dream-1de52a1550c180a4bc6eee5e921cbc2d?pvs=21),-88336
2026/01/10,延平大飯店,,NT$480.00,Food (https://app.notion.com/p/Food-1de52a1550c1808585f7c8d0cbbab341?pvs=21),General (https://app.notion.com/p/General-1fe52a1550c180d89a84f6b6694a42f5?pvs=21),3056
2026/01/09,全聯,,NT$491.00,Food (https://app.notion.com/p/Food-1de52a1550c1808585f7c8d0cbbab341?pvs=21),General (https://app.notion.com/p/General-1fe52a1550c180d89a84f6b6694a42f5?pvs=21),3776
2026/01/08,全聯,,NT$288.00,Food (https://app.notion.com/p/Food-1de52a1550c1808585f7c8d0cbbab341?pvs=21),General (https://app.notion.com/p/General-1fe52a1550c180d89a84f6b6694a42f5?pvs=21),4267
2026/01/07,全聯,,"NT$1,057.00",Food (https://app.notion.com/p/Food-1de52a1550c1808585f7c8d0cbbab341?pvs=21),General (https://app.notion.com/p/General-1fe52a1550c180d89a84f6b6694a42f5?pvs=21),4555
2026/01/07,Spotify月費,,NT$202.00,Fun (https://app.notion.com/p/Fun-1de52a1550c180f197e2ff3116ec3fa2?pvs=21),Dream (https://app.notion.com/p/Dream-1de52a1550c180a4bc6eee5e921cbc2d?pvs=21),-88176
2026/01/07,房租,,"NT$7,250.00",Groceries (https://app.notion.com/p/Groceries-1de52a1550c180c6be6cdfaeb95cee9a?pvs=21),Fixed (https://app.notion.com/p/Fixed-1de52a1550c180f19995d25cbc6f1038?pvs=21),23251
2026/01/07,匯給媽,,"NT$6,000.00",Family (https://app.notion.com/p/Family-1de52a1550c181faa107fcc0a73d8120?pvs=21),Fixed (https://app.notion.com/p/Fixed-1de52a1550c180f19995d25cbc6f1038?pvs=21),23251
2026/01/06,產交巴士,熊本車站到熊本機場,NT$280.00,Fun (https://app.notion.com/p/Fun-1de52a1550c180f197e2ff3116ec3fa2?pvs=21),Dream (https://app.notion.com/p/Dream-1de52a1550c180a4bc6eee5e921cbc2d?pvs=21),-107974
2026/01/06,日豪客運,,NT$219.00,Traffic (https://app.notion.com/p/Traffic-1de52a1550c1807b8ff6e40f804e1127?pvs=21),Dream (https://app.notion.com/p/Dream-1de52a1550c180a4bc6eee5e921cbc2d?pvs=21),-107974
2026/01/06,熊本機場,,NT$39.00,Food (https://app.notion.com/p/Food-1de52a1550c1808585f7c8d0cbbab341?pvs=21),Dream (https://app.notion.com/p/Dream-1de52a1550c180a4bc6eee5e921cbc2d?pvs=21),-107974
2026/01/06,熊本機場,,NT$192.00,Food (https://app.notion.com/p/Food-1de52a1550c1808585f7c8d0cbbab341?pvs=21),Dream (https://app.notion.com/p/Dream-1de52a1550c180a4bc6eee5e921cbc2d?pvs=21),-107974
2026/01/05,BLOSSOM,,"NT$3,000.00",Travel (https://app.notion.com/p/Travel-1de52a1550c18102a04df0c968556b0b?pvs=21),Dream (https://app.notion.com/p/Dream-1de52a1550c180a4bc6eee5e921cbc2d?pvs=21),-107244
2026/01/05,BLOSSOM販賣機,,NT$35.00,Food (https://app.notion.com/p/Food-1de52a1550c1808585f7c8d0cbbab341?pvs=21),Dream (https://app.notion.com/p/Dream-1de52a1550c180a4bc6eee5e921cbc2d?pvs=21),-107244
2026/01/05,熊本全家,,NT$182.00,Food (https://app.notion.com/p/Food-1de52a1550c1808585f7c8d0cbbab341?pvs=21),Dream (https://app.notion.com/p/Dream-1de52a1550c180a4bc6eee5e921cbc2d?pvs=21),-107244
2026/01/05,阿蘇神社,,NT$300.00,Fun (https://app.notion.com/p/Fun-1de52a1550c180f197e2ff3116ec3fa2?pvs=21),Dream (https://app.notion.com/p/Dream-1de52a1550c180a4bc6eee5e921cbc2d?pvs=21),-107244
2026/01/05,大觀峰小販部,,NT$550.00,Food (https://app.notion.com/p/Food-1de52a1550c1808585f7c8d0cbbab341?pvs=21),Dream (https://app.notion.com/p/Dream-1de52a1550c180a4bc6eee5e921cbc2d?pvs=21),-107244
2026/01/05,阿部牧場,,NT$202.00,Food (https://app.notion.com/p/Food-1de52a1550c1808585f7c8d0cbbab341?pvs=21),Dream (https://app.notion.com/p/Dream-1de52a1550c180a4bc6eee5e921cbc2d?pvs=21),-107244
2026/01/05,天外天拉麵,,NT$666.00,Food (https://app.notion.com/p/Food-1de52a1550c1808585f7c8d0cbbab341?pvs=21),Dream (https://app.notion.com/p/Dream-1de52a1550c180a4bc6eee5e921cbc2d?pvs=21),-107244
2026/01/05,阿蘇卡德利動物樂園,,"NT$1,047.00",Fun (https://app.notion.com/p/Fun-1de52a1550c180f197e2ff3116ec3fa2?pvs=21),Dream (https://app.notion.com/p/Dream-1de52a1550c180a4bc6eee5e921cbc2d?pvs=21),-107244
2026/01/05,ENEOS,,NT$380.00,Traffic (https://app.notion.com/p/Traffic-1de52a1550c1807b8ff6e40f804e1127?pvs=21),Dream (https://app.notion.com/p/Dream-1de52a1550c180a4bc6eee5e921cbc2d?pvs=21),-107244
2026/01/04,南城苑,,"NT$12,152.00",Travel (https://app.notion.com/p/Travel-1de52a1550c18102a04df0c968556b0b?pvs=21),Dream (https://app.notion.com/p/Dream-1de52a1550c180a4bc6eee5e921cbc2d?pvs=21),-108382
2026/01/04,KITTE Uniqlo,,"NT$2,830.00",Clothes (https://app.notion.com/p/Clothes-1de52a1550c181c098ebee3f08c04f38?pvs=21),Dream (https://app.notion.com/p/Dream-1de52a1550c180a4bc6eee5e921cbc2d?pvs=21),-108382
2026/01/04,みやげ処町屋,,NT$220.00,Fun (https://app.notion.com/p/Fun-1de52a1550c180f197e2ff3116ec3fa2?pvs=21),Dream (https://app.notion.com/p/Dream-1de52a1550c180a4bc6eee5e921cbc2d?pvs=21),-108382
2026/01/04,ヤマサキショップ 後藤商店,,NT$230.00,Food (https://app.notion.com/p/Food-1de52a1550c1808585f7c8d0cbbab341?pvs=21),Dream (https://app.notion.com/p/Dream-1de52a1550c180a4bc6eee5e921cbc2d?pvs=21),-108382
2026/01/04,Patisserie Roku麓,,NT$295.00,Food (https://app.notion.com/p/Food-1de52a1550c1808585f7c8d0cbbab341?pvs=21),Dream (https://app.notion.com/p/Dream-1de52a1550c180a4bc6eee5e921cbc2d?pvs=21),-108382
2026/01/04,博多車站百貨公司,,NT$916.00,Food (https://app.notion.com/p/Food-1de52a1550c1808585f7c8d0cbbab341?pvs=21),Dream (https://app.notion.com/p/Dream-1de52a1550c180a4bc6eee5e921cbc2d?pvs=21),-108382
2026/01/04,Budget Rent,,"NT$7,899.00",Traffic (https://app.notion.com/p/Traffic-1de52a1550c1807b8ff6e40f804e1127?pvs=21),Dream (https://app.notion.com/p/Dream-1de52a1550c180a4bc6eee5e921cbc2d?pvs=21),-108382
2026/01/03,福岡全家,,NT$320.00,Food (https://app.notion.com/p/Food-1de52a1550c1808585f7c8d0cbbab341?pvs=21),Dream (https://app.notion.com/p/Dream-1de52a1550c180a4bc6eee5e921cbc2d?pvs=21),-83840
2026/01/03,Lawson,,NT$143.00,Food (https://app.notion.com/p/Food-1de52a1550c1808585f7c8d0cbbab341?pvs=21),Dream (https://app.notion.com/p/Dream-1de52a1550c180a4bc6eee5e921cbc2d?pvs=21),-83840
2026/01/03,AIPEN,ON 跑鞋,"NT$2,960.00",Clothes (https://app.notion.com/p/Clothes-1de52a1550c181c098ebee3f08c04f38?pvs=21),Dream (https://app.notion.com/p/Dream-1de52a1550c180a4bc6eee5e921cbc2d?pvs=21),-83840
2026/01/03,"MUJI ",行李箱,"NT$4,539.00",Fun (https://app.notion.com/p/Fun-1de52a1550c180f197e2ff3116ec3fa2?pvs=21),Dream (https://app.notion.com/p/Dream-1de52a1550c180a4bc6eee5e921cbc2d?pvs=21),-83840
2026/01/03,Big Camera,Atex450筋膜槍,"NT$2,461.00",Health (https://app.notion.com/p/Health-1de52a1550c180948ad5c45ef59a5bb8?pvs=21),Dream (https://app.notion.com/p/Dream-1de52a1550c180a4bc6eee5e921cbc2d?pvs=21),-83840
2026/01/03,Uber,,NT$200.00,Traffic (https://app.notion.com/p/Traffic-1de52a1550c1807b8ff6e40f804e1127?pvs=21),Dream (https://app.notion.com/p/Dream-1de52a1550c180a4bc6eee5e921cbc2d?pvs=21),-83840
2026/01/03,太宰府,抽籤,NT$203.00,Fun (https://app.notion.com/p/Fun-1de52a1550c180f197e2ff3116ec3fa2?pvs=21),Dream (https://app.notion.com/p/Dream-1de52a1550c180a4bc6eee5e921cbc2d?pvs=21),-83840
2026/01/03,三柱神社,小達摩,NT$160.00,Fun (https://app.notion.com/p/Fun-1de52a1550c180f197e2ff3116ec3fa2?pvs=21),Dream (https://app.notion.com/p/Dream-1de52a1550c180a4bc6eee5e921cbc2d?pvs=21),-83840
2026/01/03,三柱神社,御朱印,NT$203.00,Fun (https://app.notion.com/p/Fun-1de52a1550c180f197e2ff3116ec3fa2?pvs=21),Dream (https://app.notion.com/p/Dream-1de52a1550c180a4bc6eee5e921cbc2d?pvs=21),-83840
2026/01/03,本吉屋,鰻魚飯,"NT$2,080.00",Food (https://app.notion.com/p/Food-1de52a1550c1808585f7c8d0cbbab341?pvs=21),Dream (https://app.notion.com/p/Dream-1de52a1550c180a4bc6eee5e921cbc2d?pvs=21),-83840
2026/01/03,二日市車站販賣機,,NT$70.00,Food (https://app.notion.com/p/Food-1de52a1550c1808585f7c8d0cbbab341?pvs=21),Dream (https://app.notion.com/p/Dream-1de52a1550c180a4bc6eee5e921cbc2d?pvs=21),-83840
2026/01/03,太宰府酒殿屋,梅餅,NT$70.00,Food (https://app.notion.com/p/Food-1de52a1550c1808585f7c8d0cbbab341?pvs=21),Dream (https://app.notion.com/p/Dream-1de52a1550c180a4bc6eee5e921cbc2d?pvs=21),-83840
2026/01/03,竈門神社,御守們,NT$700.00,Fun (https://app.notion.com/p/Fun-1de52a1550c180f197e2ff3116ec3fa2?pvs=21),Dream (https://app.notion.com/p/Dream-1de52a1550c180a4bc6eee5e921cbc2d?pvs=21),-83840
2026/01/03,Uber,太宰府到竈門神社,NT$107.00,Traffic (https://app.notion.com/p/Traffic-1de52a1550c1807b8ff6e40f804e1127?pvs=21),Dream (https://app.notion.com/p/Dream-1de52a1550c180a4bc6eee5e921cbc2d?pvs=21),-83840
2026/01/03,太宰府,御守和小禮物們,"NT$1,520.00",Fun (https://app.notion.com/p/Fun-1de52a1550c180f197e2ff3116ec3fa2?pvs=21),Dream (https://app.notion.com/p/Dream-1de52a1550c180a4bc6eee5e921cbc2d?pvs=21),-83840
2026/01/03,太宰府,御朱印,NT$100.00,Fun (https://app.notion.com/p/Fun-1de52a1550c180f197e2ff3116ec3fa2?pvs=21),Dream (https://app.notion.com/p/Dream-1de52a1550c180a4bc6eee5e921cbc2d?pvs=21),-83840
2026/01/03,Lawson,,NT$145.00,Food (https://app.notion.com/p/Food-1de52a1550c1808585f7c8d0cbbab341?pvs=21),Dream (https://app.notion.com/p/Dream-1de52a1550c180a4bc6eee5e921cbc2d?pvs=21),-83840
2026/01/03,KKday,柳川太宰府一日遊套票,"NT$1,271.00",Fun (https://app.notion.com/p/Fun-1de52a1550c180f197e2ff3116ec3fa2?pvs=21),Dream (https://app.notion.com/p/Dream-1de52a1550c180a4bc6eee5e921cbc2d?pvs=21),-83840
2026/01/02,福岡全家,,NT$166.00,Food (https://app.notion.com/p/Food-1de52a1550c1808585f7c8d0cbbab341?pvs=21),Dream (https://app.notion.com/p/Dream-1de52a1550c180a4bc6eee5e921cbc2d?pvs=21),-81253
2026/01/02,Matsumoto Kiyoshi ドラッグストア マツモトキヨシ 天神地下街東2番街店,,"NT$7,250.00",Groceries (https://app.notion.com/p/Groceries-1de52a1550c180c6be6cdfaeb95cee9a?pvs=21),Dream (https://app.notion.com/p/Dream-1de52a1550c180a4bc6eee5e921cbc2d?pvs=21),-81253
2026/01/02,3COINS＋plus mina天神店,,NT$444.00,Groceries (https://app.notion.com/p/Groceries-1de52a1550c180c6be6cdfaeb95cee9a?pvs=21),Dream (https://app.notion.com/p/Dream-1de52a1550c180a4bc6eee5e921cbc2d?pvs=21),-81253
2026/01/02,UNIQLO 天神店 ユニクロ 天神店,,"NT$2,552.00",Clothes (https://app.notion.com/p/Clothes-1de52a1550c181c098ebee3f08c04f38?pvs=21),Dream (https://app.notion.com/p/Dream-1de52a1550c180a4bc6eee5e921cbc2d?pvs=21),-81253
2026/01/02,HOKA Fukuoka Tenjin,換Nike和adidas的衣服,"NT$4,434.00",Clothes (https://app.notion.com/p/Clothes-1de52a1550c181c098ebee3f08c04f38?pvs=21),Dream (https://app.notion.com/p/Dream-1de52a1550c180a4bc6eee5e921cbc2d?pvs=21),-81253
2026/01/02,HOKA Fukuoka Tenjin,,"NT$6,046.00",Clothes (https://app.notion.com/p/Clothes-1de52a1550c181c098ebee3f08c04f38?pvs=21),Dream (https://app.notion.com/p/Dream-1de52a1550c180a4bc6eee5e921cbc2d?pvs=21),-81253
2026/01/02,関西グルメ研究所博多住吉店,,NT$686.00,Food (https://app.notion.com/p/Food-1de52a1550c1808585f7c8d0cbbab341?pvs=21),Dream (https://app.notion.com/p/Dream-1de52a1550c180a4bc6eee5e921cbc2d?pvs=21),-81253
2026/01/01,一蘭拉麵本社,,NT$904.00,Food (https://app.notion.com/p/Food-1de52a1550c1808585f7c8d0cbbab341?pvs=21),Dream (https://app.notion.com/p/Dream-1de52a1550c180a4bc6eee5e921cbc2d?pvs=21),-66182
2026/01/01,福岡7-11,,NT$161.00,Food (https://app.notion.com/p/Food-1de52a1550c1808585f7c8d0cbbab341?pvs=21),Dream (https://app.notion.com/p/Dream-1de52a1550c180a4bc6eee5e921cbc2d?pvs=21),-66182
2026/01/01,福岡全家,,NT$105.00,Food (https://app.notion.com/p/Food-1de52a1550c1808585f7c8d0cbbab341?pvs=21),Dream (https://app.notion.com/p/Dream-1de52a1550c180a4bc6eee5e921cbc2d?pvs=21),-66182
2026/01/01,"WEGO ",,"NT$1,500.00",Clothes (https://app.notion.com/p/Clothes-1de52a1550c181c098ebee3f08c04f38?pvs=21),Dream (https://app.notion.com/p/Dream-1de52a1550c180a4bc6eee5e921cbc2d?pvs=21),-66182
2026/01/01,Uniqlo,羽絨衣*4那包,"NT$11,645.00",Clothes (https://app.notion.com/p/Clothes-1de52a1550c181c098ebee3f08c04f38?pvs=21),Dream (https://app.notion.com/p/Dream-1de52a1550c180a4bc6eee5e921cbc2d?pvs=21),-66182
2026/01/01,Best Western Plus 福岡天神南 ベストウェスタンプラス福岡天神南,福岡3晚,"NT$7,800.00",Travel (https://app.notion.com/p/Travel-1de52a1550c18102a04df0c968556b0b?pvs=21),Dream (https://app.notion.com/p/Dream-1de52a1550c180a4bc6eee5e921cbc2d?pvs=21),-66182
2026/01/01,Pancake house,,NT$946.00,Food (https://app.notion.com/p/Food-1de52a1550c1808585f7c8d0cbbab341?pvs=21),Dream (https://app.notion.com/p/Dream-1de52a1550c180a4bc6eee5e921cbc2d?pvs=21),-66182
2026/01/01,福岡公車,,NT$75.00,Traffic (https://app.notion.com/p/Traffic-1de52a1550c1807b8ff6e40f804e1127?pvs=21),Dream (https://app.notion.com/p/Dream-1de52a1550c180a4bc6eee5e921cbc2d?pvs=21),-66182
2026/01/01,租車ETC,,NT$405.00,Traffic (https://app.notion.com/p/Traffic-1de52a1550c1807b8ff6e40f804e1127?pvs=21),Dream (https://app.notion.com/p/Dream-1de52a1550c180a4bc6eee5e921cbc2d?pvs=21),-66182
2026/01/01,租車油錢,,NT$666.00,Traffic (https://app.notion.com/p/Traffic-1de52a1550c1807b8ff6e40f804e1127?pvs=21),Dream (https://app.notion.com/p/Dream-1de52a1550c180a4bc6eee5e921cbc2d?pvs=21),-66182
2026/01/01,健保費,,"NT$1,083.00",Insurance (https://app.notion.com/p/Insurance-1de52a1550c181f09d1dfb6d85985a86?pvs=21),Fixed (https://app.notion.com/p/Fixed-1de52a1550c180f19995d25cbc6f1038?pvs=21),15028
2026/01/01,停車位,,"NT$2,500.00",Insurance (https://app.notion.com/p/Insurance-1de52a1550c181f09d1dfb6d85985a86?pvs=21),Fixed (https://app.notion.com/p/Fixed-1de52a1550c180f19995d25cbc6f1038?pvs=21),15028
2026/01/01,勞保費,,"NT$1,145.00",Insurance (https://app.notion.com/p/Insurance-1de52a1550c181f09d1dfb6d85985a86?pvs=21),Fixed (https://app.notion.com/p/Fixed-1de52a1550c180f19995d25cbc6f1038?pvs=21),15028
2025/12/31,由布院小吃,芋頭薄餅+草莓大福*2,NT$300.00,Food (https://app.notion.com/p/Food-1de52a1550c1808585f7c8d0cbbab341?pvs=21),Dream (https://app.notion.com/p/Dream-1de52a1550c180a4bc6eee5e921cbc2d?pvs=21),-39975
2025/12/31,別府Lawson,,NT$701.00,Food (https://app.notion.com/p/Food-1de52a1550c1808585f7c8d0cbbab341?pvs=21),Dream (https://app.notion.com/p/Dream-1de52a1550c180a4bc6eee5e921cbc2d?pvs=21),-39975
2025/12/31,別府7-11,,NT$255.00,Food (https://app.notion.com/p/Food-1de52a1550c1808585f7c8d0cbbab341?pvs=21),Dream (https://app.notion.com/p/Dream-1de52a1550c180a4bc6eee5e921cbc2d?pvs=21),-39975
2025/12/31,Super hotel bepu,,"NT$3,940.00",Travel (https://app.notion.com/p/Travel-1de52a1550c18102a04df0c968556b0b?pvs=21),Dream (https://app.notion.com/p/Dream-1de52a1550c180a4bc6eee5e921cbc2d?pvs=21),-39975
2025/12/31,由布院停車費,,NT$132.00,Traffic (https://app.notion.com/p/Traffic-1de52a1550c1807b8ff6e40f804e1127?pvs=21),Dream (https://app.notion.com/p/Dream-1de52a1550c180a4bc6eee5e921cbc2d?pvs=21),-39975
2025/12/31,Donguri No Mori どんぐりの森 由布院店,,NT$332.00,Fun (https://app.notion.com/p/Fun-1de52a1550c180f197e2ff3116ec3fa2?pvs=21),Dream (https://app.notion.com/p/Dream-1de52a1550c180a4bc6eee5e921cbc2d?pvs=21),-39975
2025/12/31,湯布院 炭焼おにぎり もぐもぐ,,NT$340.00,Food (https://app.notion.com/p/Food-1de52a1550c1808585f7c8d0cbbab341?pvs=21),Dream (https://app.notion.com/p/Dream-1de52a1550c180a4bc6eee5e921cbc2d?pvs=21),-39975
2025/12/31,吉吾炸雞,,NT$180.00,Food (https://app.notion.com/p/Food-1de52a1550c1808585f7c8d0cbbab341?pvs=21),Dream (https://app.notion.com/p/Dream-1de52a1550c180a4bc6eee5e921cbc2d?pvs=21),-39975
2025/12/31,由布院Lawson,,NT$460.00,Food (https://app.notion.com/p/Food-1de52a1550c1808585f7c8d0cbbab341?pvs=21),Dream (https://app.notion.com/p/Dream-1de52a1550c180a4bc6eee5e921cbc2d?pvs=21),-39975
2025/12/31,"Mich ",甜點,NT$219.00,Food (https://app.notion.com/p/Food-1de52a1550c1808585f7c8d0cbbab341?pvs=21),Dream (https://app.notion.com/p/Dream-1de52a1550c180a4bc6eee5e921cbc2d?pvs=21),-39975
2025/12/31,高千穗小火車,販賣機,NT$28.00,Food (https://app.notion.com/p/Food-1de52a1550c1808585f7c8d0cbbab341?pvs=21),Dream (https://app.notion.com/p/Dream-1de52a1550c180a4bc6eee5e921cbc2d?pvs=21),-39975
2025/12/31,高千穗小火車,,NT$400.00,Fun (https://app.notion.com/p/Fun-1de52a1550c180f197e2ff3116ec3fa2?pvs=21),Dream (https://app.notion.com/p/Dream-1de52a1550c180a4bc6eee5e921cbc2d?pvs=21),-39975
2025/12/31,天岩戶神社,停車費,NT$100.00,Traffic (https://app.notion.com/p/Traffic-1de52a1550c1807b8ff6e40f804e1127?pvs=21),Dream (https://app.notion.com/p/Dream-1de52a1550c180a4bc6eee5e921cbc2d?pvs=21),-39975
2025/12/31,天岩戶神社,大吉中吉籤,NT$80.00,Fun (https://app.notion.com/p/Fun-1de52a1550c180f197e2ff3116ec3fa2?pvs=21),Dream (https://app.notion.com/p/Dream-1de52a1550c180a4bc6eee5e921cbc2d?pvs=21),-39975
2025/12/31,天岩戶神社,御朱印,NT$200.00,Fun (https://app.notion.com/p/Fun-1de52a1550c180f197e2ff3116ec3fa2?pvs=21),Dream (https://app.notion.com/p/Dream-1de52a1550c180a4bc6eee5e921cbc2d?pvs=21),-39975
2025/12/30,折扣藥妝超市 コスモス（COSMOS) ドラッグストアコスモス 神殿店,,"NT$1,230.00",Groceries (https://app.notion.com/p/Groceries-1de52a1550c180c6be6cdfaeb95cee9a?pvs=21),Dream (https://app.notion.com/p/Dream-1de52a1550c180a4bc6eee5e921cbc2d?pvs=21),-32308
2025/12/30,Tomoemaru ともえまる食堂(予約は受けていません),地雞,NT$545.00,Food (https://app.notion.com/p/Food-1de52a1550c1808585f7c8d0cbbab341?pvs=21),Dream (https://app.notion.com/p/Dream-1de52a1550c180a4bc6eee5e921cbc2d?pvs=21),-32308
2025/12/30,Tomoemaru ともえまる食堂(予約は受けていません),,"NT$1,219.00",Food (https://app.notion.com/p/Food-1de52a1550c1808585f7c8d0cbbab341?pvs=21),Dream (https://app.notion.com/p/Dream-1de52a1550c180a4bc6eee5e921cbc2d?pvs=21),-32308
2025/12/30,前田菓子舗,,NT$162.00,Food (https://app.notion.com/p/Food-1de52a1550c1808585f7c8d0cbbab341?pvs=21),Dream (https://app.notion.com/p/Dream-1de52a1550c180a4bc6eee5e921cbc2d?pvs=21),-32308
2025/12/30,Budget租車,,"NT$10,774.00",Traffic (https://app.notion.com/p/Traffic-1de52a1550c1807b8ff6e40f804e1127?pvs=21),Dream (https://app.notion.com/p/Dream-1de52a1550c180a4bc6eee5e921cbc2d?pvs=21),-32308
2025/12/30,熊本全家,,NT$67.00,Food (https://app.notion.com/p/Food-1de52a1550c1808585f7c8d0cbbab341?pvs=21),Dream (https://app.notion.com/p/Dream-1de52a1550c180a4bc6eee5e921cbc2d?pvs=21),-32308
2025/12/30,麵包 TRAINDOR トランドール熊本駅店,,NT$221.00,Food (https://app.notion.com/p/Food-1de52a1550c1808585f7c8d0cbbab341?pvs=21),Dream (https://app.notion.com/p/Dream-1de52a1550c180a4bc6eee5e921cbc2d?pvs=21),-32308
2025/12/29,星宇航空,,"NT$8,287.00",Traffic (https://app.notion.com/p/Traffic-1de52a1550c1807b8ff6e40f804e1127?pvs=21),Dream (https://app.notion.com/p/Dream-1de52a1550c180a4bc6eee5e921cbc2d?pvs=21),-18090
2025/12/29,熊本全家,,NT$245.00,Food (https://app.notion.com/p/Food-1de52a1550c1808585f7c8d0cbbab341?pvs=21),Dream (https://app.notion.com/p/Dream-1de52a1550c180a4bc6eee5e921cbc2d?pvs=21),-18090
2025/12/29,勝烈亭,,"NT$1,229.00",Food (https://app.notion.com/p/Food-1de52a1550c1808585f7c8d0cbbab341?pvs=21),Dream (https://app.notion.com/p/Dream-1de52a1550c180a4bc6eee5e921cbc2d?pvs=21),-18090
2025/12/29,熊本ONE STATION酒店 ワン・ステーションホテル熊本,,"NT$3,765.00",Travel (https://app.notion.com/p/Travel-1de52a1550c18102a04df0c968556b0b?pvs=21),Dream (https://app.notion.com/p/Dream-1de52a1550c180a4bc6eee5e921cbc2d?pvs=21),-18090
2025/12/29,熊本全家,,NT$405.00,Food (https://app.notion.com/p/Food-1de52a1550c1808585f7c8d0cbbab341?pvs=21),Dream (https://app.notion.com/p/Dream-1de52a1550c180a4bc6eee5e921cbc2d?pvs=21),-18090
2025/12/29,熊本販賣機,綠茶+奶茶,NT$62.00,Food (https://app.notion.com/p/Food-1de52a1550c1808585f7c8d0cbbab341?pvs=21),Dream (https://app.notion.com/p/Dream-1de52a1550c180a4bc6eee5e921cbc2d?pvs=21),-18090
2025/12/29,熊本巴士,,NT$40.00,Traffic (https://app.notion.com/p/Traffic-1de52a1550c1807b8ff6e40f804e1127?pvs=21),Dream (https://app.notion.com/p/Dream-1de52a1550c180a4bc6eee5e921cbc2d?pvs=21),-18090
2025/12/29,熊本電車,,NT$40.00,Traffic (https://app.notion.com/p/Traffic-1de52a1550c1807b8ff6e40f804e1127?pvs=21),Dream (https://app.notion.com/p/Dream-1de52a1550c180a4bc6eee5e921cbc2d?pvs=21),-18090
2025/12/29,黑亭拉麵,"玉子拉麵+A
豚腿拉麵+C",NT$687.00,Food (https://app.notion.com/p/Food-1de52a1550c1808585f7c8d0cbbab341?pvs=21),Dream (https://app.notion.com/p/Dream-1de52a1550c180a4bc6eee5e921cbc2d?pvs=21),-18090
2025/12/29,產交巴士,熊本機場到熊本車站*2,NT$480.00,Traffic (https://app.notion.com/p/Traffic-1de52a1550c1807b8ff6e40f804e1127?pvs=21),Dream (https://app.notion.com/p/Dream-1de52a1550c180a4bc6eee5e921cbc2d?pvs=21),-18090
2025/12/29,日豪客運,新竹轉運站到桃園機場,NT$180.00,Traffic (https://app.notion.com/p/Traffic-1de52a1550c1807b8ff6e40f804e1127?pvs=21),Dream (https://app.notion.com/p/Dream-1de52a1550c180a4bc6eee5e921cbc2d?pvs=21),-18090
2025/12/29,高千穗峽神樂,,NT$400.00,Fun (https://app.notion.com/p/Fun-1de52a1550c180f197e2ff3116ec3fa2?pvs=21),Dream (https://app.notion.com/p/Dream-1de52a1550c180a4bc6eee5e921cbc2d?pvs=21),-18090
2025/12/29,汽車手機架,,NT$654.00,Traffic (https://app.notion.com/p/Traffic-1de52a1550c1807b8ff6e40f804e1127?pvs=21),Dream (https://app.notion.com/p/Dream-1de52a1550c180a4bc6eee5e921cbc2d?pvs=21),-18090
2025/12/28,透光棉花,,NT$70.00,Food (https://app.notion.com/p/Food-1de52a1550c1808585f7c8d0cbbab341?pvs=21),General (https://app.notion.com/p/General-1fe52a1550c180d89a84f6b6694a42f5?pvs=21),2598
2025/12/28,蔣好的味道,,NT$460.00,Food (https://app.notion.com/p/Food-1de52a1550c1808585f7c8d0cbbab341?pvs=21),General (https://app.notion.com/p/General-1fe52a1550c180d89a84f6b6694a42f5?pvs=21),2598
2025/12/28,烏弄,,NT$95.00,Food (https://app.notion.com/p/Food-1de52a1550c1808585f7c8d0cbbab341?pvs=21),General (https://app.notion.com/p/General-1fe52a1550c180d89a84f6b6694a42f5?pvs=21),2598
2025/12/27,草本茶,,NT$125.00,Food (https://app.notion.com/p/Food-1de52a1550c1808585f7c8d0cbbab341?pvs=21),General (https://app.notion.com/p/General-1fe52a1550c180d89a84f6b6694a42f5?pvs=21),3223
2025/12/27,青丹札西,,NT$720.00,Food (https://app.notion.com/p/Food-1de52a1550c1808585f7c8d0cbbab341?pvs=21),General (https://app.notion.com/p/General-1fe52a1550c180d89a84f6b6694a42f5?pvs=21),3223
2025/12/27,向上眼鏡,,"NT$4,500.00",Health (https://app.notion.com/p/Health-1de52a1550c180948ad5c45ef59a5bb8?pvs=21),Dream (https://app.notion.com/p/Dream-1de52a1550c180a4bc6eee5e921cbc2d?pvs=21),-20615
2025/12/27,蓋亞手機,,"NT$1,500.00",Fun (https://app.notion.com/p/Fun-1de52a1550c180f197e2ff3116ec3fa2?pvs=21),Dream (https://app.notion.com/p/Dream-1de52a1550c180a4bc6eee5e921cbc2d?pvs=21),-20615
2025/12/26,全家,汽車遙控器電池,NT$130.00,Food (https://app.notion.com/p/Food-1de52a1550c1808585f7c8d0cbbab341?pvs=21),General (https://app.notion.com/p/General-1fe52a1550c180d89a84f6b6694a42f5?pvs=21),4068
2025/12/26,Feeling 18,,NT$100.00,Food (https://app.notion.com/p/Food-1de52a1550c1808585f7c8d0cbbab341?pvs=21),General (https://app.notion.com/p/General-1fe52a1550c180d89a84f6b6694a42f5?pvs=21),4068
2025/12/25,紙教堂停車費,,NT$50.00,Fun (https://app.notion.com/p/Fun-1de52a1550c180f197e2ff3116ec3fa2?pvs=21),Dream (https://app.notion.com/p/Dream-1de52a1550c180a4bc6eee5e921cbc2d?pvs=21),-14615
2025/12/25,八曜和茶,,NT$288.00,Food (https://app.notion.com/p/Food-1de52a1550c1808585f7c8d0cbbab341?pvs=21),Dream (https://app.notion.com/p/Dream-1de52a1550c180a4bc6eee5e921cbc2d?pvs=21),-14615
2025/12/25,加油費,汽車,NT$956.00,Traffic (https://app.notion.com/p/Traffic-1de52a1550c1807b8ff6e40f804e1127?pvs=21),Dream (https://app.notion.com/p/Dream-1de52a1550c180a4bc6eee5e921cbc2d?pvs=21),-14615
2025/12/25,妮那巧克力工廠,,NT$440.00,Fun (https://app.notion.com/p/Fun-1de52a1550c180f197e2ff3116ec3fa2?pvs=21),Dream (https://app.notion.com/p/Dream-1de52a1550c180a4bc6eee5e921cbc2d?pvs=21),-14615
2025/12/24,億客來,,NT$99.00,Food (https://app.notion.com/p/Food-1de52a1550c1808585f7c8d0cbbab341?pvs=21),General (https://app.notion.com/p/General-1fe52a1550c180d89a84f6b6694a42f5?pvs=21),4298
2025/12/24,Costco,,NT$329.00,Food (https://app.notion.com/p/Food-1de52a1550c1808585f7c8d0cbbab341?pvs=21),General (https://app.notion.com/p/General-1fe52a1550c180d89a84f6b6694a42f5?pvs=21),4298
2025/12/23,玉蘭,,NT$45.00,Food (https://app.notion.com/p/Food-1de52a1550c1808585f7c8d0cbbab341?pvs=21),General (https://app.notion.com/p/General-1fe52a1550c180d89a84f6b6694a42f5?pvs=21),4726
2025/12/23,全聯,,NT$119.00,Food (https://app.notion.com/p/Food-1de52a1550c1808585f7c8d0cbbab341?pvs=21),General (https://app.notion.com/p/General-1fe52a1550c180d89a84f6b6694a42f5?pvs=21),4726
2025/12/22,全聯,,NT$161.00,Food (https://app.notion.com/p/Food-1de52a1550c1808585f7c8d0cbbab341?pvs=21),General (https://app.notion.com/p/General-1fe52a1550c180d89a84f6b6694a42f5?pvs=21),4890
2025/12/22,上宇林,,NT$55.00,Food (https://app.notion.com/p/Food-1de52a1550c1808585f7c8d0cbbab341?pvs=21),General (https://app.notion.com/p/General-1fe52a1550c180d89a84f6b6694a42f5?pvs=21),4890
2025/12/22,停車費,,NT$20.00,Traffic (https://app.notion.com/p/Traffic-1de52a1550c1807b8ff6e40f804e1127?pvs=21),Dream (https://app.notion.com/p/Dream-1de52a1550c180a4bc6eee5e921cbc2d?pvs=21),-12881
2025/12/22,長疆羊肉爐,,"NT$1,200.00",Food (https://app.notion.com/p/Food-1de52a1550c1808585f7c8d0cbbab341?pvs=21),General (https://app.notion.com/p/General-1fe52a1550c180d89a84f6b6694a42f5?pvs=21),4890
2025/12/21,停車費,,NT$200.00,Traffic (https://app.notion.com/p/Traffic-1de52a1550c1807b8ff6e40f804e1127?pvs=21),Dream (https://app.notion.com/p/Dream-1de52a1550c180a4bc6eee5e921cbc2d?pvs=21),-12861
2025/12/21,hahababy市集,,NT$599.00,Groceries (https://app.notion.com/p/Groceries-1de52a1550c180c6be6cdfaeb95cee9a?pvs=21),Dream (https://app.notion.com/p/Dream-1de52a1550c180a4bc6eee5e921cbc2d?pvs=21),-12861
2025/12/21,燒肉同話,,"NT$2,860.00",Food (https://app.notion.com/p/Food-1de52a1550c1808585f7c8d0cbbab341?pvs=21),Dream (https://app.notion.com/p/Dream-1de52a1550c180a4bc6eee5e921cbc2d?pvs=21),-12861
2025/12/21,hahababy市集,,NT$150.00,Food (https://app.notion.com/p/Food-1de52a1550c1808585f7c8d0cbbab341?pvs=21),General (https://app.notion.com/p/General-1fe52a1550c180d89a84f6b6694a42f5?pvs=21),6306
2025/12/21,hahababy市集,,NT$100.00,Food (https://app.notion.com/p/Food-1de52a1550c1808585f7c8d0cbbab341?pvs=21),General (https://app.notion.com/p/General-1fe52a1550c180d89a84f6b6694a42f5?pvs=21),6306
2025/12/21,東南漢堡店,,NT$100.00,Food (https://app.notion.com/p/Food-1de52a1550c1808585f7c8d0cbbab341?pvs=21),General (https://app.notion.com/p/General-1fe52a1550c180d89a84f6b6694a42f5?pvs=21),6306
2025/12/20,茶湯會,,NT$130.00,Food (https://app.notion.com/p/Food-1de52a1550c1808585f7c8d0cbbab341?pvs=21),General (https://app.notion.com/p/General-1fe52a1550c180d89a84f6b6694a42f5?pvs=21),6656
2025/12/20,威秀影城,動物方程式2,NT$578.00,Fun (https://app.notion.com/p/Fun-1de52a1550c180f197e2ff3116ec3fa2?pvs=21),Couple's (https://app.notion.com/p/Couple-s-1de52a1550c181d39de7eebc343b38cd?pvs=21),6228
2025/12/20,加油費,機車,NT$133.00,Traffic (https://app.notion.com/p/Traffic-1de52a1550c1807b8ff6e40f804e1127?pvs=21),General (https://app.notion.com/p/General-1fe52a1550c180d89a84f6b6694a42f5?pvs=21),6656
2025/12/20,全家,,NT$56.00,Food (https://app.notion.com/p/Food-1de52a1550c1808585f7c8d0cbbab341?pvs=21),General (https://app.notion.com/p/General-1fe52a1550c180d89a84f6b6694a42f5?pvs=21),6656
2025/12/20,7-11,,NT$59.00,Food (https://app.notion.com/p/Food-1de52a1550c1808585f7c8d0cbbab341?pvs=21),General (https://app.notion.com/p/General-1fe52a1550c180d89a84f6b6694a42f5?pvs=21),6656
2025/12/19,竹東排骨酥麵,,NT$272.00,Food (https://app.notion.com/p/Food-1de52a1550c1808585f7c8d0cbbab341?pvs=21),General (https://app.notion.com/p/General-1fe52a1550c180d89a84f6b6694a42f5?pvs=21),7034
2025/12/18,上宇林,,NT$45.00,Food (https://app.notion.com/p/Food-1de52a1550c1808585f7c8d0cbbab341?pvs=21),General (https://app.notion.com/p/General-1fe52a1550c180d89a84f6b6694a42f5?pvs=21),7306
2025/12/18,全聯,,NT$159.00,Food (https://app.notion.com/p/Food-1de52a1550c1808585f7c8d0cbbab341?pvs=21),General (https://app.notion.com/p/General-1fe52a1550c180d89a84f6b6694a42f5?pvs=21),7306
2025/12/17,50嵐,,NT$40.00,Food (https://app.notion.com/p/Food-1de52a1550c1808585f7c8d0cbbab341?pvs=21),General (https://app.notion.com/p/General-1fe52a1550c180d89a84f6b6694a42f5?pvs=21),7510
2025/12/17,全聯,,NT$173.00,Food (https://app.notion.com/p/Food-1de52a1550c1808585f7c8d0cbbab341?pvs=21),General (https://app.notion.com/p/General-1fe52a1550c180d89a84f6b6694a42f5?pvs=21),7510
2025/12/17,7-11,早餐,NT$105.00,Food (https://app.notion.com/p/Food-1de52a1550c1808585f7c8d0cbbab341?pvs=21),General (https://app.notion.com/p/General-1fe52a1550c180d89a84f6b6694a42f5?pvs=21),7510
2025/12/16,五鮮級火鍋,,"NT$1,028.00",Food (https://app.notion.com/p/Food-1de52a1550c1808585f7c8d0cbbab341?pvs=21),Couple's (https://app.notion.com/p/Couple-s-1de52a1550c181d39de7eebc343b38cd?pvs=21),6806
2025/12/16,阿婆早餐店,雙黃油條,NT$55.00,Food (https://app.notion.com/p/Food-1de52a1550c1808585f7c8d0cbbab341?pvs=21),General (https://app.notion.com/p/General-1fe52a1550c180d89a84f6b6694a42f5?pvs=21),7828
2025/12/15,柏廷耳鼻喉科,,"NT$1,220.00",Health (https://app.notion.com/p/Health-1de52a1550c180948ad5c45ef59a5bb8?pvs=21),Savings (https://app.notion.com/p/Savings-1de52a1550c18029b280dc7d9d36cb03?pvs=21),324544
2025/12/15,全聯,,NT$340.00,Food (https://app.notion.com/p/Food-1de52a1550c1808585f7c8d0cbbab341?pvs=21),General (https://app.notion.com/p/General-1fe52a1550c180d89a84f6b6694a42f5?pvs=21),7883
2025/12/15,中華電信網路費,,NT$848.00,Fun (https://app.notion.com/p/Fun-1de52a1550c180f197e2ff3116ec3fa2?pvs=21),Dream (https://app.notion.com/p/Dream-1de52a1550c180a4bc6eee5e921cbc2d?pvs=21),-9202
2025/12/15,中華電信手機費,,NT$665.00,Fun (https://app.notion.com/p/Fun-1de52a1550c180f197e2ff3116ec3fa2?pvs=21),Dream (https://app.notion.com/p/Dream-1de52a1550c180a4bc6eee5e921cbc2d?pvs=21),-9202
2025/12/14,小時候牛排,,NT$525.00,Food (https://app.notion.com/p/Food-1de52a1550c1808585f7c8d0cbbab341?pvs=21),General (https://app.notion.com/p/General-1fe52a1550c180d89a84f6b6694a42f5?pvs=21),8223
2025/12/13,Readmoo,,NT$955.00,Learning (https://app.notion.com/p/Learning-1de52a1550c181fba52ed20f1907d909?pvs=21),Dream (https://app.notion.com/p/Dream-1de52a1550c180a4bc6eee5e921cbc2d?pvs=21),-7689
2025/12/13,粥大福,,NT$245.00,Food (https://app.notion.com/p/Food-1de52a1550c1808585f7c8d0cbbab341?pvs=21),General (https://app.notion.com/p/General-1fe52a1550c180d89a84f6b6694a42f5?pvs=21),8748
2025/12/13,狀元滷味,,NT$360.00,Food (https://app.notion.com/p/Food-1de52a1550c1808585f7c8d0cbbab341?pvs=21),General (https://app.notion.com/p/General-1fe52a1550c180d89a84f6b6694a42f5?pvs=21),8748
2025/12/13,Haven Hair,,"NT$3,500.00",Clothes (https://app.notion.com/p/Clothes-1de52a1550c181c098ebee3f08c04f38?pvs=21),Dream (https://app.notion.com/p/Dream-1de52a1550c180a4bc6eee5e921cbc2d?pvs=21),-7689
2025/12/12,柏廷耳鼻喉科,,NT$200.00,Health (https://app.notion.com/p/Health-1de52a1550c180948ad5c45ef59a5bb8?pvs=21),Savings (https://app.notion.com/p/Savings-1de52a1550c18029b280dc7d9d36cb03?pvs=21),325764
2025/12/12,草本茶,,NT$110.00,Food (https://app.notion.com/p/Food-1de52a1550c1808585f7c8d0cbbab341?pvs=21),General (https://app.notion.com/p/General-1fe52a1550c180d89a84f6b6694a42f5?pvs=21),9353
2025/12/12,7-11,,NT$85.00,Food (https://app.notion.com/p/Food-1de52a1550c1808585f7c8d0cbbab341?pvs=21),General (https://app.notion.com/p/General-1fe52a1550c180d89a84f6b6694a42f5?pvs=21),9353
2025/12/12,大埔鐵板燒,,NT$555.00,Food (https://app.notion.com/p/Food-1de52a1550c1808585f7c8d0cbbab341?pvs=21),General (https://app.notion.com/p/General-1fe52a1550c180d89a84f6b6694a42f5?pvs=21),9353
2025/12/11,迪卡儂,,NT$399.00,Clothes (https://app.notion.com/p/Clothes-1de52a1550c181c098ebee3f08c04f38?pvs=21),Dream (https://app.notion.com/p/Dream-1de52a1550c180a4bc6eee5e921cbc2d?pvs=21),-3234
2025/12/11,肯德基,,NT$535.00,Food (https://app.notion.com/p/Food-1de52a1550c1808585f7c8d0cbbab341?pvs=21),General (https://app.notion.com/p/General-1fe52a1550c180d89a84f6b6694a42f5?pvs=21),10103
2025/12/11,Costco,,NT$148.00,Food (https://app.notion.com/p/Food-1de52a1550c1808585f7c8d0cbbab341?pvs=21),General (https://app.notion.com/p/General-1fe52a1550c180d89a84f6b6694a42f5?pvs=21),10103
2025/12/11,小販部,,NT$13.00,Food (https://app.notion.com/p/Food-1de52a1550c1808585f7c8d0cbbab341?pvs=21),General (https://app.notion.com/p/General-1fe52a1550c180d89a84f6b6694a42f5?pvs=21),10103
2025/12/11,Costco,,NT$799.00,Food (https://app.notion.com/p/Food-1de52a1550c1808585f7c8d0cbbab341?pvs=21),General (https://app.notion.com/p/General-1fe52a1550c180d89a84f6b6694a42f5?pvs=21),10103
2025/12/11,機油,,NT$300.00,Traffic (https://app.notion.com/p/Traffic-1de52a1550c1807b8ff6e40f804e1127?pvs=21),General (https://app.notion.com/p/General-1fe52a1550c180d89a84f6b6694a42f5?pvs=21),10103
2025/12/10,7-11,,NT$63.00,Food (https://app.notion.com/p/Food-1de52a1550c1808585f7c8d0cbbab341?pvs=21),General (https://app.notion.com/p/General-1fe52a1550c180d89a84f6b6694a42f5?pvs=21),11898
2025/12/09,柏廷耳鼻喉科,,NT$200.00,Health (https://app.notion.com/p/Health-1de52a1550c180948ad5c45ef59a5bb8?pvs=21),Savings (https://app.notion.com/p/Savings-1de52a1550c18029b280dc7d9d36cb03?pvs=21),325964
2025/12/09,7-11,,NT$58.00,Food (https://app.notion.com/p/Food-1de52a1550c1808585f7c8d0cbbab341?pvs=21),General (https://app.notion.com/p/General-1fe52a1550c180d89a84f6b6694a42f5?pvs=21),11961
2025/12/08,Costco,,"NT$2,459.00",Food (https://app.notion.com/p/Food-1de52a1550c1808585f7c8d0cbbab341?pvs=21),General (https://app.notion.com/p/General-1fe52a1550c180d89a84f6b6694a42f5?pvs=21),12019
2025/12/08,Costco,,NT$435.00,Health (https://app.notion.com/p/Health-1de52a1550c180948ad5c45ef59a5bb8?pvs=21),Dream (https://app.notion.com/p/Dream-1de52a1550c180a4bc6eee5e921cbc2d?pvs=21),-2835
2025/12/07,石二鍋,,NT$853.00,Food (https://app.notion.com/p/Food-1de52a1550c1808585f7c8d0cbbab341?pvs=21),General (https://app.notion.com/p/General-1fe52a1550c180d89a84f6b6694a42f5?pvs=21),14478
2025/12/07,無印良品,,NT$750.00,Clothes (https://app.notion.com/p/Clothes-1de52a1550c181c098ebee3f08c04f38?pvs=21),Dream (https://app.notion.com/p/Dream-1de52a1550c180a4bc6eee5e921cbc2d?pvs=21),-2400
2025/12/07,7-11,,NT$97.00,Food (https://app.notion.com/p/Food-1de52a1550c1808585f7c8d0cbbab341?pvs=21),General (https://app.notion.com/p/General-1fe52a1550c180d89a84f6b6694a42f5?pvs=21),14478
2025/12/06,麥當勞,,NT$255.00,Food (https://app.notion.com/p/Food-1de52a1550c1808585f7c8d0cbbab341?pvs=21),General (https://app.notion.com/p/General-1fe52a1550c180d89a84f6b6694a42f5?pvs=21),15428
2025/12/06,加油費,,NT$918.00,Traffic (https://app.notion.com/p/Traffic-1de52a1550c1807b8ff6e40f804e1127?pvs=21),Dream (https://app.notion.com/p/Dream-1de52a1550c180a4bc6eee5e921cbc2d?pvs=21),-1650
2025/12/06,7-11,,NT$150.00,Food (https://app.notion.com/p/Food-1de52a1550c1808585f7c8d0cbbab341?pvs=21),General (https://app.notion.com/p/General-1fe52a1550c180d89a84f6b6694a42f5?pvs=21),15428
2025/12/06,停車費,六張犁停車,NT$60.00,Traffic (https://app.notion.com/p/Traffic-1de52a1550c1807b8ff6e40f804e1127?pvs=21),Dream (https://app.notion.com/p/Dream-1de52a1550c180a4bc6eee5e921cbc2d?pvs=21),-1650
2025/12/06,停車費,西門停車,NT$100.00,Traffic (https://app.notion.com/p/Traffic-1de52a1550c1807b8ff6e40f804e1127?pvs=21),Dream (https://app.notion.com/p/Dream-1de52a1550c180a4bc6eee5e921cbc2d?pvs=21),-1650
2025/12/04,五星級麵店,,NT$198.00,Food (https://app.notion.com/p/Food-1de52a1550c1808585f7c8d0cbbab341?pvs=21),General (https://app.notion.com/p/General-1fe52a1550c180d89a84f6b6694a42f5?pvs=21),15833
2025/12/04,韓姜熙的小廚房,,NT$278.00,Food (https://app.notion.com/p/Food-1de52a1550c1808585f7c8d0cbbab341?pvs=21),General (https://app.notion.com/p/General-1fe52a1550c180d89a84f6b6694a42f5?pvs=21),15833
2025/12/04,丸龜製麵,,NT$131.00,Food (https://app.notion.com/p/Food-1de52a1550c1808585f7c8d0cbbab341?pvs=21),General (https://app.notion.com/p/General-1fe52a1550c180d89a84f6b6694a42f5?pvs=21),15833
2025/12/04,龜記,,NT$95.00,Food (https://app.notion.com/p/Food-1de52a1550c1808585f7c8d0cbbab341?pvs=21),General (https://app.notion.com/p/General-1fe52a1550c180d89a84f6b6694a42f5?pvs=21),15833
2025/12/04,Spotify月費,,NT$202.00,Fun (https://app.notion.com/p/Fun-1de52a1550c180f197e2ff3116ec3fa2?pvs=21),Dream (https://app.notion.com/p/Dream-1de52a1550c180a4bc6eee5e921cbc2d?pvs=21),-3172
2025/12/03,大呼過癮,,NT$210.00,Food (https://app.notion.com/p/Food-1de52a1550c1808585f7c8d0cbbab341?pvs=21),General (https://app.notion.com/p/General-1fe52a1550c180d89a84f6b6694a42f5?pvs=21),13535
2025/12/03,全聯,,NT$89.00,Food (https://app.notion.com/p/Food-1de52a1550c1808585f7c8d0cbbab341?pvs=21),General (https://app.notion.com/p/General-1fe52a1550c180d89a84f6b6694a42f5?pvs=21),13535
2025/12/02,全聯,,NT$135.00,Food (https://app.notion.com/p/Food-1de52a1550c1808585f7c8d0cbbab341?pvs=21),General (https://app.notion.com/p/General-1fe52a1550c180d89a84f6b6694a42f5?pvs=21),13834
2025/12/02,房租,,"NT$7,250.00",Groceries (https://app.notion.com/p/Groceries-1de52a1550c180c6be6cdfaeb95cee9a?pvs=21),Fixed (https://app.notion.com/p/Fixed-1de52a1550c180f19995d25cbc6f1038?pvs=21),19756
2025/12/02,匯給媽,,"NT$6,000.00",Family (https://app.notion.com/p/Family-1de52a1550c181faa107fcc0a73d8120?pvs=21),Fixed (https://app.notion.com/p/Fixed-1de52a1550c180f19995d25cbc6f1038?pvs=21),19756
2025/12/01,全聯,,NT$269.00,Food (https://app.notion.com/p/Food-1de52a1550c1808585f7c8d0cbbab341?pvs=21),General (https://app.notion.com/p/General-1fe52a1550c180d89a84f6b6694a42f5?pvs=21),-1045
2025/12/01,億客來,,NT$279.00,Food (https://app.notion.com/p/Food-1de52a1550c1808585f7c8d0cbbab341?pvs=21),General (https://app.notion.com/p/General-1fe52a1550c180d89a84f6b6694a42f5?pvs=21),-1045
2025/12/01,停車位,,"NT$2,500.00",Insurance (https://app.notion.com/p/Insurance-1de52a1550c181f09d1dfb6d85985a86?pvs=21),Fixed (https://app.notion.com/p/Fixed-1de52a1550c180f19995d25cbc6f1038?pvs=21),11533
2025/12/01,勞保費,,"NT$1,145.00",Insurance (https://app.notion.com/p/Insurance-1de52a1550c181f09d1dfb6d85985a86?pvs=21),Fixed (https://app.notion.com/p/Fixed-1de52a1550c180f19995d25cbc6f1038?pvs=21),11533
2025/12/01,健保費,,"NT$1,083.00",Insurance (https://app.notion.com/p/Insurance-1de52a1550c181f09d1dfb6d85985a86?pvs=21),Fixed (https://app.notion.com/p/Fixed-1de52a1550c180f19995d25cbc6f1038?pvs=21),11533
2025/11/30,麵堂,,NT$450.00,Food (https://app.notion.com/p/Food-1de52a1550c1808585f7c8d0cbbab341?pvs=21),General (https://app.notion.com/p/General-1fe52a1550c180d89a84f6b6694a42f5?pvs=21),1503
2025/11/30,沐嵐,,NT$630.00,Food (https://app.notion.com/p/Food-1de52a1550c1808585f7c8d0cbbab341?pvs=21),General (https://app.notion.com/p/General-1fe52a1550c180d89a84f6b6694a42f5?pvs=21),1503
2025/11/29,Costco,,NT$729.00,Health (https://app.notion.com/p/Health-1de52a1550c180948ad5c45ef59a5bb8?pvs=21),Dream (https://app.notion.com/p/Dream-1de52a1550c180a4bc6eee5e921cbc2d?pvs=21),-13792
2025/11/29,Costco,,"NT$1,117.00",Food (https://app.notion.com/p/Food-1de52a1550c1808585f7c8d0cbbab341?pvs=21),General (https://app.notion.com/p/General-1fe52a1550c180d89a84f6b6694a42f5?pvs=21),2583
2025/11/29,Costco,,"NT$1,682.00",Groceries (https://app.notion.com/p/Groceries-1de52a1550c180c6be6cdfaeb95cee9a?pvs=21),Dream (https://app.notion.com/p/Dream-1de52a1550c180a4bc6eee5e921cbc2d?pvs=21),-13792
2025/11/29,羽球零打,,NT$160.00,Food (https://app.notion.com/p/Food-1de52a1550c1808585f7c8d0cbbab341?pvs=21),General (https://app.notion.com/p/General-1fe52a1550c180d89a84f6b6694a42f5?pvs=21),2583
2025/11/29,客家幸福小館,,NT$360.00,Food (https://app.notion.com/p/Food-1de52a1550c1808585f7c8d0cbbab341?pvs=21),General (https://app.notion.com/p/General-1fe52a1550c180d89a84f6b6694a42f5?pvs=21),2583
2025/11/29,北門食室,,NT$110.00,Food (https://app.notion.com/p/Food-1de52a1550c1808585f7c8d0cbbab341?pvs=21),General (https://app.notion.com/p/General-1fe52a1550c180d89a84f6b6694a42f5?pvs=21),2583
2025/11/28,健康檢查,,"NT$3,500.00",Health (https://app.notion.com/p/Health-1de52a1550c180948ad5c45ef59a5bb8?pvs=21),Savings (https://app.notion.com/p/Savings-1de52a1550c18029b280dc7d9d36cb03?pvs=21),319657
2025/11/25,綜合麻辣臭豆腐,,NT$70.00,Food (https://app.notion.com/p/Food-1de52a1550c1808585f7c8d0cbbab341?pvs=21),General (https://app.notion.com/p/General-1fe52a1550c180d89a84f6b6694a42f5?pvs=21),4330
2025/11/25,蚵仔煎,,NT$150.00,Food (https://app.notion.com/p/Food-1de52a1550c1808585f7c8d0cbbab341?pvs=21),General (https://app.notion.com/p/General-1fe52a1550c180d89a84f6b6694a42f5?pvs=21),4330
2025/11/25,滷味,,NT$220.00,Food (https://app.notion.com/p/Food-1de52a1550c1808585f7c8d0cbbab341?pvs=21),General (https://app.notion.com/p/General-1fe52a1550c180d89a84f6b6694a42f5?pvs=21),4330
2025/11/24,加油費,,NT$145.00,Traffic (https://app.notion.com/p/Traffic-1de52a1550c1807b8ff6e40f804e1127?pvs=21),General (https://app.notion.com/p/General-1fe52a1550c180d89a84f6b6694a42f5?pvs=21),4770
2025/11/24,金山雞腿飯,,NT$280.00,Food (https://app.notion.com/p/Food-1de52a1550c1808585f7c8d0cbbab341?pvs=21),General (https://app.notion.com/p/General-1fe52a1550c180d89a84f6b6694a42f5?pvs=21),4770
2025/11/23,一沐日,,NT$55.00,Food (https://app.notion.com/p/Food-1de52a1550c1808585f7c8d0cbbab341?pvs=21),General (https://app.notion.com/p/General-1fe52a1550c180d89a84f6b6694a42f5?pvs=21),5195
2025/11/23,台鐵,,NT$771.00,Traffic (https://app.notion.com/p/Traffic-1de52a1550c1807b8ff6e40f804e1127?pvs=21),Dream (https://app.notion.com/p/Dream-1de52a1550c180a4bc6eee5e921cbc2d?pvs=21),-11381
2025/11/23,竹東排骨酥麵,,NT$166.00,Food (https://app.notion.com/p/Food-1de52a1550c1808585f7c8d0cbbab341?pvs=21),General (https://app.notion.com/p/General-1fe52a1550c180d89a84f6b6694a42f5?pvs=21),5195
2025/11/23,茶舍,綠豆沙牛奶,NT$45.00,Food (https://app.notion.com/p/Food-1de52a1550c1808585f7c8d0cbbab341?pvs=21),General (https://app.notion.com/p/General-1fe52a1550c180d89a84f6b6694a42f5?pvs=21),5195
2025/11/21,迪卡儂,,NT$199.00,Food (https://app.notion.com/p/Food-1de52a1550c1808585f7c8d0cbbab341?pvs=21),General (https://app.notion.com/p/General-1fe52a1550c180d89a84f6b6694a42f5?pvs=21),5461
2025/11/21,7-11,,NT$13.00,Food (https://app.notion.com/p/Food-1de52a1550c1808585f7c8d0cbbab341?pvs=21),General (https://app.notion.com/p/General-1fe52a1550c180d89a84f6b6694a42f5?pvs=21),5461
2025/11/21,台鐵,,NT$769.00,Traffic (https://app.notion.com/p/Traffic-1de52a1550c1807b8ff6e40f804e1127?pvs=21),Dream (https://app.notion.com/p/Dream-1de52a1550c180a4bc6eee5e921cbc2d?pvs=21),-9975
2025/11/20,7-11,,NT$39.00,Food (https://app.notion.com/p/Food-1de52a1550c1808585f7c8d0cbbab341?pvs=21),General (https://app.notion.com/p/General-1fe52a1550c180d89a84f6b6694a42f5?pvs=21),5673
2025/11/20,頂廂園,,NT$515.00,Food (https://app.notion.com/p/Food-1de52a1550c1808585f7c8d0cbbab341?pvs=21),General (https://app.notion.com/p/General-1fe52a1550c180d89a84f6b6694a42f5?pvs=21),5673
2025/11/20,全人好動,,"NT$1,500.00",Health (https://app.notion.com/p/Health-1de52a1550c180948ad5c45ef59a5bb8?pvs=21),Dream (https://app.notion.com/p/Dream-1de52a1550c180a4bc6eee5e921cbc2d?pvs=21),-9206
2025/11/19,7-11,,NT$53.00,Food (https://app.notion.com/p/Food-1de52a1550c1808585f7c8d0cbbab341?pvs=21),General (https://app.notion.com/p/General-1fe52a1550c180d89a84f6b6694a42f5?pvs=21),6227
2025/11/19,7-11,,NT$54.00,Food (https://app.notion.com/p/Food-1de52a1550c1808585f7c8d0cbbab341?pvs=21),General (https://app.notion.com/p/General-1fe52a1550c180d89a84f6b6694a42f5?pvs=21),6227
2025/11/18,東門文昌雞,,NT$429.00,Food (https://app.notion.com/p/Food-1de52a1550c1808585f7c8d0cbbab341?pvs=21),General (https://app.notion.com/p/General-1fe52a1550c180d89a84f6b6694a42f5?pvs=21),6334
2025/11/17,7-11,,NT$95.00,Food (https://app.notion.com/p/Food-1de52a1550c1808585f7c8d0cbbab341?pvs=21),General (https://app.notion.com/p/General-1fe52a1550c180d89a84f6b6694a42f5?pvs=21),6763
2025/11/17,7-11,,NT$71.00,Food (https://app.notion.com/p/Food-1de52a1550c1808585f7c8d0cbbab341?pvs=21),General (https://app.notion.com/p/General-1fe52a1550c180d89a84f6b6694a42f5?pvs=21),6763
2025/11/15,7-11,,NT$225.00,Food (https://app.notion.com/p/Food-1de52a1550c1808585f7c8d0cbbab341?pvs=21),General (https://app.notion.com/p/General-1fe52a1550c180d89a84f6b6694a42f5?pvs=21),6929
2025/11/15,龜記,,NT$50.00,Food (https://app.notion.com/p/Food-1de52a1550c1808585f7c8d0cbbab341?pvs=21),General (https://app.notion.com/p/General-1fe52a1550c180d89a84f6b6694a42f5?pvs=21),6929
2025/11/15,茶湯會,,NT$35.00,Food (https://app.notion.com/p/Food-1de52a1550c1808585f7c8d0cbbab341?pvs=21),General (https://app.notion.com/p/General-1fe52a1550c180d89a84f6b6694a42f5?pvs=21),6929
2025/11/15,秘醬滷味,,NT$225.00,Food (https://app.notion.com/p/Food-1de52a1550c1808585f7c8d0cbbab341?pvs=21),General (https://app.notion.com/p/General-1fe52a1550c180d89a84f6b6694a42f5?pvs=21),6929
2025/11/15,中華電信網路費,,NT$848.00,Fun (https://app.notion.com/p/Fun-1de52a1550c180f197e2ff3116ec3fa2?pvs=21),Dream (https://app.notion.com/p/Dream-1de52a1550c180a4bc6eee5e921cbc2d?pvs=21),-7706
2025/11/15,中華電信手機費,,NT$665.00,Fun (https://app.notion.com/p/Fun-1de52a1550c180f197e2ff3116ec3fa2?pvs=21),Dream (https://app.notion.com/p/Dream-1de52a1550c180a4bc6eee5e921cbc2d?pvs=21),-7706
2025/11/14,Costco,,"NT$1,376.00",Food (https://app.notion.com/p/Food-1de52a1550c1808585f7c8d0cbbab341?pvs=21),General (https://app.notion.com/p/General-1fe52a1550c180d89a84f6b6694a42f5?pvs=21),7464
2025/11/14,Costco,,NT$319.00,Health (https://app.notion.com/p/Health-1de52a1550c180948ad5c45ef59a5bb8?pvs=21),Dream (https://app.notion.com/p/Dream-1de52a1550c180a4bc6eee5e921cbc2d?pvs=21),-6193
2025/11/14,7-11,,NT$109.00,Food (https://app.notion.com/p/Food-1de52a1550c1808585f7c8d0cbbab341?pvs=21),General (https://app.notion.com/p/General-1fe52a1550c180d89a84f6b6694a42f5?pvs=21),7464
2025/11/12,7-11,,NT$124.00,Food (https://app.notion.com/p/Food-1de52a1550c1808585f7c8d0cbbab341?pvs=21),General (https://app.notion.com/p/General-1fe52a1550c180d89a84f6b6694a42f5?pvs=21),8949
2025/11/11,開飯川,,"NT$1,532.00",Food (https://app.notion.com/p/Food-1de52a1550c1808585f7c8d0cbbab341?pvs=21),Couple's (https://app.notion.com/p/Couple-s-1de52a1550c181d39de7eebc343b38cd?pvs=21),3834
2025/11/10,7-11,,NT$87.00,Food (https://app.notion.com/p/Food-1de52a1550c1808585f7c8d0cbbab341?pvs=21),General (https://app.notion.com/p/General-1fe52a1550c180d89a84f6b6694a42f5?pvs=21),9073
2025/11/09,Subway,,NT$374.00,Food (https://app.notion.com/p/Food-1de52a1550c1808585f7c8d0cbbab341?pvs=21),General (https://app.notion.com/p/General-1fe52a1550c180d89a84f6b6694a42f5?pvs=21),9160
2025/11/09,大學文具,,NT$250.00,Food (https://app.notion.com/p/Food-1de52a1550c1808585f7c8d0cbbab341?pvs=21),General (https://app.notion.com/p/General-1fe52a1550c180d89a84f6b6694a42f5?pvs=21),9160
2025/11/09,龜記,,NT$40.00,Food (https://app.notion.com/p/Food-1de52a1550c1808585f7c8d0cbbab341?pvs=21),General (https://app.notion.com/p/General-1fe52a1550c180d89a84f6b6694a42f5?pvs=21),9160
2025/11/09,全聯,,NT$951.00,Food (https://app.notion.com/p/Food-1de52a1550c1808585f7c8d0cbbab341?pvs=21),General (https://app.notion.com/p/General-1fe52a1550c180d89a84f6b6694a42f5?pvs=21),9160
2025/11/08,加油費,,NT$144.00,Traffic (https://app.notion.com/p/Traffic-1de52a1550c1807b8ff6e40f804e1127?pvs=21),General (https://app.notion.com/p/General-1fe52a1550c180d89a84f6b6694a42f5?pvs=21),10775
2025/11/08,涓豆腐,,"NT$1,318.00",Food (https://app.notion.com/p/Food-1de52a1550c1808585f7c8d0cbbab341?pvs=21),Couple's (https://app.notion.com/p/Couple-s-1de52a1550c181d39de7eebc343b38cd?pvs=21),5366
2025/11/08,7-11,,NT$34.00,Food (https://app.notion.com/p/Food-1de52a1550c1808585f7c8d0cbbab341?pvs=21),General (https://app.notion.com/p/General-1fe52a1550c180d89a84f6b6694a42f5?pvs=21),10775
2025/11/08,全家,,NT$78.00,Food (https://app.notion.com/p/Food-1de52a1550c1808585f7c8d0cbbab341?pvs=21),General (https://app.notion.com/p/General-1fe52a1550c180d89a84f6b6694a42f5?pvs=21),10775
2025/11/06,7-11,,NT$76.00,Food (https://app.notion.com/p/Food-1de52a1550c1808585f7c8d0cbbab341?pvs=21),General (https://app.notion.com/p/General-1fe52a1550c180d89a84f6b6694a42f5?pvs=21),11031
2025/11/06,全聯,,NT$209.00,Food (https://app.notion.com/p/Food-1de52a1550c1808585f7c8d0cbbab341?pvs=21),General (https://app.notion.com/p/General-1fe52a1550c180d89a84f6b6694a42f5?pvs=21),11031
2025/11/06,玉蘭,,NT$60.00,Food (https://app.notion.com/p/Food-1de52a1550c1808585f7c8d0cbbab341?pvs=21),General (https://app.notion.com/p/General-1fe52a1550c180d89a84f6b6694a42f5?pvs=21),11031
2025/11/06,寶雅,,"NT$1,798.00",Health (https://app.notion.com/p/Health-1de52a1550c180948ad5c45ef59a5bb8?pvs=21),Dream (https://app.notion.com/p/Dream-1de52a1550c180a4bc6eee5e921cbc2d?pvs=21),-15874
2025/11/06,寶雅,,NT$304.00,Cosmetics (https://app.notion.com/p/Cosmetics-1de52a1550c181cb93fdfe1a610bf352?pvs=21),Dream (https://app.notion.com/p/Dream-1de52a1550c180a4bc6eee5e921cbc2d?pvs=21),-15874
2025/11/05,全聯,,NT$297.00,Food (https://app.notion.com/p/Food-1de52a1550c1808585f7c8d0cbbab341?pvs=21),General (https://app.notion.com/p/General-1fe52a1550c180d89a84f6b6694a42f5?pvs=21),11376
2025/11/05,全聯,,NT$71.00,Food (https://app.notion.com/p/Food-1de52a1550c1808585f7c8d0cbbab341?pvs=21),General (https://app.notion.com/p/General-1fe52a1550c180d89a84f6b6694a42f5?pvs=21),11376
2025/11/05,迪卡儂,,NT$498.00,Fun (https://app.notion.com/p/Fun-1de52a1550c180f197e2ff3116ec3fa2?pvs=21),Dream (https://app.notion.com/p/Dream-1de52a1550c180a4bc6eee5e921cbc2d?pvs=21),-13772
2025/11/05,Costco,,NT$119.00,Food (https://app.notion.com/p/Food-1de52a1550c1808585f7c8d0cbbab341?pvs=21),General (https://app.notion.com/p/General-1fe52a1550c180d89a84f6b6694a42f5?pvs=21),11376
2025/11/04,Costco,,NT$660.00,Food (https://app.notion.com/p/Food-1de52a1550c1808585f7c8d0cbbab341?pvs=21),General (https://app.notion.com/p/General-1fe52a1550c180d89a84f6b6694a42f5?pvs=21),11863
2025/11/04,Costco,,NT$119.00,Food (https://app.notion.com/p/Food-1de52a1550c1808585f7c8d0cbbab341?pvs=21),General (https://app.notion.com/p/General-1fe52a1550c180d89a84f6b6694a42f5?pvs=21),11863
2025/11/04,Spotify月費,,NT$202.00,Fun (https://app.notion.com/p/Fun-1de52a1550c180f197e2ff3116ec3fa2?pvs=21),Dream (https://app.notion.com/p/Dream-1de52a1550c180a4bc6eee5e921cbc2d?pvs=21),-13274
2025/11/03,全聯,,NT$410.00,Food (https://app.notion.com/p/Food-1de52a1550c1808585f7c8d0cbbab341?pvs=21),General (https://app.notion.com/p/General-1fe52a1550c180d89a84f6b6694a42f5?pvs=21),9642
2025/11/02,潤餅,,NT$90.00,Food (https://app.notion.com/p/Food-1de52a1550c1808585f7c8d0cbbab341?pvs=21),General (https://app.notion.com/p/General-1fe52a1550c180d89a84f6b6694a42f5?pvs=21),10052
2025/11/02,蚵仔煎,,NT$80.00,Food (https://app.notion.com/p/Food-1de52a1550c1808585f7c8d0cbbab341?pvs=21),General (https://app.notion.com/p/General-1fe52a1550c180d89a84f6b6694a42f5?pvs=21),10052
2025/11/02,北門室食,,NT$710.00,Food (https://app.notion.com/p/Food-1de52a1550c1808585f7c8d0cbbab341?pvs=21),General (https://app.notion.com/p/General-1fe52a1550c180d89a84f6b6694a42f5?pvs=21),10052
2025/11/02,一沐日,,NT$125.00,Food (https://app.notion.com/p/Food-1de52a1550c1808585f7c8d0cbbab341?pvs=21),General (https://app.notion.com/p/General-1fe52a1550c180d89a84f6b6694a42f5?pvs=21),10052
2025/11/02,覓雪手作雪花冰,,NT$260.00,Food (https://app.notion.com/p/Food-1de52a1550c1808585f7c8d0cbbab341?pvs=21),General (https://app.notion.com/p/General-1fe52a1550c180d89a84f6b6694a42f5?pvs=21),10052
2025/11/02,維縈家鄉碳烤雞排,,NT$190.00,Food (https://app.notion.com/p/Food-1de52a1550c1808585f7c8d0cbbab341?pvs=21),General (https://app.notion.com/p/General-1fe52a1550c180d89a84f6b6694a42f5?pvs=21),10052
2025/11/02,匯給媽,,"NT$6,000.00",Family (https://app.notion.com/p/Family-1de52a1550c181faa107fcc0a73d8120?pvs=21),Fixed (https://app.notion.com/p/Fixed-1de52a1550c180f19995d25cbc6f1038?pvs=21),16261
2025/11/02,房租,,"NT$7,250.00",Groceries (https://app.notion.com/p/Groceries-1de52a1550c180c6be6cdfaeb95cee9a?pvs=21),Fixed (https://app.notion.com/p/Fixed-1de52a1550c180f19995d25cbc6f1038?pvs=21),16261
2025/11/01,肯德基,,NT$457.00,Food (https://app.notion.com/p/Food-1de52a1550c1808585f7c8d0cbbab341?pvs=21),General (https://app.notion.com/p/General-1fe52a1550c180d89a84f6b6694a42f5?pvs=21),-3507
2025/11/01,小鵲幸,,NT$60.00,Food (https://app.notion.com/p/Food-1de52a1550c1808585f7c8d0cbbab341?pvs=21),General (https://app.notion.com/p/General-1fe52a1550c180d89a84f6b6694a42f5?pvs=21),-3507
2025/11/01,玉蘭,,NT$55.00,Food (https://app.notion.com/p/Food-1de52a1550c1808585f7c8d0cbbab341?pvs=21),General (https://app.notion.com/p/General-1fe52a1550c180d89a84f6b6694a42f5?pvs=21),-3507
2025/11/01,健保費,,"NT$1,083.00",Insurance (https://app.notion.com/p/Insurance-1de52a1550c181f09d1dfb6d85985a86?pvs=21),Fixed (https://app.notion.com/p/Fixed-1de52a1550c180f19995d25cbc6f1038?pvs=21),8038
2025/11/01,勞保費,,"NT$1,145.00",Insurance (https://app.notion.com/p/Insurance-1de52a1550c181f09d1dfb6d85985a86?pvs=21),Fixed (https://app.notion.com/p/Fixed-1de52a1550c180f19995d25cbc6f1038?pvs=21),8038
2025/11/01,停車位,,"NT$2,500.00",Insurance (https://app.notion.com/p/Insurance-1de52a1550c181f09d1dfb6d85985a86?pvs=21),Fixed (https://app.notion.com/p/Fixed-1de52a1550c180f19995d25cbc6f1038?pvs=21),8038
2025/10/31,Costco,,"NT$1,431.00",Food (https://app.notion.com/p/Food-1de52a1550c1808585f7c8d0cbbab341?pvs=21),General (https://app.notion.com/p/General-1fe52a1550c180d89a84f6b6694a42f5?pvs=21),-935
2025/10/31,迪卡儂,,NT$597.00,Clothes (https://app.notion.com/p/Clothes-1de52a1550c181c098ebee3f08c04f38?pvs=21),Dream (https://app.notion.com/p/Dream-1de52a1550c180a4bc6eee5e921cbc2d?pvs=21),-17103
2025/10/30,八方燴,,"NT$2,844.00",Food (https://app.notion.com/p/Food-1de52a1550c1808585f7c8d0cbbab341?pvs=21),Dream (https://app.notion.com/p/Dream-1de52a1550c180a4bc6eee5e921cbc2d?pvs=21),-16506
2025/10/29,羽球,,NT$650.00,Fun (https://app.notion.com/p/Fun-1de52a1550c180f197e2ff3116ec3fa2?pvs=21),Dream (https://app.notion.com/p/Dream-1de52a1550c180a4bc6eee5e921cbc2d?pvs=21),-13662
2025/10/26,黃悶雞米飯,,NT$640.00,Food (https://app.notion.com/p/Food-1de52a1550c1808585f7c8d0cbbab341?pvs=21),General (https://app.notion.com/p/General-1fe52a1550c180d89a84f6b6694a42f5?pvs=21),496
2025/10/25,Costco,,"NT$2,096.00",Food (https://app.notion.com/p/Food-1de52a1550c1808585f7c8d0cbbab341?pvs=21),General (https://app.notion.com/p/General-1fe52a1550c180d89a84f6b6694a42f5?pvs=21),1136
2025/10/25,Costco,,"NT$2,281.00",Cosmetics (https://app.notion.com/p/Cosmetics-1de52a1550c181cb93fdfe1a610bf352?pvs=21),Dream (https://app.notion.com/p/Dream-1de52a1550c180a4bc6eee5e921cbc2d?pvs=21),-13647
2025/10/25,水餃＋餛飩,,NT$650.00,Food (https://app.notion.com/p/Food-1de52a1550c1808585f7c8d0cbbab341?pvs=21),General (https://app.notion.com/p/General-1fe52a1550c180d89a84f6b6694a42f5?pvs=21),1136
2025/10/25,愛華火鍋,,"NT$1,100.00",Food (https://app.notion.com/p/Food-1de52a1550c1808585f7c8d0cbbab341?pvs=21),Couple's (https://app.notion.com/p/Couple-s-1de52a1550c181d39de7eebc343b38cd?pvs=21),2684
2025/10/24,讚不絕口,,NT$540.00,Food (https://app.notion.com/p/Food-1de52a1550c1808585f7c8d0cbbab341?pvs=21),General (https://app.notion.com/p/General-1fe52a1550c180d89a84f6b6694a42f5?pvs=21),3882
2025/10/24,行路的人,,NT$110.00,Food (https://app.notion.com/p/Food-1de52a1550c1808585f7c8d0cbbab341?pvs=21),General (https://app.notion.com/p/General-1fe52a1550c180d89a84f6b6694a42f5?pvs=21),3882
2025/10/23,7-11,,NT$450.00,Food (https://app.notion.com/p/Food-1de52a1550c1808585f7c8d0cbbab341?pvs=21),General (https://app.notion.com/p/General-1fe52a1550c180d89a84f6b6694a42f5?pvs=21),4532
2025/10/22,加油費,機車,NT$142.00,Food (https://app.notion.com/p/Food-1de52a1550c1808585f7c8d0cbbab341?pvs=21),General (https://app.notion.com/p/General-1fe52a1550c180d89a84f6b6694a42f5?pvs=21),4982
2025/10/22,加油費,汽車,"NT$1,230.00",Traffic (https://app.notion.com/p/Traffic-1de52a1550c1807b8ff6e40f804e1127?pvs=21),Dream (https://app.notion.com/p/Dream-1de52a1550c180a4bc6eee5e921cbc2d?pvs=21),-11366
2025/10/22,水電費,,"NT$2,221.00",Groceries (https://app.notion.com/p/Groceries-1de52a1550c180c6be6cdfaeb95cee9a?pvs=21),Dream (https://app.notion.com/p/Dream-1de52a1550c180a4bc6eee5e921cbc2d?pvs=21),-11366
2025/10/21,全聯,,NT$130.00,Food (https://app.notion.com/p/Food-1de52a1550c1808585f7c8d0cbbab341?pvs=21),General (https://app.notion.com/p/General-1fe52a1550c180d89a84f6b6694a42f5?pvs=21),5124
2025/10/20,全聯,,NT$448.00,Food (https://app.notion.com/p/Food-1de52a1550c1808585f7c8d0cbbab341?pvs=21),General (https://app.notion.com/p/General-1fe52a1550c180d89a84f6b6694a42f5?pvs=21),5254
2025/10/19,羽球,,NT$200.00,Fun (https://app.notion.com/p/Fun-1de52a1550c180f197e2ff3116ec3fa2?pvs=21),Dream (https://app.notion.com/p/Dream-1de52a1550c180a4bc6eee5e921cbc2d?pvs=21),-7915
2025/10/19,歐爹,,NT$239.00,Food (https://app.notion.com/p/Food-1de52a1550c1808585f7c8d0cbbab341?pvs=21),General (https://app.notion.com/p/General-1fe52a1550c180d89a84f6b6694a42f5?pvs=21),5702
2025/10/19,麥當勞,,NT$280.00,Food (https://app.notion.com/p/Food-1de52a1550c1808585f7c8d0cbbab341?pvs=21),General (https://app.notion.com/p/General-1fe52a1550c180d89a84f6b6694a42f5?pvs=21),5702
2025/10/19,羽球,,NT$200.00,Food (https://app.notion.com/p/Food-1de52a1550c1808585f7c8d0cbbab341?pvs=21),General (https://app.notion.com/p/General-1fe52a1550c180d89a84f6b6694a42f5?pvs=21),5702
2025/10/19,路易莎,,NT$65.00,Food (https://app.notion.com/p/Food-1de52a1550c1808585f7c8d0cbbab341?pvs=21),General (https://app.notion.com/p/General-1fe52a1550c180d89a84f6b6694a42f5?pvs=21),5702
2025/10/19,台鐵,,NT$450.00,Traffic (https://app.notion.com/p/Traffic-1de52a1550c1807b8ff6e40f804e1127?pvs=21),Dream (https://app.notion.com/p/Dream-1de52a1550c180a4bc6eee5e921cbc2d?pvs=21),-7915
2025/10/18,全聯,,NT$548.00,Food (https://app.notion.com/p/Food-1de52a1550c1808585f7c8d0cbbab341?pvs=21),General (https://app.notion.com/p/General-1fe52a1550c180d89a84f6b6694a42f5?pvs=21),6486
2025/10/17,太河拉麵,,NT$640.00,Food (https://app.notion.com/p/Food-1de52a1550c1808585f7c8d0cbbab341?pvs=21),General (https://app.notion.com/p/General-1fe52a1550c180d89a84f6b6694a42f5?pvs=21),7034
2025/10/17,機車險,,"NT$4,998.00",Traffic (https://app.notion.com/p/Traffic-1de52a1550c1807b8ff6e40f804e1127?pvs=21),Savings (https://app.notion.com/p/Savings-1de52a1550c18029b280dc7d9d36cb03?pvs=21),316650
2025/10/15,7-11,,NT$226.00,Food (https://app.notion.com/p/Food-1de52a1550c1808585f7c8d0cbbab341?pvs=21),General (https://app.notion.com/p/General-1fe52a1550c180d89a84f6b6694a42f5?pvs=21),7674
2025/10/15,中華電信網路費,,NT$848.00,Fun (https://app.notion.com/p/Fun-1de52a1550c180f197e2ff3116ec3fa2?pvs=21),Dream (https://app.notion.com/p/Dream-1de52a1550c180a4bc6eee5e921cbc2d?pvs=21),-7265
2025/10/15,中華電信手機費,,NT$665.00,Fun (https://app.notion.com/p/Fun-1de52a1550c180f197e2ff3116ec3fa2?pvs=21),Dream (https://app.notion.com/p/Dream-1de52a1550c180a4bc6eee5e921cbc2d?pvs=21),-7265
2025/10/13,全聯,,NT$173.00,Food (https://app.notion.com/p/Food-1de52a1550c1808585f7c8d0cbbab341?pvs=21),General (https://app.notion.com/p/General-1fe52a1550c180d89a84f6b6694a42f5?pvs=21),7900
2025/10/13,7-11,,NT$85.00,Food (https://app.notion.com/p/Food-1de52a1550c1808585f7c8d0cbbab341?pvs=21),General (https://app.notion.com/p/General-1fe52a1550c180d89a84f6b6694a42f5?pvs=21),7900
2025/10/12,台鐵,,NT$153.00,Food (https://app.notion.com/p/Food-1de52a1550c1808585f7c8d0cbbab341?pvs=21),General (https://app.notion.com/p/General-1fe52a1550c180d89a84f6b6694a42f5?pvs=21),8158
2025/10/12,豐華小吃,,NT$400.00,Food (https://app.notion.com/p/Food-1de52a1550c1808585f7c8d0cbbab341?pvs=21),General (https://app.notion.com/p/General-1fe52a1550c180d89a84f6b6694a42f5?pvs=21),8158
2025/10/12,麥當勞,,NT$368.00,Food (https://app.notion.com/p/Food-1de52a1550c1808585f7c8d0cbbab341?pvs=21),General (https://app.notion.com/p/General-1fe52a1550c180d89a84f6b6694a42f5?pvs=21),8158
2025/10/11,愛買,,NT$338.00,Food (https://app.notion.com/p/Food-1de52a1550c1808585f7c8d0cbbab341?pvs=21),General (https://app.notion.com/p/General-1fe52a1550c180d89a84f6b6694a42f5?pvs=21),9079
2025/10/11,大創,,NT$49.00,Food (https://app.notion.com/p/Food-1de52a1550c1808585f7c8d0cbbab341?pvs=21),General (https://app.notion.com/p/General-1fe52a1550c180d89a84f6b6694a42f5?pvs=21),9079
2025/10/11,一沐日,,NT$105.00,Food (https://app.notion.com/p/Food-1de52a1550c1808585f7c8d0cbbab341?pvs=21),General (https://app.notion.com/p/General-1fe52a1550c180d89a84f6b6694a42f5?pvs=21),9079
2025/10/11,小確幸,,NT$120.00,Food (https://app.notion.com/p/Food-1de52a1550c1808585f7c8d0cbbab341?pvs=21),General (https://app.notion.com/p/General-1fe52a1550c180d89a84f6b6694a42f5?pvs=21),9079
2025/10/11,蔣好的味道,,NT$370.00,Food (https://app.notion.com/p/Food-1de52a1550c1808585f7c8d0cbbab341?pvs=21),General (https://app.notion.com/p/General-1fe52a1550c180d89a84f6b6694a42f5?pvs=21),9079
2025/10/10,拾玖茶屋,,NT$40.00,Food (https://app.notion.com/p/Food-1de52a1550c1808585f7c8d0cbbab341?pvs=21),General (https://app.notion.com/p/General-1fe52a1550c180d89a84f6b6694a42f5?pvs=21),10061
2025/10/10,農會,,NT$550.00,Food (https://app.notion.com/p/Food-1de52a1550c1808585f7c8d0cbbab341?pvs=21),General (https://app.notion.com/p/General-1fe52a1550c180d89a84f6b6694a42f5?pvs=21),10061
2025/10/10,飛翔單車,,NT$700.00,Food (https://app.notion.com/p/Food-1de52a1550c1808585f7c8d0cbbab341?pvs=21),General (https://app.notion.com/p/General-1fe52a1550c180d89a84f6b6694a42f5?pvs=21),10061
2025/10/07,7-11,,NT$110.00,Food (https://app.notion.com/p/Food-1de52a1550c1808585f7c8d0cbbab341?pvs=21),General (https://app.notion.com/p/General-1fe52a1550c180d89a84f6b6694a42f5?pvs=21),11351
2025/10/07,樟之細路徒步嘉年華,,"NT$1,000.00",Fun (https://app.notion.com/p/Fun-1de52a1550c180f197e2ff3116ec3fa2?pvs=21),Dream (https://app.notion.com/p/Dream-1de52a1550c180a4bc6eee5e921cbc2d?pvs=21),-5752
2025/10/06,億客來,,NT$303.00,Food (https://app.notion.com/p/Food-1de52a1550c1808585f7c8d0cbbab341?pvs=21),General (https://app.notion.com/p/General-1fe52a1550c180d89a84f6b6694a42f5?pvs=21),11461
2025/10/06,全聯,,"NT$1,303.00",Food (https://app.notion.com/p/Food-1de52a1550c1808585f7c8d0cbbab341?pvs=21),General (https://app.notion.com/p/General-1fe52a1550c180d89a84f6b6694a42f5?pvs=21),11461
2025/10/05,青山,,NT$115.00,Food (https://app.notion.com/p/Food-1de52a1550c1808585f7c8d0cbbab341?pvs=21),General (https://app.notion.com/p/General-1fe52a1550c180d89a84f6b6694a42f5?pvs=21),13067
2025/10/05,牛小恬牛肉麵,,NT$480.00,Food (https://app.notion.com/p/Food-1de52a1550c1808585f7c8d0cbbab341?pvs=21),General (https://app.notion.com/p/General-1fe52a1550c180d89a84f6b6694a42f5?pvs=21),13067
2025/10/05,IKEA,,NT$70.00,Food (https://app.notion.com/p/Food-1de52a1550c1808585f7c8d0cbbab341?pvs=21),General (https://app.notion.com/p/General-1fe52a1550c180d89a84f6b6694a42f5?pvs=21),13067
2025/10/05,IKEA,,NT$479.00,Food (https://app.notion.com/p/Food-1de52a1550c1808585f7c8d0cbbab341?pvs=21),General (https://app.notion.com/p/General-1fe52a1550c180d89a84f6b6694a42f5?pvs=21),13067
2025/10/05,IKEA,,"NT$2,551.00",Groceries (https://app.notion.com/p/Groceries-1de52a1550c180c6be6cdfaeb95cee9a?pvs=21),Dream (https://app.notion.com/p/Dream-1de52a1550c180a4bc6eee5e921cbc2d?pvs=21),-4752
2025/10/04,Costco,,NT$179.00,Food (https://app.notion.com/p/Food-1de52a1550c1808585f7c8d0cbbab341?pvs=21),General (https://app.notion.com/p/General-1fe52a1550c180d89a84f6b6694a42f5?pvs=21),14211
2025/10/04,Costco,,"NT$4,390.00",Food (https://app.notion.com/p/Food-1de52a1550c1808585f7c8d0cbbab341?pvs=21),General (https://app.notion.com/p/General-1fe52a1550c180d89a84f6b6694a42f5?pvs=21),14211
2025/10/04,Spotify月費,,NT$202.00,Fun (https://app.notion.com/p/Fun-1de52a1550c180f197e2ff3116ec3fa2?pvs=21),Dream (https://app.notion.com/p/Dream-1de52a1550c180a4bc6eee5e921cbc2d?pvs=21),-2201
2025/10/04,清大滷味,,NT$235.00,Food (https://app.notion.com/p/Food-1de52a1550c1808585f7c8d0cbbab341?pvs=21),General (https://app.notion.com/p/General-1fe52a1550c180d89a84f6b6694a42f5?pvs=21),14211
2025/10/03,小販部,,NT$35.00,Food (https://app.notion.com/p/Food-1de52a1550c1808585f7c8d0cbbab341?pvs=21),General (https://app.notion.com/p/General-1fe52a1550c180d89a84f6b6694a42f5?pvs=21),16015
2025/10/03,加油費,,NT$150.00,Traffic (https://app.notion.com/p/Traffic-1de52a1550c1807b8ff6e40f804e1127?pvs=21),General (https://app.notion.com/p/General-1fe52a1550c180d89a84f6b6694a42f5?pvs=21),16015
2025/10/03,羽球鞋,,"NT$2,980.00",Health (https://app.notion.com/p/Health-1de52a1550c180948ad5c45ef59a5bb8?pvs=21),Dream (https://app.notion.com/p/Dream-1de52a1550c180a4bc6eee5e921cbc2d?pvs=21),-2522
2025/10/02,7-11,,NT$120.00,Food (https://app.notion.com/p/Food-1de52a1550c1808585f7c8d0cbbab341?pvs=21),General (https://app.notion.com/p/General-1fe52a1550c180d89a84f6b6694a42f5?pvs=21),5479
2025/10/02,嘟嘟好鹹水雞,,NT$250.00,Food (https://app.notion.com/p/Food-1de52a1550c1808585f7c8d0cbbab341?pvs=21),General (https://app.notion.com/p/General-1fe52a1550c180d89a84f6b6694a42f5?pvs=21),5479
2025/10/02,匯給媽,,"NT$6,000.00",Family (https://app.notion.com/p/Family-1de52a1550c181faa107fcc0a73d8120?pvs=21),Fixed (https://app.notion.com/p/Fixed-1de52a1550c180f19995d25cbc6f1038?pvs=21),12766
2025/10/02,房租,,"NT$7,250.00",Groceries (https://app.notion.com/p/Groceries-1de52a1550c180c6be6cdfaeb95cee9a?pvs=21),Fixed (https://app.notion.com/p/Fixed-1de52a1550c180f19995d25cbc6f1038?pvs=21),12766
2025/10/01,全聯,,NT$175.00,Food (https://app.notion.com/p/Food-1de52a1550c1808585f7c8d0cbbab341?pvs=21),General (https://app.notion.com/p/General-1fe52a1550c180d89a84f6b6694a42f5?pvs=21),-9165
2025/10/01,全聯,,NT$269.00,Food (https://app.notion.com/p/Food-1de52a1550c1808585f7c8d0cbbab341?pvs=21),General (https://app.notion.com/p/General-1fe52a1550c180d89a84f6b6694a42f5?pvs=21),-9165
2025/10/01,停車位,,"NT$2,500.00",Insurance (https://app.notion.com/p/Insurance-1de52a1550c181f09d1dfb6d85985a86?pvs=21),Fixed (https://app.notion.com/p/Fixed-1de52a1550c180f19995d25cbc6f1038?pvs=21),4543
2025/10/01,健保費,,"NT$1,083.00",Insurance (https://app.notion.com/p/Insurance-1de52a1550c181f09d1dfb6d85985a86?pvs=21),Fixed (https://app.notion.com/p/Fixed-1de52a1550c180f19995d25cbc6f1038?pvs=21),4543
2025/10/01,勞保費,,"NT$1,145.00",Insurance (https://app.notion.com/p/Insurance-1de52a1550c181f09d1dfb6d85985a86?pvs=21),Fixed (https://app.notion.com/p/Fixed-1de52a1550c180f19995d25cbc6f1038?pvs=21),4543
2025/09/30,要活就要動,,"NT$2,286.00",Health (https://app.notion.com/p/Health-1de52a1550c180948ad5c45ef59a5bb8?pvs=21),Dream (https://app.notion.com/p/Dream-1de52a1550c180a4bc6eee5e921cbc2d?pvs=21),-25863
2025/09/30,7-11,,NT$120.00,Food (https://app.notion.com/p/Food-1de52a1550c1808585f7c8d0cbbab341?pvs=21),General (https://app.notion.com/p/General-1fe52a1550c180d89a84f6b6694a42f5?pvs=21),-6721
2025/09/29,全家,,NT$49.00,Food (https://app.notion.com/p/Food-1de52a1550c1808585f7c8d0cbbab341?pvs=21),General (https://app.notion.com/p/General-1fe52a1550c180d89a84f6b6694a42f5?pvs=21),-6601
2025/09/29,有飲,,NT$120.00,Food (https://app.notion.com/p/Food-1de52a1550c1808585f7c8d0cbbab341?pvs=21),General (https://app.notion.com/p/General-1fe52a1550c180d89a84f6b6694a42f5?pvs=21),-6601
2025/09/29,幽靈馬車,,NT$360.00,Food (https://app.notion.com/p/Food-1de52a1550c1808585f7c8d0cbbab341?pvs=21),General (https://app.notion.com/p/General-1fe52a1550c180d89a84f6b6694a42f5?pvs=21),-6601
2025/09/29,一風堂,,NT$520.00,Food (https://app.notion.com/p/Food-1de52a1550c1808585f7c8d0cbbab341?pvs=21),General (https://app.notion.com/p/General-1fe52a1550c180d89a84f6b6694a42f5?pvs=21),-6601
2025/09/28,卡莎米,,NT$405.00,Food (https://app.notion.com/p/Food-1de52a1550c1808585f7c8d0cbbab341?pvs=21),General (https://app.notion.com/p/General-1fe52a1550c180d89a84f6b6694a42f5?pvs=21),-5552
2025/09/28,歐爹,,NT$318.00,Food (https://app.notion.com/p/Food-1de52a1550c1808585f7c8d0cbbab341?pvs=21),General (https://app.notion.com/p/General-1fe52a1550c180d89a84f6b6694a42f5?pvs=21),-5552
2025/09/27,全聯,,NT$832.00,Food (https://app.notion.com/p/Food-1de52a1550c1808585f7c8d0cbbab341?pvs=21),General (https://app.notion.com/p/General-1fe52a1550c180d89a84f6b6694a42f5?pvs=21),-4829
2025/09/27,全家,,NT$49.00,Food (https://app.notion.com/p/Food-1de52a1550c1808585f7c8d0cbbab341?pvs=21),General (https://app.notion.com/p/General-1fe52a1550c180d89a84f6b6694a42f5?pvs=21),-4829
2025/09/27,羽球零打,,NT$180.00,Health (https://app.notion.com/p/Health-1de52a1550c180948ad5c45ef59a5bb8?pvs=21),Dream (https://app.notion.com/p/Dream-1de52a1550c180a4bc6eee5e921cbc2d?pvs=21),-23577
2025/09/25,Costco,,NT$415.00,Food (https://app.notion.com/p/Food-1de52a1550c1808585f7c8d0cbbab341?pvs=21),General (https://app.notion.com/p/General-1fe52a1550c180d89a84f6b6694a42f5?pvs=21),-3948
2025/09/25,迪卡農,,NT$447.00,Health (https://app.notion.com/p/Health-1de52a1550c180948ad5c45ef59a5bb8?pvs=21),General (https://app.notion.com/p/General-1fe52a1550c180d89a84f6b6694a42f5?pvs=21),-3948
2025/09/24,鼎香小館,,NT$270.00,Food (https://app.notion.com/p/Food-1de52a1550c1808585f7c8d0cbbab341?pvs=21),General (https://app.notion.com/p/General-1fe52a1550c180d89a84f6b6694a42f5?pvs=21),-3086
2025/09/23,全聯,,NT$550.00,Food (https://app.notion.com/p/Food-1de52a1550c1808585f7c8d0cbbab341?pvs=21),General (https://app.notion.com/p/General-1fe52a1550c180d89a84f6b6694a42f5?pvs=21),-2816
2025/09/21,羽球零打,,NT$360.00,Health (https://app.notion.com/p/Health-1de52a1550c180948ad5c45ef59a5bb8?pvs=21),Dream (https://app.notion.com/p/Dream-1de52a1550c180a4bc6eee5e921cbc2d?pvs=21),-23397
2025/09/21,福樂麵店,,NT$785.00,Food (https://app.notion.com/p/Food-1de52a1550c1808585f7c8d0cbbab341?pvs=21),General (https://app.notion.com/p/General-1fe52a1550c180d89a84f6b6694a42f5?pvs=21),-2266
2025/09/21,加油費,,"NT$1,523.00",Traffic (https://app.notion.com/p/Traffic-1de52a1550c1807b8ff6e40f804e1127?pvs=21),Dream (https://app.notion.com/p/Dream-1de52a1550c180a4bc6eee5e921cbc2d?pvs=21),-23397
2025/09/19,全聯,,NT$260.00,Food (https://app.notion.com/p/Food-1de52a1550c1808585f7c8d0cbbab341?pvs=21),General (https://app.notion.com/p/General-1fe52a1550c180d89a84f6b6694a42f5?pvs=21),-1481
2025/09/19,竹東排骨酥麵,,NT$638.00,Food (https://app.notion.com/p/Food-1de52a1550c1808585f7c8d0cbbab341?pvs=21),General (https://app.notion.com/p/General-1fe52a1550c180d89a84f6b6694a42f5?pvs=21),-1481
2025/09/18,全聯,,NT$370.00,Food (https://app.notion.com/p/Food-1de52a1550c1808585f7c8d0cbbab341?pvs=21),General (https://app.notion.com/p/General-1fe52a1550c180d89a84f6b6694a42f5?pvs=21),-583
2025/09/18,7-11,,NT$122.00,Food (https://app.notion.com/p/Food-1de52a1550c1808585f7c8d0cbbab341?pvs=21),General (https://app.notion.com/p/General-1fe52a1550c180d89a84f6b6694a42f5?pvs=21),-583
2025/09/17,加油費,,NT$142.00,Traffic (https://app.notion.com/p/Traffic-1de52a1550c1807b8ff6e40f804e1127?pvs=21),General (https://app.notion.com/p/General-1fe52a1550c180d89a84f6b6694a42f5?pvs=21),-91
2025/09/17,7-11,,NT$126.00,Food (https://app.notion.com/p/Food-1de52a1550c1808585f7c8d0cbbab341?pvs=21),General (https://app.notion.com/p/General-1fe52a1550c180d89a84f6b6694a42f5?pvs=21),-91
2025/09/16,東門文昌雞飯,,NT$310.00,Food (https://app.notion.com/p/Food-1de52a1550c1808585f7c8d0cbbab341?pvs=21),General (https://app.notion.com/p/General-1fe52a1550c180d89a84f6b6694a42f5?pvs=21),177
2025/09/15,四海遊龍,,NT$92.00,Food (https://app.notion.com/p/Food-1de52a1550c1808585f7c8d0cbbab341?pvs=21),General (https://app.notion.com/p/General-1fe52a1550c180d89a84f6b6694a42f5?pvs=21),487
2025/09/15,全聯,,NT$248.00,Food (https://app.notion.com/p/Food-1de52a1550c1808585f7c8d0cbbab341?pvs=21),General (https://app.notion.com/p/General-1fe52a1550c180d89a84f6b6694a42f5?pvs=21),487
2025/09/15,中華電信網路費,,NT$848.00,Fun (https://app.notion.com/p/Fun-1de52a1550c180f197e2ff3116ec3fa2?pvs=21),Dream (https://app.notion.com/p/Dream-1de52a1550c180a4bc6eee5e921cbc2d?pvs=21),-21514
2025/09/15,中華電信手機費,,NT$665.00,Fun (https://app.notion.com/p/Fun-1de52a1550c180f197e2ff3116ec3fa2?pvs=21),Dream (https://app.notion.com/p/Dream-1de52a1550c180a4bc6eee5e921cbc2d?pvs=21),-21514
2025/09/14,Costco,,NT$279.00,Food (https://app.notion.com/p/Food-1de52a1550c1808585f7c8d0cbbab341?pvs=21),General (https://app.notion.com/p/General-1fe52a1550c180d89a84f6b6694a42f5?pvs=21),827
2025/09/14,Costco,,"NT$3,164.00",Food (https://app.notion.com/p/Food-1de52a1550c1808585f7c8d0cbbab341?pvs=21),General (https://app.notion.com/p/General-1fe52a1550c180d89a84f6b6694a42f5?pvs=21),827
2025/09/14,全聯,,NT$320.00,Food (https://app.notion.com/p/Food-1de52a1550c1808585f7c8d0cbbab341?pvs=21),General (https://app.notion.com/p/General-1fe52a1550c180d89a84f6b6694a42f5?pvs=21),827
2025/09/13,全家,,NT$89.00,Food (https://app.notion.com/p/Food-1de52a1550c1808585f7c8d0cbbab341?pvs=21),General (https://app.notion.com/p/General-1fe52a1550c180d89a84f6b6694a42f5?pvs=21),4590
2025/09/13,老虎麵,,NT$400.00,Food (https://app.notion.com/p/Food-1de52a1550c1808585f7c8d0cbbab341?pvs=21),General (https://app.notion.com/p/General-1fe52a1550c180d89a84f6b6694a42f5?pvs=21),4590
2025/09/12,全聯,,NT$385.00,Food (https://app.notion.com/p/Food-1de52a1550c1808585f7c8d0cbbab341?pvs=21),General (https://app.notion.com/p/General-1fe52a1550c180d89a84f6b6694a42f5?pvs=21),5079
2025/09/11,億客來,,NT$275.00,Food (https://app.notion.com/p/Food-1de52a1550c1808585f7c8d0cbbab341?pvs=21),General (https://app.notion.com/p/General-1fe52a1550c180d89a84f6b6694a42f5?pvs=21),5464
2025/09/11,7-11,,NT$55.00,Food (https://app.notion.com/p/Food-1de52a1550c1808585f7c8d0cbbab341?pvs=21),General (https://app.notion.com/p/General-1fe52a1550c180d89a84f6b6694a42f5?pvs=21),5464
2025/09/10,全聯,,NT$229.00,Food (https://app.notion.com/p/Food-1de52a1550c1808585f7c8d0cbbab341?pvs=21),General (https://app.notion.com/p/General-1fe52a1550c180d89a84f6b6694a42f5?pvs=21),5794
2025/09/10,全聯,,NT$113.00,Food (https://app.notion.com/p/Food-1de52a1550c1808585f7c8d0cbbab341?pvs=21),General (https://app.notion.com/p/General-1fe52a1550c180d89a84f6b6694a42f5?pvs=21),5794
2025/09/08,Costco,WOKY,NT$799.00,Cosmetics (https://app.notion.com/p/Cosmetics-1de52a1550c181cb93fdfe1a610bf352?pvs=21),General (https://app.notion.com/p/General-1fe52a1550c180d89a84f6b6694a42f5?pvs=21),6136
2025/09/08,Costco,,NT$747.00,Food (https://app.notion.com/p/Food-1de52a1550c1808585f7c8d0cbbab341?pvs=21),General (https://app.notion.com/p/General-1fe52a1550c180d89a84f6b6694a42f5?pvs=21),6136
2025/09/08,全聯,,NT$99.00,Food (https://app.notion.com/p/Food-1de52a1550c1808585f7c8d0cbbab341?pvs=21),General (https://app.notion.com/p/General-1fe52a1550c180d89a84f6b6694a42f5?pvs=21),6136
2025/09/07,洄瀾廣場,,NT$60.00,Food (https://app.notion.com/p/Food-1de52a1550c1808585f7c8d0cbbab341?pvs=21),General (https://app.notion.com/p/General-1fe52a1550c180d89a84f6b6694a42f5?pvs=21),7781
2025/09/07,涓豆腐,,"NT$1,668.00",Food (https://app.notion.com/p/Food-1de52a1550c1808585f7c8d0cbbab341?pvs=21),Couple's (https://app.notion.com/p/Couple-s-1de52a1550c181d39de7eebc343b38cd?pvs=21),-216
2025/09/07,7-11,,NT$100.00,Food (https://app.notion.com/p/Food-1de52a1550c1808585f7c8d0cbbab341?pvs=21),General (https://app.notion.com/p/General-1fe52a1550c180d89a84f6b6694a42f5?pvs=21),7781
2025/09/06,茶舍,,NT$60.00,Food (https://app.notion.com/p/Food-1de52a1550c1808585f7c8d0cbbab341?pvs=21),General (https://app.notion.com/p/General-1fe52a1550c180d89a84f6b6694a42f5?pvs=21),9609
2025/09/05,山東永和豆漿大王,,NT$100.00,Food (https://app.notion.com/p/Food-1de52a1550c1808585f7c8d0cbbab341?pvs=21),General (https://app.notion.com/p/General-1fe52a1550c180d89a84f6b6694a42f5?pvs=21),9669
2025/09/04,山東永和豆漿大王,,NT$90.00,Food (https://app.notion.com/p/Food-1de52a1550c1808585f7c8d0cbbab341?pvs=21),General (https://app.notion.com/p/General-1fe52a1550c180d89a84f6b6694a42f5?pvs=21),9769
2025/09/04,Spotify月費,,NT$202.00,Fun (https://app.notion.com/p/Fun-1de52a1550c180f197e2ff3116ec3fa2?pvs=21),Dream (https://app.notion.com/p/Dream-1de52a1550c180a4bc6eee5e921cbc2d?pvs=21),-20001
2025/09/03,茶舍,,NT$90.00,Food (https://app.notion.com/p/Food-1de52a1550c1808585f7c8d0cbbab341?pvs=21),General (https://app.notion.com/p/General-1fe52a1550c180d89a84f6b6694a42f5?pvs=21),6859
2025/09/02,全聯,,NT$169.00,Food (https://app.notion.com/p/Food-1de52a1550c1808585f7c8d0cbbab341?pvs=21),General (https://app.notion.com/p/General-1fe52a1550c180d89a84f6b6694a42f5?pvs=21),6949
2025/09/02,麥當勞,,NT$270.00,Food (https://app.notion.com/p/Food-1de52a1550c1808585f7c8d0cbbab341?pvs=21),General (https://app.notion.com/p/General-1fe52a1550c180d89a84f6b6694a42f5?pvs=21),6949
2025/09/02,房租,,"NT$7,250.00",Groceries (https://app.notion.com/p/Groceries-1de52a1550c180c6be6cdfaeb95cee9a?pvs=21),Fixed (https://app.notion.com/p/Fixed-1de52a1550c180f19995d25cbc6f1038?pvs=21),9271
2025/09/02,匯給媽,,"NT$6,000.00",Family (https://app.notion.com/p/Family-1de52a1550c181faa107fcc0a73d8120?pvs=21),Fixed (https://app.notion.com/p/Fixed-1de52a1550c180f19995d25cbc6f1038?pvs=21),9271
2025/09/02,國泰長照險,,"NT$13,741.00",Insurance (https://app.notion.com/p/Insurance-1de52a1550c181f09d1dfb6d85985a86?pvs=21),Fixed (https://app.notion.com/p/Fixed-1de52a1550c180f19995d25cbc6f1038?pvs=21),9271
2025/09/01,億客來生鮮超市,,NT$661.00,Food (https://app.notion.com/p/Food-1de52a1550c1808585f7c8d0cbbab341?pvs=21),General (https://app.notion.com/p/General-1fe52a1550c180d89a84f6b6694a42f5?pvs=21),-7626
2025/09/01,今冠機車行,ECU電腦,"NT$3,500.00",Traffic (https://app.notion.com/p/Traffic-1de52a1550c1807b8ff6e40f804e1127?pvs=21),Savings (https://app.notion.com/p/Savings-1de52a1550c18029b280dc7d9d36cb03?pvs=21),310634
2025/09/01,小販部,,NT$55.00,Food (https://app.notion.com/p/Food-1de52a1550c1808585f7c8d0cbbab341?pvs=21),General (https://app.notion.com/p/General-1fe52a1550c180d89a84f6b6694a42f5?pvs=21),-7626
2025/09/01,勞保費,,"NT$1,145.00",Insurance (https://app.notion.com/p/Insurance-1de52a1550c181f09d1dfb6d85985a86?pvs=21),Fixed (https://app.notion.com/p/Fixed-1de52a1550c180f19995d25cbc6f1038?pvs=21),14789
2025/09/01,停車位,,"NT$2,500.00",Insurance (https://app.notion.com/p/Insurance-1de52a1550c181f09d1dfb6d85985a86?pvs=21),Fixed (https://app.notion.com/p/Fixed-1de52a1550c180f19995d25cbc6f1038?pvs=21),14789
2025/09/01,健保費,,"NT$1,083.00",Insurance (https://app.notion.com/p/Insurance-1de52a1550c181f09d1dfb6d85985a86?pvs=21),Fixed (https://app.notion.com/p/Fixed-1de52a1550c180f19995d25cbc6f1038?pvs=21),14789
2025/08/31,Costco,,"NT$1,734.00",Food (https://app.notion.com/p/Food-1de52a1550c1808585f7c8d0cbbab341?pvs=21),General (https://app.notion.com/p/General-1fe52a1550c180d89a84f6b6694a42f5?pvs=21),-4910
2025/08/31,八曜和茶,,NT$118.00,Food (https://app.notion.com/p/Food-1de52a1550c1808585f7c8d0cbbab341?pvs=21),General (https://app.notion.com/p/General-1fe52a1550c180d89a84f6b6694a42f5?pvs=21),-4910
2025/08/31,南道雞商會,,"NT$1,180.00",Food (https://app.notion.com/p/Food-1de52a1550c1808585f7c8d0cbbab341?pvs=21),Dream (https://app.notion.com/p/Dream-1de52a1550c180a4bc6eee5e921cbc2d?pvs=21),-25892
2025/08/31,犀牛盾,🍐watch9殼＋se2殼,"NT$1,290.00",Fun (https://app.notion.com/p/Fun-1de52a1550c180f197e2ff3116ec3fa2?pvs=21),Dream (https://app.notion.com/p/Dream-1de52a1550c180a4bc6eee5e921cbc2d?pvs=21),-25892
2025/08/29,全家,,NT$600.00,Fun (https://app.notion.com/p/Fun-1de52a1550c180f197e2ff3116ec3fa2?pvs=21),Dream (https://app.notion.com/p/Dream-1de52a1550c180a4bc6eee5e921cbc2d?pvs=21),-23422
2025/08/29,台中大遠百,,NT$75.00,Food (https://app.notion.com/p/Food-1de52a1550c1808585f7c8d0cbbab341?pvs=21),General (https://app.notion.com/p/General-1fe52a1550c180d89a84f6b6694a42f5?pvs=21),-3058
2025/08/29,烤鴨蛋餅,,NT$80.00,Food (https://app.notion.com/p/Food-1de52a1550c1808585f7c8d0cbbab341?pvs=21),General (https://app.notion.com/p/General-1fe52a1550c180d89a84f6b6694a42f5?pvs=21),-3058
2025/08/29,再睡5分鐘,,NT$125.00,Food (https://app.notion.com/p/Food-1de52a1550c1808585f7c8d0cbbab341?pvs=21),General (https://app.notion.com/p/General-1fe52a1550c180d89a84f6b6694a42f5?pvs=21),-3058
2025/08/29,偈亭泡菜鍋,,NT$515.00,Food (https://app.notion.com/p/Food-1de52a1550c1808585f7c8d0cbbab341?pvs=21),General (https://app.notion.com/p/General-1fe52a1550c180d89a84f6b6694a42f5?pvs=21),-3058
2025/08/29,久窩行旅,,"NT$3,192.00",Fun (https://app.notion.com/p/Fun-1de52a1550c180f197e2ff3116ec3fa2?pvs=21),Dream (https://app.notion.com/p/Dream-1de52a1550c180a4bc6eee5e921cbc2d?pvs=21),-23422
2025/08/29,Woosa,,NT$594.00,Food (https://app.notion.com/p/Food-1de52a1550c1808585f7c8d0cbbab341?pvs=21),General (https://app.notion.com/p/General-1fe52a1550c180d89a84f6b6694a42f5?pvs=21),-3058
2025/08/29,阿里婆冰店,,NT$125.00,Food (https://app.notion.com/p/Food-1de52a1550c1808585f7c8d0cbbab341?pvs=21),General (https://app.notion.com/p/General-1fe52a1550c180d89a84f6b6694a42f5?pvs=21),-3058
2025/08/29,50嵐,,NT$125.00,Food (https://app.notion.com/p/Food-1de52a1550c1808585f7c8d0cbbab341?pvs=21),General (https://app.notion.com/p/General-1fe52a1550c180d89a84f6b6694a42f5?pvs=21),-3058
2025/08/29,7-11,,NT$150.00,Food (https://app.notion.com/p/Food-1de52a1550c1808585f7c8d0cbbab341?pvs=21),General (https://app.notion.com/p/General-1fe52a1550c180d89a84f6b6694a42f5?pvs=21),-3058
2025/08/28,動智羽球費用,,NT$520.00,Health (https://app.notion.com/p/Health-1de52a1550c180948ad5c45ef59a5bb8?pvs=21),Dream (https://app.notion.com/p/Dream-1de52a1550c180a4bc6eee5e921cbc2d?pvs=21),-19630
2025/08/28,延平大飯店,,NT$700.00,Food (https://app.notion.com/p/Food-1de52a1550c1808585f7c8d0cbbab341?pvs=21),General (https://app.notion.com/p/General-1fe52a1550c180d89a84f6b6694a42f5?pvs=21),-1269
2025/08/28,加油費,,"NT$1,077.00",Traffic (https://app.notion.com/p/Traffic-1de52a1550c1807b8ff6e40f804e1127?pvs=21),Dream (https://app.notion.com/p/Dream-1de52a1550c180a4bc6eee5e921cbc2d?pvs=21),-19630
2025/08/27,達盛興車行,機油保養＋灌冷媒,"NT$3,697.00",Traffic (https://app.notion.com/p/Traffic-1de52a1550c1807b8ff6e40f804e1127?pvs=21),Dream (https://app.notion.com/p/Dream-1de52a1550c180a4bc6eee5e921cbc2d?pvs=21),-18033
2025/08/27,驗車,,NT$300.00,Traffic (https://app.notion.com/p/Traffic-1de52a1550c1807b8ff6e40f804e1127?pvs=21),Dream (https://app.notion.com/p/Dream-1de52a1550c180a4bc6eee5e921cbc2d?pvs=21),-18033
2025/08/26,電剪,,"NT$1,350.00",Cosmetics (https://app.notion.com/p/Cosmetics-1de52a1550c181cb93fdfe1a610bf352?pvs=21),Dream (https://app.notion.com/p/Dream-1de52a1550c180a4bc6eee5e921cbc2d?pvs=21),-14036
2025/08/26,浪人鐵板燒,,NT$670.00,Food (https://app.notion.com/p/Food-1de52a1550c1808585f7c8d0cbbab341?pvs=21),General (https://app.notion.com/p/General-1fe52a1550c180d89a84f6b6694a42f5?pvs=21),-569
2025/08/24,大戶屋,,NT$803.00,Food (https://app.notion.com/p/Food-1de52a1550c1808585f7c8d0cbbab341?pvs=21),General (https://app.notion.com/p/General-1fe52a1550c180d89a84f6b6694a42f5?pvs=21),101
2025/08/24,羽球零打,,NT$180.00,Health (https://app.notion.com/p/Health-1de52a1550c180948ad5c45ef59a5bb8?pvs=21),Dream (https://app.notion.com/p/Dream-1de52a1550c180a4bc6eee5e921cbc2d?pvs=21),-12686
2025/08/24,全聯,,NT$567.00,Food (https://app.notion.com/p/Food-1de52a1550c1808585f7c8d0cbbab341?pvs=21),General (https://app.notion.com/p/General-1fe52a1550c180d89a84f6b6694a42f5?pvs=21),101
2025/08/24,迪卡儂,護腕,NT$129.00,Health (https://app.notion.com/p/Health-1de52a1550c180948ad5c45ef59a5bb8?pvs=21),Dream (https://app.notion.com/p/Dream-1de52a1550c180a4bc6eee5e921cbc2d?pvs=21),-12686
2025/08/24,威秀影城,http://www.vscinemas.com.tw/film/detail.aspx?id=7968,NT$920.00,Fun (https://app.notion.com/p/Fun-1de52a1550c180f197e2ff3116ec3fa2?pvs=21),Couple's (https://app.notion.com/p/Couple-s-1de52a1550c181d39de7eebc343b38cd?pvs=21),-2548
2025/08/23,羽球零打,,NT$180.00,Health (https://app.notion.com/p/Health-1de52a1550c180948ad5c45ef59a5bb8?pvs=21),Dream (https://app.notion.com/p/Dream-1de52a1550c180a4bc6eee5e921cbc2d?pvs=21),-12377
2025/08/23,拾汣茶屋,,NT$105.00,Food (https://app.notion.com/p/Food-1de52a1550c1808585f7c8d0cbbab341?pvs=21),General (https://app.notion.com/p/General-1fe52a1550c180d89a84f6b6694a42f5?pvs=21),1471
2025/08/23,加油費,,NT$150.00,Traffic (https://app.notion.com/p/Traffic-1de52a1550c1807b8ff6e40f804e1127?pvs=21),General (https://app.notion.com/p/General-1fe52a1550c180d89a84f6b6694a42f5?pvs=21),1471
2025/08/22,加油費,,NT$150.00,Traffic (https://app.notion.com/p/Traffic-1de52a1550c1807b8ff6e40f804e1127?pvs=21),General (https://app.notion.com/p/General-1fe52a1550c180d89a84f6b6694a42f5?pvs=21),1726
2025/08/22,大慶車業,,NT$550.00,Traffic (https://app.notion.com/p/Traffic-1de52a1550c1807b8ff6e40f804e1127?pvs=21),Dream (https://app.notion.com/p/Dream-1de52a1550c180a4bc6eee5e921cbc2d?pvs=21),-12197
2025/08/22,"7-11 ",,NT$105.00,Food (https://app.notion.com/p/Food-1de52a1550c1808585f7c8d0cbbab341?pvs=21),General (https://app.notion.com/p/General-1fe52a1550c180d89a84f6b6694a42f5?pvs=21),1726
2025/08/21,蚵爹,,NT$65.00,Food (https://app.notion.com/p/Food-1de52a1550c1808585f7c8d0cbbab341?pvs=21),General (https://app.notion.com/p/General-1fe52a1550c180d89a84f6b6694a42f5?pvs=21),1981
2025/08/21,鴨肉油飯,,NT$150.00,Food (https://app.notion.com/p/Food-1de52a1550c1808585f7c8d0cbbab341?pvs=21),General (https://app.notion.com/p/General-1fe52a1550c180d89a84f6b6694a42f5?pvs=21),1981
2025/08/21,愛玉,,NT$65.00,Food (https://app.notion.com/p/Food-1de52a1550c1808585f7c8d0cbbab341?pvs=21),General (https://app.notion.com/p/General-1fe52a1550c180d89a84f6b6694a42f5?pvs=21),1981
2025/08/21,7-11,,NT$90.00,Food (https://app.notion.com/p/Food-1de52a1550c1808585f7c8d0cbbab341?pvs=21),General (https://app.notion.com/p/General-1fe52a1550c180d89a84f6b6694a42f5?pvs=21),1981
2025/08/21,第二春,,NT$140.00,Food (https://app.notion.com/p/Food-1de52a1550c1808585f7c8d0cbbab341?pvs=21),General (https://app.notion.com/p/General-1fe52a1550c180d89a84f6b6694a42f5?pvs=21),1981
2025/08/20,五金王,,NT$230.00,Cosmetics (https://app.notion.com/p/Cosmetics-1de52a1550c181cb93fdfe1a610bf352?pvs=21),Dream (https://app.notion.com/p/Dream-1de52a1550c180a4bc6eee5e921cbc2d?pvs=21),-11647
2025/08/19,五金王,,NT$230.00,Cosmetics (https://app.notion.com/p/Cosmetics-1de52a1550c181cb93fdfe1a610bf352?pvs=21),Dream (https://app.notion.com/p/Dream-1de52a1550c180a4bc6eee5e921cbc2d?pvs=21),-11417
2025/08/19,小北百貨,,NT$198.00,Cosmetics (https://app.notion.com/p/Cosmetics-1de52a1550c181cb93fdfe1a610bf352?pvs=21),General (https://app.notion.com/p/General-1fe52a1550c180d89a84f6b6694a42f5?pvs=21),2491
2025/08/19,すき家,,NT$519.00,Food (https://app.notion.com/p/Food-1de52a1550c1808585f7c8d0cbbab341?pvs=21),General (https://app.notion.com/p/General-1fe52a1550c180d89a84f6b6694a42f5?pvs=21),2491
2025/08/19,Costco,,NT$213.00,Food (https://app.notion.com/p/Food-1de52a1550c1808585f7c8d0cbbab341?pvs=21),General (https://app.notion.com/p/General-1fe52a1550c180d89a84f6b6694a42f5?pvs=21),2491
2025/08/19,迪卡儂,,NT$876.00,Food (https://app.notion.com/p/Food-1de52a1550c1808585f7c8d0cbbab341?pvs=21),General (https://app.notion.com/p/General-1fe52a1550c180d89a84f6b6694a42f5?pvs=21),2491
2025/08/18,全聯,,NT$95.00,Food (https://app.notion.com/p/Food-1de52a1550c1808585f7c8d0cbbab341?pvs=21),General (https://app.notion.com/p/General-1fe52a1550c180d89a84f6b6694a42f5?pvs=21),4297
2025/08/17,無印良品,,"NT$1,377.00",Cosmetics (https://app.notion.com/p/Cosmetics-1de52a1550c181cb93fdfe1a610bf352?pvs=21),Dream (https://app.notion.com/p/Dream-1de52a1550c180a4bc6eee5e921cbc2d?pvs=21),-11187
2025/08/17,全聯,,NT$550.00,Food (https://app.notion.com/p/Food-1de52a1550c1808585f7c8d0cbbab341?pvs=21),General (https://app.notion.com/p/General-1fe52a1550c180d89a84f6b6694a42f5?pvs=21),4392
2025/08/15,全聯,,NT$517.00,Food (https://app.notion.com/p/Food-1de52a1550c1808585f7c8d0cbbab341?pvs=21),General (https://app.notion.com/p/General-1fe52a1550c180d89a84f6b6694a42f5?pvs=21),4942
2025/08/15,中華電信網路費,,NT$848.00,Fun (https://app.notion.com/p/Fun-1de52a1550c180f197e2ff3116ec3fa2?pvs=21),Dream (https://app.notion.com/p/Dream-1de52a1550c180a4bc6eee5e921cbc2d?pvs=21),-9810
2025/08/15,中華電信手機費,,NT$665.00,Fun (https://app.notion.com/p/Fun-1de52a1550c180f197e2ff3116ec3fa2?pvs=21),Dream (https://app.notion.com/p/Dream-1de52a1550c180a4bc6eee5e921cbc2d?pvs=21),-9810
2025/08/14,展曜運動用品店,,NT$450.00,Health (https://app.notion.com/p/Health-1de52a1550c180948ad5c45ef59a5bb8?pvs=21),Dream (https://app.notion.com/p/Dream-1de52a1550c180a4bc6eee5e921cbc2d?pvs=21),-8297
2025/08/14,Subway,,NT$175.00,Food (https://app.notion.com/p/Food-1de52a1550c1808585f7c8d0cbbab341?pvs=21),General (https://app.notion.com/p/General-1fe52a1550c180d89a84f6b6694a42f5?pvs=21),5459
2025/08/14,7-11,,NT$80.00,Food (https://app.notion.com/p/Food-1de52a1550c1808585f7c8d0cbbab341?pvs=21),General (https://app.notion.com/p/General-1fe52a1550c180d89a84f6b6694a42f5?pvs=21),5459
2025/08/14,水電費,,"NT$2,102.00",Groceries (https://app.notion.com/p/Groceries-1de52a1550c180c6be6cdfaeb95cee9a?pvs=21),General (https://app.notion.com/p/General-1fe52a1550c180d89a84f6b6694a42f5?pvs=21),5459
2025/08/13,7-11,,NT$65.00,Food (https://app.notion.com/p/Food-1de52a1550c1808585f7c8d0cbbab341?pvs=21),General (https://app.notion.com/p/General-1fe52a1550c180d89a84f6b6694a42f5?pvs=21),7816
2025/08/12,金山雞腿飯,,NT$280.00,Food (https://app.notion.com/p/Food-1de52a1550c1808585f7c8d0cbbab341?pvs=21),General (https://app.notion.com/p/General-1fe52a1550c180d89a84f6b6694a42f5?pvs=21),7881
2025/08/10,hahababy擁抱點點路跑,,"NT$1,620.00",Fun (https://app.notion.com/p/Fun-1de52a1550c180f197e2ff3116ec3fa2?pvs=21),Dream (https://app.notion.com/p/Dream-1de52a1550c180a4bc6eee5e921cbc2d?pvs=21),-7847
2025/08/10,Costco,,"NT$1,278.00",Groceries (https://app.notion.com/p/Groceries-1de52a1550c180c6be6cdfaeb95cee9a?pvs=21),Dream (https://app.notion.com/p/Dream-1de52a1550c180a4bc6eee5e921cbc2d?pvs=21),-7847
2025/08/10,Costco,,"NT$2,423.00",Food (https://app.notion.com/p/Food-1de52a1550c1808585f7c8d0cbbab341?pvs=21),General (https://app.notion.com/p/General-1fe52a1550c180d89a84f6b6694a42f5?pvs=21),8161
2025/08/10,草本茶,,NT$65.00,Food (https://app.notion.com/p/Food-1de52a1550c1808585f7c8d0cbbab341?pvs=21),General (https://app.notion.com/p/General-1fe52a1550c180d89a84f6b6694a42f5?pvs=21),8161
2025/08/10,日出咖啡,,NT$605.00,Food (https://app.notion.com/p/Food-1de52a1550c1808585f7c8d0cbbab341?pvs=21),General (https://app.notion.com/p/General-1fe52a1550c180d89a84f6b6694a42f5?pvs=21),8161
2025/08/09,資源站,,NT$25.00,Food (https://app.notion.com/p/Food-1de52a1550c1808585f7c8d0cbbab341?pvs=21),General (https://app.notion.com/p/General-1fe52a1550c180d89a84f6b6694a42f5?pvs=21),11254
2025/08/09,包sir,,NT$395.00,Food (https://app.notion.com/p/Food-1de52a1550c1808585f7c8d0cbbab341?pvs=21),General (https://app.notion.com/p/General-1fe52a1550c180d89a84f6b6694a42f5?pvs=21),11254
2025/08/09,加油費,,NT$144.00,Traffic (https://app.notion.com/p/Traffic-1de52a1550c1807b8ff6e40f804e1127?pvs=21),General (https://app.notion.com/p/General-1fe52a1550c180d89a84f6b6694a42f5?pvs=21),11254
2025/08/08,韓姜熙的小廚房,,NT$368.00,Food (https://app.notion.com/p/Food-1de52a1550c1808585f7c8d0cbbab341?pvs=21),General (https://app.notion.com/p/General-1fe52a1550c180d89a84f6b6694a42f5?pvs=21),11818
2025/08/08,21plus,,NT$498.00,Food (https://app.notion.com/p/Food-1de52a1550c1808585f7c8d0cbbab341?pvs=21),General (https://app.notion.com/p/General-1fe52a1550c180d89a84f6b6694a42f5?pvs=21),11818
2025/08/08,大創,,NT$98.00,Groceries (https://app.notion.com/p/Groceries-1de52a1550c180c6be6cdfaeb95cee9a?pvs=21),General (https://app.notion.com/p/General-1fe52a1550c180d89a84f6b6694a42f5?pvs=21),11818
2025/08/06,全聯,,NT$301.00,Food (https://app.notion.com/p/Food-1de52a1550c1808585f7c8d0cbbab341?pvs=21),General (https://app.notion.com/p/General-1fe52a1550c180d89a84f6b6694a42f5?pvs=21),12782
2025/08/05,大埔鐵板燒,,NT$555.00,Food (https://app.notion.com/p/Food-1de52a1550c1808585f7c8d0cbbab341?pvs=21),General (https://app.notion.com/p/General-1fe52a1550c180d89a84f6b6694a42f5?pvs=21),13083
2025/08/04,2026好味要取哪曆,,"NT$1,399.00",Fun (https://app.notion.com/p/Fun-1de52a1550c180f197e2ff3116ec3fa2?pvs=21),Dream (https://app.notion.com/p/Dream-1de52a1550c180a4bc6eee5e921cbc2d?pvs=21),-3886
2025/08/04,全聯,,NT$272.00,Food (https://app.notion.com/p/Food-1de52a1550c1808585f7c8d0cbbab341?pvs=21),General (https://app.notion.com/p/General-1fe52a1550c180d89a84f6b6694a42f5?pvs=21),13638
2025/08/04,7-11,,NT$106.00,Food (https://app.notion.com/p/Food-1de52a1550c1808585f7c8d0cbbab341?pvs=21),General (https://app.notion.com/p/General-1fe52a1550c180d89a84f6b6694a42f5?pvs=21),13638
2025/08/04,Spotify月費,,NT$202.00,Fun (https://app.notion.com/p/Fun-1de52a1550c180f197e2ff3116ec3fa2?pvs=21),Dream (https://app.notion.com/p/Dream-1de52a1550c180a4bc6eee5e921cbc2d?pvs=21),-3886
2025/08/04,匯給媽,,"NT$6,000.00",Family (https://app.notion.com/p/Family-1de52a1550c181faa107fcc0a73d8120?pvs=21),Fixed (https://app.notion.com/p/Fixed-1de52a1550c180f19995d25cbc6f1038?pvs=21),19517
2025/08/03,全聯,,NT$833.00,Food (https://app.notion.com/p/Food-1de52a1550c1808585f7c8d0cbbab341?pvs=21),General (https://app.notion.com/p/General-1fe52a1550c180d89a84f6b6694a42f5?pvs=21),11016
2025/08/03,北門室食,,NT$580.00,Food (https://app.notion.com/p/Food-1de52a1550c1808585f7c8d0cbbab341?pvs=21),General (https://app.notion.com/p/General-1fe52a1550c180d89a84f6b6694a42f5?pvs=21),11016
2025/08/03,玉蘭,,NT$90.00,Food (https://app.notion.com/p/Food-1de52a1550c1808585f7c8d0cbbab341?pvs=21),General (https://app.notion.com/p/General-1fe52a1550c180d89a84f6b6694a42f5?pvs=21),11016
2025/08/01,Costco,,"NT$1,328.00",Food (https://app.notion.com/p/Food-1de52a1550c1808585f7c8d0cbbab341?pvs=21),General (https://app.notion.com/p/General-1fe52a1550c180d89a84f6b6694a42f5?pvs=21),-2495
2025/08/01,Costco,,NT$228.00,Food (https://app.notion.com/p/Food-1de52a1550c1808585f7c8d0cbbab341?pvs=21),General (https://app.notion.com/p/General-1fe52a1550c180d89a84f6b6694a42f5?pvs=21),-2495
2025/08/01,停車位,,"NT$2,500.00",Insurance (https://app.notion.com/p/Insurance-1de52a1550c181f09d1dfb6d85985a86?pvs=21),Fixed (https://app.notion.com/p/Fixed-1de52a1550c180f19995d25cbc6f1038?pvs=21),4044
2025/08/01,勞保費,,"NT$1,145.00",Insurance (https://app.notion.com/p/Insurance-1de52a1550c181f09d1dfb6d85985a86?pvs=21),Fixed (https://app.notion.com/p/Fixed-1de52a1550c180f19995d25cbc6f1038?pvs=21),4044
2025/08/01,健保費,,"NT$1,083.00",Insurance (https://app.notion.com/p/Insurance-1de52a1550c181f09d1dfb6d85985a86?pvs=21),Fixed (https://app.notion.com/p/Fixed-1de52a1550c180f19995d25cbc6f1038?pvs=21),4044
2025/08/01,房租,,"NT$7,250.00",Groceries (https://app.notion.com/p/Groceries-1de52a1550c180c6be6cdfaeb95cee9a?pvs=21),Fixed (https://app.notion.com/p/Fixed-1de52a1550c180f19995d25cbc6f1038?pvs=21),4044
2025/07/30,加油費,,"NT$1,455.00",Traffic (https://app.notion.com/p/Traffic-1de52a1550c1807b8ff6e40f804e1127?pvs=21),Dream (https://app.notion.com/p/Dream-1de52a1550c180a4bc6eee5e921cbc2d?pvs=21),-56730
2025/07/30,全聯,,NT$302.00,Food (https://app.notion.com/p/Food-1de52a1550c1808585f7c8d0cbbab341?pvs=21),General (https://app.notion.com/p/General-1fe52a1550c180d89a84f6b6694a42f5?pvs=21),1061
2025/07/29,福記胡椒豬肚雞,,"NT$1,838.00",Food (https://app.notion.com/p/Food-1de52a1550c1808585f7c8d0cbbab341?pvs=21),Couple's (https://app.notion.com/p/Couple-s-1de52a1550c181d39de7eebc343b38cd?pvs=21),-5628
2025/07/27,盛京炸豬排,,NT$814.00,Food (https://app.notion.com/p/Food-1de52a1550c1808585f7c8d0cbbab341?pvs=21),Couple's (https://app.notion.com/p/Couple-s-1de52a1550c181d39de7eebc343b38cd?pvs=21),-3790
2025/07/27,ColdStone,,NT$270.00,Food (https://app.notion.com/p/Food-1de52a1550c1808585f7c8d0cbbab341?pvs=21),General (https://app.notion.com/p/General-1fe52a1550c180d89a84f6b6694a42f5?pvs=21),1363
2025/07/27,全聯,,NT$104.00,Food (https://app.notion.com/p/Food-1de52a1550c1808585f7c8d0cbbab341?pvs=21),General (https://app.notion.com/p/General-1fe52a1550c180d89a84f6b6694a42f5?pvs=21),1363
2025/07/26,鹹酥雞,,NT$80.00,Food (https://app.notion.com/p/Food-1de52a1550c1808585f7c8d0cbbab341?pvs=21),General (https://app.notion.com/p/General-1fe52a1550c180d89a84f6b6694a42f5?pvs=21),1737
2025/07/26,McDonald’s,,NT$311.00,Food (https://app.notion.com/p/Food-1de52a1550c1808585f7c8d0cbbab341?pvs=21),General (https://app.notion.com/p/General-1fe52a1550c180d89a84f6b6694a42f5?pvs=21),1737
2025/07/26,榕樹下麵店,,NT$430.00,Food (https://app.notion.com/p/Food-1de52a1550c1808585f7c8d0cbbab341?pvs=21),General (https://app.notion.com/p/General-1fe52a1550c180d89a84f6b6694a42f5?pvs=21),1737
2025/07/26,叮哥,,NT$60.00,Food (https://app.notion.com/p/Food-1de52a1550c1808585f7c8d0cbbab341?pvs=21),General (https://app.notion.com/p/General-1fe52a1550c180d89a84f6b6694a42f5?pvs=21),1737
2025/07/26,炸彈蔥油餅,,NT$90.00,Food (https://app.notion.com/p/Food-1de52a1550c1808585f7c8d0cbbab341?pvs=21),General (https://app.notion.com/p/General-1fe52a1550c180d89a84f6b6694a42f5?pvs=21),1737
2025/07/26,加油費,,"NT$1,090.00",Traffic (https://app.notion.com/p/Traffic-1de52a1550c1807b8ff6e40f804e1127?pvs=21),Dream (https://app.notion.com/p/Dream-1de52a1550c180a4bc6eee5e921cbc2d?pvs=21),-55275
2025/07/26,春虫冰菓部,,NT$120.00,Food (https://app.notion.com/p/Food-1de52a1550c1808585f7c8d0cbbab341?pvs=21),General (https://app.notion.com/p/General-1fe52a1550c180d89a84f6b6694a42f5?pvs=21),1737
2025/07/25,7-11,,NT$105.00,Food (https://app.notion.com/p/Food-1de52a1550c1808585f7c8d0cbbab341?pvs=21),General (https://app.notion.com/p/General-1fe52a1550c180d89a84f6b6694a42f5?pvs=21),2828
2025/07/25,包sir,,NT$370.00,Food (https://app.notion.com/p/Food-1de52a1550c1808585f7c8d0cbbab341?pvs=21),General (https://app.notion.com/p/General-1fe52a1550c180d89a84f6b6694a42f5?pvs=21),2828
2025/07/25,全聯,,NT$826.00,Food (https://app.notion.com/p/Food-1de52a1550c1808585f7c8d0cbbab341?pvs=21),General (https://app.notion.com/p/General-1fe52a1550c180d89a84f6b6694a42f5?pvs=21),2828
2025/07/24,全聯,,NT$114.00,Food (https://app.notion.com/p/Food-1de52a1550c1808585f7c8d0cbbab341?pvs=21),General (https://app.notion.com/p/General-1fe52a1550c180d89a84f6b6694a42f5?pvs=21),4129
2025/07/23,加油費,,NT$150.00,Food (https://app.notion.com/p/Food-1de52a1550c1808585f7c8d0cbbab341?pvs=21),General (https://app.notion.com/p/General-1fe52a1550c180d89a84f6b6694a42f5?pvs=21),4243
2025/07/23,Costco,,NT$365.00,Food (https://app.notion.com/p/Food-1de52a1550c1808585f7c8d0cbbab341?pvs=21),General (https://app.notion.com/p/General-1fe52a1550c180d89a84f6b6694a42f5?pvs=21),4243
2025/07/23,Costco,,"NT$1,014.00",Food (https://app.notion.com/p/Food-1de52a1550c1808585f7c8d0cbbab341?pvs=21),General (https://app.notion.com/p/General-1fe52a1550c180d89a84f6b6694a42f5?pvs=21),4243
2025/07/23,全聯,,NT$184.00,Food (https://app.notion.com/p/Food-1de52a1550c1808585f7c8d0cbbab341?pvs=21),General (https://app.notion.com/p/General-1fe52a1550c180d89a84f6b6694a42f5?pvs=21),4243
2025/07/22,第二春滷味,,NT$310.00,Food (https://app.notion.com/p/Food-1de52a1550c1808585f7c8d0cbbab341?pvs=21),General (https://app.notion.com/p/General-1fe52a1550c180d89a84f6b6694a42f5?pvs=21),5956
2025/07/21,小販部,,NT$30.00,Food (https://app.notion.com/p/Food-1de52a1550c1808585f7c8d0cbbab341?pvs=21),General (https://app.notion.com/p/General-1fe52a1550c180d89a84f6b6694a42f5?pvs=21),6266
2025/07/20,蔣好的味道,,NT$410.00,Food (https://app.notion.com/p/Food-1de52a1550c1808585f7c8d0cbbab341?pvs=21),General (https://app.notion.com/p/General-1fe52a1550c180d89a84f6b6694a42f5?pvs=21),6296
2025/07/20,台鐵,,NT$174.00,Food (https://app.notion.com/p/Food-1de52a1550c1808585f7c8d0cbbab341?pvs=21),General (https://app.notion.com/p/General-1fe52a1550c180d89a84f6b6694a42f5?pvs=21),6296
2025/07/20,全聯,,NT$658.00,Food (https://app.notion.com/p/Food-1de52a1550c1808585f7c8d0cbbab341?pvs=21),General (https://app.notion.com/p/General-1fe52a1550c180d89a84f6b6694a42f5?pvs=21),6296
2025/07/19,觀霧山莊便利店,,NT$300.00,Food (https://app.notion.com/p/Food-1de52a1550c1808585f7c8d0cbbab341?pvs=21),General (https://app.notion.com/p/General-1fe52a1550c180d89a84f6b6694a42f5?pvs=21),7538
2025/07/19,7-11,,NT$150.00,Food (https://app.notion.com/p/Food-1de52a1550c1808585f7c8d0cbbab341?pvs=21),General (https://app.notion.com/p/General-1fe52a1550c180d89a84f6b6694a42f5?pvs=21),7538
2025/07/19,台鐵,,NT$174.00,Food (https://app.notion.com/p/Food-1de52a1550c1808585f7c8d0cbbab341?pvs=21),General (https://app.notion.com/p/General-1fe52a1550c180d89a84f6b6694a42f5?pvs=21),7538
2025/07/18,烏弄,,NT$100.00,Food (https://app.notion.com/p/Food-1de52a1550c1808585f7c8d0cbbab341?pvs=21),General (https://app.notion.com/p/General-1fe52a1550c180d89a84f6b6694a42f5?pvs=21),8162
2025/07/18,阿叔火鍋燒肉,,"NT$1,500.00",Food (https://app.notion.com/p/Food-1de52a1550c1808585f7c8d0cbbab341?pvs=21),Dream (https://app.notion.com/p/Dream-1de52a1550c180a4bc6eee5e921cbc2d?pvs=21),-54185
2025/07/16,全聯,,NT$356.00,Food (https://app.notion.com/p/Food-1de52a1550c1808585f7c8d0cbbab341?pvs=21),General (https://app.notion.com/p/General-1fe52a1550c180d89a84f6b6694a42f5?pvs=21),8262
2025/07/15,momo,,"NT$9,515.00",Fun (https://app.notion.com/p/Fun-1de52a1550c180f197e2ff3116ec3fa2?pvs=21),Dream (https://app.notion.com/p/Dream-1de52a1550c180a4bc6eee5e921cbc2d?pvs=21),-52685
2025/07/15,中華電信網路費,,NT$848.00,Fun (https://app.notion.com/p/Fun-1de52a1550c180f197e2ff3116ec3fa2?pvs=21),Dream (https://app.notion.com/p/Dream-1de52a1550c180a4bc6eee5e921cbc2d?pvs=21),-52685
2025/07/15,中華電信手機費,,NT$665.00,Fun (https://app.notion.com/p/Fun-1de52a1550c180f197e2ff3116ec3fa2?pvs=21),Dream (https://app.notion.com/p/Dream-1de52a1550c180a4bc6eee5e921cbc2d?pvs=21),-52685
2025/07/14,全聯,,NT$286.00,Food (https://app.notion.com/p/Food-1de52a1550c1808585f7c8d0cbbab341?pvs=21),General (https://app.notion.com/p/General-1fe52a1550c180d89a84f6b6694a42f5?pvs=21),8618
2025/07/14,7-11,,NT$100.00,Food (https://app.notion.com/p/Food-1de52a1550c1808585f7c8d0cbbab341?pvs=21),General (https://app.notion.com/p/General-1fe52a1550c180d89a84f6b6694a42f5?pvs=21),8618
2025/07/13,Apple,macbook air bts with airpod pro2,"NT$39,900.00",Fun (https://app.notion.com/p/Fun-1de52a1550c180f197e2ff3116ec3fa2?pvs=21),Dream (https://app.notion.com/p/Dream-1de52a1550c180a4bc6eee5e921cbc2d?pvs=21),-41657
2025/07/12,圓仔惠,,NT$120.00,Food (https://app.notion.com/p/Food-1de52a1550c1808585f7c8d0cbbab341?pvs=21),General (https://app.notion.com/p/General-1fe52a1550c180d89a84f6b6694a42f5?pvs=21),9004
2025/07/12,全聯,,NT$39.00,Food (https://app.notion.com/p/Food-1de52a1550c1808585f7c8d0cbbab341?pvs=21),General (https://app.notion.com/p/General-1fe52a1550c180d89a84f6b6694a42f5?pvs=21),9004
2025/07/10,全聯,,NT$207.00,Food (https://app.notion.com/p/Food-1de52a1550c1808585f7c8d0cbbab341?pvs=21),General (https://app.notion.com/p/General-1fe52a1550c180d89a84f6b6694a42f5?pvs=21),9163
2025/07/09,丐幫滷味,,NT$255.00,Food (https://app.notion.com/p/Food-1de52a1550c1808585f7c8d0cbbab341?pvs=21),General (https://app.notion.com/p/General-1fe52a1550c180d89a84f6b6694a42f5?pvs=21),9370
2025/07/09,小販部,,NT$45.00,Food (https://app.notion.com/p/Food-1de52a1550c1808585f7c8d0cbbab341?pvs=21),General (https://app.notion.com/p/General-1fe52a1550c180d89a84f6b6694a42f5?pvs=21),9370
2025/07/08,全聯,,NT$117.00,Food (https://app.notion.com/p/Food-1de52a1550c1808585f7c8d0cbbab341?pvs=21),General (https://app.notion.com/p/General-1fe52a1550c180d89a84f6b6694a42f5?pvs=21),9670
2025/07/08,浪人鐵板燒,,NT$620.00,Food (https://app.notion.com/p/Food-1de52a1550c1808585f7c8d0cbbab341?pvs=21),General (https://app.notion.com/p/General-1fe52a1550c180d89a84f6b6694a42f5?pvs=21),9670
2025/07/07,宸龍串烤·鹽酥雞,,NT$540.00,Food (https://app.notion.com/p/Food-1de52a1550c1808585f7c8d0cbbab341?pvs=21),General (https://app.notion.com/p/General-1fe52a1550c180d89a84f6b6694a42f5?pvs=21),10407
2025/07/06,協發行,,"NT$1,036.00",Food (https://app.notion.com/p/Food-1de52a1550c1808585f7c8d0cbbab341?pvs=21),General (https://app.notion.com/p/General-1fe52a1550c180d89a84f6b6694a42f5?pvs=21),10947
2025/07/06,全聯,,NT$809.00,Food (https://app.notion.com/p/Food-1de52a1550c1808585f7c8d0cbbab341?pvs=21),General (https://app.notion.com/p/General-1fe52a1550c180d89a84f6b6694a42f5?pvs=21),10947
2025/07/05,三立冰店,,NT$85.00,Food (https://app.notion.com/p/Food-1de52a1550c1808585f7c8d0cbbab341?pvs=21),General (https://app.notion.com/p/General-1fe52a1550c180d89a84f6b6694a42f5?pvs=21),12792
2025/07/05,加油費,,"NT$1,462.00",Traffic (https://app.notion.com/p/Traffic-1de52a1550c1807b8ff6e40f804e1127?pvs=21),Dream (https://app.notion.com/p/Dream-1de52a1550c180a4bc6eee5e921cbc2d?pvs=21),-1757
2025/07/04,Spotify月費,,NT$202.00,Fun (https://app.notion.com/p/Fun-1de52a1550c180f197e2ff3116ec3fa2?pvs=21),Dream (https://app.notion.com/p/Dream-1de52a1550c180a4bc6eee5e921cbc2d?pvs=21),-2795
2025/07/03,陳阿姨火鍋,,"NT$1,165.00",Food (https://app.notion.com/p/Food-1de52a1550c1808585f7c8d0cbbab341?pvs=21),Couple's (https://app.notion.com/p/Couple-s-1de52a1550c181d39de7eebc343b38cd?pvs=21),-2976
2025/07/03,機車燃料費,,NT$450.00,Traffic (https://app.notion.com/p/Traffic-1de52a1550c1807b8ff6e40f804e1127?pvs=21),General (https://app.notion.com/p/General-1fe52a1550c180d89a84f6b6694a42f5?pvs=21),9877
2025/07/03,汽車燃料費,,"NT$6,180.00",Traffic (https://app.notion.com/p/Traffic-1de52a1550c1807b8ff6e40f804e1127?pvs=21),Fixed (https://app.notion.com/p/Fixed-1de52a1550c180f19995d25cbc6f1038?pvs=21),16022
2025/07/02,全聯,,NT$89.00,Food (https://app.notion.com/p/Food-1de52a1550c1808585f7c8d0cbbab341?pvs=21),General (https://app.notion.com/p/General-1fe52a1550c180d89a84f6b6694a42f5?pvs=21),10327
2025/07/02,加油費,,NT$150.00,Traffic (https://app.notion.com/p/Traffic-1de52a1550c1807b8ff6e40f804e1127?pvs=21),General (https://app.notion.com/p/General-1fe52a1550c180d89a84f6b6694a42f5?pvs=21),10327
2025/07/02,Costco,,NT$129.00,Food (https://app.notion.com/p/Food-1de52a1550c1808585f7c8d0cbbab341?pvs=21),General (https://app.notion.com/p/General-1fe52a1550c180d89a84f6b6694a42f5?pvs=21),10327
2025/07/01,南北臭豆腐,,NT$70.00,Food (https://app.notion.com/p/Food-1de52a1550c1808585f7c8d0cbbab341?pvs=21),General (https://app.notion.com/p/General-1fe52a1550c180d89a84f6b6694a42f5?pvs=21),-4319
2025/07/01,東門雞肉飯,,NT$310.00,Food (https://app.notion.com/p/Food-1de52a1550c1808585f7c8d0cbbab341?pvs=21),General (https://app.notion.com/p/General-1fe52a1550c180d89a84f6b6694a42f5?pvs=21),-4319
2025/07/01,健保費,,"NT$1,036.00",Insurance (https://app.notion.com/p/Insurance-1de52a1550c181f09d1dfb6d85985a86?pvs=21),Fixed (https://app.notion.com/p/Fixed-1de52a1550c180f19995d25cbc6f1038?pvs=21),729
2025/07/01,停車位,,"NT$2,500.00",Insurance (https://app.notion.com/p/Insurance-1de52a1550c181f09d1dfb6d85985a86?pvs=21),Fixed (https://app.notion.com/p/Fixed-1de52a1550c180f19995d25cbc6f1038?pvs=21),729
2025/07/01,房租,,"NT$7,250.00",Groceries (https://app.notion.com/p/Groceries-1de52a1550c180c6be6cdfaeb95cee9a?pvs=21),Fixed (https://app.notion.com/p/Fixed-1de52a1550c180f19995d25cbc6f1038?pvs=21),729
2025/07/01,匯給媽,,"NT$6,000.00",Family (https://app.notion.com/p/Family-1de52a1550c181faa107fcc0a73d8120?pvs=21),Fixed (https://app.notion.com/p/Fixed-1de52a1550c180f19995d25cbc6f1038?pvs=21),729
2025/07/01,勞保費,,"NT$1,145.00",Insurance (https://app.notion.com/p/Insurance-1de52a1550c181f09d1dfb6d85985a86?pvs=21),Fixed (https://app.notion.com/p/Fixed-1de52a1550c180f19995d25cbc6f1038?pvs=21),729
2025/06/29,停車費,,NT$120.00,Food (https://app.notion.com/p/Food-1de52a1550c1808585f7c8d0cbbab341?pvs=21),General (https://app.notion.com/p/General-1fe52a1550c180d89a84f6b6694a42f5?pvs=21),-1939
2025/06/29,7-11,,NT$100.00,Food (https://app.notion.com/p/Food-1de52a1550c1808585f7c8d0cbbab341?pvs=21),General (https://app.notion.com/p/General-1fe52a1550c180d89a84f6b6694a42f5?pvs=21),-1939
2025/06/29,阿嬤綿綿冰,,NT$40.00,Food (https://app.notion.com/p/Food-1de52a1550c1808585f7c8d0cbbab341?pvs=21),General (https://app.notion.com/p/General-1fe52a1550c180d89a84f6b6694a42f5?pvs=21),-1939
2025/06/29,ㄤ咕麵,,NT$726.00,Food (https://app.notion.com/p/Food-1de52a1550c1808585f7c8d0cbbab341?pvs=21),General (https://app.notion.com/p/General-1fe52a1550c180d89a84f6b6694a42f5?pvs=21),-1939
2025/06/29,加油費,,"NT$1,473.00",Traffic (https://app.notion.com/p/Traffic-1de52a1550c1807b8ff6e40f804e1127?pvs=21),Dream (https://app.notion.com/p/Dream-1de52a1550c180a4bc6eee5e921cbc2d?pvs=21),-18764
2025/06/29,申記,,NT$100.00,Food (https://app.notion.com/p/Food-1de52a1550c1808585f7c8d0cbbab341?pvs=21),General (https://app.notion.com/p/General-1fe52a1550c180d89a84f6b6694a42f5?pvs=21),-1939
2025/06/29,龜記,,NT$100.00,Food (https://app.notion.com/p/Food-1de52a1550c1808585f7c8d0cbbab341?pvs=21),General (https://app.notion.com/p/General-1fe52a1550c180d89a84f6b6694a42f5?pvs=21),-1939
2025/06/28,永和豆漿,,NT$58.00,Food (https://app.notion.com/p/Food-1de52a1550c1808585f7c8d0cbbab341?pvs=21),General (https://app.notion.com/p/General-1fe52a1550c180d89a84f6b6694a42f5?pvs=21),-753
2025/06/28,包Sir,,NT$465.00,Food (https://app.notion.com/p/Food-1de52a1550c1808585f7c8d0cbbab341?pvs=21),General (https://app.notion.com/p/General-1fe52a1550c180d89a84f6b6694a42f5?pvs=21),-753
2025/06/27,草本茶,,NT$100.00,Food (https://app.notion.com/p/Food-1de52a1550c1808585f7c8d0cbbab341?pvs=21),General (https://app.notion.com/p/General-1fe52a1550c180d89a84f6b6694a42f5?pvs=21),-230
2025/06/27,大埔鐵板燒,,NT$695.00,Food (https://app.notion.com/p/Food-1de52a1550c1808585f7c8d0cbbab341?pvs=21),General (https://app.notion.com/p/General-1fe52a1550c180d89a84f6b6694a42f5?pvs=21),-230
2025/06/22,Costco,,NT$379.00,Groceries (https://app.notion.com/p/Groceries-1de52a1550c180c6be6cdfaeb95cee9a?pvs=21),General (https://app.notion.com/p/General-1fe52a1550c180d89a84f6b6694a42f5?pvs=21),565
2025/06/22,Costco,,"NT$3,527.00",Food (https://app.notion.com/p/Food-1de52a1550c1808585f7c8d0cbbab341?pvs=21),General (https://app.notion.com/p/General-1fe52a1550c180d89a84f6b6694a42f5?pvs=21),565
2025/06/22,水電費,,"NT$1,024.00",Groceries (https://app.notion.com/p/Groceries-1de52a1550c180c6be6cdfaeb95cee9a?pvs=21),General (https://app.notion.com/p/General-1fe52a1550c180d89a84f6b6694a42f5?pvs=21),565
2025/06/21,覓雪,,NT$180.00,Food (https://app.notion.com/p/Food-1de52a1550c1808585f7c8d0cbbab341?pvs=21),General (https://app.notion.com/p/General-1fe52a1550c180d89a84f6b6694a42f5?pvs=21),5495
2025/06/21,村椒酸菜魚,,NT$688.00,Food (https://app.notion.com/p/Food-1de52a1550c1808585f7c8d0cbbab341?pvs=21),General (https://app.notion.com/p/General-1fe52a1550c180d89a84f6b6694a42f5?pvs=21),5495
2025/06/18,7-11,,NT$85.00,Food (https://app.notion.com/p/Food-1de52a1550c1808585f7c8d0cbbab341?pvs=21),General (https://app.notion.com/p/General-1fe52a1550c180d89a84f6b6694a42f5?pvs=21),6363
2025/06/17,雞肉飯,,NT$150.00,Food (https://app.notion.com/p/Food-1de52a1550c1808585f7c8d0cbbab341?pvs=21),General (https://app.notion.com/p/General-1fe52a1550c180d89a84f6b6694a42f5?pvs=21),6448
2025/06/16,國泰醫療險保費,,"NT$13,236.00",Insurance (https://app.notion.com/p/Insurance-1de52a1550c181f09d1dfb6d85985a86?pvs=21),Fixed (https://app.notion.com/p/Fixed-1de52a1550c180f19995d25cbc6f1038?pvs=21),18660
2025/06/16,豪泰客運,,NT$320.00,Fun (https://app.notion.com/p/Fun-1de52a1550c180f197e2ff3116ec3fa2?pvs=21),Couple's (https://app.notion.com/p/Couple-s-1de52a1550c181d39de7eebc343b38cd?pvs=21),-5811
2025/06/16,昇恆昌,,NT$285.00,Food (https://app.notion.com/p/Food-1de52a1550c1808585f7c8d0cbbab341?pvs=21),General (https://app.notion.com/p/General-1fe52a1550c180d89a84f6b6694a42f5?pvs=21),6598
2025/06/16,加油,,NT$553.00,Fun (https://app.notion.com/p/Fun-1de52a1550c180f197e2ff3116ec3fa2?pvs=21),Couple's (https://app.notion.com/p/Couple-s-1de52a1550c181d39de7eebc343b38cd?pvs=21),-5811
2025/06/16,嘉年華冰店,,NT$170.00,Food (https://app.notion.com/p/Food-1de52a1550c1808585f7c8d0cbbab341?pvs=21),General (https://app.notion.com/p/General-1fe52a1550c180d89a84f6b6694a42f5?pvs=21),6598
2025/06/16,蚵爹之家,,NT$90.00,Food (https://app.notion.com/p/Food-1de52a1550c1808585f7c8d0cbbab341?pvs=21),General (https://app.notion.com/p/General-1fe52a1550c180d89a84f6b6694a42f5?pvs=21),6598
2025/06/16,三寶齋,,NT$250.00,Fun (https://app.notion.com/p/Fun-1de52a1550c180f197e2ff3116ec3fa2?pvs=21),Couple's (https://app.notion.com/p/Couple-s-1de52a1550c181d39de7eebc343b38cd?pvs=21),-5811
2025/06/16,畜產試驗所,,"NT$1,479.00",Fun (https://app.notion.com/p/Fun-1de52a1550c180f197e2ff3116ec3fa2?pvs=21),Couple's (https://app.notion.com/p/Couple-s-1de52a1550c181d39de7eebc343b38cd?pvs=21),-5811
2025/06/16,浯倆牛肉麵,,NT$479.00,Food (https://app.notion.com/p/Food-1de52a1550c1808585f7c8d0cbbab341?pvs=21),General (https://app.notion.com/p/General-1fe52a1550c180d89a84f6b6694a42f5?pvs=21),6598
2025/06/16,金豐租車,,"NT$4,950.00",Fun (https://app.notion.com/p/Fun-1de52a1550c180f197e2ff3116ec3fa2?pvs=21),Couple's (https://app.notion.com/p/Couple-s-1de52a1550c181d39de7eebc343b38cd?pvs=21),-5811
2025/06/15,和記油條,,NT$30.00,Food (https://app.notion.com/p/Food-1de52a1550c1808585f7c8d0cbbab341?pvs=21),General (https://app.notion.com/p/General-1fe52a1550c180d89a84f6b6694a42f5?pvs=21),7622
2025/06/15,喊泉,,NT$20.00,Travel (https://app.notion.com/p/Travel-1de52a1550c18102a04df0c968556b0b?pvs=21),General (https://app.notion.com/p/General-1fe52a1550c180d89a84f6b6694a42f5?pvs=21),7622
2025/06/15,蚵爹之家,,NT$45.00,Food (https://app.notion.com/p/Food-1de52a1550c1808585f7c8d0cbbab341?pvs=21),General (https://app.notion.com/p/General-1fe52a1550c180d89a84f6b6694a42f5?pvs=21),7622
2025/06/15,麻古茶坊,,NT$160.00,Food (https://app.notion.com/p/Food-1de52a1550c1808585f7c8d0cbbab341?pvs=21),General (https://app.notion.com/p/General-1fe52a1550c180d89a84f6b6694a42f5?pvs=21),7622
2025/06/15,俊輝燒烤,,NT$690.00,Food (https://app.notion.com/p/Food-1de52a1550c1808585f7c8d0cbbab341?pvs=21),General (https://app.notion.com/p/General-1fe52a1550c180d89a84f6b6694a42f5?pvs=21),7622
2025/06/15,三角堡,,NT$210.00,Food (https://app.notion.com/p/Food-1de52a1550c1808585f7c8d0cbbab341?pvs=21),General (https://app.notion.com/p/General-1fe52a1550c180d89a84f6b6694a42f5?pvs=21),7622
2025/06/15,中華電信手機費,,NT$665.00,Fun (https://app.notion.com/p/Fun-1de52a1550c180f197e2ff3116ec3fa2?pvs=21),Dream (https://app.notion.com/p/Dream-1de52a1550c180a4bc6eee5e921cbc2d?pvs=21),-17291
2025/06/15,中華電信網路費,,NT$848.00,Fun (https://app.notion.com/p/Fun-1de52a1550c180f197e2ff3116ec3fa2?pvs=21),Dream (https://app.notion.com/p/Dream-1de52a1550c180a4bc6eee5e921cbc2d?pvs=21),-17291
2025/06/14,雨川食堂｜金門戰地滋味,,NT$498.00,Food (https://app.notion.com/p/Food-1de52a1550c1808585f7c8d0cbbab341?pvs=21),General (https://app.notion.com/p/General-1fe52a1550c180d89a84f6b6694a42f5?pvs=21),8777
2025/06/14,華興商行 石果軒香蛋,,NT$120.00,Food (https://app.notion.com/p/Food-1de52a1550c1808585f7c8d0cbbab341?pvs=21),General (https://app.notion.com/p/General-1fe52a1550c180d89a84f6b6694a42f5?pvs=21),8777
2025/06/14,東林北街黑糖剉冰,,NT$80.00,Food (https://app.notion.com/p/Food-1de52a1550c1808585f7c8d0cbbab341?pvs=21),General (https://app.notion.com/p/General-1fe52a1550c180d89a84f6b6694a42f5?pvs=21),8777
2025/06/14,戰地之花,,NT$160.00,Food (https://app.notion.com/p/Food-1de52a1550c1808585f7c8d0cbbab341?pvs=21),General (https://app.notion.com/p/General-1fe52a1550c180d89a84f6b6694a42f5?pvs=21),8777
2025/06/14,良金牧場,,NT$530.00,Food (https://app.notion.com/p/Food-1de52a1550c1808585f7c8d0cbbab341?pvs=21),General (https://app.notion.com/p/General-1fe52a1550c180d89a84f6b6694a42f5?pvs=21),8777
2025/06/12,大魯閣湳雅,,NT$475.00,Food (https://app.notion.com/p/Food-1de52a1550c1808585f7c8d0cbbab341?pvs=21),General (https://app.notion.com/p/General-1fe52a1550c180d89a84f6b6694a42f5?pvs=21),10165
2025/06/11,全聯,,NT$211.00,Food (https://app.notion.com/p/Food-1de52a1550c1808585f7c8d0cbbab341?pvs=21),General (https://app.notion.com/p/General-1fe52a1550c180d89a84f6b6694a42f5?pvs=21),10640
2025/06/11,全家,,NT$140.00,Food (https://app.notion.com/p/Food-1de52a1550c1808585f7c8d0cbbab341?pvs=21),General (https://app.notion.com/p/General-1fe52a1550c180d89a84f6b6694a42f5?pvs=21),10640
2025/06/10,加油費,,NT$142.00,Traffic (https://app.notion.com/p/Traffic-1de52a1550c1807b8ff6e40f804e1127?pvs=21),General (https://app.notion.com/p/General-1fe52a1550c180d89a84f6b6694a42f5?pvs=21),10991
2025/06/10,Costco,,NT$129.00,Food (https://app.notion.com/p/Food-1de52a1550c1808585f7c8d0cbbab341?pvs=21),General (https://app.notion.com/p/General-1fe52a1550c180d89a84f6b6694a42f5?pvs=21),10991
2025/06/10,新竹後站夜市,,NT$600.00,Food (https://app.notion.com/p/Food-1de52a1550c1808585f7c8d0cbbab341?pvs=21),General (https://app.notion.com/p/General-1fe52a1550c180d89a84f6b6694a42f5?pvs=21),10991
2025/06/10,Costco,,NT$459.00,Food (https://app.notion.com/p/Food-1de52a1550c1808585f7c8d0cbbab341?pvs=21),General (https://app.notion.com/p/General-1fe52a1550c180d89a84f6b6694a42f5?pvs=21),10991
2025/06/09,全聯,,NT$165.00,Food (https://app.notion.com/p/Food-1de52a1550c1808585f7c8d0cbbab341?pvs=21),General (https://app.notion.com/p/General-1fe52a1550c180d89a84f6b6694a42f5?pvs=21),12321
2025/06/08,這一小鍋,,"NT$1,033.00",Food (https://app.notion.com/p/Food-1de52a1550c1808585f7c8d0cbbab341?pvs=21),Couple's (https://app.notion.com/p/Couple-s-1de52a1550c181d39de7eebc343b38cd?pvs=21),1741
2025/06/08,Costco,,"NT$2,173.00",Food (https://app.notion.com/p/Food-1de52a1550c1808585f7c8d0cbbab341?pvs=21),General (https://app.notion.com/p/General-1fe52a1550c180d89a84f6b6694a42f5?pvs=21),12486
2025/06/07,歐爹,,NT$379.00,Food (https://app.notion.com/p/Food-1de52a1550c1808585f7c8d0cbbab341?pvs=21),General (https://app.notion.com/p/General-1fe52a1550c180d89a84f6b6694a42f5?pvs=21),14659
2025/06/06,先喝道,,NT$107.00,Food (https://app.notion.com/p/Food-1de52a1550c1808585f7c8d0cbbab341?pvs=21),General (https://app.notion.com/p/General-1fe52a1550c180d89a84f6b6694a42f5?pvs=21),15038
2025/06/06,田記烤鴨,,NT$340.00,Food (https://app.notion.com/p/Food-1de52a1550c1808585f7c8d0cbbab341?pvs=21),General (https://app.notion.com/p/General-1fe52a1550c180d89a84f6b6694a42f5?pvs=21),15038
2025/06/05,豐華小吃,,NT$440.00,Food (https://app.notion.com/p/Food-1de52a1550c1808585f7c8d0cbbab341?pvs=21),General (https://app.notion.com/p/General-1fe52a1550c180d89a84f6b6694a42f5?pvs=21),15485
2025/06/04,Spotify月費,,NT$202.00,Fun (https://app.notion.com/p/Fun-1de52a1550c180f197e2ff3116ec3fa2?pvs=21),Dream (https://app.notion.com/p/Dream-1de52a1550c180a4bc6eee5e921cbc2d?pvs=21),-15778
2025/06/03,7-11,,NT$68.00,Food (https://app.notion.com/p/Food-1de52a1550c1808585f7c8d0cbbab341?pvs=21),General (https://app.notion.com/p/General-1fe52a1550c180d89a84f6b6694a42f5?pvs=21),12925
2025/06/03,東門火雞肉飯,,NT$320.00,Food (https://app.notion.com/p/Food-1de52a1550c1808585f7c8d0cbbab341?pvs=21),General (https://app.notion.com/p/General-1fe52a1550c180d89a84f6b6694a42f5?pvs=21),12925
2025/06/02,全聯,,NT$378.00,Food (https://app.notion.com/p/Food-1de52a1550c1808585f7c8d0cbbab341?pvs=21),General (https://app.notion.com/p/General-1fe52a1550c180d89a84f6b6694a42f5?pvs=21),13313
2025/06/02,匯給媽,,"NT$6,000.00",Family (https://app.notion.com/p/Family-1de52a1550c181faa107fcc0a73d8120?pvs=21),Fixed (https://app.notion.com/p/Fixed-1de52a1550c180f19995d25cbc6f1038?pvs=21),31896
2025/06/02,房租,,"NT$7,250.00",Groceries (https://app.notion.com/p/Groceries-1de52a1550c180c6be6cdfaeb95cee9a?pvs=21),Fixed (https://app.notion.com/p/Fixed-1de52a1550c180f19995d25cbc6f1038?pvs=21),31896
2025/06/02,停車位,,"NT$2,500.00",Insurance (https://app.notion.com/p/Insurance-1de52a1550c181f09d1dfb6d85985a86?pvs=21),Fixed (https://app.notion.com/p/Fixed-1de52a1550c180f19995d25cbc6f1038?pvs=21),31896
2025/06/02,勞保費,,"NT$1,145.00",Insurance (https://app.notion.com/p/Insurance-1de52a1550c181f09d1dfb6d85985a86?pvs=21),Fixed (https://app.notion.com/p/Fixed-1de52a1550c180f19995d25cbc6f1038?pvs=21),31896
2025/06/02,健保費,,"NT$1,036.00",Insurance (https://app.notion.com/p/Insurance-1de52a1550c181f09d1dfb6d85985a86?pvs=21),Fixed (https://app.notion.com/p/Fixed-1de52a1550c180f19995d25cbc6f1038?pvs=21),31896
2025/06/01,Costco,,"NT$2,179.00",Food (https://app.notion.com/p/Food-1de52a1550c1808585f7c8d0cbbab341?pvs=21),General (https://app.notion.com/p/General-1fe52a1550c180d89a84f6b6694a42f5?pvs=21),-1323
2025/06/01,蔣好的味道,,NT$420.00,Food (https://app.notion.com/p/Food-1de52a1550c1808585f7c8d0cbbab341?pvs=21),General (https://app.notion.com/p/General-1fe52a1550c180d89a84f6b6694a42f5?pvs=21),-1323
2025/05/31,涓豆腐,,"NT$1,318.00",Food (https://app.notion.com/p/Food-1de52a1550c1808585f7c8d0cbbab341?pvs=21),General (https://app.notion.com/p/General-1fe52a1550c180d89a84f6b6694a42f5?pvs=21),3276
2025/05/31,Uniqlo,,"NT$2,633.00",Clothes (https://app.notion.com/p/Clothes-1de52a1550c181c098ebee3f08c04f38?pvs=21),Dream (https://app.notion.com/p/Dream-1de52a1550c180a4bc6eee5e921cbc2d?pvs=21),-58673
2025/05/31,Cold Stone,,NT$273.00,Food (https://app.notion.com/p/Food-1de52a1550c1808585f7c8d0cbbab341?pvs=21),General (https://app.notion.com/p/General-1fe52a1550c180d89a84f6b6694a42f5?pvs=21),3276
2025/05/31,竹北農會,,NT$455.00,Food (https://app.notion.com/p/Food-1de52a1550c1808585f7c8d0cbbab341?pvs=21),General (https://app.notion.com/p/General-1fe52a1550c180d89a84f6b6694a42f5?pvs=21),3276
2025/05/30,貳樓,,"NT$1,243.00",Food (https://app.notion.com/p/Food-1de52a1550c1808585f7c8d0cbbab341?pvs=21),Couple's (https://app.notion.com/p/Couple-s-1de52a1550c181d39de7eebc343b38cd?pvs=21),-1226
2025/05/29,50嵐,,NT$110.00,Food (https://app.notion.com/p/Food-1de52a1550c1808585f7c8d0cbbab341?pvs=21),General (https://app.notion.com/p/General-1fe52a1550c180d89a84f6b6694a42f5?pvs=21),5322
2025/05/28,全聯,,NT$134.00,Food (https://app.notion.com/p/Food-1de52a1550c1808585f7c8d0cbbab341?pvs=21),General (https://app.notion.com/p/General-1fe52a1550c180d89a84f6b6694a42f5?pvs=21),5432
2025/05/28,全聯,,NT$423.00,Food (https://app.notion.com/p/Food-1de52a1550c1808585f7c8d0cbbab341?pvs=21),General (https://app.notion.com/p/General-1fe52a1550c180d89a84f6b6694a42f5?pvs=21),5432
2025/05/27,加油費,,NT$143.00,Traffic (https://app.notion.com/p/Traffic-1de52a1550c1807b8ff6e40f804e1127?pvs=21),General (https://app.notion.com/p/General-1fe52a1550c180d89a84f6b6694a42f5?pvs=21),5989
2025/05/27,東門火雞肉飯,,NT$385.00,Food (https://app.notion.com/p/Food-1de52a1550c1808585f7c8d0cbbab341?pvs=21),General (https://app.notion.com/p/General-1fe52a1550c180d89a84f6b6694a42f5?pvs=21),5989
2025/05/27,momo,SD卡、mini dp轉接線,NT$573.00,Cosmetics (https://app.notion.com/p/Cosmetics-1de52a1550c181cb93fdfe1a610bf352?pvs=21),General (https://app.notion.com/p/General-1fe52a1550c180d89a84f6b6694a42f5?pvs=21),5989
2025/05/25,全聯,,"NT$1,426.00",Food (https://app.notion.com/p/Food-1de52a1550c1808585f7c8d0cbbab341?pvs=21),General (https://app.notion.com/p/General-1fe52a1550c180d89a84f6b6694a42f5?pvs=21),7090
2025/05/24,玉蘭,,NT$127.00,Food (https://app.notion.com/p/Food-1de52a1550c1808585f7c8d0cbbab341?pvs=21),General (https://app.notion.com/p/General-1fe52a1550c180d89a84f6b6694a42f5?pvs=21),8516
2025/05/24,讚不絕口,,NT$425.00,Food (https://app.notion.com/p/Food-1de52a1550c1808585f7c8d0cbbab341?pvs=21),General (https://app.notion.com/p/General-1fe52a1550c180d89a84f6b6694a42f5?pvs=21),8516
2025/05/23,謝府小碗菜,,NT$401.00,Food (https://app.notion.com/p/Food-1de52a1550c1808585f7c8d0cbbab341?pvs=21),General (https://app.notion.com/p/General-1fe52a1550c180d89a84f6b6694a42f5?pvs=21),9068
2025/05/22,全聯,,NT$112.00,Food (https://app.notion.com/p/Food-1de52a1550c1808585f7c8d0cbbab341?pvs=21),General (https://app.notion.com/p/General-1fe52a1550c180d89a84f6b6694a42f5?pvs=21),9469
2025/05/21,中華電信網路費,,NT$848.00,Fun (https://app.notion.com/p/Fun-1de52a1550c180f197e2ff3116ec3fa2?pvs=21),General (https://app.notion.com/p/General-1fe52a1550c180d89a84f6b6694a42f5?pvs=21),9581
2025/05/21,Costco,,NT$827.00,Food (https://app.notion.com/p/Food-1de52a1550c1808585f7c8d0cbbab341?pvs=21),General (https://app.notion.com/p/General-1fe52a1550c180d89a84f6b6694a42f5?pvs=21),9581
2025/05/21,Costco,Adidas 拖鞋,NT$699.00,Clothes (https://app.notion.com/p/Clothes-1de52a1550c181c098ebee3f08c04f38?pvs=21),Dream (https://app.notion.com/p/Dream-1de52a1550c180a4bc6eee5e921cbc2d?pvs=21),-56040
2025/05/21,迪卡儂,,NT$528.00,Clothes (https://app.notion.com/p/Clothes-1de52a1550c181c098ebee3f08c04f38?pvs=21),Dream (https://app.notion.com/p/Dream-1de52a1550c180a4bc6eee5e921cbc2d?pvs=21),-56040
2025/05/21,中華電信網路費,,NT$664.00,Fun (https://app.notion.com/p/Fun-1de52a1550c180f197e2ff3116ec3fa2?pvs=21),General (https://app.notion.com/p/General-1fe52a1550c180d89a84f6b6694a42f5?pvs=21),9581
2025/05/19,全聯,,NT$187.00,Food (https://app.notion.com/p/Food-1de52a1550c1808585f7c8d0cbbab341?pvs=21),General (https://app.notion.com/p/General-1fe52a1550c180d89a84f6b6694a42f5?pvs=21),11920
2025/05/19,全聯,,NT$187.00,Food (https://app.notion.com/p/Food-1de52a1550c1808585f7c8d0cbbab341?pvs=21),General (https://app.notion.com/p/General-1fe52a1550c180d89a84f6b6694a42f5?pvs=21),11920
2025/05/18,全聯,,NT$480.00,Food (https://app.notion.com/p/Food-1de52a1550c1808585f7c8d0cbbab341?pvs=21),General (https://app.notion.com/p/General-1fe52a1550c180d89a84f6b6694a42f5?pvs=21),12294
2025/05/17,達康.Come,,"NT$1,600.00",Fun (https://app.notion.com/p/Fun-1de52a1550c180f197e2ff3116ec3fa2?pvs=21),Couple's (https://app.notion.com/p/Couple-s-1de52a1550c181d39de7eebc343b38cd?pvs=21),17
2025/05/17,全聯,,NT$878.00,Food (https://app.notion.com/p/Food-1de52a1550c1808585f7c8d0cbbab341?pvs=21),General (https://app.notion.com/p/General-1fe52a1550c180d89a84f6b6694a42f5?pvs=21),12774
2025/05/17,7-11,,NT$170.00,Food (https://app.notion.com/p/Food-1de52a1550c1808585f7c8d0cbbab341?pvs=21),General (https://app.notion.com/p/General-1fe52a1550c180d89a84f6b6694a42f5?pvs=21),12774
2025/05/17,達康.Come,,NT$850.00,Fun (https://app.notion.com/p/Fun-1de52a1550c180f197e2ff3116ec3fa2?pvs=21),Dream (https://app.notion.com/p/Dream-1de52a1550c180a4bc6eee5e921cbc2d?pvs=21),-54813
2025/05/17,捷運,,NT$30.00,Fun (https://app.notion.com/p/Fun-1de52a1550c180f197e2ff3116ec3fa2?pvs=21),Dream (https://app.notion.com/p/Dream-1de52a1550c180a4bc6eee5e921cbc2d?pvs=21),-54813
2025/05/17,公車,,NT$30.00,Fun (https://app.notion.com/p/Fun-1de52a1550c180f197e2ff3116ec3fa2?pvs=21),Dream (https://app.notion.com/p/Dream-1de52a1550c180a4bc6eee5e921cbc2d?pvs=21),-54813
2025/05/17,味穗,,NT$210.00,Food (https://app.notion.com/p/Food-1de52a1550c1808585f7c8d0cbbab341?pvs=21),General (https://app.notion.com/p/General-1fe52a1550c180d89a84f6b6694a42f5?pvs=21),12774
2025/05/17,福喜滿,,NT$315.00,Food (https://app.notion.com/p/Food-1de52a1550c1808585f7c8d0cbbab341?pvs=21),General (https://app.notion.com/p/General-1fe52a1550c180d89a84f6b6694a42f5?pvs=21),12774
2025/05/17,豆腐里,,NT$297.00,Food (https://app.notion.com/p/Food-1de52a1550c1808585f7c8d0cbbab341?pvs=21),General (https://app.notion.com/p/General-1fe52a1550c180d89a84f6b6694a42f5?pvs=21),12774
2025/05/17,豪泰客運,,NT$520.00,Food (https://app.notion.com/p/Food-1de52a1550c1808585f7c8d0cbbab341?pvs=21),Dream (https://app.notion.com/p/Dream-1de52a1550c180a4bc6eee5e921cbc2d?pvs=21),-54813
2025/05/17,先喝道,,NT$124.00,Food (https://app.notion.com/p/Food-1de52a1550c1808585f7c8d0cbbab341?pvs=21),General (https://app.notion.com/p/General-1fe52a1550c180d89a84f6b6694a42f5?pvs=21),12774
2025/05/17,咖啡,,NT$60.00,Food (https://app.notion.com/p/Food-1de52a1550c1808585f7c8d0cbbab341?pvs=21),General (https://app.notion.com/p/General-1fe52a1550c180d89a84f6b6694a42f5?pvs=21),12774
2025/05/16,7-11,,NT$64.00,Food (https://app.notion.com/p/Food-1de52a1550c1808585f7c8d0cbbab341?pvs=21),General (https://app.notion.com/p/General-1fe52a1550c180d89a84f6b6694a42f5?pvs=21),14828
2025/05/16,卡莎米義大利麵,,NT$350.00,Food (https://app.notion.com/p/Food-1de52a1550c1808585f7c8d0cbbab341?pvs=21),General (https://app.notion.com/p/General-1fe52a1550c180d89a84f6b6694a42f5?pvs=21),14828
2025/05/15,7-11,,NT$84.00,Food (https://app.notion.com/p/Food-1de52a1550c1808585f7c8d0cbbab341?pvs=21),General (https://app.notion.com/p/General-1fe52a1550c180d89a84f6b6694a42f5?pvs=21),15242
2025/05/15,全聯,,NT$294.00,Food (https://app.notion.com/p/Food-1de52a1550c1808585f7c8d0cbbab341?pvs=21),General (https://app.notion.com/p/General-1fe52a1550c180d89a84f6b6694a42f5?pvs=21),15242
2025/05/15,中華電信網路費,,NT$848.00,Fun (https://app.notion.com/p/Fun-1de52a1550c180f197e2ff3116ec3fa2?pvs=21),General (https://app.notion.com/p/General-1fe52a1550c180d89a84f6b6694a42f5?pvs=21),15242
2025/05/15,中華電信手機費,,NT$665.00,Fun (https://app.notion.com/p/Fun-1de52a1550c180f197e2ff3116ec3fa2?pvs=21),General (https://app.notion.com/p/General-1fe52a1550c180d89a84f6b6694a42f5?pvs=21),15242
2025/05/15,富邦醫療險保費,,"NT$11,283.00",Insurance (https://app.notion.com/p/Insurance-1de52a1550c181f09d1dfb6d85985a86?pvs=21),Fixed (https://app.notion.com/p/Fixed-1de52a1550c180f19995d25cbc6f1038?pvs=21),28354
2025/05/14,全聯,,NT$293.00,Food (https://app.notion.com/p/Food-1de52a1550c1808585f7c8d0cbbab341?pvs=21),General (https://app.notion.com/p/General-1fe52a1550c180d89a84f6b6694a42f5?pvs=21),17133
2025/05/13,竹東排骨酥麵,,NT$492.00,Food (https://app.notion.com/p/Food-1de52a1550c1808585f7c8d0cbbab341?pvs=21),General (https://app.notion.com/p/General-1fe52a1550c180d89a84f6b6694a42f5?pvs=21),17426
2025/05/13,7-11,,NT$108.00,Food (https://app.notion.com/p/Food-1de52a1550c1808585f7c8d0cbbab341?pvs=21),General (https://app.notion.com/p/General-1fe52a1550c180d89a84f6b6694a42f5?pvs=21),17426
2025/05/12,貝克里麵包,,NT$60.00,Food (https://app.notion.com/p/Food-1de52a1550c1808585f7c8d0cbbab341?pvs=21),General (https://app.notion.com/p/General-1fe52a1550c180d89a84f6b6694a42f5?pvs=21),18026
2025/05/12,藍衫茶所,,NT$90.00,Food (https://app.notion.com/p/Food-1de52a1550c1808585f7c8d0cbbab341?pvs=21),General (https://app.notion.com/p/General-1fe52a1550c180d89a84f6b6694a42f5?pvs=21),18026
2025/05/12,三十年老店,,NT$495.00,Food (https://app.notion.com/p/Food-1de52a1550c1808585f7c8d0cbbab341?pvs=21),General (https://app.notion.com/p/General-1fe52a1550c180d89a84f6b6694a42f5?pvs=21),18026
2025/05/12,麥當勞,,NT$173.00,Food (https://app.notion.com/p/Food-1de52a1550c1808585f7c8d0cbbab341?pvs=21),General (https://app.notion.com/p/General-1fe52a1550c180d89a84f6b6694a42f5?pvs=21),18026
2025/05/11,全聯,,NT$321.00,Food (https://app.notion.com/p/Food-1de52a1550c1808585f7c8d0cbbab341?pvs=21),General (https://app.notion.com/p/General-1fe52a1550c180d89a84f6b6694a42f5?pvs=21),18844
2025/05/11,北門室食,,NT$610.00,Food (https://app.notion.com/p/Food-1de52a1550c1808585f7c8d0cbbab341?pvs=21),General (https://app.notion.com/p/General-1fe52a1550c180d89a84f6b6694a42f5?pvs=21),18844
2025/05/11,中油,,"NT$1,497.00",Traffic (https://app.notion.com/p/Traffic-1de52a1550c1807b8ff6e40f804e1127?pvs=21),Dream (https://app.notion.com/p/Dream-1de52a1550c180a4bc6eee5e921cbc2d?pvs=21),-53383
2025/05/09,全聯,,NT$123.00,Food (https://app.notion.com/p/Food-1de52a1550c1808585f7c8d0cbbab341?pvs=21),General (https://app.notion.com/p/General-1fe52a1550c180d89a84f6b6694a42f5?pvs=21),19775
2025/05/09,中油,,"NT$1,261.00",Traffic (https://app.notion.com/p/Traffic-1de52a1550c1807b8ff6e40f804e1127?pvs=21),Dream (https://app.notion.com/p/Dream-1de52a1550c180a4bc6eee5e921cbc2d?pvs=21),-52886
2025/05/09,後甲圓環-無名虱目魚肉燥飯,,NT$320.00,Food (https://app.notion.com/p/Food-1de52a1550c1808585f7c8d0cbbab341?pvs=21),General (https://app.notion.com/p/General-1fe52a1550c180d89a84f6b6694a42f5?pvs=21),19775
2025/05/09,新東陽,,NT$200.00,Food (https://app.notion.com/p/Food-1de52a1550c1808585f7c8d0cbbab341?pvs=21),General (https://app.notion.com/p/General-1fe52a1550c180d89a84f6b6694a42f5?pvs=21),19775
2025/05/09,7-11,,NT$130.00,Food (https://app.notion.com/p/Food-1de52a1550c1808585f7c8d0cbbab341?pvs=21),General (https://app.notion.com/p/General-1fe52a1550c180d89a84f6b6694a42f5?pvs=21),19775
2025/05/08,全聯,,NT$195.00,Food (https://app.notion.com/p/Food-1de52a1550c1808585f7c8d0cbbab341?pvs=21),General (https://app.notion.com/p/General-1fe52a1550c180d89a84f6b6694a42f5?pvs=21),20548
2025/05/08,東門火雞肉飯,,NT$660.00,Food (https://app.notion.com/p/Food-1de52a1550c1808585f7c8d0cbbab341?pvs=21),General (https://app.notion.com/p/General-1fe52a1550c180d89a84f6b6694a42f5?pvs=21),20548
2025/05/08,大茗,,NT$105.00,Food (https://app.notion.com/p/Food-1de52a1550c1808585f7c8d0cbbab341?pvs=21),General (https://app.notion.com/p/General-1fe52a1550c180d89a84f6b6694a42f5?pvs=21),20548
2025/05/07,2025綜合所得稅,,"NT$4,401.00",Tax (https://app.notion.com/p/Tax-1de52a1550c1816f8f50ee76d1367da6?pvs=21),Dream (https://app.notion.com/p/Dream-1de52a1550c180a4bc6eee5e921cbc2d?pvs=21),-51625
2025/05/07,小洞天,,NT$115.00,Food (https://app.notion.com/p/Food-1de52a1550c1808585f7c8d0cbbab341?pvs=21),General (https://app.notion.com/p/General-1fe52a1550c180d89a84f6b6694a42f5?pvs=21),21508
2025/05/07,全聯,,NT$168.00,Food (https://app.notion.com/p/Food-1de52a1550c1808585f7c8d0cbbab341?pvs=21),General (https://app.notion.com/p/General-1fe52a1550c180d89a84f6b6694a42f5?pvs=21),21508
2025/05/06,中油,,NT$150.00,Traffic (https://app.notion.com/p/Traffic-1de52a1550c1807b8ff6e40f804e1127?pvs=21),General (https://app.notion.com/p/General-1fe52a1550c180d89a84f6b6694a42f5?pvs=21),21791
2025/05/06,大心,,NT$550.00,Food (https://app.notion.com/p/Food-1de52a1550c1808585f7c8d0cbbab341?pvs=21),General (https://app.notion.com/p/General-1fe52a1550c180d89a84f6b6694a42f5?pvs=21),21791
2025/05/06,龜記,,NT$70.00,Food (https://app.notion.com/p/Food-1de52a1550c1808585f7c8d0cbbab341?pvs=21),General (https://app.notion.com/p/General-1fe52a1550c180d89a84f6b6694a42f5?pvs=21),21791
2025/05/06,麥當勞,,NT$153.00,Food (https://app.notion.com/p/Food-1de52a1550c1808585f7c8d0cbbab341?pvs=21),General (https://app.notion.com/p/General-1fe52a1550c180d89a84f6b6694a42f5?pvs=21),21791
2025/05/05,龜記,,NT$45.00,Food (https://app.notion.com/p/Food-1de52a1550c1808585f7c8d0cbbab341?pvs=21),General (https://app.notion.com/p/General-1fe52a1550c180d89a84f6b6694a42f5?pvs=21),22714
2025/05/05,全聯,食材,NT$169.00,Food (https://app.notion.com/p/Food-1de52a1550c1808585f7c8d0cbbab341?pvs=21),General (https://app.notion.com/p/General-1fe52a1550c180d89a84f6b6694a42f5?pvs=21),22714
2025/05/05,康是美,,NT$120.00,Groceries (https://app.notion.com/p/Groceries-1de52a1550c180c6be6cdfaeb95cee9a?pvs=21),General (https://app.notion.com/p/General-1fe52a1550c180d89a84f6b6694a42f5?pvs=21),22714
2025/05/04,上宇林,,NT$80.00,Food (https://app.notion.com/p/Food-1de52a1550c1808585f7c8d0cbbab341?pvs=21),General (https://app.notion.com/p/General-1fe52a1550c180d89a84f6b6694a42f5?pvs=21),23048
2025/05/04,全聯,食材,NT$505.00,Food (https://app.notion.com/p/Food-1de52a1550c1808585f7c8d0cbbab341?pvs=21),General (https://app.notion.com/p/General-1fe52a1550c180d89a84f6b6694a42f5?pvs=21),23048
2025/05/04,全聯,,NT$320.00,Groceries (https://app.notion.com/p/Groceries-1de52a1550c180c6be6cdfaeb95cee9a?pvs=21),General (https://app.notion.com/p/General-1fe52a1550c180d89a84f6b6694a42f5?pvs=21),23048
2025/05/04,台鐵,花蓮台北,NT$440.00,Traffic (https://app.notion.com/p/Traffic-1de52a1550c1807b8ff6e40f804e1127?pvs=21),Dream (https://app.notion.com/p/Dream-1de52a1550c180a4bc6eee5e921cbc2d?pvs=21),-47224
2025/05/04,Spotify月費,,NT$202.00,Fun (https://app.notion.com/p/Fun-1de52a1550c180f197e2ff3116ec3fa2?pvs=21),Dream (https://app.notion.com/p/Dream-1de52a1550c180a4bc6eee5e921cbc2d?pvs=21),-47224
2025/05/04,豪泰客運,台北新竹,NT$160.00,Traffic (https://app.notion.com/p/Traffic-1de52a1550c1807b8ff6e40f804e1127?pvs=21),Dream (https://app.notion.com/p/Dream-1de52a1550c180a4bc6eee5e921cbc2d?pvs=21),-47224
2025/05/04,匯給媽,,"NT$6,000.00",Family (https://app.notion.com/p/Family-1de52a1550c181faa107fcc0a73d8120?pvs=21),Fixed (https://app.notion.com/p/Fixed-1de52a1550c180f19995d25cbc6f1038?pvs=21),39637
2025/05/03,茶舍,,NT$90.00,Food (https://app.notion.com/p/Food-1de52a1550c1808585f7c8d0cbbab341?pvs=21),General (https://app.notion.com/p/General-1fe52a1550c180d89a84f6b6694a42f5?pvs=21),20854
2025/05/03,大魯閣,打保齡球,NT$429.00,Family (https://app.notion.com/p/Family-1de52a1550c181faa107fcc0a73d8120?pvs=21),Dream (https://app.notion.com/p/Dream-1de52a1550c180a4bc6eee5e921cbc2d?pvs=21),-46846
2025/05/03,煙波大飯店,母親節聚餐,"NT$1,320.00",Family (https://app.notion.com/p/Family-1de52a1550c181faa107fcc0a73d8120?pvs=21),Dream (https://app.notion.com/p/Dream-1de52a1550c180a4bc6eee5e921cbc2d?pvs=21),-46846
2025/05/02,50嵐,,NT$110.00,Food (https://app.notion.com/p/Food-1de52a1550c1808585f7c8d0cbbab341?pvs=21),General (https://app.notion.com/p/General-1fe52a1550c180d89a84f6b6694a42f5?pvs=21),5930
2025/05/02,台鐵,新竹花蓮,NT$618.00,Traffic (https://app.notion.com/p/Traffic-1de52a1550c1807b8ff6e40f804e1127?pvs=21),Dream (https://app.notion.com/p/Dream-1de52a1550c180a4bc6eee5e921cbc2d?pvs=21),-51604
2025/05/02,YoutubePremium,,NT$202.00,Fun (https://app.notion.com/p/Fun-1de52a1550c180f197e2ff3116ec3fa2?pvs=21),Dream (https://app.notion.com/p/Dream-1de52a1550c180a4bc6eee5e921cbc2d?pvs=21),-51604
2025/05/02,房租,,"NT$7,250.00",Groceries (https://app.notion.com/p/Groceries-1de52a1550c180c6be6cdfaeb95cee9a?pvs=21),Fixed (https://app.notion.com/p/Fixed-1de52a1550c180f19995d25cbc6f1038?pvs=21),24164
2025/05/02,停車位,,"NT$2,500.00",Insurance (https://app.notion.com/p/Insurance-1de52a1550c181f09d1dfb6d85985a86?pvs=21),Fixed (https://app.notion.com/p/Fixed-1de52a1550c180f19995d25cbc6f1038?pvs=21),24164
2025/05/02,健保費,,"NT$1,036.00",Insurance (https://app.notion.com/p/Insurance-1de52a1550c181f09d1dfb6d85985a86?pvs=21),Fixed (https://app.notion.com/p/Fixed-1de52a1550c180f19995d25cbc6f1038?pvs=21),24164
2025/05/02,勞保費,"
","NT$1,145.00",Insurance (https://app.notion.com/p/Insurance-1de52a1550c181f09d1dfb6d85985a86?pvs=21),Fixed (https://app.notion.com/p/Fixed-1de52a1550c180f19995d25cbc6f1038?pvs=21),24164
2025/05/01,鼎泰豐,,"NT$1,182.00",Food (https://app.notion.com/p/Food-1de52a1550c1808585f7c8d0cbbab341?pvs=21),Couple's (https://app.notion.com/p/Couple-s-1de52a1550c181d39de7eebc343b38cd?pvs=21),-1383
2025/05/01,Costco,,NT$129.00,Food (https://app.notion.com/p/Food-1de52a1550c1808585f7c8d0cbbab341?pvs=21),General (https://app.notion.com/p/General-1fe52a1550c180d89a84f6b6694a42f5?pvs=21),8040
2025/04/30,茶湯會,,NT$40.00,Food (https://app.notion.com/p/Food-1de52a1550c1808585f7c8d0cbbab341?pvs=21),General (https://app.notion.com/p/General-1fe52a1550c180d89a84f6b6694a42f5?pvs=21),8169
2025/04/30,全聯,,NT$137.00,Food (https://app.notion.com/p/Food-1de52a1550c1808585f7c8d0cbbab341?pvs=21),General (https://app.notion.com/p/General-1fe52a1550c180d89a84f6b6694a42f5?pvs=21),8169
2025/04/30,麥當勞,,NT$172.00,Food (https://app.notion.com/p/Food-1de52a1550c1808585f7c8d0cbbab341?pvs=21),General (https://app.notion.com/p/General-1fe52a1550c180d89a84f6b6694a42f5?pvs=21),8169
2025/04/29,東門雞肉飯,,NT$270.00,Food (https://app.notion.com/p/Food-1de52a1550c1808585f7c8d0cbbab341?pvs=21),General (https://app.notion.com/p/General-1fe52a1550c180d89a84f6b6694a42f5?pvs=21),8518
2025/04/28,麥當勞,,NT$113.00,Food (https://app.notion.com/p/Food-1de52a1550c1808585f7c8d0cbbab341?pvs=21),General (https://app.notion.com/p/General-1fe52a1550c180d89a84f6b6694a42f5?pvs=21),8788
2025/04/28,Costco,,NT$525.00,Food (https://app.notion.com/p/Food-1de52a1550c1808585f7c8d0cbbab341?pvs=21),General (https://app.notion.com/p/General-1fe52a1550c180d89a84f6b6694a42f5?pvs=21),8788
2025/04/28,Costco,,"NT$2,246.00",Groceries (https://app.notion.com/p/Groceries-1de52a1550c180c6be6cdfaeb95cee9a?pvs=21),Dream (https://app.notion.com/p/Dream-1de52a1550c180a4bc6eee5e921cbc2d?pvs=21),-50784
2025/04/27,泰速,,NT$140.00,Food (https://app.notion.com/p/Food-1de52a1550c1808585f7c8d0cbbab341?pvs=21),General (https://app.notion.com/p/General-1fe52a1550c180d89a84f6b6694a42f5?pvs=21),9426
2025/04/27,百老匯影院,會計師2,NT$680.00,Fun (https://app.notion.com/p/Fun-1de52a1550c180f197e2ff3116ec3fa2?pvs=21),Dream (https://app.notion.com/p/Dream-1de52a1550c180a4bc6eee5e921cbc2d?pvs=21),-48538
2025/04/27,千荔水果世界,,NT$203.00,Food (https://app.notion.com/p/Food-1de52a1550c1808585f7c8d0cbbab341?pvs=21),General (https://app.notion.com/p/General-1fe52a1550c180d89a84f6b6694a42f5?pvs=21),9426
2025/04/27,浪人鐵板燒,,NT$670.00,Food (https://app.notion.com/p/Food-1de52a1550c1808585f7c8d0cbbab341?pvs=21),General (https://app.notion.com/p/General-1fe52a1550c180d89a84f6b6694a42f5?pvs=21),9426
2025/04/26,隆師傅鹽酥雞,,NT$225.00,Food (https://app.notion.com/p/Food-1de52a1550c1808585f7c8d0cbbab341?pvs=21),General (https://app.notion.com/p/General-1fe52a1550c180d89a84f6b6694a42f5?pvs=21),10439
2025/04/26,7-11,,NT$58.00,Food (https://app.notion.com/p/Food-1de52a1550c1808585f7c8d0cbbab341?pvs=21),General (https://app.notion.com/p/General-1fe52a1550c180d89a84f6b6694a42f5?pvs=21),10439
2025/04/26,隔壁消夜,,NT$175.00,Food (https://app.notion.com/p/Food-1de52a1550c1808585f7c8d0cbbab341?pvs=21),General (https://app.notion.com/p/General-1fe52a1550c180d89a84f6b6694a42f5?pvs=21),10439
2025/04/26,隔壁宵夜,,NT$175.00,Food (https://app.notion.com/p/Food-1de52a1550c1808585f7c8d0cbbab341?pvs=21),General (https://app.notion.com/p/General-1fe52a1550c180d89a84f6b6694a42f5?pvs=21),10439
2025/04/24 9:10 PM (GMT+8),上宇林,,NT$70.00,Food (https://app.notion.com/p/Food-1de52a1550c1808585f7c8d0cbbab341?pvs=21),General (https://app.notion.com/p/General-1fe52a1550c180d89a84f6b6694a42f5?pvs=21),11072
2025/04/24 9:09 PM (GMT+8),Haven Hair,,NT$960.00,Cosmetics (https://app.notion.com/p/Cosmetics-1de52a1550c181cb93fdfe1a610bf352?pvs=21),General (https://app.notion.com/p/General-1fe52a1550c180d89a84f6b6694a42f5?pvs=21),11142
2025/04/24,全聯,食材,NT$458.00,Food (https://app.notion.com/p/Food-1de52a1550c1808585f7c8d0cbbab341?pvs=21),General (https://app.notion.com/p/General-1fe52a1550c180d89a84f6b6694a42f5?pvs=21),12102
2025/04/23,親愛的小籠包,,NT$190.00,Food (https://app.notion.com/p/Food-1de52a1550c1808585f7c8d0cbbab341?pvs=21),General (https://app.notion.com/p/General-1fe52a1550c180d89a84f6b6694a42f5?pvs=21),12560
2025/04/23,小販部,咖啡,NT$35.00,Food (https://app.notion.com/p/Food-1de52a1550c1808585f7c8d0cbbab341?pvs=21),General (https://app.notion.com/p/General-1fe52a1550c180d89a84f6b6694a42f5?pvs=21),12560
2025/04/22,五金王,,NT$114.00,Groceries (https://app.notion.com/p/Groceries-1de52a1550c180c6be6cdfaeb95cee9a?pvs=21),General (https://app.notion.com/p/General-1fe52a1550c180d89a84f6b6694a42f5?pvs=21),12785
2025/04/21,加油,,NT$154.00,Traffic (https://app.notion.com/p/Traffic-1de52a1550c1807b8ff6e40f804e1127?pvs=21),General (https://app.notion.com/p/General-1fe52a1550c180d89a84f6b6694a42f5?pvs=21),12899
2025/04/21,成功牛排,,NT$560.00,Food (https://app.notion.com/p/Food-1de52a1550c1808585f7c8d0cbbab341?pvs=21),General (https://app.notion.com/p/General-1fe52a1550c180d89a84f6b6694a42f5?pvs=21),12899
2025/04/20,IKEA,,NT$643.00,Groceries (https://app.notion.com/p/Groceries-1de52a1550c180c6be6cdfaeb95cee9a?pvs=21),Dream (https://app.notion.com/p/Dream-1de52a1550c180a4bc6eee5e921cbc2d?pvs=21),-47858
2025/04/20,IKEA,,NT$110.00,Groceries (https://app.notion.com/p/Groceries-1de52a1550c180c6be6cdfaeb95cee9a?pvs=21),Dream (https://app.notion.com/p/Dream-1de52a1550c180a4bc6eee5e921cbc2d?pvs=21),-47858
2025/04/20,樂陽食堂,,NT$695.00,Food (https://app.notion.com/p/Food-1de52a1550c1808585f7c8d0cbbab341?pvs=21),General (https://app.notion.com/p/General-1fe52a1550c180d89a84f6b6694a42f5?pvs=21),13613
2025/04/20,寶雅,止汗劑,NT$500.00,Cosmetics (https://app.notion.com/p/Cosmetics-1de52a1550c181cb93fdfe1a610bf352?pvs=21),Dream (https://app.notion.com/p/Dream-1de52a1550c180a4bc6eee5e921cbc2d?pvs=21),-47858
2025/04/20,50嵐,,NT$40.00,Food (https://app.notion.com/p/Food-1de52a1550c1808585f7c8d0cbbab341?pvs=21),General (https://app.notion.com/p/General-1fe52a1550c180d89a84f6b6694a42f5?pvs=21),13613
2025/04/20,卡莎米義大利麵,,NT$165.00,Food (https://app.notion.com/p/Food-1de52a1550c1808585f7c8d0cbbab341?pvs=21),General (https://app.notion.com/p/General-1fe52a1550c180d89a84f6b6694a42f5?pvs=21),13613
2025/04/20,五金行,,NT$659.00,Groceries (https://app.notion.com/p/Groceries-1de52a1550c180c6be6cdfaeb95cee9a?pvs=21),Dream (https://app.notion.com/p/Dream-1de52a1550c180a4bc6eee5e921cbc2d?pvs=21),-47858
2025/04/20,IKEA,,NT$99.00,Groceries (https://app.notion.com/p/Groceries-1de52a1550c180c6be6cdfaeb95cee9a?pvs=21),Dream (https://app.notion.com/p/Dream-1de52a1550c180a4bc6eee5e921cbc2d?pvs=21),-47858
2025/04/19,包Sir,,NT$710.00,Food (https://app.notion.com/p/Food-1de52a1550c1808585f7c8d0cbbab341?pvs=21),General (https://app.notion.com/p/General-1fe52a1550c180d89a84f6b6694a42f5?pvs=21),14513
2025/04/18,水電費,,NT$945.00,Groceries (https://app.notion.com/p/Groceries-1de52a1550c180c6be6cdfaeb95cee9a?pvs=21),General (https://app.notion.com/p/General-1fe52a1550c180d89a84f6b6694a42f5?pvs=21),15223
2025/04/18,全聯,,NT$275.00,Food (https://app.notion.com/p/Food-1de52a1550c1808585f7c8d0cbbab341?pvs=21),General (https://app.notion.com/p/General-1fe52a1550c180d89a84f6b6694a42f5?pvs=21),15223
2025/04/18,小鵲幸,,NT$95.00,Food (https://app.notion.com/p/Food-1de52a1550c1808585f7c8d0cbbab341?pvs=21),General (https://app.notion.com/p/General-1fe52a1550c180d89a84f6b6694a42f5?pvs=21),15223
2025/04/17,蝦皮,電動理髮機,"NT$1,380.00",Groceries (https://app.notion.com/p/Groceries-1de52a1550c180c6be6cdfaeb95cee9a?pvs=21),Dream (https://app.notion.com/p/Dream-1de52a1550c180a4bc6eee5e921cbc2d?pvs=21),-45847
2025/04/16,茶湯會,,NT$40.00,Food (https://app.notion.com/p/Food-1de52a1550c1808585f7c8d0cbbab341?pvs=21),General (https://app.notion.com/p/General-1fe52a1550c180d89a84f6b6694a42f5?pvs=21),16538
2025/04/16,全聯,,NT$231.00,Food (https://app.notion.com/p/Food-1de52a1550c1808585f7c8d0cbbab341?pvs=21),General (https://app.notion.com/p/General-1fe52a1550c180d89a84f6b6694a42f5?pvs=21),16538
2025/04/16,7-11,,NT$82.00,Food (https://app.notion.com/p/Food-1de52a1550c1808585f7c8d0cbbab341?pvs=21),General (https://app.notion.com/p/General-1fe52a1550c180d89a84f6b6694a42f5?pvs=21),16538
2025/04/15,中華電信網路費,,NT$848.00,Fun (https://app.notion.com/p/Fun-1de52a1550c180f197e2ff3116ec3fa2?pvs=21),General (https://app.notion.com/p/General-1fe52a1550c180d89a84f6b6694a42f5?pvs=21),16891
2025/04/15,中華電信手機費,,NT$375.00,Fun (https://app.notion.com/p/Fun-1de52a1550c180f197e2ff3116ec3fa2?pvs=21),General (https://app.notion.com/p/General-1fe52a1550c180d89a84f6b6694a42f5?pvs=21),16891
2025/04/15,Steam,,"NT$1,000.00",Fun (https://app.notion.com/p/Fun-1de52a1550c180f197e2ff3116ec3fa2?pvs=21),Dream (https://app.notion.com/p/Dream-1de52a1550c180a4bc6eee5e921cbc2d?pvs=21),-44467
2025/04/15,全聯,,NT$123.00,Food (https://app.notion.com/p/Food-1de52a1550c1808585f7c8d0cbbab341?pvs=21),General (https://app.notion.com/p/General-1fe52a1550c180d89a84f6b6694a42f5?pvs=21),16891
2025/04/15,點爭鮮,,NT$710.00,Food (https://app.notion.com/p/Food-1de52a1550c1808585f7c8d0cbbab341?pvs=21),General (https://app.notion.com/p/General-1fe52a1550c180d89a84f6b6694a42f5?pvs=21),16891
2025/04/15,小洞天,,NT$95.00,Food (https://app.notion.com/p/Food-1de52a1550c1808585f7c8d0cbbab341?pvs=21),General (https://app.notion.com/p/General-1fe52a1550c180d89a84f6b6694a42f5?pvs=21),16891
2025/04/15,龜記,,NT$45.00,Food (https://app.notion.com/p/Food-1de52a1550c1808585f7c8d0cbbab341?pvs=21),General (https://app.notion.com/p/General-1fe52a1550c180d89a84f6b6694a42f5?pvs=21),16891
2025/04/15,鏡子,,NT$49.00,Groceries (https://app.notion.com/p/Groceries-1de52a1550c180c6be6cdfaeb95cee9a?pvs=21),General (https://app.notion.com/p/General-1fe52a1550c180d89a84f6b6694a42f5?pvs=21),16891
2025/04/14,全聯,,NT$206.00,Food (https://app.notion.com/p/Food-1de52a1550c1808585f7c8d0cbbab341?pvs=21),General (https://app.notion.com/p/General-1fe52a1550c180d89a84f6b6694a42f5?pvs=21),19136
2025/04/13,豐華小吃,,NT$480.00,Food (https://app.notion.com/p/Food-1de52a1550c1808585f7c8d0cbbab341?pvs=21),General (https://app.notion.com/p/General-1fe52a1550c180d89a84f6b6694a42f5?pvs=21),19342
2025/04/13,丐幫滷味,,NT$160.00,Food (https://app.notion.com/p/Food-1de52a1550c1808585f7c8d0cbbab341?pvs=21),General (https://app.notion.com/p/General-1fe52a1550c180d89a84f6b6694a42f5?pvs=21),19342
2025/04/10,咖啡,,NT$35.00,Food (https://app.notion.com/p/Food-1de52a1550c1808585f7c8d0cbbab341?pvs=21),General (https://app.notion.com/p/General-1fe52a1550c180d89a84f6b6694a42f5?pvs=21),16459
2025/04/10,旭集,,"NT$3,718.00",Food (https://app.notion.com/p/Food-1de52a1550c1808585f7c8d0cbbab341?pvs=21),Couple's (https://app.notion.com/p/Couple-s-1de52a1550c181d39de7eebc343b38cd?pvs=21),-2201
2025/04/09,今冠奕機車行,機油加電瓶,"NT$1,050.00",Traffic (https://app.notion.com/p/Traffic-1de52a1550c1807b8ff6e40f804e1127?pvs=21),General (https://app.notion.com/p/General-1fe52a1550c180d89a84f6b6694a42f5?pvs=21),16494
2025/04/09,迪卡儂,,NT$347.00,Health (https://app.notion.com/p/Health-1de52a1550c180948ad5c45ef59a5bb8?pvs=21),Dream (https://app.notion.com/p/Dream-1de52a1550c180a4bc6eee5e921cbc2d?pvs=21),-45065
2025/04/09,Costco,,NT$909.00,Food (https://app.notion.com/p/Food-1de52a1550c1808585f7c8d0cbbab341?pvs=21),General (https://app.notion.com/p/General-1fe52a1550c180d89a84f6b6694a42f5?pvs=21),16494
2025/04/08,城門芙蓉蛋塔,,NT$110.00,Food (https://app.notion.com/p/Food-1de52a1550c1808585f7c8d0cbbab341?pvs=21),General (https://app.notion.com/p/General-1fe52a1550c180d89a84f6b6694a42f5?pvs=21),18453
2025/04/08,玉蘭,,NT$99.00,Food (https://app.notion.com/p/Food-1de52a1550c1808585f7c8d0cbbab341?pvs=21),General (https://app.notion.com/p/General-1fe52a1550c180d89a84f6b6694a42f5?pvs=21),18453
2025/04/07,要活就要動,,"NT$2,000.00",Health (https://app.notion.com/p/Health-1de52a1550c180948ad5c45ef59a5bb8?pvs=21),Dream (https://app.notion.com/p/Dream-1de52a1550c180a4bc6eee5e921cbc2d?pvs=21),-44718
2025/04/07,7-11,,NT$63.00,Food (https://app.notion.com/p/Food-1de52a1550c1808585f7c8d0cbbab341?pvs=21),General (https://app.notion.com/p/General-1fe52a1550c180d89a84f6b6694a42f5?pvs=21),18662
2025/04/06,好樂迪,,"NT$1,032.00",Fun (https://app.notion.com/p/Fun-1de52a1550c180f197e2ff3116ec3fa2?pvs=21),Couple's (https://app.notion.com/p/Couple-s-1de52a1550c181d39de7eebc343b38cd?pvs=21),1517
2025/04/06,全聯,,NT$929.00,Food (https://app.notion.com/p/Food-1de52a1550c1808585f7c8d0cbbab341?pvs=21),General (https://app.notion.com/p/General-1fe52a1550c180d89a84f6b6694a42f5?pvs=21),18725
2025/04/06,法佬法式吐司,,NT$675.00,Food (https://app.notion.com/p/Food-1de52a1550c1808585f7c8d0cbbab341?pvs=21),General (https://app.notion.com/p/General-1fe52a1550c180d89a84f6b6694a42f5?pvs=21),18725
2025/04/06,加油費,,NT$155.00,Traffic (https://app.notion.com/p/Traffic-1de52a1550c1807b8ff6e40f804e1127?pvs=21),General (https://app.notion.com/p/General-1fe52a1550c180d89a84f6b6694a42f5?pvs=21),18725
2025/04/06,Costco,,"NT$2,135.00",Food (https://app.notion.com/p/Food-1de52a1550c1808585f7c8d0cbbab341?pvs=21),General (https://app.notion.com/p/General-1fe52a1550c180d89a84f6b6694a42f5?pvs=21),18725
2025/04/05,7-11,,NT$100.00,Food (https://app.notion.com/p/Food-1de52a1550c1808585f7c8d0cbbab341?pvs=21),General (https://app.notion.com/p/General-1fe52a1550c180d89a84f6b6694a42f5?pvs=21),22619
2025/04/04,Spotify月費,,NT$202.00,Fun (https://app.notion.com/p/Fun-1de52a1550c180f197e2ff3116ec3fa2?pvs=21),General (https://app.notion.com/p/General-1fe52a1550c180d89a84f6b6694a42f5?pvs=21),22719
2025/04/04,幸福小館,,NT$800.00,Food (https://app.notion.com/p/Food-1de52a1550c1808585f7c8d0cbbab341?pvs=21),General (https://app.notion.com/p/General-1fe52a1550c180d89a84f6b6694a42f5?pvs=21),22719
2025/04/03,北門室食,,NT$735.00,Food (https://app.notion.com/p/Food-1de52a1550c1808585f7c8d0cbbab341?pvs=21),General (https://app.notion.com/p/General-1fe52a1550c180d89a84f6b6694a42f5?pvs=21),23721
2025/04/02,全聯,,NT$301.00,Food (https://app.notion.com/p/Food-1de52a1550c1808585f7c8d0cbbab341?pvs=21),General (https://app.notion.com/p/General-1fe52a1550c180d89a84f6b6694a42f5?pvs=21),24456
2025/04/01,匯給媽,"
","NT$6,000.00",Family (https://app.notion.com/p/Family-1de52a1550c181faa107fcc0a73d8120?pvs=21),Fixed (https://app.notion.com/p/Fixed-1de52a1550c180f19995d25cbc6f1038?pvs=21),36095
2025/04/01,健保費,"
","NT$1,036.00",Insurance (https://app.notion.com/p/Insurance-1de52a1550c181f09d1dfb6d85985a86?pvs=21),Fixed (https://app.notion.com/p/Fixed-1de52a1550c180f19995d25cbc6f1038?pvs=21),36095
2025/04/01,2024汽車停車位,,"NT$2,500.00",Traffic (https://app.notion.com/p/Traffic-1de52a1550c1807b8ff6e40f804e1127?pvs=21),Fixed (https://app.notion.com/p/Fixed-1de52a1550c180f19995d25cbc6f1038?pvs=21),36095
2025/04/01,勞保費,"
","NT$1,145.00",Insurance (https://app.notion.com/p/Insurance-1de52a1550c181f09d1dfb6d85985a86?pvs=21),Fixed (https://app.notion.com/p/Fixed-1de52a1550c180f19995d25cbc6f1038?pvs=21),36095
2025/04/01,房租,,"NT$7,250.00",Groceries (https://app.notion.com/p/Groceries-1de52a1550c180c6be6cdfaeb95cee9a?pvs=21),Fixed (https://app.notion.com/p/Fixed-1de52a1550c180f19995d25cbc6f1038?pvs=21),36095
2025/03/31,Disney+,,"NT$1,680.00",Fun (https://app.notion.com/p/Fun-1de52a1550c180f197e2ff3116ec3fa2?pvs=21),Dream (https://app.notion.com/p/Dream-1de52a1550c180a4bc6eee5e921cbc2d?pvs=21),-49225
2025/03/31,全聯,,NT$285.00,Food (https://app.notion.com/p/Food-1de52a1550c1808585f7c8d0cbbab341?pvs=21),General (https://app.notion.com/p/General-1fe52a1550c180d89a84f6b6694a42f5?pvs=21),11743
2025/03/30,Haha baby,,"NT$1,290.00",Food (https://app.notion.com/p/Food-1de52a1550c1808585f7c8d0cbbab341?pvs=21),General (https://app.notion.com/p/General-1fe52a1550c180d89a84f6b6694a42f5?pvs=21),12028
2025/03/30,屯京拉麵,,NT$905.00,Food (https://app.notion.com/p/Food-1de52a1550c1808585f7c8d0cbbab341?pvs=21),General (https://app.notion.com/p/General-1fe52a1550c180d89a84f6b6694a42f5?pvs=21),12028
2025/03/30,Uniqlo,,"NT$1,490.00",Clothes (https://app.notion.com/p/Clothes-1de52a1550c181c098ebee3f08c04f38?pvs=21),Dream (https://app.notion.com/p/Dream-1de52a1550c180a4bc6eee5e921cbc2d?pvs=21),-47545
2025/03/28,饗香記,,NT$350.00,Food (https://app.notion.com/p/Food-1de52a1550c1808585f7c8d0cbbab341?pvs=21),General (https://app.notion.com/p/General-1fe52a1550c180d89a84f6b6694a42f5?pvs=21),14223
2025/03/28,短捲麻,,"NT$1,398.00",Clothes (https://app.notion.com/p/Clothes-1de52a1550c181c098ebee3f08c04f38?pvs=21),Dream (https://app.notion.com/p/Dream-1de52a1550c180a4bc6eee5e921cbc2d?pvs=21),-46055
2025/03/28,拾汣茶屋,,NT$50.00,Food (https://app.notion.com/p/Food-1de52a1550c1808585f7c8d0cbbab341?pvs=21),General (https://app.notion.com/p/General-1fe52a1550c180d89a84f6b6694a42f5?pvs=21),14223
2025/03/26,Costco,,NT$266.00,Food (https://app.notion.com/p/Food-1de52a1550c1808585f7c8d0cbbab341?pvs=21),General (https://app.notion.com/p/General-1fe52a1550c180d89a84f6b6694a42f5?pvs=21),14623
2025/03/26,小販部,,NT$20.00,Food (https://app.notion.com/p/Food-1de52a1550c1808585f7c8d0cbbab341?pvs=21),General (https://app.notion.com/p/General-1fe52a1550c180d89a84f6b6694a42f5?pvs=21),14623
2025/03/26,Costco,芒果乾,NT$659.00,Food (https://app.notion.com/p/Food-1de52a1550c1808585f7c8d0cbbab341?pvs=21),General (https://app.notion.com/p/General-1fe52a1550c180d89a84f6b6694a42f5?pvs=21),14623
2025/03/25,大茗,,NT$40.00,Food (https://app.notion.com/p/Food-1de52a1550c1808585f7c8d0cbbab341?pvs=21),General (https://app.notion.com/p/General-1fe52a1550c180d89a84f6b6694a42f5?pvs=21),15568
2025/03/25,東門雞肉飯,,NT$285.00,Food (https://app.notion.com/p/Food-1de52a1550c1808585f7c8d0cbbab341?pvs=21),General (https://app.notion.com/p/General-1fe52a1550c180d89a84f6b6694a42f5?pvs=21),15568
2025/03/22,柏廷耳鼻喉科,,NT$400.00,Health (https://app.notion.com/p/Health-1de52a1550c180948ad5c45ef59a5bb8?pvs=21),Dream (https://app.notion.com/p/Dream-1de52a1550c180a4bc6eee5e921cbc2d?pvs=21),-43059
2025/03/22,盛煎,,NT$194.00,Food (https://app.notion.com/p/Food-1de52a1550c1808585f7c8d0cbbab341?pvs=21),General (https://app.notion.com/p/General-1fe52a1550c180d89a84f6b6694a42f5?pvs=21),15893
2025/03/22,這味泰泰,,NT$247.00,Food (https://app.notion.com/p/Food-1de52a1550c1808585f7c8d0cbbab341?pvs=21),General (https://app.notion.com/p/General-1fe52a1550c180d89a84f6b6694a42f5?pvs=21),15893
2025/03/22,丸龜製麵,,NT$141.00,Food (https://app.notion.com/p/Food-1de52a1550c1808585f7c8d0cbbab341?pvs=21),General (https://app.notion.com/p/General-1fe52a1550c180d89a84f6b6694a42f5?pvs=21),15893
2025/03/21,7-11,,NT$84.00,Food (https://app.notion.com/p/Food-1de52a1550c1808585f7c8d0cbbab341?pvs=21),General (https://app.notion.com/p/General-1fe52a1550c180d89a84f6b6694a42f5?pvs=21),16475
2025/03/21,全聯,,NT$144.00,Food (https://app.notion.com/p/Food-1de52a1550c1808585f7c8d0cbbab341?pvs=21),General (https://app.notion.com/p/General-1fe52a1550c180d89a84f6b6694a42f5?pvs=21),16475
2025/03/21,全聯,,NT$98.00,Food (https://app.notion.com/p/Food-1de52a1550c1808585f7c8d0cbbab341?pvs=21),General (https://app.notion.com/p/General-1fe52a1550c180d89a84f6b6694a42f5?pvs=21),16475
2025/03/20,全聯,,NT$322.00,Food (https://app.notion.com/p/Food-1de52a1550c1808585f7c8d0cbbab341?pvs=21),General (https://app.notion.com/p/General-1fe52a1550c180d89a84f6b6694a42f5?pvs=21),16801
2025/03/19,Costco,,NT$248.00,Food (https://app.notion.com/p/Food-1de52a1550c1808585f7c8d0cbbab341?pvs=21),General (https://app.notion.com/p/General-1fe52a1550c180d89a84f6b6694a42f5?pvs=21),17123
2025/03/19,Costco,,NT$265.00,Food (https://app.notion.com/p/Food-1de52a1550c1808585f7c8d0cbbab341?pvs=21),General (https://app.notion.com/p/General-1fe52a1550c180d89a84f6b6694a42f5?pvs=21),17123
2025/03/19,Costco,,NT$854.00,Health (https://app.notion.com/p/Health-1de52a1550c180948ad5c45ef59a5bb8?pvs=21),Dream (https://app.notion.com/p/Dream-1de52a1550c180a4bc6eee5e921cbc2d?pvs=21),-42659
2025/03/18,全聯,,NT$158.00,Food (https://app.notion.com/p/Food-1de52a1550c1808585f7c8d0cbbab341?pvs=21),General (https://app.notion.com/p/General-1fe52a1550c180d89a84f6b6694a42f5?pvs=21),17636
2025/03/18,加油費,,NT$150.00,Traffic (https://app.notion.com/p/Traffic-1de52a1550c1807b8ff6e40f804e1127?pvs=21),General (https://app.notion.com/p/General-1fe52a1550c180d89a84f6b6694a42f5?pvs=21),17636
2025/03/16,日豪客運,桃機新竹,NT$155.00,Traffic (https://app.notion.com/p/Traffic-1de52a1550c1807b8ff6e40f804e1127?pvs=21),General (https://app.notion.com/p/General-1fe52a1550c180d89a84f6b6694a42f5?pvs=21),17944
2025/03/16,香港之旅,,"NT$10,000.00",Travel (https://app.notion.com/p/Travel-1de52a1550c18102a04df0c968556b0b?pvs=21),Dream (https://app.notion.com/p/Dream-1de52a1550c180a4bc6eee5e921cbc2d?pvs=21),-41805
2025/03/15,中華電信手機費,,NT$260.00,Fun (https://app.notion.com/p/Fun-1de52a1550c180f197e2ff3116ec3fa2?pvs=21),General (https://app.notion.com/p/General-1fe52a1550c180d89a84f6b6694a42f5?pvs=21),18099
2025/03/15,星巴克,,NT$398.00,Food (https://app.notion.com/p/Food-1de52a1550c1808585f7c8d0cbbab341?pvs=21),Dream (https://app.notion.com/p/Dream-1de52a1550c180a4bc6eee5e921cbc2d?pvs=21),-31805
2025/03/15,中華電信網路費,,NT$848.00,Fun (https://app.notion.com/p/Fun-1de52a1550c180f197e2ff3116ec3fa2?pvs=21),General (https://app.notion.com/p/General-1fe52a1550c180d89a84f6b6694a42f5?pvs=21),18099
2025/03/14,Shake Shack,,NT$660.00,Travel (https://app.notion.com/p/Travel-1de52a1550c18102a04df0c968556b0b?pvs=21),Dream (https://app.notion.com/p/Dream-1de52a1550c180a4bc6eee5e921cbc2d?pvs=21),-31407
2025/03/12,日豪客運,新竹桃機,NT$155.00,Traffic (https://app.notion.com/p/Traffic-1de52a1550c1807b8ff6e40f804e1127?pvs=21),Dream (https://app.notion.com/p/Dream-1de52a1550c180a4bc6eee5e921cbc2d?pvs=21),-30747
2025/03/12,漢堡王,,NT$220.00,Food (https://app.notion.com/p/Food-1de52a1550c1808585f7c8d0cbbab341?pvs=21),General (https://app.notion.com/p/General-1fe52a1550c180d89a84f6b6694a42f5?pvs=21),19207
2025/03/11,肯德基,,NT$535.00,Food (https://app.notion.com/p/Food-1de52a1550c1808585f7c8d0cbbab341?pvs=21),General (https://app.notion.com/p/General-1fe52a1550c180d89a84f6b6694a42f5?pvs=21),19427
2025/03/09,台鐵,花蓮台北,NT$440.00,Traffic (https://app.notion.com/p/Traffic-1de52a1550c1807b8ff6e40f804e1127?pvs=21),Dream (https://app.notion.com/p/Dream-1de52a1550c180a4bc6eee5e921cbc2d?pvs=21),-30592
2025/03/09,7-11,咖啡,NT$39.00,Food (https://app.notion.com/p/Food-1de52a1550c1808585f7c8d0cbbab341?pvs=21),General (https://app.notion.com/p/General-1fe52a1550c180d89a84f6b6694a42f5?pvs=21),19962
2025/03/09,豪泰客運,台北新竹,NT$160.00,Traffic (https://app.notion.com/p/Traffic-1de52a1550c1807b8ff6e40f804e1127?pvs=21),Dream (https://app.notion.com/p/Dream-1de52a1550c180a4bc6eee5e921cbc2d?pvs=21),-30592
2025/03/09,韓姜熙小廚房,,NT$367.00,Food (https://app.notion.com/p/Food-1de52a1550c1808585f7c8d0cbbab341?pvs=21),General (https://app.notion.com/p/General-1fe52a1550c180d89a84f6b6694a42f5?pvs=21),19962
2025/03/09,萌窩窩,小乖住宿,"NT$2,450.00",Travel (https://app.notion.com/p/Travel-1de52a1550c18102a04df0c968556b0b?pvs=21),Dream (https://app.notion.com/p/Dream-1de52a1550c180a4bc6eee5e921cbc2d?pvs=21),-30592
2025/03/09,KKday,中港澳esim,NT$275.00,Travel (https://app.notion.com/p/Travel-1de52a1550c18102a04df0c968556b0b?pvs=21),Dream (https://app.notion.com/p/Dream-1de52a1550c180a4bc6eee5e921cbc2d?pvs=21),-30592
2025/03/09,曾記麻糬,,NT$350.00,Food (https://app.notion.com/p/Food-1de52a1550c1808585f7c8d0cbbab341?pvs=21),General (https://app.notion.com/p/General-1fe52a1550c180d89a84f6b6694a42f5?pvs=21),19962
2025/03/07,台鐵,新竹花蓮,NT$618.00,Traffic (https://app.notion.com/p/Traffic-1de52a1550c1807b8ff6e40f804e1127?pvs=21),Dream (https://app.notion.com/p/Dream-1de52a1550c180a4bc6eee5e921cbc2d?pvs=21),-27267
2025/03/05,全聯,,NT$284.00,Food (https://app.notion.com/p/Food-1de52a1550c1808585f7c8d0cbbab341?pvs=21),General (https://app.notion.com/p/General-1fe52a1550c180d89a84f6b6694a42f5?pvs=21),20718
2025/03/04,東門雞肉飯,,NT$360.00,Food (https://app.notion.com/p/Food-1de52a1550c1808585f7c8d0cbbab341?pvs=21),General (https://app.notion.com/p/General-1fe52a1550c180d89a84f6b6694a42f5?pvs=21),21002
2025/03/04,50嵐,,NT$50.00,Food (https://app.notion.com/p/Food-1de52a1550c1808585f7c8d0cbbab341?pvs=21),General (https://app.notion.com/p/General-1fe52a1550c180d89a84f6b6694a42f5?pvs=21),21002
2025/03/04,加油費,,"NT$1,359.00",Traffic (https://app.notion.com/p/Traffic-1de52a1550c1807b8ff6e40f804e1127?pvs=21),Dream (https://app.notion.com/p/Dream-1de52a1550c180a4bc6eee5e921cbc2d?pvs=21),-26649
2025/03/04,ETC,,"NT$2,000.00",Traffic (https://app.notion.com/p/Traffic-1de52a1550c1807b8ff6e40f804e1127?pvs=21),Dream (https://app.notion.com/p/Dream-1de52a1550c180a4bc6eee5e921cbc2d?pvs=21),-26649
2025/03/04,Spotify月費,,NT$202.00,Fun (https://app.notion.com/p/Fun-1de52a1550c180f197e2ff3116ec3fa2?pvs=21),General (https://app.notion.com/p/General-1fe52a1550c180d89a84f6b6694a42f5?pvs=21),21002
2025/03/03,全聯,,NT$230.00,Food (https://app.notion.com/p/Food-1de52a1550c1808585f7c8d0cbbab341?pvs=21),General (https://app.notion.com/p/General-1fe52a1550c180d89a84f6b6694a42f5?pvs=21),21614
2025/03/01,匯給媽,"
","NT$6,000.00",Family (https://app.notion.com/p/Family-1de52a1550c181faa107fcc0a73d8120?pvs=21),Fixed (https://app.notion.com/p/Fixed-1de52a1550c180f19995d25cbc6f1038?pvs=21),32553
2025/03/01,健保費,"
","NT$1,036.00",Insurance (https://app.notion.com/p/Insurance-1de52a1550c181f09d1dfb6d85985a86?pvs=21),Fixed (https://app.notion.com/p/Fixed-1de52a1550c180f19995d25cbc6f1038?pvs=21),32553
2025/03/01,2024汽車停車位,,"NT$2,500.00",Traffic (https://app.notion.com/p/Traffic-1de52a1550c1807b8ff6e40f804e1127?pvs=21),Fixed (https://app.notion.com/p/Fixed-1de52a1550c180f19995d25cbc6f1038?pvs=21),32553
2025/03/01,勞保費,"
","NT$1,145.00",Insurance (https://app.notion.com/p/Insurance-1de52a1550c181f09d1dfb6d85985a86?pvs=21),Fixed (https://app.notion.com/p/Fixed-1de52a1550c180f19995d25cbc6f1038?pvs=21),32553
2025/03/01,房租,,"NT$7,250.00",Groceries (https://app.notion.com/p/Groceries-1de52a1550c180c6be6cdfaeb95cee9a?pvs=21),Fixed (https://app.notion.com/p/Fixed-1de52a1550c180f19995d25cbc6f1038?pvs=21),32553
2025/03/01,Costco,,"NT$1,239.00",Clothes (https://app.notion.com/p/Clothes-1de52a1550c181c098ebee3f08c04f38?pvs=21),Dream (https://app.notion.com/p/Dream-1de52a1550c180a4bc6eee5e921cbc2d?pvs=21),-23714
2025/03/01,Costco,,"NT$1,995.00",Food (https://app.notion.com/p/Food-1de52a1550c1808585f7c8d0cbbab341?pvs=21),General (https://app.notion.com/p/General-1fe52a1550c180d89a84f6b6694a42f5?pvs=21),18745
2025/03/01,Costco,,"NT$1,048.00",Health (https://app.notion.com/p/Health-1de52a1550c180948ad5c45ef59a5bb8?pvs=21),Dream (https://app.notion.com/p/Dream-1de52a1550c180a4bc6eee5e921cbc2d?pvs=21),-23714
2025/02/28,璽子牛肉麵,,"NT$1,635.00",Food (https://app.notion.com/p/Food-1de52a1550c1808585f7c8d0cbbab341?pvs=21),General (https://app.notion.com/p/General-1fe52a1550c180d89a84f6b6694a42f5?pvs=21),7726
2025/02/28,50嵐,,NT$130.00,Food (https://app.notion.com/p/Food-1de52a1550c1808585f7c8d0cbbab341?pvs=21),General (https://app.notion.com/p/General-1fe52a1550c180d89a84f6b6694a42f5?pvs=21),7726
2025/02/27,全聯,,NT$103.00,Food (https://app.notion.com/p/Food-1de52a1550c1808585f7c8d0cbbab341?pvs=21),General (https://app.notion.com/p/General-1fe52a1550c180d89a84f6b6694a42f5?pvs=21),9491
2025/02/26,加油費,,NT$159.00,Traffic (https://app.notion.com/p/Traffic-1de52a1550c1807b8ff6e40f804e1127?pvs=21),General (https://app.notion.com/p/General-1fe52a1550c180d89a84f6b6694a42f5?pvs=21),9594
2025/02/26,全聯,,NT$370.00,Food (https://app.notion.com/p/Food-1de52a1550c1808585f7c8d0cbbab341?pvs=21),General (https://app.notion.com/p/General-1fe52a1550c180d89a84f6b6694a42f5?pvs=21),9594
2025/02/26,7-11,,NT$100.00,Food (https://app.notion.com/p/Food-1de52a1550c1808585f7c8d0cbbab341?pvs=21),General (https://app.notion.com/p/General-1fe52a1550c180d89a84f6b6694a42f5?pvs=21),9594
2025/02/26,電費,,"NT$1,329.00",Groceries (https://app.notion.com/p/Groceries-1de52a1550c180c6be6cdfaeb95cee9a?pvs=21),General (https://app.notion.com/p/General-1fe52a1550c180d89a84f6b6694a42f5?pvs=21),9594
2025/02/26,水費,,NT$238.00,Groceries (https://app.notion.com/p/Groceries-1de52a1550c180c6be6cdfaeb95cee9a?pvs=21),General (https://app.notion.com/p/General-1fe52a1550c180d89a84f6b6694a42f5?pvs=21),9594
2025/02/26,延平大飯店,,NT$510.00,Food (https://app.notion.com/p/Food-1de52a1550c1808585f7c8d0cbbab341?pvs=21),General (https://app.notion.com/p/General-1fe52a1550c180d89a84f6b6694a42f5?pvs=21),9594
2025/02/24,麥當勞,,NT$487.00,Food (https://app.notion.com/p/Food-1de52a1550c1808585f7c8d0cbbab341?pvs=21),General (https://app.notion.com/p/General-1fe52a1550c180d89a84f6b6694a42f5?pvs=21),12300
2025/02/22,鼎泰豐,,"NT$1,919.00",Food (https://app.notion.com/p/Food-1de52a1550c1808585f7c8d0cbbab341?pvs=21),Couple's (https://app.notion.com/p/Couple-s-1de52a1550c181d39de7eebc343b38cd?pvs=21),-1451
2025/02/21,Uniqlo,,"NT$1,180.00",Clothes (https://app.notion.com/p/Clothes-1de52a1550c181c098ebee3f08c04f38?pvs=21),Dream (https://app.notion.com/p/Dream-1de52a1550c180a4bc6eee5e921cbc2d?pvs=21),-28718
2025/02/21,東京純豆腐,,"NT$1,005.00",Food (https://app.notion.com/p/Food-1de52a1550c1808585f7c8d0cbbab341?pvs=21),Couple's (https://app.notion.com/p/Couple-s-1de52a1550c181d39de7eebc343b38cd?pvs=21),468
2025/02/21,7-11,,NT$85.00,Food (https://app.notion.com/p/Food-1de52a1550c1808585f7c8d0cbbab341?pvs=21),General (https://app.notion.com/p/General-1fe52a1550c180d89a84f6b6694a42f5?pvs=21),12787
2025/02/21,無印良品,,NT$538.00,Groceries (https://app.notion.com/p/Groceries-1de52a1550c180c6be6cdfaeb95cee9a?pvs=21),Dream (https://app.notion.com/p/Dream-1de52a1550c180a4bc6eee5e921cbc2d?pvs=21),-28718
2025/02/20,全聯,,NT$234.00,Food (https://app.notion.com/p/Food-1de52a1550c1808585f7c8d0cbbab341?pvs=21),General (https://app.notion.com/p/General-1fe52a1550c180d89a84f6b6694a42f5?pvs=21),12872
2025/02/18,東門雞肉飯,,NT$365.00,Food (https://app.notion.com/p/Food-1de52a1550c1808585f7c8d0cbbab341?pvs=21),General (https://app.notion.com/p/General-1fe52a1550c180d89a84f6b6694a42f5?pvs=21),13106
2025/02/18,城門芙蓉蛋塔,,NT$110.00,Food (https://app.notion.com/p/Food-1de52a1550c1808585f7c8d0cbbab341?pvs=21),General (https://app.notion.com/p/General-1fe52a1550c180d89a84f6b6694a42f5?pvs=21),13106
2025/02/17,全聯,,NT$491.00,Food (https://app.notion.com/p/Food-1de52a1550c1808585f7c8d0cbbab341?pvs=21),General (https://app.notion.com/p/General-1fe52a1550c180d89a84f6b6694a42f5?pvs=21),13581
2025/02/16,動物園市集,,NT$110.00,Food (https://app.notion.com/p/Food-1de52a1550c1808585f7c8d0cbbab341?pvs=21),General (https://app.notion.com/p/General-1fe52a1550c180d89a84f6b6694a42f5?pvs=21),14072
2025/02/16,動物園市集,,NT$160.00,Food (https://app.notion.com/p/Food-1de52a1550c1808585f7c8d0cbbab341?pvs=21),General (https://app.notion.com/p/General-1fe52a1550c180d89a84f6b6694a42f5?pvs=21),14072
2025/02/16,曾家乾麵,,NT$140.00,Food (https://app.notion.com/p/Food-1de52a1550c1808585f7c8d0cbbab341?pvs=21),General (https://app.notion.com/p/General-1fe52a1550c180d89a84f6b6694a42f5?pvs=21),14072
2025/02/16,動物園市集,,NT$250.00,Food (https://app.notion.com/p/Food-1de52a1550c1808585f7c8d0cbbab341?pvs=21),General (https://app.notion.com/p/General-1fe52a1550c180d89a84f6b6694a42f5?pvs=21),14072
2025/02/15,中華電信手機費,,NT$0.00,Fun (https://app.notion.com/p/Fun-1de52a1550c180f197e2ff3116ec3fa2?pvs=21),General (https://app.notion.com/p/General-1fe52a1550c180d89a84f6b6694a42f5?pvs=21),14732
2025/02/15,大埔鐵板燒,,NT$555.00,Food (https://app.notion.com/p/Food-1de52a1550c1808585f7c8d0cbbab341?pvs=21),General (https://app.notion.com/p/General-1fe52a1550c180d89a84f6b6694a42f5?pvs=21),14732
2025/02/15,CoCo,,NT$45.00,Food (https://app.notion.com/p/Food-1de52a1550c1808585f7c8d0cbbab341?pvs=21),General (https://app.notion.com/p/General-1fe52a1550c180d89a84f6b6694a42f5?pvs=21),14732
2025/02/15,中華電信網路費,,NT$848.00,Fun (https://app.notion.com/p/Fun-1de52a1550c180f197e2ff3116ec3fa2?pvs=21),General (https://app.notion.com/p/General-1fe52a1550c180d89a84f6b6694a42f5?pvs=21),14732
2025/02/15,城隍廟,麻糬,NT$60.00,Food (https://app.notion.com/p/Food-1de52a1550c1808585f7c8d0cbbab341?pvs=21),General (https://app.notion.com/p/General-1fe52a1550c180d89a84f6b6694a42f5?pvs=21),14732
2025/02/14,文來洞,,NT$773.00,Food (https://app.notion.com/p/Food-1de52a1550c1808585f7c8d0cbbab341?pvs=21),General (https://app.notion.com/p/General-1fe52a1550c180d89a84f6b6694a42f5?pvs=21),16240
2025/02/13,麥當勞,,NT$452.00,Food (https://app.notion.com/p/Food-1de52a1550c1808585f7c8d0cbbab341?pvs=21),General (https://app.notion.com/p/General-1fe52a1550c180d89a84f6b6694a42f5?pvs=21),17013
2025/02/12,國泰航空,台北香港來回,"NT$6,814.00",Travel (https://app.notion.com/p/Travel-1de52a1550c18102a04df0c968556b0b?pvs=21),Dream (https://app.notion.com/p/Dream-1de52a1550c180a4bc6eee5e921cbc2d?pvs=21),-27000
2025/02/11,Costco,OxiClean,NT$499.00,Groceries (https://app.notion.com/p/Groceries-1de52a1550c180c6be6cdfaeb95cee9a?pvs=21),Dream (https://app.notion.com/p/Dream-1de52a1550c180a4bc6eee5e921cbc2d?pvs=21),-20186
2025/02/11,長汎Travel,台胞證*2,"NT$3,400.00",Travel (https://app.notion.com/p/Travel-1de52a1550c18102a04df0c968556b0b?pvs=21),Dream (https://app.notion.com/p/Dream-1de52a1550c180a4bc6eee5e921cbc2d?pvs=21),-20186
2025/02/11,東門雞肉飯,,NT$390.00,Food (https://app.notion.com/p/Food-1de52a1550c1808585f7c8d0cbbab341?pvs=21),General (https://app.notion.com/p/General-1fe52a1550c180d89a84f6b6694a42f5?pvs=21),17465
2025/02/11,Costco,,"NT$1,186.00",Food (https://app.notion.com/p/Food-1de52a1550c1808585f7c8d0cbbab341?pvs=21),General (https://app.notion.com/p/General-1fe52a1550c180d89a84f6b6694a42f5?pvs=21),17465
2025/02/10,7-11,,NT$90.00,Food (https://app.notion.com/p/Food-1de52a1550c1808585f7c8d0cbbab341?pvs=21),General (https://app.notion.com/p/General-1fe52a1550c180d89a84f6b6694a42f5?pvs=21),19041
2025/02/10,加油費,,NT$160.00,Traffic (https://app.notion.com/p/Traffic-1de52a1550c1807b8ff6e40f804e1127?pvs=21),General (https://app.notion.com/p/General-1fe52a1550c180d89a84f6b6694a42f5?pvs=21),19041
2025/02/09,四海遊龍,,NT$309.00,Food (https://app.notion.com/p/Food-1de52a1550c1808585f7c8d0cbbab341?pvs=21),General (https://app.notion.com/p/General-1fe52a1550c180d89a84f6b6694a42f5?pvs=21),19291
2025/02/08,全聯,,NT$499.00,Food (https://app.notion.com/p/Food-1de52a1550c1808585f7c8d0cbbab341?pvs=21),General (https://app.notion.com/p/General-1fe52a1550c180d89a84f6b6694a42f5?pvs=21),19600
2025/02/07,小販部,,NT$50.00,Food (https://app.notion.com/p/Food-1de52a1550c1808585f7c8d0cbbab341?pvs=21),General (https://app.notion.com/p/General-1fe52a1550c180d89a84f6b6694a42f5?pvs=21),20099
2025/02/06,全聯,,NT$452.00,Food (https://app.notion.com/p/Food-1de52a1550c1808585f7c8d0cbbab341?pvs=21),General (https://app.notion.com/p/General-1fe52a1550c180d89a84f6b6694a42f5?pvs=21),20149
2025/02/04,Spotify月費,,NT$202.00,Fun (https://app.notion.com/p/Fun-1de52a1550c180f197e2ff3116ec3fa2?pvs=21),General (https://app.notion.com/p/General-1fe52a1550c180d89a84f6b6694a42f5?pvs=21),20601
2025/02/04,7-11,,NT$75.00,Food (https://app.notion.com/p/Food-1de52a1550c1808585f7c8d0cbbab341?pvs=21),General (https://app.notion.com/p/General-1fe52a1550c180d89a84f6b6694a42f5?pvs=21),20601
2025/02/04,五鮮級,,NT$910.00,Food (https://app.notion.com/p/Food-1de52a1550c1808585f7c8d0cbbab341?pvs=21),General (https://app.notion.com/p/General-1fe52a1550c180d89a84f6b6694a42f5?pvs=21),20601
2025/02/02,吃肉肉,,"NT$2,570.00",Food (https://app.notion.com/p/Food-1de52a1550c1808585f7c8d0cbbab341?pvs=21),Couple's (https://app.notion.com/p/Couple-s-1de52a1550c181d39de7eebc343b38cd?pvs=21),-527
2025/02/02,停車費,,NT$100.00,Traffic (https://app.notion.com/p/Traffic-1de52a1550c1807b8ff6e40f804e1127?pvs=21),Dream (https://app.notion.com/p/Dream-1de52a1550c180a4bc6eee5e921cbc2d?pvs=21),-16711
2025/02/02,IKEA,,NT$619.00,Groceries (https://app.notion.com/p/Groceries-1de52a1550c180c6be6cdfaeb95cee9a?pvs=21),Dream (https://app.notion.com/p/Dream-1de52a1550c180a4bc6eee5e921cbc2d?pvs=21),-16711
2025/02/02,五金行,,NT$243.00,Groceries (https://app.notion.com/p/Groceries-1de52a1550c180c6be6cdfaeb95cee9a?pvs=21),Dream (https://app.notion.com/p/Dream-1de52a1550c180a4bc6eee5e921cbc2d?pvs=21),-16711
2025/02/02,Costco,,"NT$5,525.00",Groceries (https://app.notion.com/p/Groceries-1de52a1550c180c6be6cdfaeb95cee9a?pvs=21),Dream (https://app.notion.com/p/Dream-1de52a1550c180a4bc6eee5e921cbc2d?pvs=21),-16711
2025/02/02,Costco,,NT$299.00,Food (https://app.notion.com/p/Food-1de52a1550c1808585f7c8d0cbbab341?pvs=21),General (https://app.notion.com/p/General-1fe52a1550c180d89a84f6b6694a42f5?pvs=21),18689
2025/02/02,輕鬆美膚,,"NT$2,826.00",Cosmetics (https://app.notion.com/p/Cosmetics-1de52a1550c181cb93fdfe1a610bf352?pvs=21),Dream (https://app.notion.com/p/Dream-1de52a1550c180a4bc6eee5e921cbc2d?pvs=21),-16711
2025/02/01,匯給媽,"
","NT$6,000.00",Family (https://app.notion.com/p/Family-1de52a1550c181faa107fcc0a73d8120?pvs=21),Fixed (https://app.notion.com/p/Fixed-1de52a1550c180f19995d25cbc6f1038?pvs=21),29011
2025/02/01,健保費,"
","NT$1,036.00",Insurance (https://app.notion.com/p/Insurance-1de52a1550c181f09d1dfb6d85985a86?pvs=21),Fixed (https://app.notion.com/p/Fixed-1de52a1550c180f19995d25cbc6f1038?pvs=21),29011
2025/02/01,2024汽車停車位,,"NT$2,500.00",Traffic (https://app.notion.com/p/Traffic-1de52a1550c1807b8ff6e40f804e1127?pvs=21),Fixed (https://app.notion.com/p/Fixed-1de52a1550c180f19995d25cbc6f1038?pvs=21),29011
2025/02/01,勞保費,"
","NT$1,145.00",Insurance (https://app.notion.com/p/Insurance-1de52a1550c181f09d1dfb6d85985a86?pvs=21),Fixed (https://app.notion.com/p/Fixed-1de52a1550c180f19995d25cbc6f1038?pvs=21),29011
2025/02/01,房租,,"NT$7,250.00",Groceries (https://app.notion.com/p/Groceries-1de52a1550c180c6be6cdfaeb95cee9a?pvs=21),Fixed (https://app.notion.com/p/Fixed-1de52a1550c180f19995d25cbc6f1038?pvs=21),29011
2025/02/01,ETC,,NT$206.00,Traffic (https://app.notion.com/p/Traffic-1de52a1550c1807b8ff6e40f804e1127?pvs=21),Dream (https://app.notion.com/p/Dream-1de52a1550c180a4bc6eee5e921cbc2d?pvs=21),-9098
2025/01/31,圓仔惠,,NT$130.00,Food (https://app.notion.com/p/Food-1de52a1550c1808585f7c8d0cbbab341?pvs=21),General (https://app.notion.com/p/General-1fe52a1550c180d89a84f6b6694a42f5?pvs=21),5974
2025/01/31,廣仔虱目魚,,NT$305.00,Food (https://app.notion.com/p/Food-1de52a1550c1808585f7c8d0cbbab341?pvs=21),General (https://app.notion.com/p/General-1fe52a1550c180d89a84f6b6694a42f5?pvs=21),5974
2025/01/31,阿鴻臭豆腐,,NT$60.00,Food (https://app.notion.com/p/Food-1de52a1550c1808585f7c8d0cbbab341?pvs=21),General (https://app.notion.com/p/General-1fe52a1550c180d89a84f6b6694a42f5?pvs=21),5974
2025/01/31,加油費,,"NT$1,571.00",Traffic (https://app.notion.com/p/Traffic-1de52a1550c1807b8ff6e40f804e1127?pvs=21),Dream (https://app.notion.com/p/Dream-1de52a1550c180a4bc6eee5e921cbc2d?pvs=21),-15399
2025/01/31,彩卷行,,NT$400.00,Fun (https://app.notion.com/p/Fun-1de52a1550c180f197e2ff3116ec3fa2?pvs=21),Dream (https://app.notion.com/p/Dream-1de52a1550c180a4bc6eee5e921cbc2d?pvs=21),-15399
2025/01/31,紅太陽,,NT$140.00,Food (https://app.notion.com/p/Food-1de52a1550c1808585f7c8d0cbbab341?pvs=21),General (https://app.notion.com/p/General-1fe52a1550c180d89a84f6b6694a42f5?pvs=21),5974
2025/01/29,茶森林,,NT$155.00,Food (https://app.notion.com/p/Food-1de52a1550c1808585f7c8d0cbbab341?pvs=21),General (https://app.notion.com/p/General-1fe52a1550c180d89a84f6b6694a42f5?pvs=21),6609
2025/01/29,加油費,,"NT$1,274.00",Traffic (https://app.notion.com/p/Traffic-1de52a1550c1807b8ff6e40f804e1127?pvs=21),Dream (https://app.notion.com/p/Dream-1de52a1550c180a4bc6eee5e921cbc2d?pvs=21),-13428
2025/01/29,邱記滷味,,NT$135.00,Food (https://app.notion.com/p/Food-1de52a1550c1808585f7c8d0cbbab341?pvs=21),General (https://app.notion.com/p/General-1fe52a1550c180d89a84f6b6694a42f5?pvs=21),6609
2025/01/29,小上海,,NT$180.00,Food (https://app.notion.com/p/Food-1de52a1550c1808585f7c8d0cbbab341?pvs=21),General (https://app.notion.com/p/General-1fe52a1550c180d89a84f6b6694a42f5?pvs=21),6609
2025/01/29,Steam,,NT$594.00,Fun (https://app.notion.com/p/Fun-1de52a1550c180f197e2ff3116ec3fa2?pvs=21),Dream (https://app.notion.com/p/Dream-1de52a1550c180a4bc6eee5e921cbc2d?pvs=21),-13428
2025/01/29,7-11,,NT$89.00,Food (https://app.notion.com/p/Food-1de52a1550c1808585f7c8d0cbbab341?pvs=21),General (https://app.notion.com/p/General-1fe52a1550c180d89a84f6b6694a42f5?pvs=21),6609
2025/01/28,紅包,爸,"NT$1,000.00",Family (https://app.notion.com/p/Family-1de52a1550c181faa107fcc0a73d8120?pvs=21),Dream (https://app.notion.com/p/Dream-1de52a1550c180a4bc6eee5e921cbc2d?pvs=21),-13210
2025/01/28,紅包,媽,"NT$3,000.00",Family (https://app.notion.com/p/Family-1de52a1550c181faa107fcc0a73d8120?pvs=21),Dream (https://app.notion.com/p/Dream-1de52a1550c180a4bc6eee5e921cbc2d?pvs=21),-13210
2025/01/28,紅包,阿嬤,"NT$1,000.00",Family (https://app.notion.com/p/Family-1de52a1550c181faa107fcc0a73d8120?pvs=21),Dream (https://app.notion.com/p/Dream-1de52a1550c180a4bc6eee5e921cbc2d?pvs=21),-13210
2025/01/28,紅包,哥,"NT$3,000.00",Family (https://app.notion.com/p/Family-1de52a1550c181faa107fcc0a73d8120?pvs=21),Dream (https://app.notion.com/p/Dream-1de52a1550c180a4bc6eee5e921cbc2d?pvs=21),-13210
2025/01/26,過年Fun,,NT$650.00,Fun (https://app.notion.com/p/Fun-1de52a1550c180f197e2ff3116ec3fa2?pvs=21),Dream (https://app.notion.com/p/Dream-1de52a1550c180a4bc6eee5e921cbc2d?pvs=21),-6210
2025/01/25,好早食,,NT$185.00,Food (https://app.notion.com/p/Food-1de52a1550c1808585f7c8d0cbbab341?pvs=21),General (https://app.notion.com/p/General-1fe52a1550c180d89a84f6b6694a42f5?pvs=21),7168
2025/01/25,停車費,,NT$20.00,Traffic (https://app.notion.com/p/Traffic-1de52a1550c1807b8ff6e40f804e1127?pvs=21),Dream (https://app.notion.com/p/Dream-1de52a1550c180a4bc6eee5e921cbc2d?pvs=21),-10742
2025/01/25,ETC,,NT$110.00,Traffic (https://app.notion.com/p/Traffic-1de52a1550c1807b8ff6e40f804e1127?pvs=21),Dream (https://app.notion.com/p/Dream-1de52a1550c180a4bc6eee5e921cbc2d?pvs=21),-10742
2025/01/25,停車費,,NT$10.00,Traffic (https://app.notion.com/p/Traffic-1de52a1550c1807b8ff6e40f804e1127?pvs=21),General (https://app.notion.com/p/General-1fe52a1550c180d89a84f6b6694a42f5?pvs=21),7168
2025/01/25,中一豆花,,NT$45.00,Food (https://app.notion.com/p/Food-1de52a1550c1808585f7c8d0cbbab341?pvs=21),General (https://app.notion.com/p/General-1fe52a1550c180d89a84f6b6694a42f5?pvs=21),7168
2025/01/25,炸蛋蔥油餅,,NT$90.00,Food (https://app.notion.com/p/Food-1de52a1550c1808585f7c8d0cbbab341?pvs=21),General (https://app.notion.com/p/General-1fe52a1550c180d89a84f6b6694a42f5?pvs=21),7168
2025/01/24,驗車,,NT$450.00,Traffic (https://app.notion.com/p/Traffic-1de52a1550c1807b8ff6e40f804e1127?pvs=21),Dream (https://app.notion.com/p/Dream-1de52a1550c180a4bc6eee5e921cbc2d?pvs=21),-10612
2025/01/24,Insurance,,"NT$8,330.00",Traffic (https://app.notion.com/p/Traffic-1de52a1550c1807b8ff6e40f804e1127?pvs=21),Dream (https://app.notion.com/p/Dream-1de52a1550c180a4bc6eee5e921cbc2d?pvs=21),-10612
2025/01/24,達盛興汽車,基本保養+電瓶,"NT$6,000.00",Traffic (https://app.notion.com/p/Traffic-1de52a1550c1807b8ff6e40f804e1127?pvs=21),Dream (https://app.notion.com/p/Dream-1de52a1550c180a4bc6eee5e921cbc2d?pvs=21),-10612
2025/01/24,城隍廟,燒賣,NT$150.00,Food (https://app.notion.com/p/Food-1de52a1550c1808585f7c8d0cbbab341?pvs=21),General (https://app.notion.com/p/General-1fe52a1550c180d89a84f6b6694a42f5?pvs=21),7498
2025/01/24,城隍廟,油飯,NT$150.00,Food (https://app.notion.com/p/Food-1de52a1550c1808585f7c8d0cbbab341?pvs=21),General (https://app.notion.com/p/General-1fe52a1550c180d89a84f6b6694a42f5?pvs=21),7498
2025/01/24,全聯,,NT$120.00,Food (https://app.notion.com/p/Food-1de52a1550c1808585f7c8d0cbbab341?pvs=21),General (https://app.notion.com/p/General-1fe52a1550c180d89a84f6b6694a42f5?pvs=21),7498
2025/01/24,玉蘭,,NT$110.00,Food (https://app.notion.com/p/Food-1de52a1550c1808585f7c8d0cbbab341?pvs=21),General (https://app.notion.com/p/General-1fe52a1550c180d89a84f6b6694a42f5?pvs=21),7498
2025/01/24,小鵲幸,,NT$66.00,Food (https://app.notion.com/p/Food-1de52a1550c1808585f7c8d0cbbab341?pvs=21),General (https://app.notion.com/p/General-1fe52a1550c180d89a84f6b6694a42f5?pvs=21),7498
2025/01/23,Costco,,"NT$2,863.00",Groceries (https://app.notion.com/p/Groceries-1de52a1550c180c6be6cdfaeb95cee9a?pvs=21),Dream (https://app.notion.com/p/Dream-1de52a1550c180a4bc6eee5e921cbc2d?pvs=21),-47568
2025/01/23,麥當勞,,NT$476.00,Food (https://app.notion.com/p/Food-1de52a1550c1808585f7c8d0cbbab341?pvs=21),General (https://app.notion.com/p/General-1fe52a1550c180d89a84f6b6694a42f5?pvs=21),8094
2025/01/22,全聯,,NT$107.00,Food (https://app.notion.com/p/Food-1de52a1550c1808585f7c8d0cbbab341?pvs=21),General (https://app.notion.com/p/General-1fe52a1550c180d89a84f6b6694a42f5?pvs=21),8570
2025/01/22,Panasonic,Es-pv3a刮鬍刀,"NT$7,394.00",Cosmetics (https://app.notion.com/p/Cosmetics-1de52a1550c181cb93fdfe1a610bf352?pvs=21),Dream (https://app.notion.com/p/Dream-1de52a1550c180a4bc6eee5e921cbc2d?pvs=21),-39523
2025/01/22,Melvita,玫瑰噴霧化妝水,NT$290.00,Cosmetics (https://app.notion.com/p/Cosmetics-1de52a1550c181cb93fdfe1a610bf352?pvs=21),Dream (https://app.notion.com/p/Dream-1de52a1550c180a4bc6eee5e921cbc2d?pvs=21),-39523
2025/01/22,Prime camp,多功能露營充氣幫浦,NT$560.00,Groceries (https://app.notion.com/p/Groceries-1de52a1550c180c6be6cdfaeb95cee9a?pvs=21),Dream (https://app.notion.com/p/Dream-1de52a1550c180a4bc6eee5e921cbc2d?pvs=21),-39523
2025/01/21,腰果花砧板原食料理,,NT$574.00,Food (https://app.notion.com/p/Food-1de52a1550c1808585f7c8d0cbbab341?pvs=21),General (https://app.notion.com/p/General-1fe52a1550c180d89a84f6b6694a42f5?pvs=21),8677
2025/01/20,全聯,,NT$103.00,Food (https://app.notion.com/p/Food-1de52a1550c1808585f7c8d0cbbab341?pvs=21),General (https://app.notion.com/p/General-1fe52a1550c180d89a84f6b6694a42f5?pvs=21),9251
2025/01/19,台鐵,新竹台中,NT$197.00,Traffic (https://app.notion.com/p/Traffic-1de52a1550c1807b8ff6e40f804e1127?pvs=21),Dream (https://app.notion.com/p/Dream-1de52a1550c180a4bc6eee5e921cbc2d?pvs=21),-31279
2025/01/19,岡山羊肉爐,,NT$300.00,Food (https://app.notion.com/p/Food-1de52a1550c1808585f7c8d0cbbab341?pvs=21),General (https://app.notion.com/p/General-1fe52a1550c180d89a84f6b6694a42f5?pvs=21),9354
2025/01/19,阿卡姆圖書館,,NT$200.00,Fun (https://app.notion.com/p/Fun-1de52a1550c180f197e2ff3116ec3fa2?pvs=21),Dream (https://app.notion.com/p/Dream-1de52a1550c180a4bc6eee5e921cbc2d?pvs=21),-31279
2025/01/19,台鐵,台中新竹,NT$197.00,Traffic (https://app.notion.com/p/Traffic-1de52a1550c1807b8ff6e40f804e1127?pvs=21),Dream (https://app.notion.com/p/Dream-1de52a1550c180a4bc6eee5e921cbc2d?pvs=21),-31279
2025/01/19,台中公車,,NT$30.00,Traffic (https://app.notion.com/p/Traffic-1de52a1550c1807b8ff6e40f804e1127?pvs=21),Dream (https://app.notion.com/p/Dream-1de52a1550c180a4bc6eee5e921cbc2d?pvs=21),-31279
2025/01/19,愛買,,NT$369.00,Food (https://app.notion.com/p/Food-1de52a1550c1808585f7c8d0cbbab341?pvs=21),General (https://app.notion.com/p/General-1fe52a1550c180d89a84f6b6694a42f5?pvs=21),9354
2025/01/19,原宿廚房,,NT$229.00,Food (https://app.notion.com/p/Food-1de52a1550c1808585f7c8d0cbbab341?pvs=21),General (https://app.notion.com/p/General-1fe52a1550c180d89a84f6b6694a42f5?pvs=21),9354
2025/01/18,清大雙喜餛飩、老虎麵,,NT$290.00,Food (https://app.notion.com/p/Food-1de52a1550c1808585f7c8d0cbbab341?pvs=21),General (https://app.notion.com/p/General-1fe52a1550c180d89a84f6b6694a42f5?pvs=21),10252
2025/01/18,先喝道,,NT$135.00,Food (https://app.notion.com/p/Food-1de52a1550c1808585f7c8d0cbbab341?pvs=21),General (https://app.notion.com/p/General-1fe52a1550c180d89a84f6b6694a42f5?pvs=21),10252
2025/01/18,綠世界,,NT$760.00,Travel (https://app.notion.com/p/Travel-1de52a1550c18102a04df0c968556b0b?pvs=21),Dream (https://app.notion.com/p/Dream-1de52a1550c180a4bc6eee5e921cbc2d?pvs=21),-30655
2025/01/18,加油費,,NT$159.00,Traffic (https://app.notion.com/p/Traffic-1de52a1550c1807b8ff6e40f804e1127?pvs=21),General (https://app.notion.com/p/General-1fe52a1550c180d89a84f6b6694a42f5?pvs=21),10252
2025/01/18,加油費,,"NT$1,426.00",Traffic (https://app.notion.com/p/Traffic-1de52a1550c1807b8ff6e40f804e1127?pvs=21),Dream (https://app.notion.com/p/Dream-1de52a1550c180a4bc6eee5e921cbc2d?pvs=21),-30655
2025/01/18,竹東阿英鮮肉湯包,,NT$140.00,Food (https://app.notion.com/p/Food-1de52a1550c1808585f7c8d0cbbab341?pvs=21),General (https://app.notion.com/p/General-1fe52a1550c180d89a84f6b6694a42f5?pvs=21),10252
2025/01/18,綠世界,蜂蜜冰淇淋,NT$130.00,Food (https://app.notion.com/p/Food-1de52a1550c1808585f7c8d0cbbab341?pvs=21),General (https://app.notion.com/p/General-1fe52a1550c180d89a84f6b6694a42f5?pvs=21),10252
2025/01/18,李記紅茶冰,,NT$80.00,Food (https://app.notion.com/p/Food-1de52a1550c1808585f7c8d0cbbab341?pvs=21),General (https://app.notion.com/p/General-1fe52a1550c180d89a84f6b6694a42f5?pvs=21),10252
2025/01/18,綠世界,蜂蜜禮盒,"NT$1,198.00",Family (https://app.notion.com/p/Family-1de52a1550c181faa107fcc0a73d8120?pvs=21),Dream (https://app.notion.com/p/Dream-1de52a1550c180a4bc6eee5e921cbc2d?pvs=21),-30655
2025/01/17,新竹客運,台北新竹,NT$310.00,Traffic (https://app.notion.com/p/Traffic-1de52a1550c1807b8ff6e40f804e1127?pvs=21),Dream (https://app.notion.com/p/Dream-1de52a1550c180a4bc6eee5e921cbc2d?pvs=21),-27271
2025/01/17,麥當勞,,NT$178.00,Food (https://app.notion.com/p/Food-1de52a1550c1808585f7c8d0cbbab341?pvs=21),General (https://app.notion.com/p/General-1fe52a1550c180d89a84f6b6694a42f5?pvs=21),11186
2025/01/17,台北捷運,,NT$60.00,Traffic (https://app.notion.com/p/Traffic-1de52a1550c1807b8ff6e40f804e1127?pvs=21),Dream (https://app.notion.com/p/Dream-1de52a1550c180a4bc6eee5e921cbc2d?pvs=21),-27271
2025/01/17,WeMo,,NT$123.00,Traffic (https://app.notion.com/p/Traffic-1de52a1550c1807b8ff6e40f804e1127?pvs=21),Dream (https://app.notion.com/p/Dream-1de52a1550c180a4bc6eee5e921cbc2d?pvs=21),-27271
2025/01/16,全聯,,NT$327.00,Groceries (https://app.notion.com/p/Groceries-1de52a1550c180c6be6cdfaeb95cee9a?pvs=21),Dream (https://app.notion.com/p/Dream-1de52a1550c180a4bc6eee5e921cbc2d?pvs=21),-26778
2025/01/16,全聯,,NT$239.00,Food (https://app.notion.com/p/Food-1de52a1550c1808585f7c8d0cbbab341?pvs=21),General (https://app.notion.com/p/General-1fe52a1550c180d89a84f6b6694a42f5?pvs=21),11364
2025/01/15,中華電信手機費,,NT$0.00,Fun (https://app.notion.com/p/Fun-1de52a1550c180f197e2ff3116ec3fa2?pvs=21),General (https://app.notion.com/p/General-1fe52a1550c180d89a84f6b6694a42f5?pvs=21),11603
2025/01/15,中華電信網路費,,NT$848.00,Fun (https://app.notion.com/p/Fun-1de52a1550c180f197e2ff3116ec3fa2?pvs=21),General (https://app.notion.com/p/General-1fe52a1550c180d89a84f6b6694a42f5?pvs=21),11603
2025/01/15,小販部,,NT$45.00,Food (https://app.notion.com/p/Food-1de52a1550c1808585f7c8d0cbbab341?pvs=21),General (https://app.notion.com/p/General-1fe52a1550c180d89a84f6b6694a42f5?pvs=21),11603
2025/01/14,弓箭傳說2,,NT$320.00,Fun (https://app.notion.com/p/Fun-1de52a1550c180f197e2ff3116ec3fa2?pvs=21),Dream (https://app.notion.com/p/Dream-1de52a1550c180a4bc6eee5e921cbc2d?pvs=21),-26451
2025/01/14,7-11,,NT$108.00,Food (https://app.notion.com/p/Food-1de52a1550c1808585f7c8d0cbbab341?pvs=21),General (https://app.notion.com/p/General-1fe52a1550c180d89a84f6b6694a42f5?pvs=21),12496
2025/01/14,秀雅牙醫,洗牙,NT$250.00,Health (https://app.notion.com/p/Health-1de52a1550c180948ad5c45ef59a5bb8?pvs=21),Dream (https://app.notion.com/p/Dream-1de52a1550c180a4bc6eee5e921cbc2d?pvs=21),-26451
2025/01/13,大埔鐵板燒,,NT$510.00,Food (https://app.notion.com/p/Food-1de52a1550c1808585f7c8d0cbbab341?pvs=21),General (https://app.notion.com/p/General-1fe52a1550c180d89a84f6b6694a42f5?pvs=21),12604
2025/01/13,草本茶,,NT$115.00,Food (https://app.notion.com/p/Food-1de52a1550c1808585f7c8d0cbbab341?pvs=21),General (https://app.notion.com/p/General-1fe52a1550c180d89a84f6b6694a42f5?pvs=21),12604
2025/01/12,北門室食,,NT$625.00,Food (https://app.notion.com/p/Food-1de52a1550c1808585f7c8d0cbbab341?pvs=21),General (https://app.notion.com/p/General-1fe52a1550c180d89a84f6b6694a42f5?pvs=21),13229
2025/01/12,卡莎米義大利麵,,NT$185.00,Food (https://app.notion.com/p/Food-1de52a1550c1808585f7c8d0cbbab341?pvs=21),General (https://app.notion.com/p/General-1fe52a1550c180d89a84f6b6694a42f5?pvs=21),13229
2025/01/12,大茗,,NT$55.00,Food (https://app.notion.com/p/Food-1de52a1550c1808585f7c8d0cbbab341?pvs=21),General (https://app.notion.com/p/General-1fe52a1550c180d89a84f6b6694a42f5?pvs=21),13229
2025/01/12,五金王,,NT$248.00,Groceries (https://app.notion.com/p/Groceries-1de52a1550c180c6be6cdfaeb95cee9a?pvs=21),Dream (https://app.notion.com/p/Dream-1de52a1550c180a4bc6eee5e921cbc2d?pvs=21),-25881
2025/01/11,威秀,星際效應重映,NT$797.00,Fun (https://app.notion.com/p/Fun-1de52a1550c180f197e2ff3116ec3fa2?pvs=21),Dream (https://app.notion.com/p/Dream-1de52a1550c180a4bc6eee5e921cbc2d?pvs=21),-25633
2025/01/11,龜記,,NT$188.00,Food (https://app.notion.com/p/Food-1de52a1550c1808585f7c8d0cbbab341?pvs=21),Dream (https://app.notion.com/p/Dream-1de52a1550c180a4bc6eee5e921cbc2d?pvs=21),-25633
2025/01/10,全聯,,NT$672.00,Food (https://app.notion.com/p/Food-1de52a1550c1808585f7c8d0cbbab341?pvs=21),General (https://app.notion.com/p/General-1fe52a1550c180d89a84f6b6694a42f5?pvs=21),14094
2025/01/10,大茗,,NT$60.00,Food (https://app.notion.com/p/Food-1de52a1550c1808585f7c8d0cbbab341?pvs=21),General (https://app.notion.com/p/General-1fe52a1550c180d89a84f6b6694a42f5?pvs=21),14094
2025/01/10,長疆炭燒羊肉爐,,NT$600.00,Food (https://app.notion.com/p/Food-1de52a1550c1808585f7c8d0cbbab341?pvs=21),General (https://app.notion.com/p/General-1fe52a1550c180d89a84f6b6694a42f5?pvs=21),14094
2025/01/10,嘉鄉豆腐,,NT$80.00,Food (https://app.notion.com/p/Food-1de52a1550c1808585f7c8d0cbbab341?pvs=21),General (https://app.notion.com/p/General-1fe52a1550c180d89a84f6b6694a42f5?pvs=21),14094
2025/01/09,全家,,NT$167.00,Food (https://app.notion.com/p/Food-1de52a1550c1808585f7c8d0cbbab341?pvs=21),General (https://app.notion.com/p/General-1fe52a1550c180d89a84f6b6694a42f5?pvs=21),15506
2025/01/09,思茶,,NT$80.00,Food (https://app.notion.com/p/Food-1de52a1550c1808585f7c8d0cbbab341?pvs=21),General (https://app.notion.com/p/General-1fe52a1550c180d89a84f6b6694a42f5?pvs=21),15506
2025/01/09,起家雞,,NT$649.00,Food (https://app.notion.com/p/Food-1de52a1550c1808585f7c8d0cbbab341?pvs=21),General (https://app.notion.com/p/General-1fe52a1550c180d89a84f6b6694a42f5?pvs=21),15506
2025/01/08,小販部,,NT$78.00,Food (https://app.notion.com/p/Food-1de52a1550c1808585f7c8d0cbbab341?pvs=21),General (https://app.notion.com/p/General-1fe52a1550c180d89a84f6b6694a42f5?pvs=21),16402
2025/01/08,丐幫滷味,,NT$125.00,Food (https://app.notion.com/p/Food-1de52a1550c1808585f7c8d0cbbab341?pvs=21),General (https://app.notion.com/p/General-1fe52a1550c180d89a84f6b6694a42f5?pvs=21),16402
2025/01/07,思茶,,NT$80.00,Food (https://app.notion.com/p/Food-1de52a1550c1808585f7c8d0cbbab341?pvs=21),General (https://app.notion.com/p/General-1fe52a1550c180d89a84f6b6694a42f5?pvs=21),16605
2025/01/07,小販部,,NT$20.00,Food (https://app.notion.com/p/Food-1de52a1550c1808585f7c8d0cbbab341?pvs=21),Dream (https://app.notion.com/p/Dream-1de52a1550c180a4bc6eee5e921cbc2d?pvs=21),-24648
2025/01/07,白鬍子牛排,,NT$360.00,Food (https://app.notion.com/p/Food-1de52a1550c1808585f7c8d0cbbab341?pvs=21),General (https://app.notion.com/p/General-1fe52a1550c180d89a84f6b6694a42f5?pvs=21),16605
2025/01/06,要活就要動,,"NT$2,325.00",Health (https://app.notion.com/p/Health-1de52a1550c180948ad5c45ef59a5bb8?pvs=21),Dream (https://app.notion.com/p/Dream-1de52a1550c180a4bc6eee5e921cbc2d?pvs=21),-24628
2025/01/06,全聯,,NT$83.00,Food (https://app.notion.com/p/Food-1de52a1550c1808585f7c8d0cbbab341?pvs=21),General (https://app.notion.com/p/General-1fe52a1550c180d89a84f6b6694a42f5?pvs=21),17045
2025/01/05,姜滿堂,,"NT$2,253.00",Food (https://app.notion.com/p/Food-1de52a1550c1808585f7c8d0cbbab341?pvs=21),Couple's (https://app.notion.com/p/Couple-s-1de52a1550c181d39de7eebc343b38cd?pvs=21),43
2025/01/04,Spotify月費,,NT$202.00,Fun (https://app.notion.com/p/Fun-1de52a1550c180f197e2ff3116ec3fa2?pvs=21),General (https://app.notion.com/p/General-1fe52a1550c180d89a84f6b6694a42f5?pvs=21),17128
2025/01/04,竹東排骨酥,,NT$501.00,Food (https://app.notion.com/p/Food-1de52a1550c1808585f7c8d0cbbab341?pvs=21),General (https://app.notion.com/p/General-1fe52a1550c180d89a84f6b6694a42f5?pvs=21),17128
2025/01/04,Costco,披薩*2+沙拉,NT$288.00,Food (https://app.notion.com/p/Food-1de52a1550c1808585f7c8d0cbbab341?pvs=21),General (https://app.notion.com/p/General-1fe52a1550c180d89a84f6b6694a42f5?pvs=21),17128
2025/01/04,50嵐,,NT$90.00,Food (https://app.notion.com/p/Food-1de52a1550c1808585f7c8d0cbbab341?pvs=21),General (https://app.notion.com/p/General-1fe52a1550c180d89a84f6b6694a42f5?pvs=21),17128
2025/01/04,Costco,牙線,NT$489.00,Groceries (https://app.notion.com/p/Groceries-1de52a1550c180c6be6cdfaeb95cee9a?pvs=21),Dream (https://app.notion.com/p/Dream-1de52a1550c180a4bc6eee5e921cbc2d?pvs=21),-22303
2025/01/03,7-11,,NT$100.00,Food (https://app.notion.com/p/Food-1de52a1550c1808585f7c8d0cbbab341?pvs=21),General (https://app.notion.com/p/General-1fe52a1550c180d89a84f6b6694a42f5?pvs=21),13100
2025/01/03,蔣好的味道,,NT$380.00,Food (https://app.notion.com/p/Food-1de52a1550c1808585f7c8d0cbbab341?pvs=21),General (https://app.notion.com/p/General-1fe52a1550c180d89a84f6b6694a42f5?pvs=21),13100
2025/01/03,加油費,,NT$161.00,Traffic (https://app.notion.com/p/Traffic-1de52a1550c1807b8ff6e40f804e1127?pvs=21),General (https://app.notion.com/p/General-1fe52a1550c180d89a84f6b6694a42f5?pvs=21),13100
2025/01/02,築間火鍋,,"NT$1,078.00",Food (https://app.notion.com/p/Food-1de52a1550c1808585f7c8d0cbbab341?pvs=21),General (https://app.notion.com/p/General-1fe52a1550c180d89a84f6b6694a42f5?pvs=21),13741
2025/01/02,烏弄,,NT$105.00,Food (https://app.notion.com/p/Food-1de52a1550c1808585f7c8d0cbbab341?pvs=21),General (https://app.notion.com/p/General-1fe52a1550c180d89a84f6b6694a42f5?pvs=21),13741
2025/01/01,匯給媽,"
","NT$6,000.00",Family (https://app.notion.com/p/Family-1de52a1550c181faa107fcc0a73d8120?pvs=21),Fixed (https://app.notion.com/p/Fixed-1de52a1550c180f19995d25cbc6f1038?pvs=21),25469
2025/01/01,勞保費,"
","NT$1,100.00",Insurance (https://app.notion.com/p/Insurance-1de52a1550c181f09d1dfb6d85985a86?pvs=21),Fixed (https://app.notion.com/p/Fixed-1de52a1550c180f19995d25cbc6f1038?pvs=21),25469
2025/01/01,健保費,"
","NT$1,036.00",Insurance (https://app.notion.com/p/Insurance-1de52a1550c181f09d1dfb6d85985a86?pvs=21),Fixed (https://app.notion.com/p/Fixed-1de52a1550c180f19995d25cbc6f1038?pvs=21),25469
2025/01/01,2024汽車停車位,,"NT$2,500.00",Traffic (https://app.notion.com/p/Traffic-1de52a1550c1807b8ff6e40f804e1127?pvs=21),Fixed (https://app.notion.com/p/Fixed-1de52a1550c180f19995d25cbc6f1038?pvs=21),25469
2025/01/01,房租,,"NT$7,250.00",Groceries (https://app.notion.com/p/Groceries-1de52a1550c180c6be6cdfaeb95cee9a?pvs=21),Fixed (https://app.notion.com/p/Fixed-1de52a1550c180f19995d25cbc6f1038?pvs=21),25469
2025/01/01,日本之旅,各種現金支出的費用,"NT$6,753.00",Travel (https://app.notion.com/p/Travel-1de52a1550c18102a04df0c968556b0b?pvs=21),Dream (https://app.notion.com/p/Dream-1de52a1550c180a4bc6eee5e921cbc2d?pvs=21),-39183
2025/01/01,可樂Travel,小費,"NT$9,000.00",Travel (https://app.notion.com/p/Travel-1de52a1550c18102a04df0c968556b0b?pvs=21),Dream (https://app.notion.com/p/Dream-1de52a1550c180a4bc6eee5e921cbc2d?pvs=21),-39183
2025/01/01,關西機場,白色戀人,NT$806.00,Travel (https://app.notion.com/p/Travel-1de52a1550c18102a04df0c968556b0b?pvs=21),Dream (https://app.notion.com/p/Dream-1de52a1550c180a4bc6eee5e921cbc2d?pvs=21),-39183
2025/01/01,New balance,,"NT$3,340.00",Travel (https://app.notion.com/p/Travel-1de52a1550c18102a04df0c968556b0b?pvs=21),Dream (https://app.notion.com/p/Dream-1de52a1550c180a4bc6eee5e921cbc2d?pvs=21),-39183
2025/01/01,Nike,,"NT$3,368.00",Travel (https://app.notion.com/p/Travel-1de52a1550c18102a04df0c968556b0b?pvs=21),Dream (https://app.notion.com/p/Dream-1de52a1550c180a4bc6eee5e921cbc2d?pvs=21),-39183
2025/01/01,日春木瓜牛奶,,NT$90.00,Food (https://app.notion.com/p/Food-1de52a1550c1808585f7c8d0cbbab341?pvs=21),General (https://app.notion.com/p/General-1fe52a1550c180d89a84f6b6694a42f5?pvs=21),14924
2025/01/01,關西機場,,NT$665.00,Travel (https://app.notion.com/p/Travel-1de52a1550c18102a04df0c968556b0b?pvs=21),Dream (https://app.notion.com/p/Dream-1de52a1550c180a4bc6eee5e921cbc2d?pvs=21),-39183
2025/01/01,劉明偉導遊,可樂Travel代購,"NT$3,423.00",Travel (https://app.notion.com/p/Travel-1de52a1550c18102a04df0c968556b0b?pvs=21),Dream (https://app.notion.com/p/Dream-1de52a1550c180a4bc6eee5e921cbc2d?pvs=21),-39183
2024/12/31,GOCHIKURA 神戸本店,,"NT$4,615.00",Travel (https://app.notion.com/p/Travel-1de52a1550c18102a04df0c968556b0b?pvs=21),Dream (https://app.notion.com/p/Dream-1de52a1550c180a4bc6eee5e921cbc2d?pvs=21),-18335
2024/12/31,大創,,"NT$6,680.00",Travel (https://app.notion.com/p/Travel-1de52a1550c18102a04df0c968556b0b?pvs=21),Dream (https://app.notion.com/p/Dream-1de52a1550c180a4bc6eee5e921cbc2d?pvs=21),-18335
2024/12/31,3coins,,NT$323.00,Travel (https://app.notion.com/p/Travel-1de52a1550c18102a04df0c968556b0b?pvs=21),Dream (https://app.notion.com/p/Dream-1de52a1550c180a4bc6eee5e921cbc2d?pvs=21),-18335
2024/12/31,松本清,,"NT$1,637.00",Travel (https://app.notion.com/p/Travel-1de52a1550c18102a04df0c968556b0b?pvs=21),Dream (https://app.notion.com/p/Dream-1de52a1550c180a4bc6eee5e921cbc2d?pvs=21),-18335
2024/12/31,麥當勞,,NT$425.00,Travel (https://app.notion.com/p/Travel-1de52a1550c18102a04df0c968556b0b?pvs=21),Dream (https://app.notion.com/p/Dream-1de52a1550c180a4bc6eee5e921cbc2d?pvs=21),-18335
2024/12/30,清水寺,御守,NT$250.00,Travel (https://app.notion.com/p/Travel-1de52a1550c18102a04df0c968556b0b?pvs=21),Dream (https://app.notion.com/p/Dream-1de52a1550c180a4bc6eee5e921cbc2d?pvs=21),-33053
2024/12/30,清水寺,軟米菓,NT$145.00,Food (https://app.notion.com/p/Food-1de52a1550c1808585f7c8d0cbbab341?pvs=21),Dream (https://app.notion.com/p/Dream-1de52a1550c180a4bc6eee5e921cbc2d?pvs=21),-33053
2024/12/30,大起水產 迴轉壽司 新京極店,,"NT$2,596.00",Travel (https://app.notion.com/p/Travel-1de52a1550c18102a04df0c968556b0b?pvs=21),Dream (https://app.notion.com/p/Dream-1de52a1550c180a4bc6eee5e921cbc2d?pvs=21),-33053
2024/12/30,大創,,NT$77.00,Travel (https://app.notion.com/p/Travel-1de52a1550c18102a04df0c968556b0b?pvs=21),Dream (https://app.notion.com/p/Dream-1de52a1550c180a4bc6eee5e921cbc2d?pvs=21),-33053
2024/12/29,稻荷神社,掛布,NT$315.00,Travel (https://app.notion.com/p/Travel-1de52a1550c18102a04df0c968556b0b?pvs=21),Dream (https://app.notion.com/p/Dream-1de52a1550c180a4bc6eee5e921cbc2d?pvs=21),-29985
2024/12/29,北野天滿宮,,NT$420.00,Travel (https://app.notion.com/p/Travel-1de52a1550c18102a04df0c968556b0b?pvs=21),Dream (https://app.notion.com/p/Dream-1de52a1550c180a4bc6eee5e921cbc2d?pvs=21),-29985
2024/12/29,稻荷神社,草莓大福,NT$630.00,Travel (https://app.notion.com/p/Travel-1de52a1550c18102a04df0c968556b0b?pvs=21),Dream (https://app.notion.com/p/Dream-1de52a1550c180a4bc6eee5e921cbc2d?pvs=21),-29985
2024/12/29,Sukiya,,"NT$1,169.00",Travel (https://app.notion.com/p/Travel-1de52a1550c18102a04df0c968556b0b?pvs=21),Dream (https://app.notion.com/p/Dream-1de52a1550c180a4bc6eee5e921cbc2d?pvs=21),-29985
2024/12/29,下鴨神社,,NT$210.00,Travel (https://app.notion.com/p/Travel-1de52a1550c18102a04df0c968556b0b?pvs=21),Dream (https://app.notion.com/p/Dream-1de52a1550c180a4bc6eee5e921cbc2d?pvs=21),-29985
2024/12/29,7-11,,NT$101.00,Travel (https://app.notion.com/p/Travel-1de52a1550c18102a04df0c968556b0b?pvs=21),Dream (https://app.notion.com/p/Dream-1de52a1550c180a4bc6eee5e921cbc2d?pvs=21),-29985
2024/12/28,全聯,免洗內褲,NT$89.00,Groceries (https://app.notion.com/p/Groceries-1de52a1550c180c6be6cdfaeb95cee9a?pvs=21),Dream (https://app.notion.com/p/Dream-1de52a1550c180a4bc6eee5e921cbc2d?pvs=21),-27140
2024/12/28,LIFE supermarket,,NT$399.00,Travel (https://app.notion.com/p/Travel-1de52a1550c18102a04df0c968556b0b?pvs=21),Dream (https://app.notion.com/p/Dream-1de52a1550c180a4bc6eee5e921cbc2d?pvs=21),-27140
2024/12/27,寶島眼鏡,日拋,NT$540.00,Travel (https://app.notion.com/p/Travel-1de52a1550c18102a04df0c968556b0b?pvs=21),Dream (https://app.notion.com/p/Dream-1de52a1550c180a4bc6eee5e921cbc2d?pvs=21),-26652
2024/12/27,肯德基,,NT$450.00,Food (https://app.notion.com/p/Food-1de52a1550c1808585f7c8d0cbbab341?pvs=21),General (https://app.notion.com/p/General-1fe52a1550c180d89a84f6b6694a42f5?pvs=21),-12032
2024/12/27,7-11,,NT$100.00,Food (https://app.notion.com/p/Food-1de52a1550c1808585f7c8d0cbbab341?pvs=21),General (https://app.notion.com/p/General-1fe52a1550c180d89a84f6b6694a42f5?pvs=21),-12032
2024/12/27,屈臣氏,,NT$250.00,Groceries (https://app.notion.com/p/Groceries-1de52a1550c180c6be6cdfaeb95cee9a?pvs=21),Dream (https://app.notion.com/p/Dream-1de52a1550c180a4bc6eee5e921cbc2d?pvs=21),-26652
2024/12/25,全聯,,NT$437.00,Food (https://app.notion.com/p/Food-1de52a1550c1808585f7c8d0cbbab341?pvs=21),General (https://app.notion.com/p/General-1fe52a1550c180d89a84f6b6694a42f5?pvs=21),-11482
2024/12/24,全聯,,NT$92.00,Food (https://app.notion.com/p/Food-1de52a1550c1808585f7c8d0cbbab341?pvs=21),General (https://app.notion.com/p/General-1fe52a1550c180d89a84f6b6694a42f5?pvs=21),-11045
2024/12/23,HavenHair,慕斯,NT$700.00,Cosmetics (https://app.notion.com/p/Cosmetics-1de52a1550c181cb93fdfe1a610bf352?pvs=21),Dream (https://app.notion.com/p/Dream-1de52a1550c180a4bc6eee5e921cbc2d?pvs=21),-25862
2024/12/23,HavenHair,剪燙,"NT$3,000.00",Cosmetics (https://app.notion.com/p/Cosmetics-1de52a1550c181cb93fdfe1a610bf352?pvs=21),Dream (https://app.notion.com/p/Dream-1de52a1550c180a4bc6eee5e921cbc2d?pvs=21),-25862
2024/12/23,ドキドキ珈啡,,NT$850.00,Food (https://app.notion.com/p/Food-1de52a1550c1808585f7c8d0cbbab341?pvs=21),General (https://app.notion.com/p/General-1fe52a1550c180d89a84f6b6694a42f5?pvs=21),-10953
2024/12/22,豪泰客運,台北新竹,NT$160.00,Traffic (https://app.notion.com/p/Traffic-1de52a1550c1807b8ff6e40f804e1127?pvs=21),Dream (https://app.notion.com/p/Dream-1de52a1550c180a4bc6eee5e921cbc2d?pvs=21),-15662
2024/12/22,松鶴,,"NT$1,400.00",Health (https://app.notion.com/p/Health-1de52a1550c180948ad5c45ef59a5bb8?pvs=21),Couple's (https://app.notion.com/p/Couple-s-1de52a1550c181d39de7eebc343b38cd?pvs=21),-1704
2024/12/22,台北捷運,,NT$50.00,Traffic (https://app.notion.com/p/Traffic-1de52a1550c1807b8ff6e40f804e1127?pvs=21),Dream (https://app.notion.com/p/Dream-1de52a1550c180a4bc6eee5e921cbc2d?pvs=21),-15662
2024/12/22,宜得利,,NT$318.00,Groceries (https://app.notion.com/p/Groceries-1de52a1550c180c6be6cdfaeb95cee9a?pvs=21),Dream (https://app.notion.com/p/Dream-1de52a1550c180a4bc6eee5e921cbc2d?pvs=21),-15662
2024/12/22,海底撈,,"NT$1,969.00",Food (https://app.notion.com/p/Food-1de52a1550c1808585f7c8d0cbbab341?pvs=21),Couple's (https://app.notion.com/p/Couple-s-1de52a1550c181d39de7eebc343b38cd?pvs=21),-1704
2024/12/21,三重客運,新竹台北,NT$155.00,Traffic (https://app.notion.com/p/Traffic-1de52a1550c1807b8ff6e40f804e1127?pvs=21),Dream (https://app.notion.com/p/Dream-1de52a1550c180a4bc6eee5e921cbc2d?pvs=21),-15134
2024/12/21,樂華夜市,潤餅,NT$70.00,Food (https://app.notion.com/p/Food-1de52a1550c1808585f7c8d0cbbab341?pvs=21),General (https://app.notion.com/p/General-1fe52a1550c180d89a84f6b6694a42f5?pvs=21),-10103
2024/12/21,樂華夜市,滷味,NT$210.00,Food (https://app.notion.com/p/Food-1de52a1550c1808585f7c8d0cbbab341?pvs=21),General (https://app.notion.com/p/General-1fe52a1550c180d89a84f6b6694a42f5?pvs=21),-10103
2024/12/21,樂華夜市,木櫥滷味,NT$130.00,Food (https://app.notion.com/p/Food-1de52a1550c1808585f7c8d0cbbab341?pvs=21),General (https://app.notion.com/p/General-1fe52a1550c180d89a84f6b6694a42f5?pvs=21),-10103
2024/12/21,清心全福,,NT$100.00,Food (https://app.notion.com/p/Food-1de52a1550c1808585f7c8d0cbbab341?pvs=21),General (https://app.notion.com/p/General-1fe52a1550c180d89a84f6b6694a42f5?pvs=21),-10103
2024/12/21,樂華夜市,炸蚵仔,NT$70.00,Food (https://app.notion.com/p/Food-1de52a1550c1808585f7c8d0cbbab341?pvs=21),General (https://app.notion.com/p/General-1fe52a1550c180d89a84f6b6694a42f5?pvs=21),-10103
2024/12/21,樂華夜市,麻油麵線,NT$240.00,Food (https://app.notion.com/p/Food-1de52a1550c1808585f7c8d0cbbab341?pvs=21),General (https://app.notion.com/p/General-1fe52a1550c180d89a84f6b6694a42f5?pvs=21),-10103
2024/12/21,台北捷運,,NT$50.00,Traffic (https://app.notion.com/p/Traffic-1de52a1550c1807b8ff6e40f804e1127?pvs=21),General (https://app.notion.com/p/General-1fe52a1550c180d89a84f6b6694a42f5?pvs=21),-10103
2024/12/21,晶贊都會旅店,,"NT$3,209.00",Travel (https://app.notion.com/p/Travel-1de52a1550c18102a04df0c968556b0b?pvs=21),Couple's (https://app.notion.com/p/Couple-s-1de52a1550c181d39de7eebc343b38cd?pvs=21),1665
2024/12/21,水電,,"NT$1,001.00",Groceries (https://app.notion.com/p/Groceries-1de52a1550c180c6be6cdfaeb95cee9a?pvs=21),General (https://app.notion.com/p/General-1fe52a1550c180d89a84f6b6694a42f5?pvs=21),-10103
2024/12/20,7-11,,NT$64.00,Food (https://app.notion.com/p/Food-1de52a1550c1808585f7c8d0cbbab341?pvs=21),General (https://app.notion.com/p/General-1fe52a1550c180d89a84f6b6694a42f5?pvs=21),-8232
2024/12/20,麥當勞,,NT$150.00,Food (https://app.notion.com/p/Food-1de52a1550c1808585f7c8d0cbbab341?pvs=21),General (https://app.notion.com/p/General-1fe52a1550c180d89a84f6b6694a42f5?pvs=21),-8232
2024/12/19,台鐵,新竹台北,NT$192.00,Traffic (https://app.notion.com/p/Traffic-1de52a1550c1807b8ff6e40f804e1127?pvs=21),General (https://app.notion.com/p/General-1fe52a1550c180d89a84f6b6694a42f5?pvs=21),-8018
2024/12/19,韓膳宮,,NT$160.00,Food (https://app.notion.com/p/Food-1de52a1550c1808585f7c8d0cbbab341?pvs=21),General (https://app.notion.com/p/General-1fe52a1550c180d89a84f6b6694a42f5?pvs=21),-8018
2024/12/19,初滷人,,NT$220.00,Food (https://app.notion.com/p/Food-1de52a1550c1808585f7c8d0cbbab341?pvs=21),General (https://app.notion.com/p/General-1fe52a1550c180d89a84f6b6694a42f5?pvs=21),-8018
2024/12/19,綜合麻辣臭豆腐,,NT$70.00,Food (https://app.notion.com/p/Food-1de52a1550c1808585f7c8d0cbbab341?pvs=21),General (https://app.notion.com/p/General-1fe52a1550c180d89a84f6b6694a42f5?pvs=21),-8018
2024/12/19,旗魚黑輪,,NT$60.00,Food (https://app.notion.com/p/Food-1de52a1550c1808585f7c8d0cbbab341?pvs=21),General (https://app.notion.com/p/General-1fe52a1550c180d89a84f6b6694a42f5?pvs=21),-8018
2024/12/18,7-11,,NT$79.00,Food (https://app.notion.com/p/Food-1de52a1550c1808585f7c8d0cbbab341?pvs=21),General (https://app.notion.com/p/General-1fe52a1550c180d89a84f6b6694a42f5?pvs=21),-7316
2024/12/18,四海遊龍,,NT$110.00,Food (https://app.notion.com/p/Food-1de52a1550c1808585f7c8d0cbbab341?pvs=21),General (https://app.notion.com/p/General-1fe52a1550c180d89a84f6b6694a42f5?pvs=21),-7316
2024/12/18,全聯,,NT$128.00,Food (https://app.notion.com/p/Food-1de52a1550c1808585f7c8d0cbbab341?pvs=21),General (https://app.notion.com/p/General-1fe52a1550c180d89a84f6b6694a42f5?pvs=21),-7316
2024/12/17,陳阿姨火鍋灶咖,,"NT$1,737.00",Food (https://app.notion.com/p/Food-1de52a1550c1808585f7c8d0cbbab341?pvs=21),Couple's (https://app.notion.com/p/Couple-s-1de52a1550c181d39de7eebc343b38cd?pvs=21),4874
2024/12/16,全聯,,NT$153.00,Food (https://app.notion.com/p/Food-1de52a1550c1808585f7c8d0cbbab341?pvs=21),General (https://app.notion.com/p/General-1fe52a1550c180d89a84f6b6694a42f5?pvs=21),-6999
2024/12/15,中華電信手機費,,NT$0.00,Fun (https://app.notion.com/p/Fun-1de52a1550c180f197e2ff3116ec3fa2?pvs=21),General (https://app.notion.com/p/General-1fe52a1550c180d89a84f6b6694a42f5?pvs=21),-6846
2024/12/15,全聯,,NT$545.00,Food (https://app.notion.com/p/Food-1de52a1550c1808585f7c8d0cbbab341?pvs=21),General (https://app.notion.com/p/General-1fe52a1550c180d89a84f6b6694a42f5?pvs=21),-6846
2024/12/15,中華電信網路費,,NT$848.00,Fun (https://app.notion.com/p/Fun-1de52a1550c180f197e2ff3116ec3fa2?pvs=21),General (https://app.notion.com/p/General-1fe52a1550c180d89a84f6b6694a42f5?pvs=21),-6846
2024/12/14,鼎泰豐,,"NT$2,000.00",Food (https://app.notion.com/p/Food-1de52a1550c1808585f7c8d0cbbab341?pvs=21),Couple's (https://app.notion.com/p/Couple-s-1de52a1550c181d39de7eebc343b38cd?pvs=21),6611
2024/12/14,上宇林,,NT$125.00,Food (https://app.notion.com/p/Food-1de52a1550c1808585f7c8d0cbbab341?pvs=21),General (https://app.notion.com/p/General-1fe52a1550c180d89a84f6b6694a42f5?pvs=21),-5453
2024/12/13,康是美,,NT$300.00,Health (https://app.notion.com/p/Health-1de52a1550c180948ad5c45ef59a5bb8?pvs=21),Dream (https://app.notion.com/p/Dream-1de52a1550c180a4bc6eee5e921cbc2d?pvs=21),153699
2024/12/13,大戶屋,,NT$850.00,Food (https://app.notion.com/p/Food-1de52a1550c1808585f7c8d0cbbab341?pvs=21),General (https://app.notion.com/p/General-1fe52a1550c180d89a84f6b6694a42f5?pvs=21),-5328
2024/12/12,機油,,NT$250.00,Traffic (https://app.notion.com/p/Traffic-1de52a1550c1807b8ff6e40f804e1127?pvs=21),General (https://app.notion.com/p/General-1fe52a1550c180d89a84f6b6694a42f5?pvs=21),-4478
2024/12/12,全聯,,NT$777.00,Food (https://app.notion.com/p/Food-1de52a1550c1808585f7c8d0cbbab341?pvs=21),General (https://app.notion.com/p/General-1fe52a1550c180d89a84f6b6694a42f5?pvs=21),-4478
2024/12/11,全聯,,NT$349.00,Food (https://app.notion.com/p/Food-1de52a1550c1808585f7c8d0cbbab341?pvs=21),General (https://app.notion.com/p/General-1fe52a1550c180d89a84f6b6694a42f5?pvs=21),-3451
2024/12/10,屈臣氏,,"NT$1,152.00",Cosmetics (https://app.notion.com/p/Cosmetics-1de52a1550c181cb93fdfe1a610bf352?pvs=21),Dream (https://app.notion.com/p/Dream-1de52a1550c180a4bc6eee5e921cbc2d?pvs=21),153999
2024/12/10,第二春滷味,,NT$450.00,Food (https://app.notion.com/p/Food-1de52a1550c1808585f7c8d0cbbab341?pvs=21),General (https://app.notion.com/p/General-1fe52a1550c180d89a84f6b6694a42f5?pvs=21),-3102
2024/12/10,玉蘭,,NT$55.00,Food (https://app.notion.com/p/Food-1de52a1550c1808585f7c8d0cbbab341?pvs=21),General (https://app.notion.com/p/General-1fe52a1550c180d89a84f6b6694a42f5?pvs=21),-3102
2024/12/09,石二鍋,,NT$554.00,Food (https://app.notion.com/p/Food-1de52a1550c1808585f7c8d0cbbab341?pvs=21),General (https://app.notion.com/p/General-1fe52a1550c180d89a84f6b6694a42f5?pvs=21),-2597
2024/12/08,豪泰客運,新竹台北來回,NT$320.00,Traffic (https://app.notion.com/p/Traffic-1de52a1550c1807b8ff6e40f804e1127?pvs=21),Dream (https://app.notion.com/p/Dream-1de52a1550c180a4bc6eee5e921cbc2d?pvs=21),137351
2024/12/08,嶼木,,NT$390.00,Food (https://app.notion.com/p/Food-1de52a1550c1808585f7c8d0cbbab341?pvs=21),General (https://app.notion.com/p/General-1fe52a1550c180d89a84f6b6694a42f5?pvs=21),-2043
2024/12/08,嵐鮮早午餐,,NT$165.00,Food (https://app.notion.com/p/Food-1de52a1550c1808585f7c8d0cbbab341?pvs=21),General (https://app.notion.com/p/General-1fe52a1550c180d89a84f6b6694a42f5?pvs=21),-2043
2024/12/08,東門雞肉飯,,NT$320.00,Food (https://app.notion.com/p/Food-1de52a1550c1808585f7c8d0cbbab341?pvs=21),General (https://app.notion.com/p/General-1fe52a1550c180d89a84f6b6694a42f5?pvs=21),-2043
2024/12/07,草本茶,,NT$180.00,Food (https://app.notion.com/p/Food-1de52a1550c1808585f7c8d0cbbab341?pvs=21),General (https://app.notion.com/p/General-1fe52a1550c180d89a84f6b6694a42f5?pvs=21),-1168
2024/12/07,大埔鐵板燒,,NT$555.00,Food (https://app.notion.com/p/Food-1de52a1550c1808585f7c8d0cbbab341?pvs=21),General (https://app.notion.com/p/General-1fe52a1550c180d89a84f6b6694a42f5?pvs=21),-1168
2024/12/06,豪泰客運,台北新竹,NT$160.00,Traffic (https://app.notion.com/p/Traffic-1de52a1550c1807b8ff6e40f804e1127?pvs=21),General (https://app.notion.com/p/General-1fe52a1550c180d89a84f6b6694a42f5?pvs=21),-433
2024/12/06,燻茶滷味,,NT$200.00,Food (https://app.notion.com/p/Food-1de52a1550c1808585f7c8d0cbbab341?pvs=21),General (https://app.notion.com/p/General-1fe52a1550c180d89a84f6b6694a42f5?pvs=21),-433
2024/12/05,Readmoo,,"NT$1,000.00",Learning (https://app.notion.com/p/Learning-1de52a1550c181fba52ed20f1907d909?pvs=21),Dream (https://app.notion.com/p/Dream-1de52a1550c180a4bc6eee5e921cbc2d?pvs=21),137671
2024/12/05,台鐵,新竹台北,NT$140.00,Traffic (https://app.notion.com/p/Traffic-1de52a1550c1807b8ff6e40f804e1127?pvs=21),General (https://app.notion.com/p/General-1fe52a1550c180d89a84f6b6694a42f5?pvs=21),-73
2024/12/04,Spotify月費,,NT$202.00,Fun (https://app.notion.com/p/Fun-1de52a1550c180f197e2ff3116ec3fa2?pvs=21),General (https://app.notion.com/p/General-1fe52a1550c180d89a84f6b6694a42f5?pvs=21),67
2024/12/04,蔣好的味道,,NT$390.00,Food (https://app.notion.com/p/Food-1de52a1550c1808585f7c8d0cbbab341?pvs=21),General (https://app.notion.com/p/General-1fe52a1550c180d89a84f6b6694a42f5?pvs=21),67
2024/12/04,康是美,髮油,NT$250.00,Clothes (https://app.notion.com/p/Clothes-1de52a1550c181c098ebee3f08c04f38?pvs=21),Dream (https://app.notion.com/p/Dream-1de52a1550c180a4bc6eee5e921cbc2d?pvs=21),138671
2024/12/02,2024汽車停車位,,"NT$2,500.00",Traffic (https://app.notion.com/p/Traffic-1de52a1550c1807b8ff6e40f804e1127?pvs=21),Savings (https://app.notion.com/p/Savings-1de52a1550c18029b280dc7d9d36cb03?pvs=21),374425
2024/12/02,勞保費,"
","NT$1,100.00",Insurance (https://app.notion.com/p/Insurance-1de52a1550c181f09d1dfb6d85985a86?pvs=21),Fixed (https://app.notion.com/p/Fixed-1de52a1550c180f19995d25cbc6f1038?pvs=21),21882
2024/12/02,健保費,"
","NT$1,036.00",Insurance (https://app.notion.com/p/Insurance-1de52a1550c181f09d1dfb6d85985a86?pvs=21),Fixed (https://app.notion.com/p/Fixed-1de52a1550c180f19995d25cbc6f1038?pvs=21),21882
2024/12/02,匯給媽,"
","NT$6,000.00",Family (https://app.notion.com/p/Family-1de52a1550c181faa107fcc0a73d8120?pvs=21),Fixed (https://app.notion.com/p/Fixed-1de52a1550c180f19995d25cbc6f1038?pvs=21),21882
2024/12/02,房租,,"NT$7,250.00",Groceries (https://app.notion.com/p/Groceries-1de52a1550c180c6be6cdfaeb95cee9a?pvs=21),Fixed (https://app.notion.com/p/Fixed-1de52a1550c180f19995d25cbc6f1038?pvs=21),21882
2024/12/01,星巴克,美式咖啡,NT$120.00,Food (https://app.notion.com/p/Food-1de52a1550c1808585f7c8d0cbbab341?pvs=21),General (https://app.notion.com/p/General-1fe52a1550c180d89a84f6b6694a42f5?pvs=21),-13878
2024/12/01,全聯,,NT$545.00,Food (https://app.notion.com/p/Food-1de52a1550c1808585f7c8d0cbbab341?pvs=21),General (https://app.notion.com/p/General-1fe52a1550c180d89a84f6b6694a42f5?pvs=21),-13878
2024/12/01,Costco,風倍清觸霉,NT$439.00,Groceries (https://app.notion.com/p/Groceries-1de52a1550c180c6be6cdfaeb95cee9a?pvs=21),Dream (https://app.notion.com/p/Dream-1de52a1550c180a4bc6eee5e921cbc2d?pvs=21),131632
2024/12/01,Costco,義美厚奶茶,NT$119.00,Food (https://app.notion.com/p/Food-1de52a1550c1808585f7c8d0cbbab341?pvs=21),General (https://app.notion.com/p/General-1fe52a1550c180d89a84f6b6694a42f5?pvs=21),-13878
2024/12/01,東南街湯包,,NT$150.00,Food (https://app.notion.com/p/Food-1de52a1550c1808585f7c8d0cbbab341?pvs=21),General (https://app.notion.com/p/General-1fe52a1550c180d89a84f6b6694a42f5?pvs=21),-13878
2024/11/30,春水堂,,NT$852.00,Food (https://app.notion.com/p/Food-1de52a1550c1808585f7c8d0cbbab341?pvs=21),General (https://app.notion.com/p/General-1fe52a1550c180d89a84f6b6694a42f5?pvs=21),-12944
2024/11/30,羽球場地,,NT$300.00,Health (https://app.notion.com/p/Health-1de52a1550c180948ad5c45ef59a5bb8?pvs=21),Dream (https://app.notion.com/p/Dream-1de52a1550c180a4bc6eee5e921cbc2d?pvs=21),132071
2024/11/30,阿財關東煮,,NT$260.00,Food (https://app.notion.com/p/Food-1de52a1550c1808585f7c8d0cbbab341?pvs=21),General (https://app.notion.com/p/General-1fe52a1550c180d89a84f6b6694a42f5?pvs=21),-12944
2024/11/30,老豆花,,NT$105.00,Food (https://app.notion.com/p/Food-1de52a1550c1808585f7c8d0cbbab341?pvs=21),General (https://app.notion.com/p/General-1fe52a1550c180d89a84f6b6694a42f5?pvs=21),-12944
2024/11/29,竹東排骨酥,,NT$620.00,Food (https://app.notion.com/p/Food-1de52a1550c1808585f7c8d0cbbab341?pvs=21),General (https://app.notion.com/p/General-1fe52a1550c180d89a84f6b6694a42f5?pvs=21),-11727
2024/11/29,Costco,,"NT$1,012.00",Food (https://app.notion.com/p/Food-1de52a1550c1808585f7c8d0cbbab341?pvs=21),General (https://app.notion.com/p/General-1fe52a1550c180d89a84f6b6694a42f5?pvs=21),-11727
2024/11/29,Costco,漱口水,NT$529.00,Groceries (https://app.notion.com/p/Groceries-1de52a1550c180c6be6cdfaeb95cee9a?pvs=21),Dream (https://app.notion.com/p/Dream-1de52a1550c180a4bc6eee5e921cbc2d?pvs=21),132371
2024/11/28,老范放山土雞,,NT$798.00,Food (https://app.notion.com/p/Food-1de52a1550c1808585f7c8d0cbbab341?pvs=21),General (https://app.notion.com/p/General-1fe52a1550c180d89a84f6b6694a42f5?pvs=21),-10095
2024/11/27,丐幫滷味,,NT$180.00,Food (https://app.notion.com/p/Food-1de52a1550c1808585f7c8d0cbbab341?pvs=21),General (https://app.notion.com/p/General-1fe52a1550c180d89a84f6b6694a42f5?pvs=21),-9297
2024/11/24,漫時光,,NT$224.00,Food (https://app.notion.com/p/Food-1de52a1550c1808585f7c8d0cbbab341?pvs=21),General (https://app.notion.com/p/General-1fe52a1550c180d89a84f6b6694a42f5?pvs=21),-9117
2024/11/24,老瀋陽酸菜白肉鍋,,"NT$1,073.00",Food (https://app.notion.com/p/Food-1de52a1550c1808585f7c8d0cbbab341?pvs=21),General (https://app.notion.com/p/General-1fe52a1550c180d89a84f6b6694a42f5?pvs=21),-9117
2024/11/23,卡莎米義大利麵,,NT$300.00,Food (https://app.notion.com/p/Food-1de52a1550c1808585f7c8d0cbbab341?pvs=21),General (https://app.notion.com/p/General-1fe52a1550c180d89a84f6b6694a42f5?pvs=21),-7820
2024/11/21,Foreign,Luna4,"NT$3,816.00",Cosmetics (https://app.notion.com/p/Cosmetics-1de52a1550c181cb93fdfe1a610bf352?pvs=21),Dream (https://app.notion.com/p/Dream-1de52a1550c180a4bc6eee5e921cbc2d?pvs=21),132900
2024/11/21,全聯,,NT$628.00,Food (https://app.notion.com/p/Food-1de52a1550c1808585f7c8d0cbbab341?pvs=21),General (https://app.notion.com/p/General-1fe52a1550c180d89a84f6b6694a42f5?pvs=21),-7520
2024/11/21,小販部,,NT$40.00,Food (https://app.notion.com/p/Food-1de52a1550c1808585f7c8d0cbbab341?pvs=21),General (https://app.notion.com/p/General-1fe52a1550c180d89a84f6b6694a42f5?pvs=21),-7520
2024/11/20,丐幫滷味,,NT$220.00,Food (https://app.notion.com/p/Food-1de52a1550c1808585f7c8d0cbbab341?pvs=21),General (https://app.notion.com/p/General-1fe52a1550c180d89a84f6b6694a42f5?pvs=21),-6852
2024/11/19,全聯,,NT$220.00,Food (https://app.notion.com/p/Food-1de52a1550c1808585f7c8d0cbbab341?pvs=21),General (https://app.notion.com/p/General-1fe52a1550c180d89a84f6b6694a42f5?pvs=21),-6632
2024/11/17,五桐號,,NT$110.00,Food (https://app.notion.com/p/Food-1de52a1550c1808585f7c8d0cbbab341?pvs=21),General (https://app.notion.com/p/General-1fe52a1550c180d89a84f6b6694a42f5?pvs=21),-6412
2024/11/17,台鐵,花蓮台北,NT$440.00,Traffic (https://app.notion.com/p/Traffic-1de52a1550c1807b8ff6e40f804e1127?pvs=21),Dream (https://app.notion.com/p/Dream-1de52a1550c180a4bc6eee5e921cbc2d?pvs=21),139216
2024/11/17,大心,,NT$360.00,Food (https://app.notion.com/p/Food-1de52a1550c1808585f7c8d0cbbab341?pvs=21),General (https://app.notion.com/p/General-1fe52a1550c180d89a84f6b6694a42f5?pvs=21),-6412
2024/11/17,龜記,,NT$185.00,Food (https://app.notion.com/p/Food-1de52a1550c1808585f7c8d0cbbab341?pvs=21),General (https://app.notion.com/p/General-1fe52a1550c180d89a84f6b6694a42f5?pvs=21),-6412
2024/11/17,韓姜熙小廚房,,NT$467.00,Food (https://app.notion.com/p/Food-1de52a1550c1808585f7c8d0cbbab341?pvs=21),General (https://app.notion.com/p/General-1fe52a1550c180d89a84f6b6694a42f5?pvs=21),-6412
2024/11/15,台鐵,台北花蓮,NT$440.00,Traffic (https://app.notion.com/p/Traffic-1de52a1550c1807b8ff6e40f804e1127?pvs=21),Dream (https://app.notion.com/p/Dream-1de52a1550c180a4bc6eee5e921cbc2d?pvs=21),139656
2024/11/15,中華電信手機費,,NT$0.00,Fun (https://app.notion.com/p/Fun-1de52a1550c180f197e2ff3116ec3fa2?pvs=21),General (https://app.notion.com/p/General-1fe52a1550c180d89a84f6b6694a42f5?pvs=21),-8290
2024/11/15,麥當勞,,NT$250.00,Food (https://app.notion.com/p/Food-1de52a1550c1808585f7c8d0cbbab341?pvs=21),General (https://app.notion.com/p/General-1fe52a1550c180d89a84f6b6694a42f5?pvs=21),-8290
2024/11/15,中華電信網路費,,NT$848.00,Fun (https://app.notion.com/p/Fun-1de52a1550c180f197e2ff3116ec3fa2?pvs=21),General (https://app.notion.com/p/General-1fe52a1550c180d89a84f6b6694a42f5?pvs=21),-8290
2024/11/15,台鐵,新竹台北,NT$177.00,Traffic (https://app.notion.com/p/Traffic-1de52a1550c1807b8ff6e40f804e1127?pvs=21),Dream (https://app.notion.com/p/Dream-1de52a1550c180a4bc6eee5e921cbc2d?pvs=21),139656
2024/11/15,全家,,NT$127.00,Food (https://app.notion.com/p/Food-1de52a1550c1808585f7c8d0cbbab341?pvs=21),General (https://app.notion.com/p/General-1fe52a1550c180d89a84f6b6694a42f5?pvs=21),-8290
2024/11/14,Costco,,NT$772.00,Food (https://app.notion.com/p/Food-1de52a1550c1808585f7c8d0cbbab341?pvs=21),General (https://app.notion.com/p/General-1fe52a1550c180d89a84f6b6694a42f5?pvs=21),-7065
2024/11/14,大埔鐵板燒,,NT$560.00,Food (https://app.notion.com/p/Food-1de52a1550c1808585f7c8d0cbbab341?pvs=21),General (https://app.notion.com/p/General-1fe52a1550c180d89a84f6b6694a42f5?pvs=21),-7065
2024/11/14,草本茶,,NT$115.00,Food (https://app.notion.com/p/Food-1de52a1550c1808585f7c8d0cbbab341?pvs=21),General (https://app.notion.com/p/General-1fe52a1550c180d89a84f6b6694a42f5?pvs=21),-7065
2024/11/14,Costco,,NT$50.00,Food (https://app.notion.com/p/Food-1de52a1550c1808585f7c8d0cbbab341?pvs=21),General (https://app.notion.com/p/General-1fe52a1550c180d89a84f6b6694a42f5?pvs=21),-7065
2024/11/12,白鬍子牛排,,NT$410.00,Food (https://app.notion.com/p/Food-1de52a1550c1808585f7c8d0cbbab341?pvs=21),General (https://app.notion.com/p/General-1fe52a1550c180d89a84f6b6694a42f5?pvs=21),-5568
2024/11/11,全聯,,NT$226.00,Food (https://app.notion.com/p/Food-1de52a1550c1808585f7c8d0cbbab341?pvs=21),General (https://app.notion.com/p/General-1fe52a1550c180d89a84f6b6694a42f5?pvs=21),-5158
2024/11/10,烏弄,,NT$70.00,Food (https://app.notion.com/p/Food-1de52a1550c1808585f7c8d0cbbab341?pvs=21),General (https://app.notion.com/p/General-1fe52a1550c180d89a84f6b6694a42f5?pvs=21),-4932
2024/11/10,木木食堂,,NT$480.00,Food (https://app.notion.com/p/Food-1de52a1550c1808585f7c8d0cbbab341?pvs=21),General (https://app.notion.com/p/General-1fe52a1550c180d89a84f6b6694a42f5?pvs=21),-4932
2024/11/10,全聯,,NT$633.00,Food (https://app.notion.com/p/Food-1de52a1550c1808585f7c8d0cbbab341?pvs=21),General (https://app.notion.com/p/General-1fe52a1550c180d89a84f6b6694a42f5?pvs=21),-4932
2024/11/09,7-11,,NT$215.00,Food (https://app.notion.com/p/Food-1de52a1550c1808585f7c8d0cbbab341?pvs=21),General (https://app.notion.com/p/General-1fe52a1550c180d89a84f6b6694a42f5?pvs=21),-3749
2024/11/09,薰衣草森林,門票+舒緩霜,NT$820.00,Health (https://app.notion.com/p/Health-1de52a1550c180948ad5c45ef59a5bb8?pvs=21),Dream (https://app.notion.com/p/Dream-1de52a1550c180a4bc6eee5e921cbc2d?pvs=21),125273
2024/11/08,點爭鮮,,NT$960.00,Food (https://app.notion.com/p/Food-1de52a1550c1808585f7c8d0cbbab341?pvs=21),General (https://app.notion.com/p/General-1fe52a1550c180d89a84f6b6694a42f5?pvs=21),-3534
2024/11/08,老豆花,,NT$60.00,Food (https://app.notion.com/p/Food-1de52a1550c1808585f7c8d0cbbab341?pvs=21),General (https://app.notion.com/p/General-1fe52a1550c180d89a84f6b6694a42f5?pvs=21),-3534
2024/11/08,鶖茶,,NT$45.00,Food (https://app.notion.com/p/Food-1de52a1550c1808585f7c8d0cbbab341?pvs=21),General (https://app.notion.com/p/General-1fe52a1550c180d89a84f6b6694a42f5?pvs=21),-3534
2024/11/08,Travel blue,頸枕*5,"NT$3,283.00",Family (https://app.notion.com/p/Family-1de52a1550c181faa107fcc0a73d8120?pvs=21),Dream (https://app.notion.com/p/Dream-1de52a1550c180a4bc6eee5e921cbc2d?pvs=21),126093
2024/11/08,全聯,,NT$119.00,Food (https://app.notion.com/p/Food-1de52a1550c1808585f7c8d0cbbab341?pvs=21),General (https://app.notion.com/p/General-1fe52a1550c180d89a84f6b6694a42f5?pvs=21),-3534
2024/11/07,綜合麻辣臭豆腐,,NT$70.00,Food (https://app.notion.com/p/Food-1de52a1550c1808585f7c8d0cbbab341?pvs=21),General (https://app.notion.com/p/General-1fe52a1550c180d89a84f6b6694a42f5?pvs=21),-2350
2024/11/07,旗魚黑輪,,NT$60.00,Food (https://app.notion.com/p/Food-1de52a1550c1808585f7c8d0cbbab341?pvs=21),General (https://app.notion.com/p/General-1fe52a1550c180d89a84f6b6694a42f5?pvs=21),-2350
2024/11/07,第二春滷味,,NT$340.00,Food (https://app.notion.com/p/Food-1de52a1550c1808585f7c8d0cbbab341?pvs=21),General (https://app.notion.com/p/General-1fe52a1550c180d89a84f6b6694a42f5?pvs=21),-2350
2024/11/06,全聯,,NT$597.00,Food (https://app.notion.com/p/Food-1de52a1550c1808585f7c8d0cbbab341?pvs=21),General (https://app.notion.com/p/General-1fe52a1550c180d89a84f6b6694a42f5?pvs=21),-1880
2024/11/06,7-11,,NT$65.00,Food (https://app.notion.com/p/Food-1de52a1550c1808585f7c8d0cbbab341?pvs=21),General (https://app.notion.com/p/General-1fe52a1550c180d89a84f6b6694a42f5?pvs=21),-1880
2024/11/06,加油費,,NT$163.00,Traffic (https://app.notion.com/p/Traffic-1de52a1550c1807b8ff6e40f804e1127?pvs=21),General (https://app.notion.com/p/General-1fe52a1550c180d89a84f6b6694a42f5?pvs=21),-1880
2024/11/05,匯給媽,"
","NT$6,000.00",Family (https://app.notion.com/p/Family-1de52a1550c181faa107fcc0a73d8120?pvs=21),Fixed (https://app.notion.com/p/Fixed-1de52a1550c180f19995d25cbc6f1038?pvs=21),17747
2024/11/05,7-11,,NT$65.00,Food (https://app.notion.com/p/Food-1de52a1550c1808585f7c8d0cbbab341?pvs=21),General (https://app.notion.com/p/General-1fe52a1550c180d89a84f6b6694a42f5?pvs=21),-1055
2024/11/05,東門雞肉飯,,NT$360.00,Food (https://app.notion.com/p/Food-1de52a1550c1808585f7c8d0cbbab341?pvs=21),General (https://app.notion.com/p/General-1fe52a1550c180d89a84f6b6694a42f5?pvs=21),-1055
2024/11/04,Spotify月費,,NT$202.00,Fun (https://app.notion.com/p/Fun-1de52a1550c180f197e2ff3116ec3fa2?pvs=21),General (https://app.notion.com/p/General-1fe52a1550c180d89a84f6b6694a42f5?pvs=21),-630
2024/11/04,太河拉麵,,NT$500.00,Food (https://app.notion.com/p/Food-1de52a1550c1808585f7c8d0cbbab341?pvs=21),General (https://app.notion.com/p/General-1fe52a1550c180d89a84f6b6694a42f5?pvs=21),-630
2024/11/04,7-11,,NT$108.00,Food (https://app.notion.com/p/Food-1de52a1550c1808585f7c8d0cbbab341?pvs=21),General (https://app.notion.com/p/General-1fe52a1550c180d89a84f6b6694a42f5?pvs=21),-630
2024/11/02,潤餅,,NT$40.00,Food (https://app.notion.com/p/Food-1de52a1550c1808585f7c8d0cbbab341?pvs=21),General (https://app.notion.com/p/General-1fe52a1550c180d89a84f6b6694a42f5?pvs=21),-5389
2024/11/02,圓山松鶴餐廳,,"NT$1,520.00",Food (https://app.notion.com/p/Food-1de52a1550c1808585f7c8d0cbbab341?pvs=21),Dream (https://app.notion.com/p/Dream-1de52a1550c180a4bc6eee5e921cbc2d?pvs=21),131108
2024/11/02,圓山西密道,,NT$400.00,Travel (https://app.notion.com/p/Travel-1de52a1550c18102a04df0c968556b0b?pvs=21),Dream (https://app.notion.com/p/Dream-1de52a1550c180a4bc6eee5e921cbc2d?pvs=21),131108
2024/11/02,好樂迪,,"NT$1,109.00",Fun (https://app.notion.com/p/Fun-1de52a1550c180f197e2ff3116ec3fa2?pvs=21),Couple's (https://app.notion.com/p/Couple-s-1de52a1550c181d39de7eebc343b38cd?pvs=21),2611
2024/11/01,健保費,"
","NT$1,036.00",Insurance (https://app.notion.com/p/Insurance-1de52a1550c181f09d1dfb6d85985a86?pvs=21),Fixed (https://app.notion.com/p/Fixed-1de52a1550c180f19995d25cbc6f1038?pvs=21),23747
2024/11/01,勞保費,"
","NT$1,100.00",Insurance (https://app.notion.com/p/Insurance-1de52a1550c181f09d1dfb6d85985a86?pvs=21),Fixed (https://app.notion.com/p/Fixed-1de52a1550c180f19995d25cbc6f1038?pvs=21),23747
2024/11/01,2024汽車停車位,,"NT$2,500.00",Traffic (https://app.notion.com/p/Traffic-1de52a1550c1807b8ff6e40f804e1127?pvs=21),Savings (https://app.notion.com/p/Savings-1de52a1550c18029b280dc7d9d36cb03?pvs=21),370418
2024/11/01,房租,,"NT$7,250.00",Groceries (https://app.notion.com/p/Groceries-1de52a1550c180c6be6cdfaeb95cee9a?pvs=21),Fixed (https://app.notion.com/p/Fixed-1de52a1550c180f19995d25cbc6f1038?pvs=21),23747
2024/11/01,圓山大飯店,,"NT$5,472.00",Social (https://app.notion.com/p/Social-1de52a1550c180eaa21cea69f136a638?pvs=21),Dream (https://app.notion.com/p/Dream-1de52a1550c180a4bc6eee5e921cbc2d?pvs=21),133028
2024/11/01,村民食堂,,"NT$1,386.00",Food (https://app.notion.com/p/Food-1de52a1550c1808585f7c8d0cbbab341?pvs=21),Dream (https://app.notion.com/p/Dream-1de52a1550c180a4bc6eee5e921cbc2d?pvs=21),133028
2024/11/01,CitySuper,沐浴球,NT$399.00,Travel (https://app.notion.com/p/Travel-1de52a1550c18102a04df0c968556b0b?pvs=21),Dream (https://app.notion.com/p/Dream-1de52a1550c180a4bc6eee5e921cbc2d?pvs=21),133028
2024/11/01,加油費,,"NT$1,580.00",Traffic (https://app.notion.com/p/Traffic-1de52a1550c1807b8ff6e40f804e1127?pvs=21),Dream (https://app.notion.com/p/Dream-1de52a1550c180a4bc6eee5e921cbc2d?pvs=21),133028
2024/11/01,Relove,除毛膏,NT$639.00,Cosmetics (https://app.notion.com/p/Cosmetics-1de52a1550c181cb93fdfe1a610bf352?pvs=21),Dream (https://app.notion.com/p/Dream-1de52a1550c180a4bc6eee5e921cbc2d?pvs=21),133028
2024/11/01,全家,,NT$400.00,Food (https://app.notion.com/p/Food-1de52a1550c1808585f7c8d0cbbab341?pvs=21),General (https://app.notion.com/p/General-1fe52a1550c180d89a84f6b6694a42f5?pvs=21),-5349
2024/11/01,停車費,,NT$100.00,Traffic (https://app.notion.com/p/Traffic-1de52a1550c1807b8ff6e40f804e1127?pvs=21),Dream (https://app.notion.com/p/Dream-1de52a1550c180a4bc6eee5e921cbc2d?pvs=21),133028
2024/10/31,麥當勞,,NT$50.00,Food (https://app.notion.com/p/Food-1de52a1550c1808585f7c8d0cbbab341?pvs=21),General (https://app.notion.com/p/General-1fe52a1550c180d89a84f6b6694a42f5?pvs=21),-15963
2024/10/30,上宇林,,NT$140.00,Food (https://app.notion.com/p/Food-1de52a1550c1808585f7c8d0cbbab341?pvs=21),Dream (https://app.notion.com/p/Dream-1de52a1550c180a4bc6eee5e921cbc2d?pvs=21),136097
2024/10/30,京座燒肉,藜生日,"NT$2,200.00",Food (https://app.notion.com/p/Food-1de52a1550c1808585f7c8d0cbbab341?pvs=21),Dream (https://app.notion.com/p/Dream-1de52a1550c180a4bc6eee5e921cbc2d?pvs=21),136097
2024/10/29,竹東排骨酥,,NT$463.00,Food (https://app.notion.com/p/Food-1de52a1550c1808585f7c8d0cbbab341?pvs=21),General (https://app.notion.com/p/General-1fe52a1550c180d89a84f6b6694a42f5?pvs=21),-15913
2024/10/28,全聯,,NT$79.00,Food (https://app.notion.com/p/Food-1de52a1550c1808585f7c8d0cbbab341?pvs=21),General (https://app.notion.com/p/General-1fe52a1550c180d89a84f6b6694a42f5?pvs=21),-15450
2024/10/28,麥當勞,,NT$222.00,Food (https://app.notion.com/p/Food-1de52a1550c1808585f7c8d0cbbab341?pvs=21),General (https://app.notion.com/p/General-1fe52a1550c180d89a84f6b6694a42f5?pvs=21),-15450
2024/10/27,麥當勞,,NT$362.00,Food (https://app.notion.com/p/Food-1de52a1550c1808585f7c8d0cbbab341?pvs=21),General (https://app.notion.com/p/General-1fe52a1550c180d89a84f6b6694a42f5?pvs=21),-15149
2024/10/27,ETC,,NT$235.00,Traffic (https://app.notion.com/p/Traffic-1de52a1550c1807b8ff6e40f804e1127?pvs=21),Dream (https://app.notion.com/p/Dream-1de52a1550c180a4bc6eee5e921cbc2d?pvs=21),138437
2024/10/27,阿財米食,,NT$855.00,Food (https://app.notion.com/p/Food-1de52a1550c1808585f7c8d0cbbab341?pvs=21),General (https://app.notion.com/p/General-1fe52a1550c180d89a84f6b6694a42f5?pvs=21),-15149
2024/10/25,阿婆早餐,,NT$55.00,Food (https://app.notion.com/p/Food-1de52a1550c1808585f7c8d0cbbab341?pvs=21),General (https://app.notion.com/p/General-1fe52a1550c180d89a84f6b6694a42f5?pvs=21),-13932
2024/10/25,電費,,"NT$3,800.00",Groceries (https://app.notion.com/p/Groceries-1de52a1550c180c6be6cdfaeb95cee9a?pvs=21),General (https://app.notion.com/p/General-1fe52a1550c180d89a84f6b6694a42f5?pvs=21),-13932
2024/10/25,水費,,NT$291.00,Groceries (https://app.notion.com/p/Groceries-1de52a1550c180c6be6cdfaeb95cee9a?pvs=21),General (https://app.notion.com/p/General-1fe52a1550c180d89a84f6b6694a42f5?pvs=21),-13932
2024/10/25,ETC,,NT$223.00,Traffic (https://app.notion.com/p/Traffic-1de52a1550c1807b8ff6e40f804e1127?pvs=21),Dream (https://app.notion.com/p/Dream-1de52a1550c180a4bc6eee5e921cbc2d?pvs=21),137872
2024/10/25,加油費,,"NT$1,550.00",Traffic (https://app.notion.com/p/Traffic-1de52a1550c1807b8ff6e40f804e1127?pvs=21),Dream (https://app.notion.com/p/Dream-1de52a1550c180a4bc6eee5e921cbc2d?pvs=21),137872
2024/10/23,丐幫滷味,,NT$185.00,Food (https://app.notion.com/p/Food-1de52a1550c1808585f7c8d0cbbab341?pvs=21),General (https://app.notion.com/p/General-1fe52a1550c180d89a84f6b6694a42f5?pvs=21),-9786
2024/10/21,麵包,,NT$60.00,Food (https://app.notion.com/p/Food-1de52a1550c1808585f7c8d0cbbab341?pvs=21),General (https://app.notion.com/p/General-1fe52a1550c180d89a84f6b6694a42f5?pvs=21),-9601
2024/10/21,全聯,,NT$668.00,Food (https://app.notion.com/p/Food-1de52a1550c1808585f7c8d0cbbab341?pvs=21),General (https://app.notion.com/p/General-1fe52a1550c180d89a84f6b6694a42f5?pvs=21),-9601
2024/10/20,陳阿姨火鍋灶咖,,"NT$1,480.00",Food (https://app.notion.com/p/Food-1de52a1550c1808585f7c8d0cbbab341?pvs=21),Couple's (https://app.notion.com/p/Couple-s-1de52a1550c181d39de7eebc343b38cd?pvs=21),2520
2024/10/19,嵐鮮早午餐,,NT$220.00,Food (https://app.notion.com/p/Food-1de52a1550c1808585f7c8d0cbbab341?pvs=21),General (https://app.notion.com/p/General-1fe52a1550c180d89a84f6b6694a42f5?pvs=21),-8873
2024/10/18,全聯,,NT$316.00,Food (https://app.notion.com/p/Food-1de52a1550c1808585f7c8d0cbbab341?pvs=21),General (https://app.notion.com/p/General-1fe52a1550c180d89a84f6b6694a42f5?pvs=21),-8653
2024/10/17,Costco,,NT$149.00,Food (https://app.notion.com/p/Food-1de52a1550c1808585f7c8d0cbbab341?pvs=21),General (https://app.notion.com/p/General-1fe52a1550c180d89a84f6b6694a42f5?pvs=21),-8337
2024/10/17,Costco,維他命D3、維他命C,NT$754.00,Health (https://app.notion.com/p/Health-1de52a1550c180948ad5c45ef59a5bb8?pvs=21),Dream (https://app.notion.com/p/Dream-1de52a1550c180a4bc6eee5e921cbc2d?pvs=21),139645
2024/10/17,Costco,青花椒牛肉麵,NT$358.00,Food (https://app.notion.com/p/Food-1de52a1550c1808585f7c8d0cbbab341?pvs=21),General (https://app.notion.com/p/General-1fe52a1550c180d89a84f6b6694a42f5?pvs=21),-8337
2024/10/17,Costco,Areil洗衣精補充包,NT$679.00,Groceries (https://app.notion.com/p/Groceries-1de52a1550c180c6be6cdfaeb95cee9a?pvs=21),Dream (https://app.notion.com/p/Dream-1de52a1550c180a4bc6eee5e921cbc2d?pvs=21),139645
2024/10/15,中華電信手機費,,NT$65.00,Fun (https://app.notion.com/p/Fun-1de52a1550c180f197e2ff3116ec3fa2?pvs=21),General (https://app.notion.com/p/General-1fe52a1550c180d89a84f6b6694a42f5?pvs=21),-7830
2024/10/15,中華電信網路費,,NT$848.00,Fun (https://app.notion.com/p/Fun-1de52a1550c180f197e2ff3116ec3fa2?pvs=21),General (https://app.notion.com/p/General-1fe52a1550c180d89a84f6b6694a42f5?pvs=21),-7830
2024/10/15,Steam,Planet crafter,NT$244.00,Fun (https://app.notion.com/p/Fun-1de52a1550c180f197e2ff3116ec3fa2?pvs=21),Dream (https://app.notion.com/p/Dream-1de52a1550c180a4bc6eee5e921cbc2d?pvs=21),141078
2024/10/15,加油費,,NT$154.00,Traffic (https://app.notion.com/p/Traffic-1de52a1550c1807b8ff6e40f804e1127?pvs=21),General (https://app.notion.com/p/General-1fe52a1550c180d89a84f6b6694a42f5?pvs=21),-7830
2024/10/15,東門雞肉飯,,NT$300.00,Food (https://app.notion.com/p/Food-1de52a1550c1808585f7c8d0cbbab341?pvs=21),General (https://app.notion.com/p/General-1fe52a1550c180d89a84f6b6694a42f5?pvs=21),-7830
2024/10/15,水豚麥胖,,NT$180.00,Food (https://app.notion.com/p/Food-1de52a1550c1808585f7c8d0cbbab341?pvs=21),General (https://app.notion.com/p/General-1fe52a1550c180d89a84f6b6694a42f5?pvs=21),-7830
2024/10/14,全聯,上山採藥洗髮精,NT$239.00,Groceries (https://app.notion.com/p/Groceries-1de52a1550c180c6be6cdfaeb95cee9a?pvs=21),Dream (https://app.notion.com/p/Dream-1de52a1550c180a4bc6eee5e921cbc2d?pvs=21),141322
2024/10/14,全聯,,NT$339.00,Food (https://app.notion.com/p/Food-1de52a1550c1808585f7c8d0cbbab341?pvs=21),General (https://app.notion.com/p/General-1fe52a1550c180d89a84f6b6694a42f5?pvs=21),-6283
2024/10/13,Costco,老協珍米漢堡,NT$399.00,Food (https://app.notion.com/p/Food-1de52a1550c1808585f7c8d0cbbab341?pvs=21),General (https://app.notion.com/p/General-1fe52a1550c180d89a84f6b6694a42f5?pvs=21),-5944
2024/10/13,Costco,威德益生菌,"NT$1,917.00",Health (https://app.notion.com/p/Health-1de52a1550c180948ad5c45ef59a5bb8?pvs=21),General (https://app.notion.com/p/General-1fe52a1550c180d89a84f6b6694a42f5?pvs=21),-5944
2024/10/13,Costco,綜合壽司組合,NT$369.00,Food (https://app.notion.com/p/Food-1de52a1550c1808585f7c8d0cbbab341?pvs=21),General (https://app.notion.com/p/General-1fe52a1550c180d89a84f6b6694a42f5?pvs=21),-5944
2024/10/13,Costco,手工黃金芝麻醬,NT$279.00,Food (https://app.notion.com/p/Food-1de52a1550c1808585f7c8d0cbbab341?pvs=21),General (https://app.notion.com/p/General-1fe52a1550c180d89a84f6b6694a42f5?pvs=21),-5944
2024/10/13,麵匡匡,,NT$485.00,Food (https://app.notion.com/p/Food-1de52a1550c1808585f7c8d0cbbab341?pvs=21),General (https://app.notion.com/p/General-1fe52a1550c180d89a84f6b6694a42f5?pvs=21),-5944
2024/10/13,酵想,,NT$295.00,Food (https://app.notion.com/p/Food-1de52a1550c1808585f7c8d0cbbab341?pvs=21),General (https://app.notion.com/p/General-1fe52a1550c180d89a84f6b6694a42f5?pvs=21),-5944
2024/10/12,月亮先生,,NT$677.00,Food (https://app.notion.com/p/Food-1de52a1550c1808585f7c8d0cbbab341?pvs=21),General (https://app.notion.com/p/General-1fe52a1550c180d89a84f6b6694a42f5?pvs=21),-2200
2024/10/12,玉蘭,,NT$100.00,Food (https://app.notion.com/p/Food-1de52a1550c1808585f7c8d0cbbab341?pvs=21),General (https://app.notion.com/p/General-1fe52a1550c180d89a84f6b6694a42f5?pvs=21),-2200
2024/10/12,麻辣誘惑,,NT$250.00,Food (https://app.notion.com/p/Food-1de52a1550c1808585f7c8d0cbbab341?pvs=21),General (https://app.notion.com/p/General-1fe52a1550c180d89a84f6b6694a42f5?pvs=21),-2200
2024/10/12,小鵲幸,,NT$61.00,Food (https://app.notion.com/p/Food-1de52a1550c1808585f7c8d0cbbab341?pvs=21),General (https://app.notion.com/p/General-1fe52a1550c180d89a84f6b6694a42f5?pvs=21),-2200
2024/10/11,7-11,,NT$48.00,Food (https://app.notion.com/p/Food-1de52a1550c1808585f7c8d0cbbab341?pvs=21),General (https://app.notion.com/p/General-1fe52a1550c180d89a84f6b6694a42f5?pvs=21),-1112
2024/10/11,竹東排骨酥,,NT$523.00,Food (https://app.notion.com/p/Food-1de52a1550c1808585f7c8d0cbbab341?pvs=21),General (https://app.notion.com/p/General-1fe52a1550c180d89a84f6b6694a42f5?pvs=21),-1112
2024/10/11,7-11,咖啡*40,"NT$1,000.00",Food (https://app.notion.com/p/Food-1de52a1550c1808585f7c8d0cbbab341?pvs=21),General (https://app.notion.com/p/General-1fe52a1550c180d89a84f6b6694a42f5?pvs=21),-1112
2024/10/10,法諾義式,,NT$540.00,Food (https://app.notion.com/p/Food-1de52a1550c1808585f7c8d0cbbab341?pvs=21),General (https://app.notion.com/p/General-1fe52a1550c180d89a84f6b6694a42f5?pvs=21),459
2024/10/10,Beard papa’s,,NT$110.00,Food (https://app.notion.com/p/Food-1de52a1550c1808585f7c8d0cbbab341?pvs=21),General (https://app.notion.com/p/General-1fe52a1550c180d89a84f6b6694a42f5?pvs=21),459
2024/10/10,烏弄,,NT$90.00,Food (https://app.notion.com/p/Food-1de52a1550c1808585f7c8d0cbbab341?pvs=21),General (https://app.notion.com/p/General-1fe52a1550c180d89a84f6b6694a42f5?pvs=21),459
2024/10/10,梅屁股,,NT$110.00,Food (https://app.notion.com/p/Food-1de52a1550c1808585f7c8d0cbbab341?pvs=21),General (https://app.notion.com/p/General-1fe52a1550c180d89a84f6b6694a42f5?pvs=21),459
2024/10/10,臭豆腐,,NT$70.00,Food (https://app.notion.com/p/Food-1de52a1550c1808585f7c8d0cbbab341?pvs=21),General (https://app.notion.com/p/General-1fe52a1550c180d89a84f6b6694a42f5?pvs=21),459
2024/10/10,中華電信,續約預付+耳機,"NT$6,490.00",Fun (https://app.notion.com/p/Fun-1de52a1550c180f197e2ff3116ec3fa2?pvs=21),Dream (https://app.notion.com/p/Dream-1de52a1550c180a4bc6eee5e921cbc2d?pvs=21),2561
2024/10/09,全聯,,NT$60.00,Food (https://app.notion.com/p/Food-1de52a1550c1808585f7c8d0cbbab341?pvs=21),General (https://app.notion.com/p/General-1fe52a1550c180d89a84f6b6694a42f5?pvs=21),1379
2024/10/08,50嵐,,NT$100.00,Food (https://app.notion.com/p/Food-1de52a1550c1808585f7c8d0cbbab341?pvs=21),General (https://app.notion.com/p/General-1fe52a1550c180d89a84f6b6694a42f5?pvs=21),1439
2024/10/08,全聯,,NT$120.00,Food (https://app.notion.com/p/Food-1de52a1550c1808585f7c8d0cbbab341?pvs=21),General (https://app.notion.com/p/General-1fe52a1550c180d89a84f6b6694a42f5?pvs=21),1439
2024/10/08,要活就要動,,"NT$2,667.00",Health (https://app.notion.com/p/Health-1de52a1550c180948ad5c45ef59a5bb8?pvs=21),Dream (https://app.notion.com/p/Dream-1de52a1550c180a4bc6eee5e921cbc2d?pvs=21),9051
2024/10/08,東門雞肉飯,,NT$320.00,Food (https://app.notion.com/p/Food-1de52a1550c1808585f7c8d0cbbab341?pvs=21),General (https://app.notion.com/p/General-1fe52a1550c180d89a84f6b6694a42f5?pvs=21),1439
2024/10/07,全聯,,NT$215.00,Food (https://app.notion.com/p/Food-1de52a1550c1808585f7c8d0cbbab341?pvs=21),General (https://app.notion.com/p/General-1fe52a1550c180d89a84f6b6694a42f5?pvs=21),1979
2024/10/06,台鐵,新竹潭子來回,NT$226.00,Traffic (https://app.notion.com/p/Traffic-1de52a1550c1807b8ff6e40f804e1127?pvs=21),Dream (https://app.notion.com/p/Dream-1de52a1550c180a4bc6eee5e921cbc2d?pvs=21),11718
2024/10/06,早安公雞,,NT$225.00,Food (https://app.notion.com/p/Food-1de52a1550c1808585f7c8d0cbbab341?pvs=21),General (https://app.notion.com/p/General-1fe52a1550c180d89a84f6b6694a42f5?pvs=21),2194
2024/10/06,羽球場地,,NT$120.00,Health (https://app.notion.com/p/Health-1de52a1550c180948ad5c45ef59a5bb8?pvs=21),Dream (https://app.notion.com/p/Dream-1de52a1550c180a4bc6eee5e921cbc2d?pvs=21),11718
2024/10/06,點爭鮮,,NT$750.00,Food (https://app.notion.com/p/Food-1de52a1550c1808585f7c8d0cbbab341?pvs=21),General (https://app.notion.com/p/General-1fe52a1550c180d89a84f6b6694a42f5?pvs=21),2194
2024/10/06,上宇林,,NT$110.00,Food (https://app.notion.com/p/Food-1de52a1550c1808585f7c8d0cbbab341?pvs=21),General (https://app.notion.com/p/General-1fe52a1550c180d89a84f6b6694a42f5?pvs=21),2194
2024/10/06,堯黑砂糖刨冰,,NT$70.00,Food (https://app.notion.com/p/Food-1de52a1550c1808585f7c8d0cbbab341?pvs=21),General (https://app.notion.com/p/General-1fe52a1550c180d89a84f6b6694a42f5?pvs=21),2194
2024/10/06,宜得利,,NT$138.00,Groceries (https://app.notion.com/p/Groceries-1de52a1550c180c6be6cdfaeb95cee9a?pvs=21),Dream (https://app.notion.com/p/Dream-1de52a1550c180a4bc6eee5e921cbc2d?pvs=21),11718
2024/10/05,蔣好的味道,,NT$425.00,Food (https://app.notion.com/p/Food-1de52a1550c1808585f7c8d0cbbab341?pvs=21),General (https://app.notion.com/p/General-1fe52a1550c180d89a84f6b6694a42f5?pvs=21),-174
2024/10/04,Spotify月費,,NT$202.00,Fun (https://app.notion.com/p/Fun-1de52a1550c180f197e2ff3116ec3fa2?pvs=21),General (https://app.notion.com/p/General-1fe52a1550c180d89a84f6b6694a42f5?pvs=21),251
2024/10/04,麥當勞,,NT$286.00,Food (https://app.notion.com/p/Food-1de52a1550c1808585f7c8d0cbbab341?pvs=21),General (https://app.notion.com/p/General-1fe52a1550c180d89a84f6b6694a42f5?pvs=21),251
2024/10/04,7-11,,NT$65.00,Food (https://app.notion.com/p/Food-1de52a1550c1808585f7c8d0cbbab341?pvs=21),General (https://app.notion.com/p/General-1fe52a1550c180d89a84f6b6694a42f5?pvs=21),251
2024/10/03,麥當勞,,NT$154.00,Food (https://app.notion.com/p/Food-1de52a1550c1808585f7c8d0cbbab341?pvs=21),General (https://app.notion.com/p/General-1fe52a1550c180d89a84f6b6694a42f5?pvs=21),804
2024/10/02,東南街湯包,,NT$120.00,Food (https://app.notion.com/p/Food-1de52a1550c1808585f7c8d0cbbab341?pvs=21),General (https://app.notion.com/p/General-1fe52a1550c180d89a84f6b6694a42f5?pvs=21),958
2024/10/01,健保費,"
","NT$1,036.00",Insurance (https://app.notion.com/p/Insurance-1de52a1550c181f09d1dfb6d85985a86?pvs=21),Fixed (https://app.notion.com/p/Fixed-1de52a1550c180f19995d25cbc6f1038?pvs=21),13612
2024/10/01,匯給媽,"
","NT$6,000.00",Family (https://app.notion.com/p/Family-1de52a1550c181faa107fcc0a73d8120?pvs=21),Fixed (https://app.notion.com/p/Fixed-1de52a1550c180f19995d25cbc6f1038?pvs=21),13612
2024/10/01,勞保費,"
","NT$1,100.00",Insurance (https://app.notion.com/p/Insurance-1de52a1550c181f09d1dfb6d85985a86?pvs=21),Fixed (https://app.notion.com/p/Fixed-1de52a1550c180f19995d25cbc6f1038?pvs=21),13612
2024/10/01,2024汽車停車位,,"NT$2,500.00",Traffic (https://app.notion.com/p/Traffic-1de52a1550c1807b8ff6e40f804e1127?pvs=21),Savings (https://app.notion.com/p/Savings-1de52a1550c18029b280dc7d9d36cb03?pvs=21),366411
2024/10/01,房租,,"NT$7,250.00",Groceries (https://app.notion.com/p/Groceries-1de52a1550c180c6be6cdfaeb95cee9a?pvs=21),Fixed (https://app.notion.com/p/Fixed-1de52a1550c180f19995d25cbc6f1038?pvs=21),13612
2024/10/01,永福 胡椒豬肚雞,,"NT$1,500.00",Food (https://app.notion.com/p/Food-1de52a1550c1808585f7c8d0cbbab341?pvs=21),Dream (https://app.notion.com/p/Dream-1de52a1550c180a4bc6eee5e921cbc2d?pvs=21),10998
2024/10/01,全聯,,NT$398.00,Food (https://app.notion.com/p/Food-1de52a1550c1808585f7c8d0cbbab341?pvs=21),General (https://app.notion.com/p/General-1fe52a1550c180d89a84f6b6694a42f5?pvs=21),1078
2024/10/01,7-11,,NT$55.00,Food (https://app.notion.com/p/Food-1de52a1550c1808585f7c8d0cbbab341?pvs=21),General (https://app.notion.com/p/General-1fe52a1550c180d89a84f6b6694a42f5?pvs=21),1078
2024/09/30,7-11,,NT$70.00,Food (https://app.notion.com/p/Food-1de52a1550c1808585f7c8d0cbbab341?pvs=21),General (https://app.notion.com/p/General-1fe52a1550c180d89a84f6b6694a42f5?pvs=21),-9483
2024/09/30,加油費,,NT$156.00,Traffic (https://app.notion.com/p/Traffic-1de52a1550c1807b8ff6e40f804e1127?pvs=21),General (https://app.notion.com/p/General-1fe52a1550c180d89a84f6b6694a42f5?pvs=21),-9483
2024/09/29,時時香,,"NT$1,535.00",Food (https://app.notion.com/p/Food-1de52a1550c1808585f7c8d0cbbab341?pvs=21),General (https://app.notion.com/p/General-1fe52a1550c180d89a84f6b6694a42f5?pvs=21),-9257
2024/09/29,Costco,,NT$118.00,Food (https://app.notion.com/p/Food-1de52a1550c1808585f7c8d0cbbab341?pvs=21),General (https://app.notion.com/p/General-1fe52a1550c180d89a84f6b6694a42f5?pvs=21),-9257
2024/09/29,麥當勞,,NT$210.00,Food (https://app.notion.com/p/Food-1de52a1550c1808585f7c8d0cbbab341?pvs=21),General (https://app.notion.com/p/General-1fe52a1550c180d89a84f6b6694a42f5?pvs=21),-9257
2024/09/29,50嵐,,NT$45.00,Food (https://app.notion.com/p/Food-1de52a1550c1808585f7c8d0cbbab341?pvs=21),General (https://app.notion.com/p/General-1fe52a1550c180d89a84f6b6694a42f5?pvs=21),-9257
2024/09/29,Costco,,NT$735.00,Food (https://app.notion.com/p/Food-1de52a1550c1808585f7c8d0cbbab341?pvs=21),General (https://app.notion.com/p/General-1fe52a1550c180d89a84f6b6694a42f5?pvs=21),-9257
2024/09/28,全聯,,NT$762.00,Food (https://app.notion.com/p/Food-1de52a1550c1808585f7c8d0cbbab341?pvs=21),General (https://app.notion.com/p/General-1fe52a1550c180d89a84f6b6694a42f5?pvs=21),-6614
2024/09/28,7-11,,NT$89.00,Food (https://app.notion.com/p/Food-1de52a1550c1808585f7c8d0cbbab341?pvs=21),General (https://app.notion.com/p/General-1fe52a1550c180d89a84f6b6694a42f5?pvs=21),-6614
2024/09/27,全聯,,NT$329.00,Food (https://app.notion.com/p/Food-1de52a1550c1808585f7c8d0cbbab341?pvs=21),General (https://app.notion.com/p/General-1fe52a1550c180d89a84f6b6694a42f5?pvs=21),-5763
2024/09/26,7-11,,NT$70.00,Food (https://app.notion.com/p/Food-1de52a1550c1808585f7c8d0cbbab341?pvs=21),General (https://app.notion.com/p/General-1fe52a1550c180d89a84f6b6694a42f5?pvs=21),-5434
2024/09/25,7-11,,NT$60.00,Food (https://app.notion.com/p/Food-1de52a1550c1808585f7c8d0cbbab341?pvs=21),General (https://app.notion.com/p/General-1fe52a1550c180d89a84f6b6694a42f5?pvs=21),-5364
2024/09/25,全聯,,NT$120.00,Food (https://app.notion.com/p/Food-1de52a1550c1808585f7c8d0cbbab341?pvs=21),General (https://app.notion.com/p/General-1fe52a1550c180d89a84f6b6694a42f5?pvs=21),-5364
2024/09/25,小販部,,NT$30.00,Food (https://app.notion.com/p/Food-1de52a1550c1808585f7c8d0cbbab341?pvs=21),General (https://app.notion.com/p/General-1fe52a1550c180d89a84f6b6694a42f5?pvs=21),-5364
2024/09/24,7-11,,NT$44.00,Food (https://app.notion.com/p/Food-1de52a1550c1808585f7c8d0cbbab341?pvs=21),General (https://app.notion.com/p/General-1fe52a1550c180d89a84f6b6694a42f5?pvs=21),-5154
2024/09/24,竹東排骨酥,,NT$525.00,Food (https://app.notion.com/p/Food-1de52a1550c1808585f7c8d0cbbab341?pvs=21),General (https://app.notion.com/p/General-1fe52a1550c180d89a84f6b6694a42f5?pvs=21),-5154
2024/09/23,全聯,,NT$199.00,Food (https://app.notion.com/p/Food-1de52a1550c1808585f7c8d0cbbab341?pvs=21),General (https://app.notion.com/p/General-1fe52a1550c180d89a84f6b6694a42f5?pvs=21),-4585
2024/09/22,停車費,,NT$160.00,Traffic (https://app.notion.com/p/Traffic-1de52a1550c1807b8ff6e40f804e1127?pvs=21),Dream (https://app.notion.com/p/Dream-1de52a1550c180a4bc6eee5e921cbc2d?pvs=21),14363
2024/09/22,成功牛排,,NT$420.00,Food (https://app.notion.com/p/Food-1de52a1550c1808585f7c8d0cbbab341?pvs=21),General (https://app.notion.com/p/General-1fe52a1550c180d89a84f6b6694a42f5?pvs=21),-4386
2024/09/21,紅包(藜同事婚禮,,"NT$1,000.00",Other (https://app.notion.com/p/Other-1de52a1550c1810a92c1c432337241e8?pvs=21),Dream (https://app.notion.com/p/Dream-1de52a1550c180a4bc6eee5e921cbc2d?pvs=21),14523
2024/09/21,餘燼守衛,,NT$268.00,Fun (https://app.notion.com/p/Fun-1de52a1550c180f197e2ff3116ec3fa2?pvs=21),Dream (https://app.notion.com/p/Dream-1de52a1550c180a4bc6eee5e921cbc2d?pvs=21),14523
2024/09/20,三商巧福,,NT$374.00,Food (https://app.notion.com/p/Food-1de52a1550c1808585f7c8d0cbbab341?pvs=21),General (https://app.notion.com/p/General-1fe52a1550c180d89a84f6b6694a42f5?pvs=21),-3966
2024/09/19,全聯,,NT$318.00,Food (https://app.notion.com/p/Food-1de52a1550c1808585f7c8d0cbbab341?pvs=21),General (https://app.notion.com/p/General-1fe52a1550c180d89a84f6b6694a42f5?pvs=21),-3592
2024/09/19,7-11,,NT$110.00,Food (https://app.notion.com/p/Food-1de52a1550c1808585f7c8d0cbbab341?pvs=21),General (https://app.notion.com/p/General-1fe52a1550c180d89a84f6b6694a42f5?pvs=21),-3592
2024/09/19,小販部,,NT$30.00,Food (https://app.notion.com/p/Food-1de52a1550c1808585f7c8d0cbbab341?pvs=21),General (https://app.notion.com/p/General-1fe52a1550c180d89a84f6b6694a42f5?pvs=21),-3592
2024/09/18,丐幫滷味,,NT$160.00,Food (https://app.notion.com/p/Food-1de52a1550c1808585f7c8d0cbbab341?pvs=21),General (https://app.notion.com/p/General-1fe52a1550c180d89a84f6b6694a42f5?pvs=21),-3134
2024/09/18,7-11,,NT$60.00,Food (https://app.notion.com/p/Food-1de52a1550c1808585f7c8d0cbbab341?pvs=21),General (https://app.notion.com/p/General-1fe52a1550c180d89a84f6b6694a42f5?pvs=21),-3134
2024/09/17,維特羽球場,,NT$500.00,Health (https://app.notion.com/p/Health-1de52a1550c180948ad5c45ef59a5bb8?pvs=21),Dream (https://app.notion.com/p/Dream-1de52a1550c180a4bc6eee5e921cbc2d?pvs=21),15791
2024/09/17,北門室食,,"NT$1,100.00",Food (https://app.notion.com/p/Food-1de52a1550c1808585f7c8d0cbbab341?pvs=21),Dream (https://app.notion.com/p/Dream-1de52a1550c180a4bc6eee5e921cbc2d?pvs=21),15791
2024/09/15,中華電信手機費,,NT$65.00,Fun (https://app.notion.com/p/Fun-1de52a1550c180f197e2ff3116ec3fa2?pvs=21),General (https://app.notion.com/p/General-1fe52a1550c180d89a84f6b6694a42f5?pvs=21),-2914
2024/09/15,Costco,,"NT$3,724.00",Food (https://app.notion.com/p/Food-1de52a1550c1808585f7c8d0cbbab341?pvs=21),General (https://app.notion.com/p/General-1fe52a1550c180d89a84f6b6694a42f5?pvs=21),-2914
2024/09/15,中華電信網路費,,NT$848.00,Fun (https://app.notion.com/p/Fun-1de52a1550c180f197e2ff3116ec3fa2?pvs=21),General (https://app.notion.com/p/General-1fe52a1550c180d89a84f6b6694a42f5?pvs=21),-2914
2024/09/15,漫時光,,NT$297.00,Food (https://app.notion.com/p/Food-1de52a1550c1808585f7c8d0cbbab341?pvs=21),General (https://app.notion.com/p/General-1fe52a1550c180d89a84f6b6694a42f5?pvs=21),-2914
2024/09/14,豬好運,,NT$340.00,Food (https://app.notion.com/p/Food-1de52a1550c1808585f7c8d0cbbab341?pvs=21),General (https://app.notion.com/p/General-1fe52a1550c180d89a84f6b6694a42f5?pvs=21),2020
2024/09/13,小販部,,NT$20.00,Food (https://app.notion.com/p/Food-1de52a1550c1808585f7c8d0cbbab341?pvs=21),General (https://app.notion.com/p/General-1fe52a1550c180d89a84f6b6694a42f5?pvs=21),2360
2024/09/13,切仔麵攤,,NT$220.00,Food (https://app.notion.com/p/Food-1de52a1550c1808585f7c8d0cbbab341?pvs=21),General (https://app.notion.com/p/General-1fe52a1550c180d89a84f6b6694a42f5?pvs=21),2360
2024/09/12,全聯,,NT$148.00,Food (https://app.notion.com/p/Food-1de52a1550c1808585f7c8d0cbbab341?pvs=21),General (https://app.notion.com/p/General-1fe52a1550c180d89a84f6b6694a42f5?pvs=21),2600
2024/09/12,全聯,,NT$494.00,Food (https://app.notion.com/p/Food-1de52a1550c1808585f7c8d0cbbab341?pvs=21),General (https://app.notion.com/p/General-1fe52a1550c180d89a84f6b6694a42f5?pvs=21),2600
2024/09/12,小販部,,NT$25.00,Food (https://app.notion.com/p/Food-1de52a1550c1808585f7c8d0cbbab341?pvs=21),General (https://app.notion.com/p/General-1fe52a1550c180d89a84f6b6694a42f5?pvs=21),2600
2024/09/11,麥當勞,,NT$229.00,Food (https://app.notion.com/p/Food-1de52a1550c1808585f7c8d0cbbab341?pvs=21),General (https://app.notion.com/p/General-1fe52a1550c180d89a84f6b6694a42f5?pvs=21),3267
2024/09/11,小販部,,NT$30.00,Food (https://app.notion.com/p/Food-1de52a1550c1808585f7c8d0cbbab341?pvs=21),General (https://app.notion.com/p/General-1fe52a1550c180d89a84f6b6694a42f5?pvs=21),3267
2024/09/11,加油費,,NT$166.00,Traffic (https://app.notion.com/p/Traffic-1de52a1550c1807b8ff6e40f804e1127?pvs=21),General (https://app.notion.com/p/General-1fe52a1550c180d89a84f6b6694a42f5?pvs=21),3267
2024/09/10,7-11,,NT$55.00,Food (https://app.notion.com/p/Food-1de52a1550c1808585f7c8d0cbbab341?pvs=21),General (https://app.notion.com/p/General-1fe52a1550c180d89a84f6b6694a42f5?pvs=21),3692
2024/09/10,白鬍子牛排,,NT$400.00,Food (https://app.notion.com/p/Food-1de52a1550c1808585f7c8d0cbbab341?pvs=21),General (https://app.notion.com/p/General-1fe52a1550c180d89a84f6b6694a42f5?pvs=21),3692
2024/09/10,沐荼寺,,NT$70.00,Food (https://app.notion.com/p/Food-1de52a1550c1808585f7c8d0cbbab341?pvs=21),General (https://app.notion.com/p/General-1fe52a1550c180d89a84f6b6694a42f5?pvs=21),3692
2024/09/09,7-11,,NT$55.00,Food (https://app.notion.com/p/Food-1de52a1550c1808585f7c8d0cbbab341?pvs=21),General (https://app.notion.com/p/General-1fe52a1550c180d89a84f6b6694a42f5?pvs=21),4217
2024/09/08,咚咚家韓式豬肉,,"NT$1,979.00",Food (https://app.notion.com/p/Food-1de52a1550c1808585f7c8d0cbbab341?pvs=21),General (https://app.notion.com/p/General-1fe52a1550c180d89a84f6b6694a42f5?pvs=21),4272
2024/09/08,捷運,,NT$80.00,Traffic (https://app.notion.com/p/Traffic-1de52a1550c1807b8ff6e40f804e1127?pvs=21),Dream (https://app.notion.com/p/Dream-1de52a1550c180a4bc6eee5e921cbc2d?pvs=21),17391
2024/09/08,豪泰客運,,NT$150.00,Traffic (https://app.notion.com/p/Traffic-1de52a1550c1807b8ff6e40f804e1127?pvs=21),Dream (https://app.notion.com/p/Dream-1de52a1550c180a4bc6eee5e921cbc2d?pvs=21),17391
2024/09/08,新竹客運,,NT$145.00,Traffic (https://app.notion.com/p/Traffic-1de52a1550c1807b8ff6e40f804e1127?pvs=21),Dream (https://app.notion.com/p/Dream-1de52a1550c180a4bc6eee5e921cbc2d?pvs=21),17391
2024/09/08,龜記,,NT$90.00,Food (https://app.notion.com/p/Food-1de52a1550c1808585f7c8d0cbbab341?pvs=21),General (https://app.notion.com/p/General-1fe52a1550c180d89a84f6b6694a42f5?pvs=21),4272
2024/09/07,茶湯會,,NT$130.00,Food (https://app.notion.com/p/Food-1de52a1550c1808585f7c8d0cbbab341?pvs=21),General (https://app.notion.com/p/General-1fe52a1550c180d89a84f6b6694a42f5?pvs=21),6341
2024/09/07,7-11,,NT$40.00,Food (https://app.notion.com/p/Food-1de52a1550c1808585f7c8d0cbbab341?pvs=21),General (https://app.notion.com/p/General-1fe52a1550c180d89a84f6b6694a42f5?pvs=21),6341
2024/09/06,新竹客運,台北新竹,NT$145.00,Traffic (https://app.notion.com/p/Traffic-1de52a1550c1807b8ff6e40f804e1127?pvs=21),Dream (https://app.notion.com/p/Dream-1de52a1550c180a4bc6eee5e921cbc2d?pvs=21),17766
2024/09/06,尬鍋,,NT$978.00,Food (https://app.notion.com/p/Food-1de52a1550c1808585f7c8d0cbbab341?pvs=21),Dream (https://app.notion.com/p/Dream-1de52a1550c180a4bc6eee5e921cbc2d?pvs=21),17766
2024/09/06,捷運,,NT$60.00,Traffic (https://app.notion.com/p/Traffic-1de52a1550c1807b8ff6e40f804e1127?pvs=21),Dream (https://app.notion.com/p/Dream-1de52a1550c180a4bc6eee5e921cbc2d?pvs=21),17766
2024/09/06,豪泰客運,新竹台北,NT$150.00,Traffic (https://app.notion.com/p/Traffic-1de52a1550c1807b8ff6e40f804e1127?pvs=21),Dream (https://app.notion.com/p/Dream-1de52a1550c180a4bc6eee5e921cbc2d?pvs=21),17766
2024/09/05,7-11,,NT$120.00,Food (https://app.notion.com/p/Food-1de52a1550c1808585f7c8d0cbbab341?pvs=21),General (https://app.notion.com/p/General-1fe52a1550c180d89a84f6b6694a42f5?pvs=21),6511
2024/09/05,小販部,,NT$25.00,Food (https://app.notion.com/p/Food-1de52a1550c1808585f7c8d0cbbab341?pvs=21),General (https://app.notion.com/p/General-1fe52a1550c180d89a84f6b6694a42f5?pvs=21),6511
2024/09/05,全聯,,NT$306.00,Food (https://app.notion.com/p/Food-1de52a1550c1808585f7c8d0cbbab341?pvs=21),General (https://app.notion.com/p/General-1fe52a1550c180d89a84f6b6694a42f5?pvs=21),6511
2024/09/04,Spotify月費,,NT$202.00,Fun (https://app.notion.com/p/Fun-1de52a1550c180f197e2ff3116ec3fa2?pvs=21),General (https://app.notion.com/p/General-1fe52a1550c180d89a84f6b6694a42f5?pvs=21),6962
2024/09/04,小販部,,NT$33.00,Food (https://app.notion.com/p/Food-1de52a1550c1808585f7c8d0cbbab341?pvs=21),General (https://app.notion.com/p/General-1fe52a1550c180d89a84f6b6694a42f5?pvs=21),6962
2024/09/04,延平大飯店,,NT$330.00,Food (https://app.notion.com/p/Food-1de52a1550c1808585f7c8d0cbbab341?pvs=21),General (https://app.notion.com/p/General-1fe52a1550c180d89a84f6b6694a42f5?pvs=21),6962
2024/09/03,第二春滷味,,NT$220.00,Food (https://app.notion.com/p/Food-1de52a1550c1808585f7c8d0cbbab341?pvs=21),General (https://app.notion.com/p/General-1fe52a1550c180d89a84f6b6694a42f5?pvs=21),7527
2024/09/03,全聯,,NT$128.00,Food (https://app.notion.com/p/Food-1de52a1550c1808585f7c8d0cbbab341?pvs=21),General (https://app.notion.com/p/General-1fe52a1550c180d89a84f6b6694a42f5?pvs=21),7527
2024/09/02,2024汽車停車位,,"NT$2,500.00",Traffic (https://app.notion.com/p/Traffic-1de52a1550c1807b8ff6e40f804e1127?pvs=21),Savings (https://app.notion.com/p/Savings-1de52a1550c18029b280dc7d9d36cb03?pvs=21),362404
2024/09/02,勞保費,"
","NT$1,100.00",Insurance (https://app.notion.com/p/Insurance-1de52a1550c181f09d1dfb6d85985a86?pvs=21),Fixed (https://app.notion.com/p/Fixed-1de52a1550c180f19995d25cbc6f1038?pvs=21),9477
2024/09/02,健保費,"
","NT$1,036.00",Insurance (https://app.notion.com/p/Insurance-1de52a1550c181f09d1dfb6d85985a86?pvs=21),Fixed (https://app.notion.com/p/Fixed-1de52a1550c180f19995d25cbc6f1038?pvs=21),9477
2024/09/02,匯給媽,"
","NT$6,000.00",Family (https://app.notion.com/p/Family-1de52a1550c181faa107fcc0a73d8120?pvs=21),Fixed (https://app.notion.com/p/Fixed-1de52a1550c180f19995d25cbc6f1038?pvs=21),9477
2024/09/02,房租,,"NT$6,750.00",Groceries (https://app.notion.com/p/Groceries-1de52a1550c180c6be6cdfaeb95cee9a?pvs=21),Fixed (https://app.notion.com/p/Fixed-1de52a1550c180f19995d25cbc6f1038?pvs=21),9477
2024/09/02,7-11,,NT$60.00,Food (https://app.notion.com/p/Food-1de52a1550c1808585f7c8d0cbbab341?pvs=21),General (https://app.notion.com/p/General-1fe52a1550c180d89a84f6b6694a42f5?pvs=21),4352
2024/09/02,國泰長照險,,"NT$13,741.00",Insurance (https://app.notion.com/p/Insurance-1de52a1550c181f09d1dfb6d85985a86?pvs=21),Fixed (https://app.notion.com/p/Fixed-1de52a1550c180f19995d25cbc6f1038?pvs=21),9477
2024/09/01,oxo,保鮮盒、刨絲刨片組,"NT$2,298.00",Groceries (https://app.notion.com/p/Groceries-1de52a1550c180c6be6cdfaeb95cee9a?pvs=21),Dream (https://app.notion.com/p/Dream-1de52a1550c180a4bc6eee5e921cbc2d?pvs=21),-3322
2024/09/01,Nike juniper trail2 gotcha,,"NT$2,280.00",Clothes (https://app.notion.com/p/Clothes-1de52a1550c181c098ebee3f08c04f38?pvs=21),Dream (https://app.notion.com/p/Dream-1de52a1550c180a4bc6eee5e921cbc2d?pvs=21),-3322
2024/09/01,Hola,,NT$848.00,Groceries (https://app.notion.com/p/Groceries-1de52a1550c180c6be6cdfaeb95cee9a?pvs=21),Dream (https://app.notion.com/p/Dream-1de52a1550c180a4bc6eee5e921cbc2d?pvs=21),-3322
2024/09/01,愛買,,NT$283.00,Food (https://app.notion.com/p/Food-1de52a1550c1808585f7c8d0cbbab341?pvs=21),General (https://app.notion.com/p/General-1fe52a1550c180d89a84f6b6694a42f5?pvs=21),-6602
2024/09/01,Neoflam Midas plus,,"NT$3,290.00",Groceries (https://app.notion.com/p/Groceries-1de52a1550c180c6be6cdfaeb95cee9a?pvs=21),Dream (https://app.notion.com/p/Dream-1de52a1550c180a4bc6eee5e921cbc2d?pvs=21),-3322
2024/09/01,藜,Nike react pegasus trail,"NT$1,752.00",Social (https://app.notion.com/p/Social-1de52a1550c180eaa21cea69f136a638?pvs=21),Dream (https://app.notion.com/p/Dream-1de52a1550c180a4bc6eee5e921cbc2d?pvs=21),-3322
2024/09/01,漫時光,,NT$384.00,Food (https://app.notion.com/p/Food-1de52a1550c1808585f7c8d0cbbab341?pvs=21),General (https://app.notion.com/p/General-1fe52a1550c180d89a84f6b6694a42f5?pvs=21),-6602
2024/09/01,50嵐,,NT$100.00,Food (https://app.notion.com/p/Food-1de52a1550c1808585f7c8d0cbbab341?pvs=21),General (https://app.notion.com/p/General-1fe52a1550c180d89a84f6b6694a42f5?pvs=21),-6602
2024/08/31,ChooShop,隨身包,NT$590.00,Clothes (https://app.notion.com/p/Clothes-1de52a1550c181c098ebee3f08c04f38?pvs=21),Dream (https://app.notion.com/p/Dream-1de52a1550c180a4bc6eee5e921cbc2d?pvs=21),7146
2024/08/31,涮乃葉,,"NT$1,342.00",Food (https://app.notion.com/p/Food-1de52a1550c1808585f7c8d0cbbab341?pvs=21),Dream (https://app.notion.com/p/Dream-1de52a1550c180a4bc6eee5e921cbc2d?pvs=21),7146
2024/08/31,巨城快閃店,,"NT$2,426.00",Groceries (https://app.notion.com/p/Groceries-1de52a1550c180c6be6cdfaeb95cee9a?pvs=21),Dream (https://app.notion.com/p/Dream-1de52a1550c180a4bc6eee5e921cbc2d?pvs=21),7146
2024/08/31,Uniqlo,,"NT$2,370.00",Clothes (https://app.notion.com/p/Clothes-1de52a1550c181c098ebee3f08c04f38?pvs=21),Dream (https://app.notion.com/p/Dream-1de52a1550c180a4bc6eee5e921cbc2d?pvs=21),7146
2024/08/30,Sukiya,,NT$403.00,Food (https://app.notion.com/p/Food-1de52a1550c1808585f7c8d0cbbab341?pvs=21),General (https://app.notion.com/p/General-1fe52a1550c180d89a84f6b6694a42f5?pvs=21),-5835
2024/08/30,全聯,,NT$161.00,Food (https://app.notion.com/p/Food-1de52a1550c1808585f7c8d0cbbab341?pvs=21),General (https://app.notion.com/p/General-1fe52a1550c180d89a84f6b6694a42f5?pvs=21),-5835
2024/08/29,7-11,,NT$30.00,Food (https://app.notion.com/p/Food-1de52a1550c1808585f7c8d0cbbab341?pvs=21),General (https://app.notion.com/p/General-1fe52a1550c180d89a84f6b6694a42f5?pvs=21),-5271
2024/08/29,草本茶,,NT$70.00,Food (https://app.notion.com/p/Food-1de52a1550c1808585f7c8d0cbbab341?pvs=21),General (https://app.notion.com/p/General-1fe52a1550c180d89a84f6b6694a42f5?pvs=21),-5271
2024/08/29,YEAHRIGHT,,NT$370.00,Food (https://app.notion.com/p/Food-1de52a1550c1808585f7c8d0cbbab341?pvs=21),General (https://app.notion.com/p/General-1fe52a1550c180d89a84f6b6694a42f5?pvs=21),-5271
2024/08/28,7-11,,NT$60.00,Food (https://app.notion.com/p/Food-1de52a1550c1808585f7c8d0cbbab341?pvs=21),General (https://app.notion.com/p/General-1fe52a1550c180d89a84f6b6694a42f5?pvs=21),-4801
2024/08/28,小販部,,NT$15.00,Food (https://app.notion.com/p/Food-1de52a1550c1808585f7c8d0cbbab341?pvs=21),General (https://app.notion.com/p/General-1fe52a1550c180d89a84f6b6694a42f5?pvs=21),-4801
2024/08/27,水費,,NT$338.00,Groceries (https://app.notion.com/p/Groceries-1de52a1550c180c6be6cdfaeb95cee9a?pvs=21),General (https://app.notion.com/p/General-1fe52a1550c180d89a84f6b6694a42f5?pvs=21),-4726
2024/08/27,電費,,"NT$4,666.00",Groceries (https://app.notion.com/p/Groceries-1de52a1550c180c6be6cdfaeb95cee9a?pvs=21),General (https://app.notion.com/p/General-1fe52a1550c180d89a84f6b6694a42f5?pvs=21),-4726
2024/08/26,全聯,,NT$112.00,Food (https://app.notion.com/p/Food-1de52a1550c1808585f7c8d0cbbab341?pvs=21),General (https://app.notion.com/p/General-1fe52a1550c180d89a84f6b6694a42f5?pvs=21),278
2024/08/25,老豆花,,NT$60.00,Food (https://app.notion.com/p/Food-1de52a1550c1808585f7c8d0cbbab341?pvs=21),General (https://app.notion.com/p/General-1fe52a1550c180d89a84f6b6694a42f5?pvs=21),390
2024/08/25,全聯,,"NT$1,031.00",Food (https://app.notion.com/p/Food-1de52a1550c1808585f7c8d0cbbab341?pvs=21),General (https://app.notion.com/p/General-1fe52a1550c180d89a84f6b6694a42f5?pvs=21),390
2024/08/25,早餐,,NT$60.00,Travel (https://app.notion.com/p/Travel-1de52a1550c18102a04df0c968556b0b?pvs=21),Couple's (https://app.notion.com/p/Couple-s-1de52a1550c181d39de7eebc343b38cd?pvs=21),-11842
2024/08/24,蔥油餅,,NT$40.00,Food (https://app.notion.com/p/Food-1de52a1550c1808585f7c8d0cbbab341?pvs=21),Couple's (https://app.notion.com/p/Couple-s-1de52a1550c181d39de7eebc343b38cd?pvs=21),-11782
2024/08/24,南北航運,南竿東莒*2,NT$500.00,Travel (https://app.notion.com/p/Travel-1de52a1550c18102a04df0c968556b0b?pvs=21),Couple's (https://app.notion.com/p/Couple-s-1de52a1550c181d39de7eebc343b38cd?pvs=21),-11782
2024/08/24,東莒豆花,豆花*2,NT$120.00,Food (https://app.notion.com/p/Food-1de52a1550c1808585f7c8d0cbbab341?pvs=21),Couple's (https://app.notion.com/p/Couple-s-1de52a1550c181d39de7eebc343b38cd?pvs=21),-11782
2024/08/24,南竿早餐,紅茶豆漿,NT$45.00,Food (https://app.notion.com/p/Food-1de52a1550c1808585f7c8d0cbbab341?pvs=21),Couple's (https://app.notion.com/p/Couple-s-1de52a1550c181d39de7eebc343b38cd?pvs=21),-11782
2024/08/24,南北航運,東莒西莒*2,NT$160.00,Travel (https://app.notion.com/p/Travel-1de52a1550c18102a04df0c968556b0b?pvs=21),Couple's (https://app.notion.com/p/Couple-s-1de52a1550c181d39de7eebc343b38cd?pvs=21),-11782
2024/08/24,南北航運,西莒南竿*2,NT$500.00,Travel (https://app.notion.com/p/Travel-1de52a1550c18102a04df0c968556b0b?pvs=21),Couple's (https://app.notion.com/p/Couple-s-1de52a1550c181d39de7eebc343b38cd?pvs=21),-11782
2024/08/24,山海一家,,NT$290.00,Food (https://app.notion.com/p/Food-1de52a1550c1808585f7c8d0cbbab341?pvs=21),Couple's (https://app.notion.com/p/Couple-s-1de52a1550c181d39de7eebc343b38cd?pvs=21),-11782
2024/08/24,台灣好行,東莒線*2,NT$300.00,Travel (https://app.notion.com/p/Travel-1de52a1550c18102a04df0c968556b0b?pvs=21),Couple's (https://app.notion.com/p/Couple-s-1de52a1550c181d39de7eebc343b38cd?pvs=21),-11782
2024/08/24,台灣好行,西莒,NT$150.00,Travel (https://app.notion.com/p/Travel-1de52a1550c18102a04df0c968556b0b?pvs=21),Couple's (https://app.notion.com/p/Couple-s-1de52a1550c181d39de7eebc343b38cd?pvs=21),-11782
2024/08/24,兵兵好禮,,NT$990.00,Travel (https://app.notion.com/p/Travel-1de52a1550c18102a04df0c968556b0b?pvs=21),Couple's (https://app.notion.com/p/Couple-s-1de52a1550c181d39de7eebc343b38cd?pvs=21),-11782
2024/08/24,歡歡冰店,,NT$110.00,Food (https://app.notion.com/p/Food-1de52a1550c1808585f7c8d0cbbab341?pvs=21),Couple's (https://app.notion.com/p/Couple-s-1de52a1550c181d39de7eebc343b38cd?pvs=21),-11782
2024/08/24,三六九小館,,NT$590.00,Travel (https://app.notion.com/p/Travel-1de52a1550c18102a04df0c968556b0b?pvs=21),Couple's (https://app.notion.com/p/Couple-s-1de52a1550c181d39de7eebc343b38cd?pvs=21),-11782
2024/08/24,C&Y炸雞,,NT$355.00,Travel (https://app.notion.com/p/Travel-1de52a1550c18102a04df0c968556b0b?pvs=21),Couple's (https://app.notion.com/p/Couple-s-1de52a1550c181d39de7eebc343b38cd?pvs=21),-11782
2024/08/24,臻享茶-馬祖山隴店,,NT$110.00,Travel (https://app.notion.com/p/Travel-1de52a1550c18102a04df0c968556b0b?pvs=21),Couple's (https://app.notion.com/p/Couple-s-1de52a1550c181d39de7eebc343b38cd?pvs=21),-11782
2024/08/24,西莒咖啡,豆花*2,NT$70.00,Travel (https://app.notion.com/p/Travel-1de52a1550c18102a04df0c968556b0b?pvs=21),Couple's (https://app.notion.com/p/Couple-s-1de52a1550c181d39de7eebc343b38cd?pvs=21),-11782
2024/08/23,馬祖海運,北竿南竿,NT$320.00,Travel (https://app.notion.com/p/Travel-1de52a1550c18102a04df0c968556b0b?pvs=21),Couple's (https://app.notion.com/p/Couple-s-1de52a1550c181d39de7eebc343b38cd?pvs=21),-7452
2024/08/23,披薩之王,,NT$210.00,Food (https://app.notion.com/p/Food-1de52a1550c1808585f7c8d0cbbab341?pvs=21),Couple's (https://app.notion.com/p/Couple-s-1de52a1550c181d39de7eebc343b38cd?pvs=21),-7452
2024/08/23,星巴克,,NT$377.00,Food (https://app.notion.com/p/Food-1de52a1550c1808585f7c8d0cbbab341?pvs=21),General (https://app.notion.com/p/General-1fe52a1550c180d89a84f6b6694a42f5?pvs=21),1481
2024/08/23,馬祖民俗文物館,,NT$60.00,Travel (https://app.notion.com/p/Travel-1de52a1550c18102a04df0c968556b0b?pvs=21),Couple's (https://app.notion.com/p/Couple-s-1de52a1550c181d39de7eebc343b38cd?pvs=21),-7452
2024/08/23,7-11,,NT$89.00,Food (https://app.notion.com/p/Food-1de52a1550c1808585f7c8d0cbbab341?pvs=21),Couple's (https://app.notion.com/p/Couple-s-1de52a1550c181d39de7eebc343b38cd?pvs=21),-7452
2024/08/23,北海坑道-藍眼淚,*2,NT$700.00,Travel (https://app.notion.com/p/Travel-1de52a1550c18102a04df0c968556b0b?pvs=21),Couple's (https://app.notion.com/p/Couple-s-1de52a1550c181d39de7eebc343b38cd?pvs=21),-7452
2024/08/23,依嬤的店,,NT$800.00,Food (https://app.notion.com/p/Food-1de52a1550c1808585f7c8d0cbbab341?pvs=21),Couple's (https://app.notion.com/p/Couple-s-1de52a1550c181d39de7eebc343b38cd?pvs=21),-7452
2024/08/23,臻享茶-馬祖山隴店,,NT$121.00,Food (https://app.notion.com/p/Food-1de52a1550c1808585f7c8d0cbbab341?pvs=21),Couple's (https://app.notion.com/p/Couple-s-1de52a1550c181d39de7eebc343b38cd?pvs=21),-7452
2024/08/22,阿婆魚麵店,,NT$300.00,Food (https://app.notion.com/p/Food-1de52a1550c1808585f7c8d0cbbab341?pvs=21),Couple's (https://app.notion.com/p/Couple-s-1de52a1550c181d39de7eebc343b38cd?pvs=21),-5152
2024/08/22,阿發師,,NT$70.00,Food (https://app.notion.com/p/Food-1de52a1550c1808585f7c8d0cbbab341?pvs=21),Couple's (https://app.notion.com/p/Couple-s-1de52a1550c181d39de7eebc343b38cd?pvs=21),-5152
2024/08/22,青年雞排,,NT$190.00,Food (https://app.notion.com/p/Food-1de52a1550c1808585f7c8d0cbbab341?pvs=21),Couple's (https://app.notion.com/p/Couple-s-1de52a1550c181d39de7eebc343b38cd?pvs=21),-5152
2024/08/22,大坵島,,NT$300.00,Travel (https://app.notion.com/p/Travel-1de52a1550c18102a04df0c968556b0b?pvs=21),Couple's (https://app.notion.com/p/Couple-s-1de52a1550c181d39de7eebc343b38cd?pvs=21),-5152
2024/08/22,立榮航空,,"NT$4,394.00",Travel (https://app.notion.com/p/Travel-1de52a1550c18102a04df0c968556b0b?pvs=21),Couple's (https://app.notion.com/p/Couple-s-1de52a1550c181d39de7eebc343b38cd?pvs=21),-5152
2024/08/22,假日小館,,NT$500.00,Travel (https://app.notion.com/p/Travel-1de52a1550c18102a04df0c968556b0b?pvs=21),Couple's (https://app.notion.com/p/Couple-s-1de52a1550c181d39de7eebc343b38cd?pvs=21),-5152
2024/08/22,大坵島,餵食梅花鹿,NT$100.00,Travel (https://app.notion.com/p/Travel-1de52a1550c18102a04df0c968556b0b?pvs=21),Couple's (https://app.notion.com/p/Couple-s-1de52a1550c181d39de7eebc343b38cd?pvs=21),-5152
2024/08/22,大坵島,涼茶,NT$100.00,Travel (https://app.notion.com/p/Travel-1de52a1550c18102a04df0c968556b0b?pvs=21),Couple's (https://app.notion.com/p/Couple-s-1de52a1550c181d39de7eebc343b38cd?pvs=21),-5152
2024/08/22,芹沃烘焙咖啡,,NT$450.00,Food (https://app.notion.com/p/Food-1de52a1550c1808585f7c8d0cbbab341?pvs=21),Couple's (https://app.notion.com/p/Couple-s-1de52a1550c181d39de7eebc343b38cd?pvs=21),-5152
2024/08/21,䰵•平價日式料理,,NT$540.00,Food (https://app.notion.com/p/Food-1de52a1550c1808585f7c8d0cbbab341?pvs=21),Couple's (https://app.notion.com/p/Couple-s-1de52a1550c181d39de7eebc343b38cd?pvs=21),1252
2024/08/21,7-11,,NT$60.00,Food (https://app.notion.com/p/Food-1de52a1550c1808585f7c8d0cbbab341?pvs=21),General (https://app.notion.com/p/General-1fe52a1550c180d89a84f6b6694a42f5?pvs=21),1858
2024/08/21,中華電信手機費,,NT$664.00,Fun (https://app.notion.com/p/Fun-1de52a1550c180f197e2ff3116ec3fa2?pvs=21),General (https://app.notion.com/p/General-1fe52a1550c180d89a84f6b6694a42f5?pvs=21),1858
2024/08/21,台鐵,基隆松山,NT$64.00,Traffic (https://app.notion.com/p/Traffic-1de52a1550c1807b8ff6e40f804e1127?pvs=21),Dream (https://app.notion.com/p/Dream-1de52a1550c180a4bc6eee5e921cbc2d?pvs=21),13874
2024/08/21,捷運,松山松江南京,NT$40.00,Traffic (https://app.notion.com/p/Traffic-1de52a1550c1807b8ff6e40f804e1127?pvs=21),Dream (https://app.notion.com/p/Dream-1de52a1550c180a4bc6eee5e921cbc2d?pvs=21),13874
2024/08/21,麥當勞,,NT$69.00,Food (https://app.notion.com/p/Food-1de52a1550c1808585f7c8d0cbbab341?pvs=21),Dream (https://app.notion.com/p/Dream-1de52a1550c180a4bc6eee5e921cbc2d?pvs=21),13874
2024/08/21,中華電信網路費,,NT$844.00,Fun (https://app.notion.com/p/Fun-1de52a1550c180f197e2ff3116ec3fa2?pvs=21),General (https://app.notion.com/p/General-1fe52a1550c180d89a84f6b6694a42f5?pvs=21),1858
2024/08/20,起家雞,,NT$937.00,Fun (https://app.notion.com/p/Fun-1de52a1550c180f197e2ff3116ec3fa2?pvs=21),Dream (https://app.notion.com/p/Dream-1de52a1550c180a4bc6eee5e921cbc2d?pvs=21),14047
2024/08/20,小販部,,NT$33.00,Food (https://app.notion.com/p/Food-1de52a1550c1808585f7c8d0cbbab341?pvs=21),General (https://app.notion.com/p/General-1fe52a1550c180d89a84f6b6694a42f5?pvs=21),3426
2024/08/20,加油費,,NT$159.00,Traffic (https://app.notion.com/p/Traffic-1de52a1550c1807b8ff6e40f804e1127?pvs=21),General (https://app.notion.com/p/General-1fe52a1550c180d89a84f6b6694a42f5?pvs=21),3426
2024/08/19,全聯,,NT$132.00,Food (https://app.notion.com/p/Food-1de52a1550c1808585f7c8d0cbbab341?pvs=21),General (https://app.notion.com/p/General-1fe52a1550c180d89a84f6b6694a42f5?pvs=21),-2407
2024/08/19,停車費,,NT$120.00,Traffic (https://app.notion.com/p/Traffic-1de52a1550c1807b8ff6e40f804e1127?pvs=21),Dream (https://app.notion.com/p/Dream-1de52a1550c180a4bc6eee5e921cbc2d?pvs=21),12854
2024/08/18,星巴克禮盒,小乖協尋成功致謝,"NT$1,000.00",Other (https://app.notion.com/p/Other-1de52a1550c1810a92c1c432337241e8?pvs=21),Dream (https://app.notion.com/p/Dream-1de52a1550c180a4bc6eee5e921cbc2d?pvs=21),12974
2024/08/18,麥當勞,,NT$449.00,Food (https://app.notion.com/p/Food-1de52a1550c1808585f7c8d0cbbab341?pvs=21),General (https://app.notion.com/p/General-1fe52a1550c180d89a84f6b6694a42f5?pvs=21),-2275
2024/08/18,停車費,,NT$105.00,Traffic (https://app.notion.com/p/Traffic-1de52a1550c1807b8ff6e40f804e1127?pvs=21),Dream (https://app.notion.com/p/Dream-1de52a1550c180a4bc6eee5e921cbc2d?pvs=21),12974
2024/08/17,秀泰影城,鬼才之道,NT$590.00,Fun (https://app.notion.com/p/Fun-1de52a1550c180f197e2ff3116ec3fa2?pvs=21),Couple's (https://app.notion.com/p/Couple-s-1de52a1550c181d39de7eebc343b38cd?pvs=21),-1358
2024/08/17,茶舍,,NT$220.00,Food (https://app.notion.com/p/Food-1de52a1550c1808585f7c8d0cbbab341?pvs=21),General (https://app.notion.com/p/General-1fe52a1550c180d89a84f6b6694a42f5?pvs=21),-1826
2024/08/17,停車費,,NT$40.00,Traffic (https://app.notion.com/p/Traffic-1de52a1550c1807b8ff6e40f804e1127?pvs=21),Dream (https://app.notion.com/p/Dream-1de52a1550c180a4bc6eee5e921cbc2d?pvs=21),14079
2024/08/17,叮哥,,NT$115.00,Food (https://app.notion.com/p/Food-1de52a1550c1808585f7c8d0cbbab341?pvs=21),General (https://app.notion.com/p/General-1fe52a1550c180d89a84f6b6694a42f5?pvs=21),-1826
2024/08/16,7-11,,NT$55.00,Food (https://app.notion.com/p/Food-1de52a1550c1808585f7c8d0cbbab341?pvs=21),General (https://app.notion.com/p/General-1fe52a1550c180d89a84f6b6694a42f5?pvs=21),-1491
2024/08/15,第二春滷味,,NT$150.00,Food (https://app.notion.com/p/Food-1de52a1550c1808585f7c8d0cbbab341?pvs=21),General (https://app.notion.com/p/General-1fe52a1550c180d89a84f6b6694a42f5?pvs=21),-1436
2024/08/15,豆豆牛,,NT$65.00,Food (https://app.notion.com/p/Food-1de52a1550c1808585f7c8d0cbbab341?pvs=21),General (https://app.notion.com/p/General-1fe52a1550c180d89a84f6b6694a42f5?pvs=21),-1436
2024/08/15,小販部,,NT$30.00,Food (https://app.notion.com/p/Food-1de52a1550c1808585f7c8d0cbbab341?pvs=21),General (https://app.notion.com/p/General-1fe52a1550c180d89a84f6b6694a42f5?pvs=21),-1436
2024/08/14,7-11,,NT$43.00,Food (https://app.notion.com/p/Food-1de52a1550c1808585f7c8d0cbbab341?pvs=21),General (https://app.notion.com/p/General-1fe52a1550c180d89a84f6b6694a42f5?pvs=21),-1191
2024/08/13,Costco,,NT$89.00,Food (https://app.notion.com/p/Food-1de52a1550c1808585f7c8d0cbbab341?pvs=21),General (https://app.notion.com/p/General-1fe52a1550c180d89a84f6b6694a42f5?pvs=21),-1148
2024/08/13,白鬍子牛排,,NT$450.00,Food (https://app.notion.com/p/Food-1de52a1550c1808585f7c8d0cbbab341?pvs=21),General (https://app.notion.com/p/General-1fe52a1550c180d89a84f6b6694a42f5?pvs=21),-1148
2024/08/13,Costco,,NT$683.00,Food (https://app.notion.com/p/Food-1de52a1550c1808585f7c8d0cbbab341?pvs=21),General (https://app.notion.com/p/General-1fe52a1550c180d89a84f6b6694a42f5?pvs=21),-1148
2024/08/12,全聯,,NT$928.00,Food (https://app.notion.com/p/Food-1de52a1550c1808585f7c8d0cbbab341?pvs=21),General (https://app.notion.com/p/General-1fe52a1550c180d89a84f6b6694a42f5?pvs=21),74
2024/08/12,茶湯會,,NT$35.00,Food (https://app.notion.com/p/Food-1de52a1550c1808585f7c8d0cbbab341?pvs=21),General (https://app.notion.com/p/General-1fe52a1550c180d89a84f6b6694a42f5?pvs=21),74
2024/08/12,驗車,,NT$300.00,Traffic (https://app.notion.com/p/Traffic-1de52a1550c1807b8ff6e40f804e1127?pvs=21),Dream (https://app.notion.com/p/Dream-1de52a1550c180a4bc6eee5e921cbc2d?pvs=21),14119
2024/08/11,太空總薯-韓式2號店,,NT$949.00,Food (https://app.notion.com/p/Food-1de52a1550c1808585f7c8d0cbbab341?pvs=21),Dream (https://app.notion.com/p/Dream-1de52a1550c180a4bc6eee5e921cbc2d?pvs=21),14419
2024/08/11,台鐵,新竹潭子,NT$102.00,Traffic (https://app.notion.com/p/Traffic-1de52a1550c1807b8ff6e40f804e1127?pvs=21),Dream (https://app.notion.com/p/Dream-1de52a1550c180a4bc6eee5e921cbc2d?pvs=21),14419
2024/08/11,潭子運動中心,羽球場地費,NT$100.00,Health (https://app.notion.com/p/Health-1de52a1550c180948ad5c45ef59a5bb8?pvs=21),Dream (https://app.notion.com/p/Dream-1de52a1550c180a4bc6eee5e921cbc2d?pvs=21),14419
2024/08/11,台鐵,潭子新竹,NT$102.00,Traffic (https://app.notion.com/p/Traffic-1de52a1550c1807b8ff6e40f804e1127?pvs=21),Dream (https://app.notion.com/p/Dream-1de52a1550c180a4bc6eee5e921cbc2d?pvs=21),14419
2024/08/11,7-11,豆奶,NT$20.00,Food (https://app.notion.com/p/Food-1de52a1550c1808585f7c8d0cbbab341?pvs=21),General (https://app.notion.com/p/General-1fe52a1550c180d89a84f6b6694a42f5?pvs=21),1037
2024/08/11,上宇林,,NT$65.00,Food (https://app.notion.com/p/Food-1de52a1550c1808585f7c8d0cbbab341?pvs=21),General (https://app.notion.com/p/General-1fe52a1550c180d89a84f6b6694a42f5?pvs=21),1037
2024/08/11,寶雅,防曬乳,NT$528.00,Groceries (https://app.notion.com/p/Groceries-1de52a1550c180c6be6cdfaeb95cee9a?pvs=21),Dream (https://app.notion.com/p/Dream-1de52a1550c180a4bc6eee5e921cbc2d?pvs=21),14419
2024/08/10,50嵐,,NT$55.00,Food (https://app.notion.com/p/Food-1de52a1550c1808585f7c8d0cbbab341?pvs=21),General (https://app.notion.com/p/General-1fe52a1550c180d89a84f6b6694a42f5?pvs=21),1122
2024/08/09,麥當勞,,NT$281.00,Food (https://app.notion.com/p/Food-1de52a1550c1808585f7c8d0cbbab341?pvs=21),General (https://app.notion.com/p/General-1fe52a1550c180d89a84f6b6694a42f5?pvs=21),1177
2024/08/09,7-11,,NT$43.00,Food (https://app.notion.com/p/Food-1de52a1550c1808585f7c8d0cbbab341?pvs=21),General (https://app.notion.com/p/General-1fe52a1550c180d89a84f6b6694a42f5?pvs=21),1177
2024/08/09,機油,,NT$250.00,Traffic (https://app.notion.com/p/Traffic-1de52a1550c1807b8ff6e40f804e1127?pvs=21),General (https://app.notion.com/p/General-1fe52a1550c180d89a84f6b6694a42f5?pvs=21),1177
2024/08/09,台北羽球公開賽,,"NT$2,900.00",Fun (https://app.notion.com/p/Fun-1de52a1550c180f197e2ff3116ec3fa2?pvs=21),Dream (https://app.notion.com/p/Dream-1de52a1550c180a4bc6eee5e921cbc2d?pvs=21),18330
2024/08/09,齒輪油,,NT$50.00,Traffic (https://app.notion.com/p/Traffic-1de52a1550c1807b8ff6e40f804e1127?pvs=21),General (https://app.notion.com/p/General-1fe52a1550c180d89a84f6b6694a42f5?pvs=21),1177
2024/08/09,7-11,,NT$149.00,Food (https://app.notion.com/p/Food-1de52a1550c1808585f7c8d0cbbab341?pvs=21),General (https://app.notion.com/p/General-1fe52a1550c180d89a84f6b6694a42f5?pvs=21),1177
2024/08/08,7-11,,NT$54.00,Food (https://app.notion.com/p/Food-1de52a1550c1808585f7c8d0cbbab341?pvs=21),General (https://app.notion.com/p/General-1fe52a1550c180d89a84f6b6694a42f5?pvs=21),1950
2024/08/08,小販部,,NT$30.00,Food (https://app.notion.com/p/Food-1de52a1550c1808585f7c8d0cbbab341?pvs=21),General (https://app.notion.com/p/General-1fe52a1550c180d89a84f6b6694a42f5?pvs=21),1950
2024/08/08,豆豆牛,,NT$65.00,Food (https://app.notion.com/p/Food-1de52a1550c1808585f7c8d0cbbab341?pvs=21),General (https://app.notion.com/p/General-1fe52a1550c180d89a84f6b6694a42f5?pvs=21),1950
2024/08/08,第二春滷味,,NT$280.00,Food (https://app.notion.com/p/Food-1de52a1550c1808585f7c8d0cbbab341?pvs=21),General (https://app.notion.com/p/General-1fe52a1550c180d89a84f6b6694a42f5?pvs=21),1950
2024/08/08,七里香,,NT$55.00,Food (https://app.notion.com/p/Food-1de52a1550c1808585f7c8d0cbbab341?pvs=21),General (https://app.notion.com/p/General-1fe52a1550c180d89a84f6b6694a42f5?pvs=21),1950
2024/08/08,新世紀雪淇冰,,NT$50.00,Food (https://app.notion.com/p/Food-1de52a1550c1808585f7c8d0cbbab341?pvs=21),General (https://app.notion.com/p/General-1fe52a1550c180d89a84f6b6694a42f5?pvs=21),1950
2024/08/08,Haha baby路跑,,"NT$1,550.00",Fun (https://app.notion.com/p/Fun-1de52a1550c180f197e2ff3116ec3fa2?pvs=21),Dream (https://app.notion.com/p/Dream-1de52a1550c180a4bc6eee5e921cbc2d?pvs=21),24130
2024/08/08,臭豆腐,,NT$65.00,Food (https://app.notion.com/p/Food-1de52a1550c1808585f7c8d0cbbab341?pvs=21),General (https://app.notion.com/p/General-1fe52a1550c180d89a84f6b6694a42f5?pvs=21),1950
2024/08/07,小販部,,NT$13.00,Food (https://app.notion.com/p/Food-1de52a1550c1808585f7c8d0cbbab341?pvs=21),General (https://app.notion.com/p/General-1fe52a1550c180d89a84f6b6694a42f5?pvs=21),2549
2024/08/07,全聯,,NT$194.00,Food (https://app.notion.com/p/Food-1de52a1550c1808585f7c8d0cbbab341?pvs=21),General (https://app.notion.com/p/General-1fe52a1550c180d89a84f6b6694a42f5?pvs=21),2549
2024/08/06,老賴茶棧,,NT$40.00,Food (https://app.notion.com/p/Food-1de52a1550c1808585f7c8d0cbbab341?pvs=21),General (https://app.notion.com/p/General-1fe52a1550c180d89a84f6b6694a42f5?pvs=21),2756
2024/08/06,東門雞肉飯,,NT$275.00,Food (https://app.notion.com/p/Food-1de52a1550c1808585f7c8d0cbbab341?pvs=21),General (https://app.notion.com/p/General-1fe52a1550c180d89a84f6b6694a42f5?pvs=21),2756
2024/08/05,全聯,,NT$719.00,Food (https://app.notion.com/p/Food-1de52a1550c1808585f7c8d0cbbab341?pvs=21),General (https://app.notion.com/p/General-1fe52a1550c180d89a84f6b6694a42f5?pvs=21),3071
2024/08/04,斜角古早味綿綿冰,,NT$75.00,Food (https://app.notion.com/p/Food-1de52a1550c1808585f7c8d0cbbab341?pvs=21),General (https://app.notion.com/p/General-1fe52a1550c180d89a84f6b6694a42f5?pvs=21),3790
2024/08/04,50嵐,,NT$50.00,Food (https://app.notion.com/p/Food-1de52a1550c1808585f7c8d0cbbab341?pvs=21),General (https://app.notion.com/p/General-1fe52a1550c180d89a84f6b6694a42f5?pvs=21),3790
2024/08/04,卡莎米義大利麵,,NT$200.00,Food (https://app.notion.com/p/Food-1de52a1550c1808585f7c8d0cbbab341?pvs=21),General (https://app.notion.com/p/General-1fe52a1550c180d89a84f6b6694a42f5?pvs=21),3790
2024/08/04,Spotify月費,,NT$202.00,Fun (https://app.notion.com/p/Fun-1de52a1550c180f197e2ff3116ec3fa2?pvs=21),General (https://app.notion.com/p/General-1fe52a1550c180d89a84f6b6694a42f5?pvs=21),3790
2024/08/03,龜記,,NT$110.00,Food (https://app.notion.com/p/Food-1de52a1550c1808585f7c8d0cbbab341?pvs=21),General (https://app.notion.com/p/General-1fe52a1550c180d89a84f6b6694a42f5?pvs=21),4317
2024/08/03,宜得利,,NT$298.00,Groceries (https://app.notion.com/p/Groceries-1de52a1550c180c6be6cdfaeb95cee9a?pvs=21),Dream (https://app.notion.com/p/Dream-1de52a1550c180a4bc6eee5e921cbc2d?pvs=21),27230
2024/08/03,Adidas,Zero SL2,"NT$2,792.00",Clothes (https://app.notion.com/p/Clothes-1de52a1550c181c098ebee3f08c04f38?pvs=21),Dream (https://app.notion.com/p/Dream-1de52a1550c180a4bc6eee5e921cbc2d?pvs=21),27230
2024/08/02,禧樂,,NT$935.00,Food (https://app.notion.com/p/Food-1de52a1550c1808585f7c8d0cbbab341?pvs=21),Dream (https://app.notion.com/p/Dream-1de52a1550c180a4bc6eee5e921cbc2d?pvs=21),30320
2024/08/02,加油費,,NT$170.00,Traffic (https://app.notion.com/p/Traffic-1de52a1550c1807b8ff6e40f804e1127?pvs=21),General (https://app.notion.com/p/General-1fe52a1550c180d89a84f6b6694a42f5?pvs=21),4427
2024/08/02,Costco,,"NT$1,024.00",Groceries (https://app.notion.com/p/Groceries-1de52a1550c180c6be6cdfaeb95cee9a?pvs=21),Dream (https://app.notion.com/p/Dream-1de52a1550c180a4bc6eee5e921cbc2d?pvs=21),30320
2024/08/02,Costco,,"NT$2,914.00",Food (https://app.notion.com/p/Food-1de52a1550c1808585f7c8d0cbbab341?pvs=21),General (https://app.notion.com/p/General-1fe52a1550c180d89a84f6b6694a42f5?pvs=21),4427
2024/08/02,Sukiya,,NT$403.00,Food (https://app.notion.com/p/Food-1de52a1550c1808585f7c8d0cbbab341?pvs=21),General (https://app.notion.com/p/General-1fe52a1550c180d89a84f6b6694a42f5?pvs=21),4427
2024/08/01,匯給媽,"
","NT$6,000.00",Family (https://app.notion.com/p/Family-1de52a1550c181faa107fcc0a73d8120?pvs=21),Fixed (https://app.notion.com/p/Fixed-1de52a1550c180f19995d25cbc6f1038?pvs=21),18583
2024/08/01,2024汽車停車位,,"NT$2,500.00",Traffic (https://app.notion.com/p/Traffic-1de52a1550c1807b8ff6e40f804e1127?pvs=21),Savings (https://app.notion.com/p/Savings-1de52a1550c18029b280dc7d9d36cb03?pvs=21),351890
2024/08/01,勞保費,"
","NT$1,100.00",Insurance (https://app.notion.com/p/Insurance-1de52a1550c181f09d1dfb6d85985a86?pvs=21),Fixed (https://app.notion.com/p/Fixed-1de52a1550c180f19995d25cbc6f1038?pvs=21),18583
2024/08/01,健保費,"
","NT$1,036.00",Insurance (https://app.notion.com/p/Insurance-1de52a1550c181f09d1dfb6d85985a86?pvs=21),Fixed (https://app.notion.com/p/Fixed-1de52a1550c180f19995d25cbc6f1038?pvs=21),18583
2024/08/01,房租,,"NT$7,250.00",Groceries (https://app.notion.com/p/Groceries-1de52a1550c180c6be6cdfaeb95cee9a?pvs=21),Fixed (https://app.notion.com/p/Fixed-1de52a1550c180f19995d25cbc6f1038?pvs=21),18583
2024/07/31,全聯,,NT$224.00,Food (https://app.notion.com/p/Food-1de52a1550c1808585f7c8d0cbbab341?pvs=21),General (https://app.notion.com/p/General-1fe52a1550c180d89a84f6b6694a42f5?pvs=21),-3100
2024/07/31,小販部,,NT$153.00,Food (https://app.notion.com/p/Food-1de52a1550c1808585f7c8d0cbbab341?pvs=21),General (https://app.notion.com/p/General-1fe52a1550c180d89a84f6b6694a42f5?pvs=21),-3100
2024/07/30,Steam,Rift Breaker,NT$268.00,Fun (https://app.notion.com/p/Fun-1de52a1550c180f197e2ff3116ec3fa2?pvs=21),Dream (https://app.notion.com/p/Dream-1de52a1550c180a4bc6eee5e921cbc2d?pvs=21),25772
2024/07/30,排骨酥麵,,NT$455.00,Food (https://app.notion.com/p/Food-1de52a1550c1808585f7c8d0cbbab341?pvs=21),General (https://app.notion.com/p/General-1fe52a1550c180d89a84f6b6694a42f5?pvs=21),-2723
2024/07/29,7-11,,NT$121.00,Food (https://app.notion.com/p/Food-1de52a1550c1808585f7c8d0cbbab341?pvs=21),General (https://app.notion.com/p/General-1fe52a1550c180d89a84f6b6694a42f5?pvs=21),-2268
2024/07/28,ETC,,NT$240.00,Traffic (https://app.notion.com/p/Traffic-1de52a1550c1807b8ff6e40f804e1127?pvs=21),Dream (https://app.notion.com/p/Dream-1de52a1550c180a4bc6eee5e921cbc2d?pvs=21),26040
2024/07/28,加油費,,"NT$1,696.00",Traffic (https://app.notion.com/p/Traffic-1de52a1550c1807b8ff6e40f804e1127?pvs=21),Dream (https://app.notion.com/p/Dream-1de52a1550c180a4bc6eee5e921cbc2d?pvs=21),26040
2024/07/27,紅包(藜同學婚禮,,NT$200.00,Other (https://app.notion.com/p/Other-1de52a1550c1810a92c1c432337241e8?pvs=21),General (https://app.notion.com/p/General-1fe52a1550c180d89a84f6b6694a42f5?pvs=21),-2147
2024/07/27,Net,,"NT$1,286.00",Clothes (https://app.notion.com/p/Clothes-1de52a1550c181c098ebee3f08c04f38?pvs=21),Dream (https://app.notion.com/p/Dream-1de52a1550c180a4bc6eee5e921cbc2d?pvs=21),27976
2024/07/27,威秀,單人套餐,NT$200.00,Fun (https://app.notion.com/p/Fun-1de52a1550c180f197e2ff3116ec3fa2?pvs=21),General (https://app.notion.com/p/General-1fe52a1550c180d89a84f6b6694a42f5?pvs=21),-2147
2024/07/27,綠豆椪,,NT$60.00,Food (https://app.notion.com/p/Food-1de52a1550c1808585f7c8d0cbbab341?pvs=21),General (https://app.notion.com/p/General-1fe52a1550c180d89a84f6b6694a42f5?pvs=21),-2147
2024/07/27,威秀,死侍與金鋼狼,NT$544.00,Fun (https://app.notion.com/p/Fun-1de52a1550c180f197e2ff3116ec3fa2?pvs=21),Couple's (https://app.notion.com/p/Couple-s-1de52a1550c181d39de7eebc343b38cd?pvs=21),-2768
2024/07/26,麥當勞,,NT$218.00,Food (https://app.notion.com/p/Food-1de52a1550c1808585f7c8d0cbbab341?pvs=21),General (https://app.notion.com/p/General-1fe52a1550c180d89a84f6b6694a42f5?pvs=21),-1687
2024/07/26,八曜和茶,,NT$35.00,Food (https://app.notion.com/p/Food-1de52a1550c1808585f7c8d0cbbab341?pvs=21),General (https://app.notion.com/p/General-1fe52a1550c180d89a84f6b6694a42f5?pvs=21),-1687
2024/07/26,ETC,,NT$218.00,Traffic (https://app.notion.com/p/Traffic-1de52a1550c1807b8ff6e40f804e1127?pvs=21),Dream (https://app.notion.com/p/Dream-1de52a1550c180a4bc6eee5e921cbc2d?pvs=21),29262
2024/07/26,加油費,,"NT$1,167.00",Traffic (https://app.notion.com/p/Traffic-1de52a1550c1807b8ff6e40f804e1127?pvs=21),Dream (https://app.notion.com/p/Dream-1de52a1550c180a4bc6eee5e921cbc2d?pvs=21),29262
2024/07/25,拿坡里披薩,,NT$699.00,Food (https://app.notion.com/p/Food-1de52a1550c1808585f7c8d0cbbab341?pvs=21),General (https://app.notion.com/p/General-1fe52a1550c180d89a84f6b6694a42f5?pvs=21),-1434
2024/07/24,50嵐,,NT$100.00,Food (https://app.notion.com/p/Food-1de52a1550c1808585f7c8d0cbbab341?pvs=21),General (https://app.notion.com/p/General-1fe52a1550c180d89a84f6b6694a42f5?pvs=21),-735
2024/07/24,全聯,,"NT$1,028.00",Food (https://app.notion.com/p/Food-1de52a1550c1808585f7c8d0cbbab341?pvs=21),General (https://app.notion.com/p/General-1fe52a1550c180d89a84f6b6694a42f5?pvs=21),-735
2024/07/24,米樂,,NT$270.00,Food (https://app.notion.com/p/Food-1de52a1550c1808585f7c8d0cbbab341?pvs=21),General (https://app.notion.com/p/General-1fe52a1550c180d89a84f6b6694a42f5?pvs=21),-735
2024/07/23,玉蘭,,NT$60.00,Food (https://app.notion.com/p/Food-1de52a1550c1808585f7c8d0cbbab341?pvs=21),General (https://app.notion.com/p/General-1fe52a1550c180d89a84f6b6694a42f5?pvs=21),663
2024/07/23,全聯,,NT$792.00,Food (https://app.notion.com/p/Food-1de52a1550c1808585f7c8d0cbbab341?pvs=21),General (https://app.notion.com/p/General-1fe52a1550c180d89a84f6b6694a42f5?pvs=21),663
2024/07/21,停車費,,NT$15.00,Traffic (https://app.notion.com/p/Traffic-1de52a1550c1807b8ff6e40f804e1127?pvs=21),Dream (https://app.notion.com/p/Dream-1de52a1550c180a4bc6eee5e921cbc2d?pvs=21),30647
2024/07/21,品田牧場,,NT$844.00,Food (https://app.notion.com/p/Food-1de52a1550c1808585f7c8d0cbbab341?pvs=21),General (https://app.notion.com/p/General-1fe52a1550c180d89a84f6b6694a42f5?pvs=21),1515
2024/07/21,登山杖,,"NT$1,147.00",Health (https://app.notion.com/p/Health-1de52a1550c180948ad5c45ef59a5bb8?pvs=21),Dream (https://app.notion.com/p/Dream-1de52a1550c180a4bc6eee5e921cbc2d?pvs=21),30647
2024/07/21,賴媽媽豆花,,NT$110.00,Food (https://app.notion.com/p/Food-1de52a1550c1808585f7c8d0cbbab341?pvs=21),General (https://app.notion.com/p/General-1fe52a1550c180d89a84f6b6694a42f5?pvs=21),1515
2024/07/21,大溪港式點心,,NT$100.00,Food (https://app.notion.com/p/Food-1de52a1550c1808585f7c8d0cbbab341?pvs=21),General (https://app.notion.com/p/General-1fe52a1550c180d89a84f6b6694a42f5?pvs=21),1515
2024/07/21,晉賦茶飲,,NT$100.00,Food (https://app.notion.com/p/Food-1de52a1550c1808585f7c8d0cbbab341?pvs=21),General (https://app.notion.com/p/General-1fe52a1550c180d89a84f6b6694a42f5?pvs=21),1515
2024/07/21,老阿伯現滷豆干,,NT$300.00,Food (https://app.notion.com/p/Food-1de52a1550c1808585f7c8d0cbbab341?pvs=21),General (https://app.notion.com/p/General-1fe52a1550c180d89a84f6b6694a42f5?pvs=21),1515
2024/07/21,雨傘,,NT$300.00,Groceries (https://app.notion.com/p/Groceries-1de52a1550c180c6be6cdfaeb95cee9a?pvs=21),Dream (https://app.notion.com/p/Dream-1de52a1550c180a4bc6eee5e921cbc2d?pvs=21),30647
2024/07/20,上海生煎包,,NT$100.00,Food (https://app.notion.com/p/Food-1de52a1550c1808585f7c8d0cbbab341?pvs=21),General (https://app.notion.com/p/General-1fe52a1550c180d89a84f6b6694a42f5?pvs=21),2969
2024/07/20,玉蘭,,NT$100.00,Food (https://app.notion.com/p/Food-1de52a1550c1808585f7c8d0cbbab341?pvs=21),General (https://app.notion.com/p/General-1fe52a1550c180d89a84f6b6694a42f5?pvs=21),2969
2024/07/20,卡莎米義大利麵,,NT$320.00,Food (https://app.notion.com/p/Food-1de52a1550c1808585f7c8d0cbbab341?pvs=21),General (https://app.notion.com/p/General-1fe52a1550c180d89a84f6b6694a42f5?pvs=21),2969
2024/07/19,吳記滷肉飯,,NT$305.00,Food (https://app.notion.com/p/Food-1de52a1550c1808585f7c8d0cbbab341?pvs=21),General (https://app.notion.com/p/General-1fe52a1550c180d89a84f6b6694a42f5?pvs=21),3489
2024/07/18,天后會館,,"NT$2,800.00",Travel (https://app.notion.com/p/Travel-1de52a1550c18102a04df0c968556b0b?pvs=21),Dream (https://app.notion.com/p/Dream-1de52a1550c180a4bc6eee5e921cbc2d?pvs=21),32109
2024/07/18,雲記,南竿住宿,"NT$1,800.00",Travel (https://app.notion.com/p/Travel-1de52a1550c18102a04df0c968556b0b?pvs=21),Dream (https://app.notion.com/p/Dream-1de52a1550c180a4bc6eee5e921cbc2d?pvs=21),32109
2024/07/17,全聯,,NT$692.00,Food (https://app.notion.com/p/Food-1de52a1550c1808585f7c8d0cbbab341?pvs=21),General (https://app.notion.com/p/General-1fe52a1550c180d89a84f6b6694a42f5?pvs=21),3794
2024/07/16,東門雞肉飯,,NT$270.00,Food (https://app.notion.com/p/Food-1de52a1550c1808585f7c8d0cbbab341?pvs=21),General (https://app.notion.com/p/General-1fe52a1550c180d89a84f6b6694a42f5?pvs=21),4486
2024/07/16,下午茶,,NT$119.00,Food (https://app.notion.com/p/Food-1de52a1550c1808585f7c8d0cbbab341?pvs=21),General (https://app.notion.com/p/General-1fe52a1550c180d89a84f6b6694a42f5?pvs=21),4486
2024/07/16,草本茶,,NT$120.00,Food (https://app.notion.com/p/Food-1de52a1550c1808585f7c8d0cbbab341?pvs=21),General (https://app.notion.com/p/General-1fe52a1550c180d89a84f6b6694a42f5?pvs=21),4486
2024/07/15,全家,,NT$69.00,Food (https://app.notion.com/p/Food-1de52a1550c1808585f7c8d0cbbab341?pvs=21),General (https://app.notion.com/p/General-1fe52a1550c180d89a84f6b6694a42f5?pvs=21),4995
2024/07/15,中華電信手機費,,NT$664.00,Fun (https://app.notion.com/p/Fun-1de52a1550c180f197e2ff3116ec3fa2?pvs=21),General (https://app.notion.com/p/General-1fe52a1550c180d89a84f6b6694a42f5?pvs=21),4995
2024/07/15,中華電信網路費,,NT$844.00,Fun (https://app.notion.com/p/Fun-1de52a1550c180f197e2ff3116ec3fa2?pvs=21),General (https://app.notion.com/p/General-1fe52a1550c180d89a84f6b6694a42f5?pvs=21),4995
2024/07/15,要活就要動,-9/10,"NT$2,200.00",Health (https://app.notion.com/p/Health-1de52a1550c180948ad5c45ef59a5bb8?pvs=21),Dream (https://app.notion.com/p/Dream-1de52a1550c180a4bc6eee5e921cbc2d?pvs=21),36709
2024/07/15,立榮航空,馬祖南竿-松山,"NT$2,092.00",Travel (https://app.notion.com/p/Travel-1de52a1550c18102a04df0c968556b0b?pvs=21),Dream (https://app.notion.com/p/Dream-1de52a1550c180a4bc6eee5e921cbc2d?pvs=21),36709
2024/07/15,新臺馬,基隆-南竿,"NT$1,575.00",Travel (https://app.notion.com/p/Travel-1de52a1550c18102a04df0c968556b0b?pvs=21),Dream (https://app.notion.com/p/Dream-1de52a1550c180a4bc6eee5e921cbc2d?pvs=21),36709
2024/07/14,Costco,濕巾,NT$335.00,Groceries (https://app.notion.com/p/Groceries-1de52a1550c180c6be6cdfaeb95cee9a?pvs=21),General (https://app.notion.com/p/General-1fe52a1550c180d89a84f6b6694a42f5?pvs=21),6572
2024/07/14,貳樓,,"NT$1,265.00",Food (https://app.notion.com/p/Food-1de52a1550c1808585f7c8d0cbbab341?pvs=21),General (https://app.notion.com/p/General-1fe52a1550c180d89a84f6b6694a42f5?pvs=21),6572
2024/07/14,加油費,,NT$150.00,Traffic (https://app.notion.com/p/Traffic-1de52a1550c1807b8ff6e40f804e1127?pvs=21),General (https://app.notion.com/p/General-1fe52a1550c180d89a84f6b6694a42f5?pvs=21),6572
2024/07/14,Costco,貝果、乳酪抹醬,NT$378.00,Food (https://app.notion.com/p/Food-1de52a1550c1808585f7c8d0cbbab341?pvs=21),General (https://app.notion.com/p/General-1fe52a1550c180d89a84f6b6694a42f5?pvs=21),6572
2024/07/14,先喝道,,NT$120.00,Food (https://app.notion.com/p/Food-1de52a1550c1808585f7c8d0cbbab341?pvs=21),General (https://app.notion.com/p/General-1fe52a1550c180d89a84f6b6694a42f5?pvs=21),6572
2024/07/13,7-11,水,NT$60.00,Food (https://app.notion.com/p/Food-1de52a1550c1808585f7c8d0cbbab341?pvs=21),General (https://app.notion.com/p/General-1fe52a1550c180d89a84f6b6694a42f5?pvs=21),8820
2024/07/13,思茶,,NT$165.00,Food (https://app.notion.com/p/Food-1de52a1550c1808585f7c8d0cbbab341?pvs=21),General (https://app.notion.com/p/General-1fe52a1550c180d89a84f6b6694a42f5?pvs=21),8820
2024/07/12,竹東排骨酥,,NT$500.00,Food (https://app.notion.com/p/Food-1de52a1550c1808585f7c8d0cbbab341?pvs=21),General (https://app.notion.com/p/General-1fe52a1550c180d89a84f6b6694a42f5?pvs=21),9045
2024/07/11,背包亂鬥,,NT$238.00,Fun (https://app.notion.com/p/Fun-1de52a1550c180f197e2ff3116ec3fa2?pvs=21),Dream (https://app.notion.com/p/Dream-1de52a1550c180a4bc6eee5e921cbc2d?pvs=21),42576
2024/07/11,7-11,,NT$81.00,Food (https://app.notion.com/p/Food-1de52a1550c1808585f7c8d0cbbab341?pvs=21),General (https://app.notion.com/p/General-1fe52a1550c180d89a84f6b6694a42f5?pvs=21),9545
2024/07/11,全聯,,NT$425.00,Food (https://app.notion.com/p/Food-1de52a1550c1808585f7c8d0cbbab341?pvs=21),General (https://app.notion.com/p/General-1fe52a1550c180d89a84f6b6694a42f5?pvs=21),9545
2024/07/09,早餐,,NT$50.00,Food (https://app.notion.com/p/Food-1de52a1550c1808585f7c8d0cbbab341?pvs=21),General (https://app.notion.com/p/General-1fe52a1550c180d89a84f6b6694a42f5?pvs=21),5305
2024/07/09,大茗,,NT$40.00,Food (https://app.notion.com/p/Food-1de52a1550c1808585f7c8d0cbbab341?pvs=21),General (https://app.notion.com/p/General-1fe52a1550c180d89a84f6b6694a42f5?pvs=21),5305
2024/07/09,起家雞,,NT$744.00,Food (https://app.notion.com/p/Food-1de52a1550c1808585f7c8d0cbbab341?pvs=21),General (https://app.notion.com/p/General-1fe52a1550c180d89a84f6b6694a42f5?pvs=21),5305
2024/07/09,上宇林,,NT$125.00,Food (https://app.notion.com/p/Food-1de52a1550c1808585f7c8d0cbbab341?pvs=21),General (https://app.notion.com/p/General-1fe52a1550c180d89a84f6b6694a42f5?pvs=21),5305
2024/07/08,全聯,,NT$658.00,Food (https://app.notion.com/p/Food-1de52a1550c1808585f7c8d0cbbab341?pvs=21),General (https://app.notion.com/p/General-1fe52a1550c180d89a84f6b6694a42f5?pvs=21),6264
2024/07/07,50嵐,,NT$100.00,Food (https://app.notion.com/p/Food-1de52a1550c1808585f7c8d0cbbab341?pvs=21),General (https://app.notion.com/p/General-1fe52a1550c180d89a84f6b6694a42f5?pvs=21),6922
2024/07/07,藜紅包贊助,,"NT$1,000.00",Other (https://app.notion.com/p/Other-1de52a1550c1810a92c1c432337241e8?pvs=21),Dream (https://app.notion.com/p/Dream-1de52a1550c180a4bc6eee5e921cbc2d?pvs=21),42424
2024/07/05,豐華小吃,,NT$445.00,Food (https://app.notion.com/p/Food-1de52a1550c1808585f7c8d0cbbab341?pvs=21),General (https://app.notion.com/p/General-1fe52a1550c180d89a84f6b6694a42f5?pvs=21),7022
2024/07/05,7-11,,NT$107.00,Food (https://app.notion.com/p/Food-1de52a1550c1808585f7c8d0cbbab341?pvs=21),General (https://app.notion.com/p/General-1fe52a1550c180d89a84f6b6694a42f5?pvs=21),7022
2024/07/05,麥當勞,,NT$251.00,Food (https://app.notion.com/p/Food-1de52a1550c1808585f7c8d0cbbab341?pvs=21),General (https://app.notion.com/p/General-1fe52a1550c180d89a84f6b6694a42f5?pvs=21),7022
2024/07/05,ETC,,NT$160.00,Traffic (https://app.notion.com/p/Traffic-1de52a1550c1807b8ff6e40f804e1127?pvs=21),Dream (https://app.notion.com/p/Dream-1de52a1550c180a4bc6eee5e921cbc2d?pvs=21),43424
2024/07/05,加油費,,"NT$1,536.00",Traffic (https://app.notion.com/p/Traffic-1de52a1550c1807b8ff6e40f804e1127?pvs=21),Dream (https://app.notion.com/p/Dream-1de52a1550c180a4bc6eee5e921cbc2d?pvs=21),43424
2024/07/04,良叔叔滷味,,NT$310.00,Food (https://app.notion.com/p/Food-1de52a1550c1808585f7c8d0cbbab341?pvs=21),General (https://app.notion.com/p/General-1fe52a1550c180d89a84f6b6694a42f5?pvs=21),7825
2024/07/04,Spotify月費,,NT$202.00,Fun (https://app.notion.com/p/Fun-1de52a1550c180f197e2ff3116ec3fa2?pvs=21),General (https://app.notion.com/p/General-1fe52a1550c180d89a84f6b6694a42f5?pvs=21),7825
2024/07/03,Costco,運動上衣*2,NT$598.00,Clothes (https://app.notion.com/p/Clothes-1de52a1550c181c098ebee3f08c04f38?pvs=21),Dream (https://app.notion.com/p/Dream-1de52a1550c180a4bc6eee5e921cbc2d?pvs=21),45120
2024/07/03,Costco,咖啡,NT$50.00,Food (https://app.notion.com/p/Food-1de52a1550c1808585f7c8d0cbbab341?pvs=21),General (https://app.notion.com/p/General-1fe52a1550c180d89a84f6b6694a42f5?pvs=21),8337
2024/07/03,Costco,冷麵,NT$264.00,Food (https://app.notion.com/p/Food-1de52a1550c1808585f7c8d0cbbab341?pvs=21),General (https://app.notion.com/p/General-1fe52a1550c180d89a84f6b6694a42f5?pvs=21),8337
2024/07/02,汽車燃料費,,"NT$6,180.00",Traffic (https://app.notion.com/p/Traffic-1de52a1550c1807b8ff6e40f804e1127?pvs=21),Fixed (https://app.notion.com/p/Fixed-1de52a1550c180f19995d25cbc6f1038?pvs=21),14448
2024/07/02,白鬍子牛排,,NT$450.00,Food (https://app.notion.com/p/Food-1de52a1550c1808585f7c8d0cbbab341?pvs=21),General (https://app.notion.com/p/General-1fe52a1550c180d89a84f6b6694a42f5?pvs=21),8651
2024/07/02,7-11,,NT$95.00,Food (https://app.notion.com/p/Food-1de52a1550c1808585f7c8d0cbbab341?pvs=21),General (https://app.notion.com/p/General-1fe52a1550c180d89a84f6b6694a42f5?pvs=21),8651
2024/07/01,健保費,"
","NT$1,036.00",Insurance (https://app.notion.com/p/Insurance-1de52a1550c181f09d1dfb6d85985a86?pvs=21),Fixed (https://app.notion.com/p/Fixed-1de52a1550c180f19995d25cbc6f1038?pvs=21),20628
2024/07/01,勞保費,"
","NT$1,100.00",Insurance (https://app.notion.com/p/Insurance-1de52a1550c181f09d1dfb6d85985a86?pvs=21),Fixed (https://app.notion.com/p/Fixed-1de52a1550c180f19995d25cbc6f1038?pvs=21),20628
2024/07/01,2024汽車停車位,,"NT$2,500.00",Traffic (https://app.notion.com/p/Traffic-1de52a1550c1807b8ff6e40f804e1127?pvs=21),Savings (https://app.notion.com/p/Savings-1de52a1550c18029b280dc7d9d36cb03?pvs=21),347883
2024/07/01,匯給媽,"
","NT$6,000.00",Family (https://app.notion.com/p/Family-1de52a1550c181faa107fcc0a73d8120?pvs=21),Fixed (https://app.notion.com/p/Fixed-1de52a1550c180f19995d25cbc6f1038?pvs=21),20628
2024/07/01,房租,,"NT$6,750.00",Groceries (https://app.notion.com/p/Groceries-1de52a1550c180c6be6cdfaeb95cee9a?pvs=21),Fixed (https://app.notion.com/p/Fixed-1de52a1550c180f19995d25cbc6f1038?pvs=21),20628
2024/07/01,Costco,,"NT$1,256.00",Food (https://app.notion.com/p/Food-1de52a1550c1808585f7c8d0cbbab341?pvs=21),General (https://app.notion.com/p/General-1fe52a1550c180d89a84f6b6694a42f5?pvs=21),9196
2024/07/01,Costco,衛生紙+漱口水,NT$964.00,Groceries (https://app.notion.com/p/Groceries-1de52a1550c180c6be6cdfaeb95cee9a?pvs=21),Dream (https://app.notion.com/p/Dream-1de52a1550c180a4bc6eee5e921cbc2d?pvs=21),45718
2024/06/30,ETC,,NT$130.00,Traffic (https://app.notion.com/p/Traffic-1de52a1550c1807b8ff6e40f804e1127?pvs=21),Dream (https://app.notion.com/p/Dream-1de52a1550c180a4bc6eee5e921cbc2d?pvs=21),40175
2024/06/30,Uniqlo,,NT$580.00,Clothes (https://app.notion.com/p/Clothes-1de52a1550c181c098ebee3f08c04f38?pvs=21),Dream (https://app.notion.com/p/Dream-1de52a1550c180a4bc6eee5e921cbc2d?pvs=21),40175
2024/06/29,機車燃料費,,NT$450.00,Traffic (https://app.notion.com/p/Traffic-1de52a1550c1807b8ff6e40f804e1127?pvs=21),General (https://app.notion.com/p/General-1fe52a1550c180d89a84f6b6694a42f5?pvs=21),-562
2024/06/28,小販部,綠茶,NT$60.00,Food (https://app.notion.com/p/Food-1de52a1550c1808585f7c8d0cbbab341?pvs=21),General (https://app.notion.com/p/General-1fe52a1550c180d89a84f6b6694a42f5?pvs=21),-112
2024/06/28,咖啡,,NT$80.00,Food (https://app.notion.com/p/Food-1de52a1550c1808585f7c8d0cbbab341?pvs=21),General (https://app.notion.com/p/General-1fe52a1550c180d89a84f6b6694a42f5?pvs=21),-112
2024/06/28,ETC,,NT$126.00,Traffic (https://app.notion.com/p/Traffic-1de52a1550c1807b8ff6e40f804e1127?pvs=21),Dream (https://app.notion.com/p/Dream-1de52a1550c180a4bc6eee5e921cbc2d?pvs=21),39998
2024/06/28,加油費,,"NT$1,404.00",Traffic (https://app.notion.com/p/Traffic-1de52a1550c1807b8ff6e40f804e1127?pvs=21),Dream (https://app.notion.com/p/Dream-1de52a1550c180a4bc6eee5e921cbc2d?pvs=21),39998
2024/06/27,烏弄,,NT$110.00,Food (https://app.notion.com/p/Food-1de52a1550c1808585f7c8d0cbbab341?pvs=21),General (https://app.notion.com/p/General-1fe52a1550c180d89a84f6b6694a42f5?pvs=21),28
2024/06/27,Costco,蝦仁,NT$519.00,Food (https://app.notion.com/p/Food-1de52a1550c1808585f7c8d0cbbab341?pvs=21),General (https://app.notion.com/p/General-1fe52a1550c180d89a84f6b6694a42f5?pvs=21),28
2024/06/27,Costco,起司片,NT$339.00,Food (https://app.notion.com/p/Food-1de52a1550c1808585f7c8d0cbbab341?pvs=21),General (https://app.notion.com/p/General-1fe52a1550c180d89a84f6b6694a42f5?pvs=21),28
2024/06/27,Costco,楊枝甘露,NT$269.00,Food (https://app.notion.com/p/Food-1de52a1550c1808585f7c8d0cbbab341?pvs=21),General (https://app.notion.com/p/General-1fe52a1550c180d89a84f6b6694a42f5?pvs=21),28
2024/06/27,Costco,D3,NT$469.00,Health (https://app.notion.com/p/Health-1de52a1550c180948ad5c45ef59a5bb8?pvs=21),Dream (https://app.notion.com/p/Dream-1de52a1550c180a4bc6eee5e921cbc2d?pvs=21),41528
2024/06/27,東門雞肉飯,,NT$340.00,Food (https://app.notion.com/p/Food-1de52a1550c1808585f7c8d0cbbab341?pvs=21),General (https://app.notion.com/p/General-1fe52a1550c180d89a84f6b6694a42f5?pvs=21),28
2024/06/27,水電費,,"NT$1,112.00",Groceries (https://app.notion.com/p/Groceries-1de52a1550c180c6be6cdfaeb95cee9a?pvs=21),General (https://app.notion.com/p/General-1fe52a1550c180d89a84f6b6694a42f5?pvs=21),28
2024/06/26,全家,,NT$49.00,Food (https://app.notion.com/p/Food-1de52a1550c1808585f7c8d0cbbab341?pvs=21),General (https://app.notion.com/p/General-1fe52a1550c180d89a84f6b6694a42f5?pvs=21),3940
2024/06/26,加油費,,NT$148.00,Traffic (https://app.notion.com/p/Traffic-1de52a1550c1807b8ff6e40f804e1127?pvs=21),General (https://app.notion.com/p/General-1fe52a1550c180d89a84f6b6694a42f5?pvs=21),3940
2024/06/26,全聯,,NT$293.00,Food (https://app.notion.com/p/Food-1de52a1550c1808585f7c8d0cbbab341?pvs=21),General (https://app.notion.com/p/General-1fe52a1550c180d89a84f6b6694a42f5?pvs=21),3940
2024/06/25,竹東排骨酥,,NT$388.00,Food (https://app.notion.com/p/Food-1de52a1550c1808585f7c8d0cbbab341?pvs=21),General (https://app.notion.com/p/General-1fe52a1550c180d89a84f6b6694a42f5?pvs=21),4430
2024/06/24,柳家,,NT$245.00,Food (https://app.notion.com/p/Food-1de52a1550c1808585f7c8d0cbbab341?pvs=21),General (https://app.notion.com/p/General-1fe52a1550c180d89a84f6b6694a42f5?pvs=21),4818
2024/06/24,潤餅,,NT$40.00,Food (https://app.notion.com/p/Food-1de52a1550c1808585f7c8d0cbbab341?pvs=21),General (https://app.notion.com/p/General-1fe52a1550c180d89a84f6b6694a42f5?pvs=21),4818
2024/06/22,50嵐,,NT$45.00,Food (https://app.notion.com/p/Food-1de52a1550c1808585f7c8d0cbbab341?pvs=21),General (https://app.notion.com/p/General-1fe52a1550c180d89a84f6b6694a42f5?pvs=21),5103
2024/06/22,森森燒肉,,"NT$2,324.00",Food (https://app.notion.com/p/Food-1de52a1550c1808585f7c8d0cbbab341?pvs=21),Couple's (https://app.notion.com/p/Couple-s-1de52a1550c181d39de7eebc343b38cd?pvs=21),-4224
2024/06/21,一私,,NT$350.00,Food (https://app.notion.com/p/Food-1de52a1550c1808585f7c8d0cbbab341?pvs=21),General (https://app.notion.com/p/General-1fe52a1550c180d89a84f6b6694a42f5?pvs=21),5148
2024/06/21,7-11,,NT$75.00,Food (https://app.notion.com/p/Food-1de52a1550c1808585f7c8d0cbbab341?pvs=21),General (https://app.notion.com/p/General-1fe52a1550c180d89a84f6b6694a42f5?pvs=21),5148
2024/06/21,大茗,,NT$127.00,Food (https://app.notion.com/p/Food-1de52a1550c1808585f7c8d0cbbab341?pvs=21),General (https://app.notion.com/p/General-1fe52a1550c180d89a84f6b6694a42f5?pvs=21),5148
2024/06/20,小販部,,NT$23.00,Food (https://app.notion.com/p/Food-1de52a1550c1808585f7c8d0cbbab341?pvs=21),General (https://app.notion.com/p/General-1fe52a1550c180d89a84f6b6694a42f5?pvs=21),5700
2024/06/20,全聯,,NT$299.00,Food (https://app.notion.com/p/Food-1de52a1550c1808585f7c8d0cbbab341?pvs=21),General (https://app.notion.com/p/General-1fe52a1550c180d89a84f6b6694a42f5?pvs=21),5700
2024/06/19,7-11,,NT$57.00,Food (https://app.notion.com/p/Food-1de52a1550c1808585f7c8d0cbbab341?pvs=21),General (https://app.notion.com/p/General-1fe52a1550c180d89a84f6b6694a42f5?pvs=21),6022
2024/06/19,海洋冰城,,NT$153.00,Food (https://app.notion.com/p/Food-1de52a1550c1808585f7c8d0cbbab341?pvs=21),General (https://app.notion.com/p/General-1fe52a1550c180d89a84f6b6694a42f5?pvs=21),6022
2024/06/19,小販部,,NT$30.00,Food (https://app.notion.com/p/Food-1de52a1550c1808585f7c8d0cbbab341?pvs=21),General (https://app.notion.com/p/General-1fe52a1550c180d89a84f6b6694a42f5?pvs=21),6022
2024/06/18,蔥油餅,蔥大爺,NT$60.00,Food (https://app.notion.com/p/Food-1de52a1550c1808585f7c8d0cbbab341?pvs=21),General (https://app.notion.com/p/General-1fe52a1550c180d89a84f6b6694a42f5?pvs=21),6262
2024/06/18,龜記,珍珠奶茶,NT$60.00,Food (https://app.notion.com/p/Food-1de52a1550c1808585f7c8d0cbbab341?pvs=21),General (https://app.notion.com/p/General-1fe52a1550c180d89a84f6b6694a42f5?pvs=21),6262
2024/06/18,第二春滷味,,NT$280.00,Food (https://app.notion.com/p/Food-1de52a1550c1808585f7c8d0cbbab341?pvs=21),General (https://app.notion.com/p/General-1fe52a1550c180d89a84f6b6694a42f5?pvs=21),6262
2024/06/18,仙草甘茶,,NT$50.00,Food (https://app.notion.com/p/Food-1de52a1550c1808585f7c8d0cbbab341?pvs=21),General (https://app.notion.com/p/General-1fe52a1550c180d89a84f6b6694a42f5?pvs=21),6262
2024/06/17,食材,全聯,NT$312.00,Food (https://app.notion.com/p/Food-1de52a1550c1808585f7c8d0cbbab341?pvs=21),General (https://app.notion.com/p/General-1fe52a1550c180d89a84f6b6694a42f5?pvs=21),6712
2024/06/17,觀音波霸拿鐵,茶湯會,NT$70.00,Food (https://app.notion.com/p/Food-1de52a1550c1808585f7c8d0cbbab341?pvs=21),General (https://app.notion.com/p/General-1fe52a1550c180d89a84f6b6694a42f5?pvs=21),6712
2024/06/17,7-11,,NT$105.00,Food (https://app.notion.com/p/Food-1de52a1550c1808585f7c8d0cbbab341?pvs=21),General (https://app.notion.com/p/General-1fe52a1550c180d89a84f6b6694a42f5?pvs=21),6712
2024/06/17,食材,全聯,NT$242.00,Food (https://app.notion.com/p/Food-1de52a1550c1808585f7c8d0cbbab341?pvs=21),General (https://app.notion.com/p/General-1fe52a1550c180d89a84f6b6694a42f5?pvs=21),6712
2024/06/16,腦筋急轉彎,,NT$578.00,Fun (https://app.notion.com/p/Fun-1de52a1550c180f197e2ff3116ec3fa2?pvs=21),Couple's (https://app.notion.com/p/Couple-s-1de52a1550c181d39de7eebc343b38cd?pvs=21),-1900
2024/06/16,國泰醫療險,,"NT$13,236.00",Insurance (https://app.notion.com/p/Insurance-1de52a1550c181f09d1dfb6d85985a86?pvs=21),Fixed (https://app.notion.com/p/Fixed-1de52a1550c180f19995d25cbc6f1038?pvs=21),15993
2024/06/16,Mister Donut,,NT$127.00,Food (https://app.notion.com/p/Food-1de52a1550c1808585f7c8d0cbbab341?pvs=21),General (https://app.notion.com/p/General-1fe52a1550c180d89a84f6b6694a42f5?pvs=21),7441
2024/06/16,龜記,,NT$100.00,Food (https://app.notion.com/p/Food-1de52a1550c1808585f7c8d0cbbab341?pvs=21),General (https://app.notion.com/p/General-1fe52a1550c180d89a84f6b6694a42f5?pvs=21),7441
2024/06/15,房租,,"NT$6,750.00",Groceries (https://app.notion.com/p/Groceries-1de52a1550c180c6be6cdfaeb95cee9a?pvs=21),Fixed (https://app.notion.com/p/Fixed-1de52a1550c180f19995d25cbc6f1038?pvs=21),29229
2024/06/15,中華電信手機費,,NT$668.00,Fun (https://app.notion.com/p/Fun-1de52a1550c180f197e2ff3116ec3fa2?pvs=21),Dream (https://app.notion.com/p/Dream-1de52a1550c180a4bc6eee5e921cbc2d?pvs=21),43274
2024/06/15,第一家鹹酥雞,,NT$210.00,Food (https://app.notion.com/p/Food-1de52a1550c1808585f7c8d0cbbab341?pvs=21),Dream (https://app.notion.com/p/Dream-1de52a1550c180a4bc6eee5e921cbc2d?pvs=21),43274
2024/06/15,鯨旺,,NT$200.00,Food (https://app.notion.com/p/Food-1de52a1550c1808585f7c8d0cbbab341?pvs=21),Dream (https://app.notion.com/p/Dream-1de52a1550c180a4bc6eee5e921cbc2d?pvs=21),43274
2024/06/15,Mr.Wish,,NT$100.00,Food (https://app.notion.com/p/Food-1de52a1550c1808585f7c8d0cbbab341?pvs=21),Dream (https://app.notion.com/p/Dream-1de52a1550c180a4bc6eee5e921cbc2d?pvs=21),43274
2024/06/15,停車費,,NT$100.00,Traffic (https://app.notion.com/p/Traffic-1de52a1550c1807b8ff6e40f804e1127?pvs=21),General (https://app.notion.com/p/General-1fe52a1550c180d89a84f6b6694a42f5?pvs=21),7668
2024/06/15,中華電信網路費,,NT$848.00,Fun (https://app.notion.com/p/Fun-1de52a1550c180f197e2ff3116ec3fa2?pvs=21),Dream (https://app.notion.com/p/Dream-1de52a1550c180a4bc6eee5e921cbc2d?pvs=21),43274
2024/06/14,7-11,,NT$55.00,Food (https://app.notion.com/p/Food-1de52a1550c1808585f7c8d0cbbab341?pvs=21),General (https://app.notion.com/p/General-1fe52a1550c180d89a84f6b6694a42f5?pvs=21),7768
2024/06/14,竹東排骨酥,,NT$527.00,Food (https://app.notion.com/p/Food-1de52a1550c1808585f7c8d0cbbab341?pvs=21),General (https://app.notion.com/p/General-1fe52a1550c180d89a84f6b6694a42f5?pvs=21),7768
2024/06/14,50嵐,,NT$100.00,Food (https://app.notion.com/p/Food-1de52a1550c1808585f7c8d0cbbab341?pvs=21),General (https://app.notion.com/p/General-1fe52a1550c180d89a84f6b6694a42f5?pvs=21),7768
2024/06/13,雙黃油條,阿婆早餐,NT$55.00,Food (https://app.notion.com/p/Food-1de52a1550c1808585f7c8d0cbbab341?pvs=21),General (https://app.notion.com/p/General-1fe52a1550c180d89a84f6b6694a42f5?pvs=21),8450
2024/06/13,全聯,,NT$352.00,Food (https://app.notion.com/p/Food-1de52a1550c1808585f7c8d0cbbab341?pvs=21),General (https://app.notion.com/p/General-1fe52a1550c180d89a84f6b6694a42f5?pvs=21),8450
2024/06/12,綠茶,,NT$49.00,Food (https://app.notion.com/p/Food-1de52a1550c1808585f7c8d0cbbab341?pvs=21),General (https://app.notion.com/p/General-1fe52a1550c180d89a84f6b6694a42f5?pvs=21),8857
2024/06/12,丐幫滷味,,NT$140.00,Food (https://app.notion.com/p/Food-1de52a1550c1808585f7c8d0cbbab341?pvs=21),General (https://app.notion.com/p/General-1fe52a1550c180d89a84f6b6694a42f5?pvs=21),8857
2024/06/12,小販部,,NT$55.00,Food (https://app.notion.com/p/Food-1de52a1550c1808585f7c8d0cbbab341?pvs=21),General (https://app.notion.com/p/General-1fe52a1550c180d89a84f6b6694a42f5?pvs=21),8857
2024/06/11,7-11,,NT$70.00,Food (https://app.notion.com/p/Food-1de52a1550c1808585f7c8d0cbbab341?pvs=21),General (https://app.notion.com/p/General-1fe52a1550c180d89a84f6b6694a42f5?pvs=21),9101
2024/06/11,加油費,,NT$154.00,Traffic (https://app.notion.com/p/Traffic-1de52a1550c1807b8ff6e40f804e1127?pvs=21),General (https://app.notion.com/p/General-1fe52a1550c180d89a84f6b6694a42f5?pvs=21),9101
2024/06/11,老范放山土雞,,NT$852.00,Food (https://app.notion.com/p/Food-1de52a1550c1808585f7c8d0cbbab341?pvs=21),General (https://app.notion.com/p/General-1fe52a1550c180d89a84f6b6694a42f5?pvs=21),9101
2024/06/10,北門室食,,"NT$1,115.00",Food (https://app.notion.com/p/Food-1de52a1550c1808585f7c8d0cbbab341?pvs=21),General (https://app.notion.com/p/General-1fe52a1550c180d89a84f6b6694a42f5?pvs=21),10177
2024/06/10,烏弄,,NT$100.00,Food (https://app.notion.com/p/Food-1de52a1550c1808585f7c8d0cbbab341?pvs=21),General (https://app.notion.com/p/General-1fe52a1550c180d89a84f6b6694a42f5?pvs=21),10177
2024/06/10,紅葉蛋糕,,NT$95.00,Food (https://app.notion.com/p/Food-1de52a1550c1808585f7c8d0cbbab341?pvs=21),General (https://app.notion.com/p/General-1fe52a1550c180d89a84f6b6694a42f5?pvs=21),10177
2024/06/09,六方守護者,Steam,NT$230.00,Fun (https://app.notion.com/p/Fun-1de52a1550c180f197e2ff3116ec3fa2?pvs=21),Dream (https://app.notion.com/p/Dream-1de52a1550c180a4bc6eee5e921cbc2d?pvs=21),45300
2024/06/09,姜滿堂,,"NT$2,297.00",Food (https://app.notion.com/p/Food-1de52a1550c1808585f7c8d0cbbab341?pvs=21),Dream (https://app.notion.com/p/Dream-1de52a1550c180a4bc6eee5e921cbc2d?pvs=21),45300
2024/06/09,GU,,"NT$1,673.00",Clothes (https://app.notion.com/p/Clothes-1de52a1550c181c098ebee3f08c04f38?pvs=21),Dream (https://app.notion.com/p/Dream-1de52a1550c180a4bc6eee5e921cbc2d?pvs=21),45300
2024/06/08,成功牛排,,NT$520.00,Food (https://app.notion.com/p/Food-1de52a1550c1808585f7c8d0cbbab341?pvs=21),General (https://app.notion.com/p/General-1fe52a1550c180d89a84f6b6694a42f5?pvs=21),7964
2024/06/08,大茗,,NT$120.00,Food (https://app.notion.com/p/Food-1de52a1550c1808585f7c8d0cbbab341?pvs=21),General (https://app.notion.com/p/General-1fe52a1550c180d89a84f6b6694a42f5?pvs=21),7964
2024/06/08,老豆花,,NT$65.00,Food (https://app.notion.com/p/Food-1de52a1550c1808585f7c8d0cbbab341?pvs=21),General (https://app.notion.com/p/General-1fe52a1550c180d89a84f6b6694a42f5?pvs=21),7964
2024/06/07,一私,,NT$340.00,Food (https://app.notion.com/p/Food-1de52a1550c1808585f7c8d0cbbab341?pvs=21),General (https://app.notion.com/p/General-1fe52a1550c180d89a84f6b6694a42f5?pvs=21),8669
2024/06/07,7-11,,NT$57.00,Food (https://app.notion.com/p/Food-1de52a1550c1808585f7c8d0cbbab341?pvs=21),General (https://app.notion.com/p/General-1fe52a1550c180d89a84f6b6694a42f5?pvs=21),8669
2024/06/06,杏仁茶*3+粉粿*1,,NT$520.00,Food (https://app.notion.com/p/Food-1de52a1550c1808585f7c8d0cbbab341?pvs=21),General (https://app.notion.com/p/General-1fe52a1550c180d89a84f6b6694a42f5?pvs=21),9066
2024/06/06,品菀,,NT$300.00,Food (https://app.notion.com/p/Food-1de52a1550c1808585f7c8d0cbbab341?pvs=21),General (https://app.notion.com/p/General-1fe52a1550c180d89a84f6b6694a42f5?pvs=21),9066
2024/06/06,7-11,,NT$60.00,Food (https://app.notion.com/p/Food-1de52a1550c1808585f7c8d0cbbab341?pvs=21),General (https://app.notion.com/p/General-1fe52a1550c180d89a84f6b6694a42f5?pvs=21),9066
2024/06/05,富邦醫療險保費,補扣,"NT$11,283.00",Insurance (https://app.notion.com/p/Insurance-1de52a1550c181f09d1dfb6d85985a86?pvs=21),Fixed (https://app.notion.com/p/Fixed-1de52a1550c180f19995d25cbc6f1038?pvs=21),35979
2024/06/05,小販部,,NT$10.00,Food (https://app.notion.com/p/Food-1de52a1550c1808585f7c8d0cbbab341?pvs=21),General (https://app.notion.com/p/General-1fe52a1550c180d89a84f6b6694a42f5?pvs=21),9946
2024/06/04,小販部,,NT$23.00,Food (https://app.notion.com/p/Food-1de52a1550c1808585f7c8d0cbbab341?pvs=21),General (https://app.notion.com/p/General-1fe52a1550c180d89a84f6b6694a42f5?pvs=21),9956
2024/06/04,Spotify月費,,NT$202.00,Fun (https://app.notion.com/p/Fun-1de52a1550c180f197e2ff3116ec3fa2?pvs=21),General (https://app.notion.com/p/General-1fe52a1550c180d89a84f6b6694a42f5?pvs=21),9956
2024/06/03,健保費,"
","NT$1,036.00",Insurance (https://app.notion.com/p/Insurance-1de52a1550c181f09d1dfb6d85985a86?pvs=21),Fixed (https://app.notion.com/p/Fixed-1de52a1550c180f19995d25cbc6f1038?pvs=21),47262
2024/06/03,勞保費,"
","NT$1,100.00",Insurance (https://app.notion.com/p/Insurance-1de52a1550c181f09d1dfb6d85985a86?pvs=21),Fixed (https://app.notion.com/p/Fixed-1de52a1550c180f19995d25cbc6f1038?pvs=21),47262
2024/06/03,2024汽車停車位,,"NT$2,500.00",Traffic (https://app.notion.com/p/Traffic-1de52a1550c1807b8ff6e40f804e1127?pvs=21),Savings (https://app.notion.com/p/Savings-1de52a1550c18029b280dc7d9d36cb03?pvs=21),343876
2024/06/03,匯給媽,"
","NT$6,000.00",Family (https://app.notion.com/p/Family-1de52a1550c181faa107fcc0a73d8120?pvs=21),Fixed (https://app.notion.com/p/Fixed-1de52a1550c180f19995d25cbc6f1038?pvs=21),47262
2024/06/03,太極紅茶,,NT$75.00,Food (https://app.notion.com/p/Food-1de52a1550c1808585f7c8d0cbbab341?pvs=21),General (https://app.notion.com/p/General-1fe52a1550c180d89a84f6b6694a42f5?pvs=21),10181
2024/06/03,全聯,,NT$66.00,Food (https://app.notion.com/p/Food-1de52a1550c1808585f7c8d0cbbab341?pvs=21),General (https://app.notion.com/p/General-1fe52a1550c180d89a84f6b6694a42f5?pvs=21),10181
2024/06/02,鳳梨雪糕,,NT$100.00,Food (https://app.notion.com/p/Food-1de52a1550c1808585f7c8d0cbbab341?pvs=21),General (https://app.notion.com/p/General-1fe52a1550c180d89a84f6b6694a42f5?pvs=21),-692
2024/06/02,加油費,,"NT$1,660.00",Traffic (https://app.notion.com/p/Traffic-1de52a1550c1807b8ff6e40f804e1127?pvs=21),Couple's (https://app.notion.com/p/Couple-s-1de52a1550c181d39de7eebc343b38cd?pvs=21),-3322
2024/06/02,櫻桃,Costco,NT$399.00,Food (https://app.notion.com/p/Food-1de52a1550c1808585f7c8d0cbbab341?pvs=21),General (https://app.notion.com/p/General-1fe52a1550c180d89a84f6b6694a42f5?pvs=21),-692
2024/06/02,口香糖,Costco,NT$429.00,Food (https://app.notion.com/p/Food-1de52a1550c1808585f7c8d0cbbab341?pvs=21),General (https://app.notion.com/p/General-1fe52a1550c180d89a84f6b6694a42f5?pvs=21),-692
2024/06/02,楊枝甘露,Costco,NT$269.00,Food (https://app.notion.com/p/Food-1de52a1550c1808585f7c8d0cbbab341?pvs=21),General (https://app.notion.com/p/General-1fe52a1550c180d89a84f6b6694a42f5?pvs=21),-692
2024/06/02,牛肉泡菜起司炒飯,Costco,NT$299.00,Food (https://app.notion.com/p/Food-1de52a1550c1808585f7c8d0cbbab341?pvs=21),General (https://app.notion.com/p/General-1fe52a1550c180d89a84f6b6694a42f5?pvs=21),-692
2024/06/02,停車費,,NT$80.00,Traffic (https://app.notion.com/p/Traffic-1de52a1550c1807b8ff6e40f804e1127?pvs=21),Dream (https://app.notion.com/p/Dream-1de52a1550c180a4bc6eee5e921cbc2d?pvs=21),36806
2024/06/02,艾美特直流循環扇,Costco,"NT$2,959.00",Groceries (https://app.notion.com/p/Groceries-1de52a1550c180c6be6cdfaeb95cee9a?pvs=21),Dream (https://app.notion.com/p/Dream-1de52a1550c180a4bc6eee5e921cbc2d?pvs=21),36806
2024/06/02,冰淇淋,Costco,NT$225.00,Food (https://app.notion.com/p/Food-1de52a1550c1808585f7c8d0cbbab341?pvs=21),General (https://app.notion.com/p/General-1fe52a1550c180d89a84f6b6694a42f5?pvs=21),-692
2024/06/02,福義軒蛋捲,,NT$550.00,Food (https://app.notion.com/p/Food-1de52a1550c1808585f7c8d0cbbab341?pvs=21),General (https://app.notion.com/p/General-1fe52a1550c180d89a84f6b6694a42f5?pvs=21),-692
2024/06/01,麥當勞,,NT$421.00,Food (https://app.notion.com/p/Food-1de52a1550c1808585f7c8d0cbbab341?pvs=21),General (https://app.notion.com/p/General-1fe52a1550c180d89a84f6b6694a42f5?pvs=21),1579
2024/06/01,阿里山遊樂園門票,,NT$400.00,Fun (https://app.notion.com/p/Fun-1de52a1550c180f197e2ff3116ec3fa2?pvs=21),Dream (https://app.notion.com/p/Dream-1de52a1550c180a4bc6eee5e921cbc2d?pvs=21),39845
2024/06/01,7-11,,NT$260.00,Food (https://app.notion.com/p/Food-1de52a1550c1808585f7c8d0cbbab341?pvs=21),General (https://app.notion.com/p/General-1fe52a1550c180d89a84f6b6694a42f5?pvs=21),1579
2024/05/31,早餐,,NT$55.00,Food (https://app.notion.com/p/Food-1de52a1550c1808585f7c8d0cbbab341?pvs=21),General (https://app.notion.com/p/General-1fe52a1550c180d89a84f6b6694a42f5?pvs=21),-5855
2024/05/31,汽車用品,,"NT$1,182.00",Traffic (https://app.notion.com/p/Traffic-1de52a1550c1807b8ff6e40f804e1127?pvs=21),Dream (https://app.notion.com/p/Dream-1de52a1550c180a4bc6eee5e921cbc2d?pvs=21),40245
2024/05/31,八曜禾茶,,NT$95.00,Food (https://app.notion.com/p/Food-1de52a1550c1808585f7c8d0cbbab341?pvs=21),General (https://app.notion.com/p/General-1fe52a1550c180d89a84f6b6694a42f5?pvs=21),-5855
2024/05/31,白鬍子牛排,,NT$360.00,Food (https://app.notion.com/p/Food-1de52a1550c1808585f7c8d0cbbab341?pvs=21),General (https://app.notion.com/p/General-1fe52a1550c180d89a84f6b6694a42f5?pvs=21),-5855
2024/05/30,King burger,,NT$225.00,Food (https://app.notion.com/p/Food-1de52a1550c1808585f7c8d0cbbab341?pvs=21),General (https://app.notion.com/p/General-1fe52a1550c180d89a84f6b6694a42f5?pvs=21),-5345
2024/05/29,7-11,,NT$65.00,Food (https://app.notion.com/p/Food-1de52a1550c1808585f7c8d0cbbab341?pvs=21),General (https://app.notion.com/p/General-1fe52a1550c180d89a84f6b6694a42f5?pvs=21),-5120
2024/05/29,龜記,,NT$60.00,Food (https://app.notion.com/p/Food-1de52a1550c1808585f7c8d0cbbab341?pvs=21),General (https://app.notion.com/p/General-1fe52a1550c180d89a84f6b6694a42f5?pvs=21),-5120
2024/05/29,可愛家,,NT$193.00,Food (https://app.notion.com/p/Food-1de52a1550c1808585f7c8d0cbbab341?pvs=21),General (https://app.notion.com/p/General-1fe52a1550c180d89a84f6b6694a42f5?pvs=21),-5120
2024/05/29,茶湯會,,NT$35.00,Food (https://app.notion.com/p/Food-1de52a1550c1808585f7c8d0cbbab341?pvs=21),General (https://app.notion.com/p/General-1fe52a1550c180d89a84f6b6694a42f5?pvs=21),-5120
2024/05/29,威德益生菌,,"NT$1,398.00",Health (https://app.notion.com/p/Health-1de52a1550c180948ad5c45ef59a5bb8?pvs=21),Dream (https://app.notion.com/p/Dream-1de52a1550c180a4bc6eee5e921cbc2d?pvs=21),41427
2024/05/29,新甘樫,,NT$319.00,Health (https://app.notion.com/p/Health-1de52a1550c180948ad5c45ef59a5bb8?pvs=21),Dream (https://app.notion.com/p/Dream-1de52a1550c180a4bc6eee5e921cbc2d?pvs=21),41427
2024/05/29,檸檬麵包,,NT$279.00,Food (https://app.notion.com/p/Food-1de52a1550c1808585f7c8d0cbbab341?pvs=21),General (https://app.notion.com/p/General-1fe52a1550c180d89a84f6b6694a42f5?pvs=21),-5120
2024/05/29,星巴克咖啡豆,,NT$569.00,Food (https://app.notion.com/p/Food-1de52a1550c1808585f7c8d0cbbab341?pvs=21),General (https://app.notion.com/p/General-1fe52a1550c180d89a84f6b6694a42f5?pvs=21),-5120
2024/05/29,Typecast三孔充電頭,,NT$769.00,Fun (https://app.notion.com/p/Fun-1de52a1550c180f197e2ff3116ec3fa2?pvs=21),Dream (https://app.notion.com/p/Dream-1de52a1550c180a4bc6eee5e921cbc2d?pvs=21),41427
2024/05/27,加油費,,NT$156.00,Traffic (https://app.notion.com/p/Traffic-1de52a1550c1807b8ff6e40f804e1127?pvs=21),General (https://app.notion.com/p/General-1fe52a1550c180d89a84f6b6694a42f5?pvs=21),-3919
2024/05/27,全聯,,NT$368.00,Food (https://app.notion.com/p/Food-1de52a1550c1808585f7c8d0cbbab341?pvs=21),General (https://app.notion.com/p/General-1fe52a1550c180d89a84f6b6694a42f5?pvs=21),-3919
2024/05/27,小販部,,NT$35.00,Food (https://app.notion.com/p/Food-1de52a1550c1808585f7c8d0cbbab341?pvs=21),General (https://app.notion.com/p/General-1fe52a1550c180d89a84f6b6694a42f5?pvs=21),-3919
2024/05/26,停車費,,NT$40.00,Traffic (https://app.notion.com/p/Traffic-1de52a1550c1807b8ff6e40f804e1127?pvs=21),Dream (https://app.notion.com/p/Dream-1de52a1550c180a4bc6eee5e921cbc2d?pvs=21),43913
2024/05/26,麥當勞,,NT$220.00,Food (https://app.notion.com/p/Food-1de52a1550c1808585f7c8d0cbbab341?pvs=21),General (https://app.notion.com/p/General-1fe52a1550c180d89a84f6b6694a42f5?pvs=21),-3360
2024/05/26,羽球場地,,NT$130.00,Health (https://app.notion.com/p/Health-1de52a1550c180948ad5c45ef59a5bb8?pvs=21),Dream (https://app.notion.com/p/Dream-1de52a1550c180a4bc6eee5e921cbc2d?pvs=21),43913
2024/05/26,延南家韓式,,"NT$1,380.00",Food (https://app.notion.com/p/Food-1de52a1550c1808585f7c8d0cbbab341?pvs=21),General (https://app.notion.com/p/General-1fe52a1550c180d89a84f6b6694a42f5?pvs=21),-3360
2024/05/26,加油費,,"NT$1,680.00",Traffic (https://app.notion.com/p/Traffic-1de52a1550c1807b8ff6e40f804e1127?pvs=21),Dream (https://app.notion.com/p/Dream-1de52a1550c180a4bc6eee5e921cbc2d?pvs=21),43913
2024/05/26,一沐日,,NT$105.00,Food (https://app.notion.com/p/Food-1de52a1550c1808585f7c8d0cbbab341?pvs=21),General (https://app.notion.com/p/General-1fe52a1550c180d89a84f6b6694a42f5?pvs=21),-3360
2024/05/25,玉蘭,,NT$60.00,Food (https://app.notion.com/p/Food-1de52a1550c1808585f7c8d0cbbab341?pvs=21),General (https://app.notion.com/p/General-1fe52a1550c180d89a84f6b6694a42f5?pvs=21),-1655
2024/05/25,羽球拍綁線,,NT$400.00,Health (https://app.notion.com/p/Health-1de52a1550c180948ad5c45ef59a5bb8?pvs=21),Dream (https://app.notion.com/p/Dream-1de52a1550c180a4bc6eee5e921cbc2d?pvs=21),45763
2024/05/24,Fond,,"NT$1,066.00",Food (https://app.notion.com/p/Food-1de52a1550c1808585f7c8d0cbbab341?pvs=21),Couple's (https://app.notion.com/p/Couple-s-1de52a1550c181d39de7eebc343b38cd?pvs=21),-1662
2024/05/24,綜合所得税,112,"NT$11,928.00",Other (https://app.notion.com/p/Other-1de52a1550c1810a92c1c432337241e8?pvs=21),Dream (https://app.notion.com/p/Dream-1de52a1550c180a4bc6eee5e921cbc2d?pvs=21),46163
2024/05/23,7-11,,NT$60.00,Food (https://app.notion.com/p/Food-1de52a1550c1808585f7c8d0cbbab341?pvs=21),General (https://app.notion.com/p/General-1fe52a1550c180d89a84f6b6694a42f5?pvs=21),-1595
2024/05/23,全聯,,NT$619.00,Food (https://app.notion.com/p/Food-1de52a1550c1808585f7c8d0cbbab341?pvs=21),General (https://app.notion.com/p/General-1fe52a1550c180d89a84f6b6694a42f5?pvs=21),-1595
2024/05/22,丐幫滷味,,NT$130.00,Food (https://app.notion.com/p/Food-1de52a1550c1808585f7c8d0cbbab341?pvs=21),General (https://app.notion.com/p/General-1fe52a1550c180d89a84f6b6694a42f5?pvs=21),-916
2024/05/22,7-11,,NT$65.00,Food (https://app.notion.com/p/Food-1de52a1550c1808585f7c8d0cbbab341?pvs=21),General (https://app.notion.com/p/General-1fe52a1550c180d89a84f6b6694a42f5?pvs=21),-916
2024/05/21,小販部,,NT$115.00,Food (https://app.notion.com/p/Food-1de52a1550c1808585f7c8d0cbbab341?pvs=21),General (https://app.notion.com/p/General-1fe52a1550c180d89a84f6b6694a42f5?pvs=21),-721
2024/05/21,ㄧ条通,,NT$690.00,Food (https://app.notion.com/p/Food-1de52a1550c1808585f7c8d0cbbab341?pvs=21),General (https://app.notion.com/p/General-1fe52a1550c180d89a84f6b6694a42f5?pvs=21),-721
2024/05/21,輕鬆美膚,,NT$837.00,Cosmetics (https://app.notion.com/p/Cosmetics-1de52a1550c181cb93fdfe1a610bf352?pvs=21),Dream (https://app.notion.com/p/Dream-1de52a1550c180a4bc6eee5e921cbc2d?pvs=21),54743
2024/05/20,水豚麥胖,,NT$220.00,Food (https://app.notion.com/p/Food-1de52a1550c1808585f7c8d0cbbab341?pvs=21),General (https://app.notion.com/p/General-1fe52a1550c180d89a84f6b6694a42f5?pvs=21),84
2024/05/20,紅葉蛋糕,,NT$230.00,Food (https://app.notion.com/p/Food-1de52a1550c1808585f7c8d0cbbab341?pvs=21),General (https://app.notion.com/p/General-1fe52a1550c180d89a84f6b6694a42f5?pvs=21),84
2024/05/20,7-11,,NT$60.00,Food (https://app.notion.com/p/Food-1de52a1550c1808585f7c8d0cbbab341?pvs=21),General (https://app.notion.com/p/General-1fe52a1550c180d89a84f6b6694a42f5?pvs=21),84
2024/05/20,Line point,,NT$390.00,Fun (https://app.notion.com/p/Fun-1de52a1550c180f197e2ff3116ec3fa2?pvs=21),Dream (https://app.notion.com/p/Dream-1de52a1550c180a4bc6eee5e921cbc2d?pvs=21),58928
2024/05/20,烏弄,,NT$115.00,Food (https://app.notion.com/p/Food-1de52a1550c1808585f7c8d0cbbab341?pvs=21),General (https://app.notion.com/p/General-1fe52a1550c180d89a84f6b6694a42f5?pvs=21),84
2024/05/19,停車費,,NT$20.00,Traffic (https://app.notion.com/p/Traffic-1de52a1550c1807b8ff6e40f804e1127?pvs=21),Dream (https://app.notion.com/p/Dream-1de52a1550c180a4bc6eee5e921cbc2d?pvs=21),59318
2024/05/19,夏慕尼,,"NT$7,036.00",Family (https://app.notion.com/p/Family-1de52a1550c181faa107fcc0a73d8120?pvs=21),Dream (https://app.notion.com/p/Dream-1de52a1550c180a4bc6eee5e921cbc2d?pvs=21),59318
2024/05/19,停車費,,NT$40.00,Traffic (https://app.notion.com/p/Traffic-1de52a1550c1807b8ff6e40f804e1127?pvs=21),Dream (https://app.notion.com/p/Dream-1de52a1550c180a4bc6eee5e921cbc2d?pvs=21),59318
2024/05/19,永和豆漿,,NT$171.00,Food (https://app.notion.com/p/Food-1de52a1550c1808585f7c8d0cbbab341?pvs=21),Dream (https://app.notion.com/p/Dream-1de52a1550c180a4bc6eee5e921cbc2d?pvs=21),59318
2024/05/19,停車費,,NT$60.00,Traffic (https://app.notion.com/p/Traffic-1de52a1550c1807b8ff6e40f804e1127?pvs=21),Dream (https://app.notion.com/p/Dream-1de52a1550c180a4bc6eee5e921cbc2d?pvs=21),59318
2024/05/19,Line point,,NT$450.00,Fun (https://app.notion.com/p/Fun-1de52a1550c180f197e2ff3116ec3fa2?pvs=21),Dream (https://app.notion.com/p/Dream-1de52a1550c180a4bc6eee5e921cbc2d?pvs=21),59318
2024/05/18,加油費,,"NT$1,260.00",Traffic (https://app.notion.com/p/Traffic-1de52a1550c1807b8ff6e40f804e1127?pvs=21),Dream (https://app.notion.com/p/Dream-1de52a1550c180a4bc6eee5e921cbc2d?pvs=21),57095
2024/05/18,7-11,,NT$115.00,Food (https://app.notion.com/p/Food-1de52a1550c1808585f7c8d0cbbab341?pvs=21),Dream (https://app.notion.com/p/Dream-1de52a1550c180a4bc6eee5e921cbc2d?pvs=21),57095
2024/05/18,烏來台車,五人來回,NT$500.00,Fun (https://app.notion.com/p/Fun-1de52a1550c180f197e2ff3116ec3fa2?pvs=21),Dream (https://app.notion.com/p/Dream-1de52a1550c180a4bc6eee5e921cbc2d?pvs=21),57095
2024/05/18,雲仙樂園,5人纜車票,"NT$1,100.00",Fun (https://app.notion.com/p/Fun-1de52a1550c180f197e2ff3116ec3fa2?pvs=21),Dream (https://app.notion.com/p/Dream-1de52a1550c180a4bc6eee5e921cbc2d?pvs=21),57095
2024/05/18,泰雅巴萊,,NT$790.00,Food (https://app.notion.com/p/Food-1de52a1550c1808585f7c8d0cbbab341?pvs=21),Dream (https://app.notion.com/p/Dream-1de52a1550c180a4bc6eee5e921cbc2d?pvs=21),57095
2024/05/18,雲仙樂園飲料,,NT$180.00,Food (https://app.notion.com/p/Food-1de52a1550c1808585f7c8d0cbbab341?pvs=21),Dream (https://app.notion.com/p/Dream-1de52a1550c180a4bc6eee5e921cbc2d?pvs=21),57095
2024/05/18,烏來老街,,NT$110.00,Food (https://app.notion.com/p/Food-1de52a1550c1808585f7c8d0cbbab341?pvs=21),Dream (https://app.notion.com/p/Dream-1de52a1550c180a4bc6eee5e921cbc2d?pvs=21),57095
2024/05/18,內洞森林遊樂區,5人門票,NT$400.00,Fun (https://app.notion.com/p/Fun-1de52a1550c180f197e2ff3116ec3fa2?pvs=21),Dream (https://app.notion.com/p/Dream-1de52a1550c180a4bc6eee5e921cbc2d?pvs=21),57095
2024/05/18,ETC,,NT$149.00,Traffic (https://app.notion.com/p/Traffic-1de52a1550c1807b8ff6e40f804e1127?pvs=21),Dream (https://app.notion.com/p/Dream-1de52a1550c180a4bc6eee5e921cbc2d?pvs=21),57095
2024/05/18,上宇林,,NT$115.00,Food (https://app.notion.com/p/Food-1de52a1550c1808585f7c8d0cbbab341?pvs=21),Dream (https://app.notion.com/p/Dream-1de52a1550c180a4bc6eee5e921cbc2d?pvs=21),57095
2024/05/17,50嵐,,NT$100.00,Food (https://app.notion.com/p/Food-1de52a1550c1808585f7c8d0cbbab341?pvs=21),General (https://app.notion.com/p/General-1fe52a1550c180d89a84f6b6694a42f5?pvs=21),709
2024/05/17,五星麵鋪,,NT$258.00,Food (https://app.notion.com/p/Food-1de52a1550c1808585f7c8d0cbbab341?pvs=21),General (https://app.notion.com/p/General-1fe52a1550c180d89a84f6b6694a42f5?pvs=21),709
2024/05/17,7-11,,NT$56.00,Food (https://app.notion.com/p/Food-1de52a1550c1808585f7c8d0cbbab341?pvs=21),General (https://app.notion.com/p/General-1fe52a1550c180d89a84f6b6694a42f5?pvs=21),709
2024/05/17,韓姜熙小廚房,,NT$317.00,Food (https://app.notion.com/p/Food-1de52a1550c1808585f7c8d0cbbab341?pvs=21),General (https://app.notion.com/p/General-1fe52a1550c180d89a84f6b6694a42f5?pvs=21),709
2024/05/16,停車費,,NT$30.00,Traffic (https://app.notion.com/p/Traffic-1de52a1550c1807b8ff6e40f804e1127?pvs=21),General (https://app.notion.com/p/General-1fe52a1550c180d89a84f6b6694a42f5?pvs=21),1440
2024/05/16,雞蛋糕,,NT$200.00,Food (https://app.notion.com/p/Food-1de52a1550c1808585f7c8d0cbbab341?pvs=21),General (https://app.notion.com/p/General-1fe52a1550c180d89a84f6b6694a42f5?pvs=21),1440
2024/05/16,全聯,,NT$422.00,Food (https://app.notion.com/p/Food-1de52a1550c1808585f7c8d0cbbab341?pvs=21),General (https://app.notion.com/p/General-1fe52a1550c180d89a84f6b6694a42f5?pvs=21),1440
2024/05/16,煉瓦良茶,,NT$80.00,Food (https://app.notion.com/p/Food-1de52a1550c1808585f7c8d0cbbab341?pvs=21),General (https://app.notion.com/p/General-1fe52a1550c180d89a84f6b6694a42f5?pvs=21),1440
2024/05/15,房租,,"NT$6,750.00",Groceries (https://app.notion.com/p/Groceries-1de52a1550c180c6be6cdfaeb95cee9a?pvs=21),Fixed (https://app.notion.com/p/Fixed-1de52a1550c180f19995d25cbc6f1038?pvs=21),30992
2024/05/15,玉蘭,,NT$80.00,Food (https://app.notion.com/p/Food-1de52a1550c1808585f7c8d0cbbab341?pvs=21),General (https://app.notion.com/p/General-1fe52a1550c180d89a84f6b6694a42f5?pvs=21),2172
2024/05/15,7-11,,NT$60.00,Food (https://app.notion.com/p/Food-1de52a1550c1808585f7c8d0cbbab341?pvs=21),General (https://app.notion.com/p/General-1fe52a1550c180d89a84f6b6694a42f5?pvs=21),2172
2024/05/15,中華電信網路費,,NT$845.00,Fun (https://app.notion.com/p/Fun-1de52a1550c180f197e2ff3116ec3fa2?pvs=21),Dream (https://app.notion.com/p/Dream-1de52a1550c180a4bc6eee5e921cbc2d?pvs=21),61814
2024/05/15,機油,,NT$250.00,Traffic (https://app.notion.com/p/Traffic-1de52a1550c1807b8ff6e40f804e1127?pvs=21),Dream (https://app.notion.com/p/Dream-1de52a1550c180a4bc6eee5e921cbc2d?pvs=21),61814
2024/05/15,中華電信手機費,,NT$668.00,Fun (https://app.notion.com/p/Fun-1de52a1550c180f197e2ff3116ec3fa2?pvs=21),Dream (https://app.notion.com/p/Dream-1de52a1550c180a4bc6eee5e921cbc2d?pvs=21),61814
2024/05/15,羽球鞋,,"NT$1,600.00",Health (https://app.notion.com/p/Health-1de52a1550c180948ad5c45ef59a5bb8?pvs=21),Dream (https://app.notion.com/p/Dream-1de52a1550c180a4bc6eee5e921cbc2d?pvs=21),61814
2024/05/15,龜記,,NT$40.00,Food (https://app.notion.com/p/Food-1de52a1550c1808585f7c8d0cbbab341?pvs=21),General (https://app.notion.com/p/General-1fe52a1550c180d89a84f6b6694a42f5?pvs=21),2172
2024/05/14,第二春滷味,,NT$250.00,Food (https://app.notion.com/p/Food-1de52a1550c1808585f7c8d0cbbab341?pvs=21),General (https://app.notion.com/p/General-1fe52a1550c180d89a84f6b6694a42f5?pvs=21),2352
2024/05/14,加油費,,NT$150.00,Traffic (https://app.notion.com/p/Traffic-1de52a1550c1807b8ff6e40f804e1127?pvs=21),General (https://app.notion.com/p/General-1fe52a1550c180d89a84f6b6694a42f5?pvs=21),2352
2024/05/14,7-11,,NT$60.00,Food (https://app.notion.com/p/Food-1de52a1550c1808585f7c8d0cbbab341?pvs=21),General (https://app.notion.com/p/General-1fe52a1550c180d89a84f6b6694a42f5?pvs=21),2352
2024/05/14,肉夾饃,,NT$75.00,Food (https://app.notion.com/p/Food-1de52a1550c1808585f7c8d0cbbab341?pvs=21),General (https://app.notion.com/p/General-1fe52a1550c180d89a84f6b6694a42f5?pvs=21),2352
2024/05/14,地瓜球,,NT$40.00,Food (https://app.notion.com/p/Food-1de52a1550c1808585f7c8d0cbbab341?pvs=21),General (https://app.notion.com/p/General-1fe52a1550c180d89a84f6b6694a42f5?pvs=21),2352
2024/05/13,石二鍋,,NT$973.00,Food (https://app.notion.com/p/Food-1de52a1550c1808585f7c8d0cbbab341?pvs=21),Couple's (https://app.notion.com/p/Couple-s-1de52a1550c181d39de7eebc343b38cd?pvs=21),-596
2024/05/13,7-11,,NT$60.00,Food (https://app.notion.com/p/Food-1de52a1550c1808585f7c8d0cbbab341?pvs=21),General (https://app.notion.com/p/General-1fe52a1550c180d89a84f6b6694a42f5?pvs=21),2927
2024/05/12,思茶,,NT$80.00,Food (https://app.notion.com/p/Food-1de52a1550c1808585f7c8d0cbbab341?pvs=21),General (https://app.notion.com/p/General-1fe52a1550c180d89a84f6b6694a42f5?pvs=21),2987
2024/05/12,蔣好的味道,,NT$455.00,Food (https://app.notion.com/p/Food-1de52a1550c1808585f7c8d0cbbab341?pvs=21),General (https://app.notion.com/p/General-1fe52a1550c180d89a84f6b6694a42f5?pvs=21),2987
2024/05/12,7-11,,NT$65.00,Food (https://app.notion.com/p/Food-1de52a1550c1808585f7c8d0cbbab341?pvs=21),General (https://app.notion.com/p/General-1fe52a1550c180d89a84f6b6694a42f5?pvs=21),2987
2024/05/11,停車費,,NT$60.00,Traffic (https://app.notion.com/p/Traffic-1de52a1550c1807b8ff6e40f804e1127?pvs=21),General (https://app.notion.com/p/General-1fe52a1550c180d89a84f6b6694a42f5?pvs=21),3587
2024/05/10,太河拉麵,,NT$530.00,Food (https://app.notion.com/p/Food-1de52a1550c1808585f7c8d0cbbab341?pvs=21),General (https://app.notion.com/p/General-1fe52a1550c180d89a84f6b6694a42f5?pvs=21),3647
2024/05/10,全家,,NT$50.00,Food (https://app.notion.com/p/Food-1de52a1550c1808585f7c8d0cbbab341?pvs=21),General (https://app.notion.com/p/General-1fe52a1550c180d89a84f6b6694a42f5?pvs=21),3647
2024/05/09,成功牛排,,NT$300.00,Food (https://app.notion.com/p/Food-1de52a1550c1808585f7c8d0cbbab341?pvs=21),General (https://app.notion.com/p/General-1fe52a1550c180d89a84f6b6694a42f5?pvs=21),704
2024/05/09,華山藏窖,,NT$45.00,Food (https://app.notion.com/p/Food-1de52a1550c1808585f7c8d0cbbab341?pvs=21),General (https://app.notion.com/p/General-1fe52a1550c180d89a84f6b6694a42f5?pvs=21),704
2024/05/08,圈圈微森,,NT$65.00,Food (https://app.notion.com/p/Food-1de52a1550c1808585f7c8d0cbbab341?pvs=21),General (https://app.notion.com/p/General-1fe52a1550c180d89a84f6b6694a42f5?pvs=21),1049
2024/05/08,7-11,,NT$60.00,Food (https://app.notion.com/p/Food-1de52a1550c1808585f7c8d0cbbab341?pvs=21),General (https://app.notion.com/p/General-1fe52a1550c180d89a84f6b6694a42f5?pvs=21),1049
2024/05/07,7-11,,NT$60.00,Food (https://app.notion.com/p/Food-1de52a1550c1808585f7c8d0cbbab341?pvs=21),General (https://app.notion.com/p/General-1fe52a1550c180d89a84f6b6694a42f5?pvs=21),1174
2024/05/07,竹東排骨酥,,NT$251.00,Food (https://app.notion.com/p/Food-1de52a1550c1808585f7c8d0cbbab341?pvs=21),General (https://app.notion.com/p/General-1fe52a1550c180d89a84f6b6694a42f5?pvs=21),1174
2024/05/07,全聯,,NT$75.00,Food (https://app.notion.com/p/Food-1de52a1550c1808585f7c8d0cbbab341?pvs=21),General (https://app.notion.com/p/General-1fe52a1550c180d89a84f6b6694a42f5?pvs=21),1174
2024/05/06,窮查理的普通常識,,NT$277.00,Learning (https://app.notion.com/p/Learning-1de52a1550c181fba52ed20f1907d909?pvs=21),Dream (https://app.notion.com/p/Dream-1de52a1550c180a4bc6eee5e921cbc2d?pvs=21),62177
2024/05/06,掌握市場週期,,NT$249.00,Learning (https://app.notion.com/p/Learning-1de52a1550c181fba52ed20f1907d909?pvs=21),Dream (https://app.notion.com/p/Dream-1de52a1550c180a4bc6eee5e921cbc2d?pvs=21),62177
2024/05/06,投資最重要的事,,NT$210.00,Learning (https://app.notion.com/p/Learning-1de52a1550c181fba52ed20f1907d909?pvs=21),Dream (https://app.notion.com/p/Dream-1de52a1550c180a4bc6eee5e921cbc2d?pvs=21),62177
2024/05/06,我可能錯了,,NT$315.00,Learning (https://app.notion.com/p/Learning-1de52a1550c181fba52ed20f1907d909?pvs=21),Dream (https://app.notion.com/p/Dream-1de52a1550c180a4bc6eee5e921cbc2d?pvs=21),62177
2024/05/06,合利他命,,NT$729.00,Health (https://app.notion.com/p/Health-1de52a1550c180948ad5c45ef59a5bb8?pvs=21),Dream (https://app.notion.com/p/Dream-1de52a1550c180a4bc6eee5e921cbc2d?pvs=21),62177
2024/05/06,肌力貼布,,NT$499.00,Health (https://app.notion.com/p/Health-1de52a1550c180948ad5c45ef59a5bb8?pvs=21),Dream (https://app.notion.com/p/Dream-1de52a1550c180a4bc6eee5e921cbc2d?pvs=21),62177
2024/05/06,維他命C,,NT$285.00,Health (https://app.notion.com/p/Health-1de52a1550c180948ad5c45ef59a5bb8?pvs=21),Dream (https://app.notion.com/p/Dream-1de52a1550c180a4bc6eee5e921cbc2d?pvs=21),62177
2024/05/06,7-11,,NT$60.00,Food (https://app.notion.com/p/Food-1de52a1550c1808585f7c8d0cbbab341?pvs=21),General (https://app.notion.com/p/General-1fe52a1550c180d89a84f6b6694a42f5?pvs=21),1560
2024/05/06,Adidas 短袖,,NT$579.00,Clothes (https://app.notion.com/p/Clothes-1de52a1550c181c098ebee3f08c04f38?pvs=21),Dream (https://app.notion.com/p/Dream-1de52a1550c180a4bc6eee5e921cbc2d?pvs=21),62177
2024/05/06,全聯,,NT$445.00,Food (https://app.notion.com/p/Food-1de52a1550c1808585f7c8d0cbbab341?pvs=21),General (https://app.notion.com/p/General-1fe52a1550c180d89a84f6b6694a42f5?pvs=21),1560
2024/05/06,Adidas 短褲,,NT$629.00,Clothes (https://app.notion.com/p/Clothes-1de52a1550c181c098ebee3f08c04f38?pvs=21),Dream (https://app.notion.com/p/Dream-1de52a1550c180a4bc6eee5e921cbc2d?pvs=21),62177
2024/05/05,茶湯會,,NT$130.00,Food (https://app.notion.com/p/Food-1de52a1550c1808585f7c8d0cbbab341?pvs=21),General (https://app.notion.com/p/General-1fe52a1550c180d89a84f6b6694a42f5?pvs=21),2065
2024/05/05,北門室食,,NT$545.00,Food (https://app.notion.com/p/Food-1de52a1550c1808585f7c8d0cbbab341?pvs=21),General (https://app.notion.com/p/General-1fe52a1550c180d89a84f6b6694a42f5?pvs=21),2065
2024/05/04,蛤蜊濃湯,,NT$69.00,Food (https://app.notion.com/p/Food-1de52a1550c1808585f7c8d0cbbab341?pvs=21),General (https://app.notion.com/p/General-1fe52a1550c180d89a84f6b6694a42f5?pvs=21),2740
2024/05/04,普拿疼,,NT$599.00,Health (https://app.notion.com/p/Health-1de52a1550c180948ad5c45ef59a5bb8?pvs=21),Dream (https://app.notion.com/p/Dream-1de52a1550c180a4bc6eee5e921cbc2d?pvs=21),65949
2024/05/04,Spotify月費,,NT$202.00,Fun (https://app.notion.com/p/Fun-1de52a1550c180f197e2ff3116ec3fa2?pvs=21),General (https://app.notion.com/p/General-1fe52a1550c180d89a84f6b6694a42f5?pvs=21),2740
2024/05/04,冷泡咖啡,,NT$299.00,Food (https://app.notion.com/p/Food-1de52a1550c1808585f7c8d0cbbab341?pvs=21),General (https://app.notion.com/p/General-1fe52a1550c180d89a84f6b6694a42f5?pvs=21),2740
2024/05/04,柳丁百香金萱,,NT$225.00,Food (https://app.notion.com/p/Food-1de52a1550c1808585f7c8d0cbbab341?pvs=21),General (https://app.notion.com/p/General-1fe52a1550c180d89a84f6b6694a42f5?pvs=21),2740
2024/05/04,威德益生菌,,NT$799.00,Health (https://app.notion.com/p/Health-1de52a1550c180948ad5c45ef59a5bb8?pvs=21),Dream (https://app.notion.com/p/Dream-1de52a1550c180a4bc6eee5e921cbc2d?pvs=21),65949
2024/05/04,XO醬海鮮炒麵,,NT$428.00,Food (https://app.notion.com/p/Food-1de52a1550c1808585f7c8d0cbbab341?pvs=21),General (https://app.notion.com/p/General-1fe52a1550c180d89a84f6b6694a42f5?pvs=21),2740
2024/05/04,義式雞胸肉,,NT$309.00,Food (https://app.notion.com/p/Food-1de52a1550c1808585f7c8d0cbbab341?pvs=21),General (https://app.notion.com/p/General-1fe52a1550c180d89a84f6b6694a42f5?pvs=21),2740
2024/05/04,德國豬腳,,NT$355.00,Food (https://app.notion.com/p/Food-1de52a1550c1808585f7c8d0cbbab341?pvs=21),General (https://app.notion.com/p/General-1fe52a1550c180d89a84f6b6694a42f5?pvs=21),2740
2024/05/03,小販部,,NT$30.00,Food (https://app.notion.com/p/Food-1de52a1550c1808585f7c8d0cbbab341?pvs=21),General (https://app.notion.com/p/General-1fe52a1550c180d89a84f6b6694a42f5?pvs=21),4627
2024/05/03,SUPIN Aisukurimu,,NT$80.00,Food (https://app.notion.com/p/Food-1de52a1550c1808585f7c8d0cbbab341?pvs=21),General (https://app.notion.com/p/General-1fe52a1550c180d89a84f6b6694a42f5?pvs=21),4627
2024/05/03,7-11,,NT$20.00,Food (https://app.notion.com/p/Food-1de52a1550c1808585f7c8d0cbbab341?pvs=21),General (https://app.notion.com/p/General-1fe52a1550c180d89a84f6b6694a42f5?pvs=21),4627
2024/05/03,太河拉麵,,NT$580.00,Food (https://app.notion.com/p/Food-1de52a1550c1808585f7c8d0cbbab341?pvs=21),General (https://app.notion.com/p/General-1fe52a1550c180d89a84f6b6694a42f5?pvs=21),4627
2024/05/02,健保費,"
","NT$1,036.00",Insurance (https://app.notion.com/p/Insurance-1de52a1550c181f09d1dfb6d85985a86?pvs=21),Fixed (https://app.notion.com/p/Fixed-1de52a1550c180f19995d25cbc6f1038?pvs=21),37742
2024/05/02,勞保費,"
","NT$1,100.00",Insurance (https://app.notion.com/p/Insurance-1de52a1550c181f09d1dfb6d85985a86?pvs=21),Fixed (https://app.notion.com/p/Fixed-1de52a1550c180f19995d25cbc6f1038?pvs=21),37742
2024/05/02,匯給媽,"
","NT$6,000.00",Family (https://app.notion.com/p/Family-1de52a1550c181faa107fcc0a73d8120?pvs=21),Fixed (https://app.notion.com/p/Fixed-1de52a1550c180f19995d25cbc6f1038?pvs=21),37742
2024/05/02,2024汽車停車位,六月停車費,"NT$2,500.00",Traffic (https://app.notion.com/p/Traffic-1de52a1550c1807b8ff6e40f804e1127?pvs=21),Savings (https://app.notion.com/p/Savings-1de52a1550c18029b280dc7d9d36cb03?pvs=21),336776
2024/05/02,7-11,,NT$70.00,Food (https://app.notion.com/p/Food-1de52a1550c1808585f7c8d0cbbab341?pvs=21),General (https://app.notion.com/p/General-1fe52a1550c180d89a84f6b6694a42f5?pvs=21),5337
2024/05/02,第二春滷味,,NT$250.00,Food (https://app.notion.com/p/Food-1de52a1550c1808585f7c8d0cbbab341?pvs=21),General (https://app.notion.com/p/General-1fe52a1550c180d89a84f6b6694a42f5?pvs=21),5337
2024/05/02,地瓜球,,NT$60.00,Food (https://app.notion.com/p/Food-1de52a1550c1808585f7c8d0cbbab341?pvs=21),General (https://app.notion.com/p/General-1fe52a1550c180d89a84f6b6694a42f5?pvs=21),5337
2024/05/02,7-11,,NT$40.00,Food (https://app.notion.com/p/Food-1de52a1550c1808585f7c8d0cbbab341?pvs=21),General (https://app.notion.com/p/General-1fe52a1550c180d89a84f6b6694a42f5?pvs=21),5337
2024/05/02,Whimsical 年費,,"NT$3,910.00",Other (https://app.notion.com/p/Other-1de52a1550c1810a92c1c432337241e8?pvs=21),Dream (https://app.notion.com/p/Dream-1de52a1550c180a4bc6eee5e921cbc2d?pvs=21),67347
2024/05/02,鴨肉油飯,,NT$150.00,Food (https://app.notion.com/p/Food-1de52a1550c1808585f7c8d0cbbab341?pvs=21),General (https://app.notion.com/p/General-1fe52a1550c180d89a84f6b6694a42f5?pvs=21),5337
2024/05/01,足休時間,,NT$299.00,Groceries (https://app.notion.com/p/Groceries-1de52a1550c180c6be6cdfaeb95cee9a?pvs=21),Dream (https://app.notion.com/p/Dream-1de52a1550c180a4bc6eee5e921cbc2d?pvs=21),64750
2024/05/01,全聯,,NT$341.00,Food (https://app.notion.com/p/Food-1de52a1550c1808585f7c8d0cbbab341?pvs=21),General (https://app.notion.com/p/General-1fe52a1550c180d89a84f6b6694a42f5?pvs=21),-5107
2024/04/30,要活就要動,-07/02,"NT$2,286.00",Health (https://app.notion.com/p/Health-1de52a1550c180948ad5c45ef59a5bb8?pvs=21),Dream (https://app.notion.com/p/Dream-1de52a1550c180a4bc6eee5e921cbc2d?pvs=21),65049
2024/04/30,Netflix,,NT$570.00,Fun (https://app.notion.com/p/Fun-1de52a1550c180f197e2ff3116ec3fa2?pvs=21),Dream (https://app.notion.com/p/Dream-1de52a1550c180a4bc6eee5e921cbc2d?pvs=21),65049
2024/04/30,小販部,,NT$35.00,Food (https://app.notion.com/p/Food-1de52a1550c1808585f7c8d0cbbab341?pvs=21),General (https://app.notion.com/p/General-1fe52a1550c180d89a84f6b6694a42f5?pvs=21),-4766
2024/04/30,早餐,,NT$93.00,Food (https://app.notion.com/p/Food-1de52a1550c1808585f7c8d0cbbab341?pvs=21),General (https://app.notion.com/p/General-1fe52a1550c180d89a84f6b6694a42f5?pvs=21),-4766
2024/04/29,加油費,,NT$160.00,Traffic (https://app.notion.com/p/Traffic-1de52a1550c1807b8ff6e40f804e1127?pvs=21),General (https://app.notion.com/p/General-1fe52a1550c180d89a84f6b6694a42f5?pvs=21),-4638
2024/04/29,7-11,,NT$50.00,Food (https://app.notion.com/p/Food-1de52a1550c1808585f7c8d0cbbab341?pvs=21),General (https://app.notion.com/p/General-1fe52a1550c180d89a84f6b6694a42f5?pvs=21),-4638
2024/04/29,全聯,,NT$512.00,Food (https://app.notion.com/p/Food-1de52a1550c1808585f7c8d0cbbab341?pvs=21),General (https://app.notion.com/p/General-1fe52a1550c180d89a84f6b6694a42f5?pvs=21),-4638
2024/04/28,北門室食,,NT$875.00,Food (https://app.notion.com/p/Food-1de52a1550c1808585f7c8d0cbbab341?pvs=21),General (https://app.notion.com/p/General-1fe52a1550c180d89a84f6b6694a42f5?pvs=21),-3916
2024/04/28,維縈炭燒雞排,,NT$220.00,Food (https://app.notion.com/p/Food-1de52a1550c1808585f7c8d0cbbab341?pvs=21),General (https://app.notion.com/p/General-1fe52a1550c180d89a84f6b6694a42f5?pvs=21),-3916
2024/04/28,Cold Stone,,NT$240.00,Food (https://app.notion.com/p/Food-1de52a1550c1808585f7c8d0cbbab341?pvs=21),General (https://app.notion.com/p/General-1fe52a1550c180d89a84f6b6694a42f5?pvs=21),-3916
2024/04/28,電影排球少年,,NT$588.00,Fun (https://app.notion.com/p/Fun-1de52a1550c180f197e2ff3116ec3fa2?pvs=21),Couple's (https://app.notion.com/p/Couple-s-1de52a1550c181d39de7eebc343b38cd?pvs=21),-1623
2024/04/27,全聯,,NT$628.00,Groceries (https://app.notion.com/p/Groceries-1de52a1550c180c6be6cdfaeb95cee9a?pvs=21),Dream (https://app.notion.com/p/Dream-1de52a1550c180a4bc6eee5e921cbc2d?pvs=21),46469
2024/04/27,全聯,,NT$539.00,Food (https://app.notion.com/p/Food-1de52a1550c1808585f7c8d0cbbab341?pvs=21),General (https://app.notion.com/p/General-1fe52a1550c180d89a84f6b6694a42f5?pvs=21),-2581
2024/04/27,覓雪,,NT$180.00,Food (https://app.notion.com/p/Food-1de52a1550c1808585f7c8d0cbbab341?pvs=21),General (https://app.notion.com/p/General-1fe52a1550c180d89a84f6b6694a42f5?pvs=21),-2581
2024/04/25,麥當勞,,NT$325.00,Food (https://app.notion.com/p/Food-1de52a1550c1808585f7c8d0cbbab341?pvs=21),General (https://app.notion.com/p/General-1fe52a1550c180d89a84f6b6694a42f5?pvs=21),-1862
2024/04/25,小販部,,NT$50.00,Food (https://app.notion.com/p/Food-1de52a1550c1808585f7c8d0cbbab341?pvs=21),General (https://app.notion.com/p/General-1fe52a1550c180d89a84f6b6694a42f5?pvs=21),-1862
2024/04/24,中華電信網路費,,NT$848.00,Fun (https://app.notion.com/p/Fun-1de52a1550c180f197e2ff3116ec3fa2?pvs=21),Dream (https://app.notion.com/p/Dream-1de52a1550c180a4bc6eee5e921cbc2d?pvs=21),47097
2024/04/24,中華電信手機費,,NT$666.00,Fun (https://app.notion.com/p/Fun-1de52a1550c180f197e2ff3116ec3fa2?pvs=21),Dream (https://app.notion.com/p/Dream-1de52a1550c180a4bc6eee5e921cbc2d?pvs=21),47097
2024/04/24,水費,,NT$126.00,Groceries (https://app.notion.com/p/Groceries-1de52a1550c180c6be6cdfaeb95cee9a?pvs=21),Dream (https://app.notion.com/p/Dream-1de52a1550c180a4bc6eee5e921cbc2d?pvs=21),47097
2024/04/24,蔥大爺,,NT$60.00,Food (https://app.notion.com/p/Food-1de52a1550c1808585f7c8d0cbbab341?pvs=21),General (https://app.notion.com/p/General-1fe52a1550c180d89a84f6b6694a42f5?pvs=21),-1487
2024/04/24,電費,,NT$842.00,Groceries (https://app.notion.com/p/Groceries-1de52a1550c180c6be6cdfaeb95cee9a?pvs=21),Dream (https://app.notion.com/p/Dream-1de52a1550c180a4bc6eee5e921cbc2d?pvs=21),47097
2024/04/24,上宇林,,NT$100.00,Food (https://app.notion.com/p/Food-1de52a1550c1808585f7c8d0cbbab341?pvs=21),General (https://app.notion.com/p/General-1fe52a1550c180d89a84f6b6694a42f5?pvs=21),-1487
2024/04/24,全聯,,NT$339.00,Food (https://app.notion.com/p/Food-1de52a1550c1808585f7c8d0cbbab341?pvs=21),General (https://app.notion.com/p/General-1fe52a1550c180d89a84f6b6694a42f5?pvs=21),-1487
2024/04/24,龜記,,NT$60.00,Food (https://app.notion.com/p/Food-1de52a1550c1808585f7c8d0cbbab341?pvs=21),General (https://app.notion.com/p/General-1fe52a1550c180d89a84f6b6694a42f5?pvs=21),-1487
2024/04/23,延平大飯店,,NT$370.00,Food (https://app.notion.com/p/Food-1de52a1550c1808585f7c8d0cbbab341?pvs=21),General (https://app.notion.com/p/General-1fe52a1550c180d89a84f6b6694a42f5?pvs=21),-928
2024/04/23,7-11,,NT$45.00,Food (https://app.notion.com/p/Food-1de52a1550c1808585f7c8d0cbbab341?pvs=21),General (https://app.notion.com/p/General-1fe52a1550c180d89a84f6b6694a42f5?pvs=21),-928
2024/04/23,下午茶,,NT$43.00,Food (https://app.notion.com/p/Food-1de52a1550c1808585f7c8d0cbbab341?pvs=21),General (https://app.notion.com/p/General-1fe52a1550c180d89a84f6b6694a42f5?pvs=21),-928
2024/04/22,7-11,,NT$55.00,Food (https://app.notion.com/p/Food-1de52a1550c1808585f7c8d0cbbab341?pvs=21),General (https://app.notion.com/p/General-1fe52a1550c180d89a84f6b6694a42f5?pvs=21),-470
2024/04/22,全聯,,NT$513.00,Food (https://app.notion.com/p/Food-1de52a1550c1808585f7c8d0cbbab341?pvs=21),General (https://app.notion.com/p/General-1fe52a1550c180d89a84f6b6694a42f5?pvs=21),-470
2024/04/21,Sukiya,,NT$393.00,Food (https://app.notion.com/p/Food-1de52a1550c1808585f7c8d0cbbab341?pvs=21),General (https://app.notion.com/p/General-1fe52a1550c180d89a84f6b6694a42f5?pvs=21),98
2024/04/21,老豆花,,NT$105.00,Food (https://app.notion.com/p/Food-1de52a1550c1808585f7c8d0cbbab341?pvs=21),General (https://app.notion.com/p/General-1fe52a1550c180d89a84f6b6694a42f5?pvs=21),98
2024/04/21,蔣好的味道(越式),,NT$374.00,Food (https://app.notion.com/p/Food-1de52a1550c1808585f7c8d0cbbab341?pvs=21),General (https://app.notion.com/p/General-1fe52a1550c180d89a84f6b6694a42f5?pvs=21),98
2024/04/21,烏弄,,NT$95.00,Food (https://app.notion.com/p/Food-1de52a1550c1808585f7c8d0cbbab341?pvs=21),General (https://app.notion.com/p/General-1fe52a1550c180d89a84f6b6694a42f5?pvs=21),98
2024/04/20,幂義大利麵,,NT$319.00,Food (https://app.notion.com/p/Food-1de52a1550c1808585f7c8d0cbbab341?pvs=21),General (https://app.notion.com/p/General-1fe52a1550c180d89a84f6b6694a42f5?pvs=21),1065
2024/04/20,羽球場地,,NT$150.00,Health (https://app.notion.com/p/Health-1de52a1550c180948ad5c45ef59a5bb8?pvs=21),Dream (https://app.notion.com/p/Dream-1de52a1550c180a4bc6eee5e921cbc2d?pvs=21),49579
2024/04/20,小鵲幸,,NT$112.00,Food (https://app.notion.com/p/Food-1de52a1550c1808585f7c8d0cbbab341?pvs=21),General (https://app.notion.com/p/General-1fe52a1550c180d89a84f6b6694a42f5?pvs=21),1065
2024/04/20,7-11,,NT$120.00,Food (https://app.notion.com/p/Food-1de52a1550c1808585f7c8d0cbbab341?pvs=21),General (https://app.notion.com/p/General-1fe52a1550c180d89a84f6b6694a42f5?pvs=21),1065
2024/04/19,小販部,,NT$70.00,Food (https://app.notion.com/p/Food-1de52a1550c1808585f7c8d0cbbab341?pvs=21),General (https://app.notion.com/p/General-1fe52a1550c180d89a84f6b6694a42f5?pvs=21),1616
2024/04/19,全聯,,NT$689.00,Food (https://app.notion.com/p/Food-1de52a1550c1808585f7c8d0cbbab341?pvs=21),General (https://app.notion.com/p/General-1fe52a1550c180d89a84f6b6694a42f5?pvs=21),1616
2024/04/18,萊爾富,,NT$114.00,Food (https://app.notion.com/p/Food-1de52a1550c1808585f7c8d0cbbab341?pvs=21),General (https://app.notion.com/p/General-1fe52a1550c180d89a84f6b6694a42f5?pvs=21),2375
2024/04/18,7-11,,NT$60.00,Food (https://app.notion.com/p/Food-1de52a1550c1808585f7c8d0cbbab341?pvs=21),General (https://app.notion.com/p/General-1fe52a1550c180d89a84f6b6694a42f5?pvs=21),2375
2024/04/18,ETC,,NT$121.00,Traffic (https://app.notion.com/p/Traffic-1de52a1550c1807b8ff6e40f804e1127?pvs=21),Dream (https://app.notion.com/p/Dream-1de52a1550c180a4bc6eee5e921cbc2d?pvs=21),44529
2024/04/18,山睦紅茶,,NT$65.00,Food (https://app.notion.com/p/Food-1de52a1550c1808585f7c8d0cbbab341?pvs=21),General (https://app.notion.com/p/General-1fe52a1550c180d89a84f6b6694a42f5?pvs=21),2375
2024/04/17,7-11,,NT$109.00,Food (https://app.notion.com/p/Food-1de52a1550c1808585f7c8d0cbbab341?pvs=21),General (https://app.notion.com/p/General-1fe52a1550c180d89a84f6b6694a42f5?pvs=21),2614
2024/04/17,7-11,,NT$40.00,Food (https://app.notion.com/p/Food-1de52a1550c1808585f7c8d0cbbab341?pvs=21),General (https://app.notion.com/p/General-1fe52a1550c180d89a84f6b6694a42f5?pvs=21),2614
2024/04/17,小販部,,NT$23.00,Food (https://app.notion.com/p/Food-1de52a1550c1808585f7c8d0cbbab341?pvs=21),General (https://app.notion.com/p/General-1fe52a1550c180d89a84f6b6694a42f5?pvs=21),2614
2024/04/16,第二春滷味,,NT$305.00,Food (https://app.notion.com/p/Food-1de52a1550c1808585f7c8d0cbbab341?pvs=21),General (https://app.notion.com/p/General-1fe52a1550c180d89a84f6b6694a42f5?pvs=21),2786
2024/04/16,7-11,,NT$45.00,Food (https://app.notion.com/p/Food-1de52a1550c1808585f7c8d0cbbab341?pvs=21),General (https://app.notion.com/p/General-1fe52a1550c180d89a84f6b6694a42f5?pvs=21),2786
2024/04/15,沐飲,,NT$65.00,Food (https://app.notion.com/p/Food-1de52a1550c1808585f7c8d0cbbab341?pvs=21),General (https://app.notion.com/p/General-1fe52a1550c180d89a84f6b6694a42f5?pvs=21),3136
2024/04/15,握把布,,NT$100.00,Health (https://app.notion.com/p/Health-1de52a1550c180948ad5c45ef59a5bb8?pvs=21),Dream (https://app.notion.com/p/Dream-1de52a1550c180a4bc6eee5e921cbc2d?pvs=21),44650
2024/04/15,全聯,,NT$233.00,Food (https://app.notion.com/p/Food-1de52a1550c1808585f7c8d0cbbab341?pvs=21),General (https://app.notion.com/p/General-1fe52a1550c180d89a84f6b6694a42f5?pvs=21),3136
2024/04/15,房租,,"NT$6,750.00",Groceries (https://app.notion.com/p/Groceries-1de52a1550c180c6be6cdfaeb95cee9a?pvs=21),Fixed (https://app.notion.com/p/Fixed-1de52a1550c180f19995d25cbc6f1038?pvs=21),26357
2024/04/14,Costco,,"NT$2,380.00",Food (https://app.notion.com/p/Food-1de52a1550c1808585f7c8d0cbbab341?pvs=21),General (https://app.notion.com/p/General-1fe52a1550c180d89a84f6b6694a42f5?pvs=21),3434
2024/04/14,加油費,,NT$157.00,Traffic (https://app.notion.com/p/Traffic-1de52a1550c1807b8ff6e40f804e1127?pvs=21),General (https://app.notion.com/p/General-1fe52a1550c180d89a84f6b6694a42f5?pvs=21),3434
2024/04/14,紅葉蛋糕,,NT$110.00,Food (https://app.notion.com/p/Food-1de52a1550c1808585f7c8d0cbbab341?pvs=21),General (https://app.notion.com/p/General-1fe52a1550c180d89a84f6b6694a42f5?pvs=21),3434
2024/04/14,烏弄,,NT$90.00,Food (https://app.notion.com/p/Food-1de52a1550c1808585f7c8d0cbbab341?pvs=21),General (https://app.notion.com/p/General-1fe52a1550c180d89a84f6b6694a42f5?pvs=21),3434
2024/04/14,Costco,,"NT$1,368.00",Clothes (https://app.notion.com/p/Clothes-1de52a1550c181c098ebee3f08c04f38?pvs=21),Dream (https://app.notion.com/p/Dream-1de52a1550c180a4bc6eee5e921cbc2d?pvs=21),44750
2024/04/14,影印費,,NT$216.00,Other (https://app.notion.com/p/Other-1de52a1550c1810a92c1c432337241e8?pvs=21),Dream (https://app.notion.com/p/Dream-1de52a1550c180a4bc6eee5e921cbc2d?pvs=21),44750
2024/04/14,Costco,,NT$908.00,Groceries (https://app.notion.com/p/Groceries-1de52a1550c180c6be6cdfaeb95cee9a?pvs=21),General (https://app.notion.com/p/General-1fe52a1550c180d89a84f6b6694a42f5?pvs=21),3434
2024/04/14,異人館,,NT$360.00,Food (https://app.notion.com/p/Food-1de52a1550c1808585f7c8d0cbbab341?pvs=21),General (https://app.notion.com/p/General-1fe52a1550c180d89a84f6b6694a42f5?pvs=21),3434
2024/04/13,麥當勞,,NT$230.00,Food (https://app.notion.com/p/Food-1de52a1550c1808585f7c8d0cbbab341?pvs=21),General (https://app.notion.com/p/General-1fe52a1550c180d89a84f6b6694a42f5?pvs=21),7439
2024/04/12,上宇林,,NT$70.00,Food (https://app.notion.com/p/Food-1de52a1550c1808585f7c8d0cbbab341?pvs=21),General (https://app.notion.com/p/General-1fe52a1550c180d89a84f6b6694a42f5?pvs=21),7669
2024/04/11,玉蘭,,NT$102.00,Food (https://app.notion.com/p/Food-1de52a1550c1808585f7c8d0cbbab341?pvs=21),General (https://app.notion.com/p/General-1fe52a1550c180d89a84f6b6694a42f5?pvs=21),7739
2024/04/11,全聯,,NT$170.00,Food (https://app.notion.com/p/Food-1de52a1550c1808585f7c8d0cbbab341?pvs=21),General (https://app.notion.com/p/General-1fe52a1550c180d89a84f6b6694a42f5?pvs=21),7739
2024/04/11,小鵲幸,,NT$51.00,Food (https://app.notion.com/p/Food-1de52a1550c1808585f7c8d0cbbab341?pvs=21),General (https://app.notion.com/p/General-1fe52a1550c180d89a84f6b6694a42f5?pvs=21),7739
2024/04/11,下午茶,,NT$35.00,Food (https://app.notion.com/p/Food-1de52a1550c1808585f7c8d0cbbab341?pvs=21),General (https://app.notion.com/p/General-1fe52a1550c180d89a84f6b6694a42f5?pvs=21),7739
2024/04/10,50嵐,,NT$45.00,Food (https://app.notion.com/p/Food-1de52a1550c1808585f7c8d0cbbab341?pvs=21),General (https://app.notion.com/p/General-1fe52a1550c180d89a84f6b6694a42f5?pvs=21),8097
2024/04/10,全聯,,NT$595.00,Food (https://app.notion.com/p/Food-1de52a1550c1808585f7c8d0cbbab341?pvs=21),General (https://app.notion.com/p/General-1fe52a1550c180d89a84f6b6694a42f5?pvs=21),8097
2024/04/09,夜市,,NT$115.00,Food (https://app.notion.com/p/Food-1de52a1550c1808585f7c8d0cbbab341?pvs=21),General (https://app.notion.com/p/General-1fe52a1550c180d89a84f6b6694a42f5?pvs=21),5214
2024/04/09,五鮮級,,"NT$1,058.00",Food (https://app.notion.com/p/Food-1de52a1550c1808585f7c8d0cbbab341?pvs=21),General (https://app.notion.com/p/General-1fe52a1550c180d89a84f6b6694a42f5?pvs=21),5214
2024/04/09,阿婆早餐,,NT$80.00,Food (https://app.notion.com/p/Food-1de52a1550c1808585f7c8d0cbbab341?pvs=21),General (https://app.notion.com/p/General-1fe52a1550c180d89a84f6b6694a42f5?pvs=21),5214
2024/04/08,奶茶,,NT$28.00,Food (https://app.notion.com/p/Food-1de52a1550c1808585f7c8d0cbbab341?pvs=21),General (https://app.notion.com/p/General-1fe52a1550c180d89a84f6b6694a42f5?pvs=21),6467
2024/04/08,識別證,,NT$38.00,Other (https://app.notion.com/p/Other-1de52a1550c1810a92c1c432337241e8?pvs=21),General (https://app.notion.com/p/General-1fe52a1550c180d89a84f6b6694a42f5?pvs=21),6467
2024/04/08,早餐,,NT$65.00,Food (https://app.notion.com/p/Food-1de52a1550c1808585f7c8d0cbbab341?pvs=21),General (https://app.notion.com/p/General-1fe52a1550c180d89a84f6b6694a42f5?pvs=21),6467
2024/04/08,丐幫滷味,,NT$200.00,Food (https://app.notion.com/p/Food-1de52a1550c1808585f7c8d0cbbab341?pvs=21),General (https://app.notion.com/p/General-1fe52a1550c180d89a84f6b6694a42f5?pvs=21),6467
2024/04/08,羽球拍,,"NT$3,200.00",Health (https://app.notion.com/p/Health-1de52a1550c180948ad5c45ef59a5bb8?pvs=21),Dream (https://app.notion.com/p/Dream-1de52a1550c180a4bc6eee5e921cbc2d?pvs=21),42334
2024/04/07,早安公雞,,NT$245.00,Food (https://app.notion.com/p/Food-1de52a1550c1808585f7c8d0cbbab341?pvs=21),General (https://app.notion.com/p/General-1fe52a1550c180d89a84f6b6694a42f5?pvs=21),6798
2024/04/07,石二鍋,,"NT$1,114.00",Food (https://app.notion.com/p/Food-1de52a1550c1808585f7c8d0cbbab341?pvs=21),General (https://app.notion.com/p/General-1fe52a1550c180d89a84f6b6694a42f5?pvs=21),6798
2024/04/07,停車費,,NT$30.00,Traffic (https://app.notion.com/p/Traffic-1de52a1550c1807b8ff6e40f804e1127?pvs=21),General (https://app.notion.com/p/General-1fe52a1550c180d89a84f6b6694a42f5?pvs=21),6798
2024/04/06,路易莎,,NT$134.00,Food (https://app.notion.com/p/Food-1de52a1550c1808585f7c8d0cbbab341?pvs=21),General (https://app.notion.com/p/General-1fe52a1550c180d89a84f6b6694a42f5?pvs=21),7687
2024/04/06,森米雞蛋糕,,NT$60.00,Food (https://app.notion.com/p/Food-1de52a1550c1808585f7c8d0cbbab341?pvs=21),General (https://app.notion.com/p/General-1fe52a1550c180d89a84f6b6694a42f5?pvs=21),7687
2024/04/06,八曜禾茶,,NT$135.00,Food (https://app.notion.com/p/Food-1de52a1550c1808585f7c8d0cbbab341?pvs=21),General (https://app.notion.com/p/General-1fe52a1550c180d89a84f6b6694a42f5?pvs=21),7687
2024/04/06,麥當勞,,NT$310.00,Food (https://app.notion.com/p/Food-1de52a1550c1808585f7c8d0cbbab341?pvs=21),General (https://app.notion.com/p/General-1fe52a1550c180d89a84f6b6694a42f5?pvs=21),7687
2024/04/04,Spotify月費,,NT$202.00,Fun (https://app.notion.com/p/Fun-1de52a1550c180f197e2ff3116ec3fa2?pvs=21),General (https://app.notion.com/p/General-1fe52a1550c180d89a84f6b6694a42f5?pvs=21),8326
2024/04/04,永康街牛肉麵,,NT$390.00,Food (https://app.notion.com/p/Food-1de52a1550c1808585f7c8d0cbbab341?pvs=21),General (https://app.notion.com/p/General-1fe52a1550c180d89a84f6b6694a42f5?pvs=21),8326
2024/04/04,台北新竹(新竹),,NT$260.00,Traffic (https://app.notion.com/p/Traffic-1de52a1550c1807b8ff6e40f804e1127?pvs=21),General (https://app.notion.com/p/General-1fe52a1550c180d89a84f6b6694a42f5?pvs=21),8326
2024/04/04,蔥抓餅,,NT$60.00,Food (https://app.notion.com/p/Food-1de52a1550c1808585f7c8d0cbbab341?pvs=21),General (https://app.notion.com/p/General-1fe52a1550c180d89a84f6b6694a42f5?pvs=21),8326
2024/04/04,捷運,,NT$65.00,Traffic (https://app.notion.com/p/Traffic-1de52a1550c1807b8ff6e40f804e1127?pvs=21),General (https://app.notion.com/p/General-1fe52a1550c180d89a84f6b6694a42f5?pvs=21),8326
2024/04/04,烏弄,,NT$90.00,Food (https://app.notion.com/p/Food-1de52a1550c1808585f7c8d0cbbab341?pvs=21),General (https://app.notion.com/p/General-1fe52a1550c180d89a84f6b6694a42f5?pvs=21),8326
2024/04/04,冷氣擋板,,NT$155.00,Groceries (https://app.notion.com/p/Groceries-1de52a1550c180c6be6cdfaeb95cee9a?pvs=21),Dream (https://app.notion.com/p/Dream-1de52a1550c180a4bc6eee5e921cbc2d?pvs=21),51534
2024/04/04,綠茶,,NT$25.00,Food (https://app.notion.com/p/Food-1de52a1550c1808585f7c8d0cbbab341?pvs=21),General (https://app.notion.com/p/General-1fe52a1550c180d89a84f6b6694a42f5?pvs=21),8326
2024/04/03,Costco黑鑽卡,,"NT$1,380.00",Other (https://app.notion.com/p/Other-1de52a1550c1810a92c1c432337241e8?pvs=21),Dream (https://app.notion.com/p/Dream-1de52a1550c180a4bc6eee5e921cbc2d?pvs=21),52689
2024/04/03,Costco,運動衣,NT$957.00,Clothes (https://app.notion.com/p/Clothes-1de52a1550c181c098ebee3f08c04f38?pvs=21),Dream (https://app.notion.com/p/Dream-1de52a1550c180a4bc6eee5e921cbc2d?pvs=21),52689
2024/04/03,GU,,NT$590.00,Clothes (https://app.notion.com/p/Clothes-1de52a1550c181c098ebee3f08c04f38?pvs=21),Dream (https://app.notion.com/p/Dream-1de52a1550c180a4bc6eee5e921cbc2d?pvs=21),52689
2024/04/03,Garmin Venu3,,"NT$9,790.00",Fun (https://app.notion.com/p/Fun-1de52a1550c180f197e2ff3116ec3fa2?pvs=21),Dream (https://app.notion.com/p/Dream-1de52a1550c180a4bc6eee5e921cbc2d?pvs=21),52689
2024/04/03,Costco,Apple watch S9,"NT$13,529.00",Social (https://app.notion.com/p/Social-1de52a1550c180eaa21cea69f136a638?pvs=21),Dream (https://app.notion.com/p/Dream-1de52a1550c180a4bc6eee5e921cbc2d?pvs=21),52689
2024/04/03,森森燒肉,,"NT$2,166.00",Food (https://app.notion.com/p/Food-1de52a1550c1808585f7c8d0cbbab341?pvs=21),Couple's (https://app.notion.com/p/Couple-s-1de52a1550c181d39de7eebc343b38cd?pvs=21),-1035
2024/04/02,龜記,,NT$60.00,Food (https://app.notion.com/p/Food-1de52a1550c1808585f7c8d0cbbab341?pvs=21),General (https://app.notion.com/p/General-1fe52a1550c180d89a84f6b6694a42f5?pvs=21),9418
2024/04/02,7-11,,NT$50.00,Food (https://app.notion.com/p/Food-1de52a1550c1808585f7c8d0cbbab341?pvs=21),General (https://app.notion.com/p/General-1fe52a1550c180d89a84f6b6694a42f5?pvs=21),9418
2024/04/02,有食間,,NT$340.00,Food (https://app.notion.com/p/Food-1de52a1550c1808585f7c8d0cbbab341?pvs=21),General (https://app.notion.com/p/General-1fe52a1550c180d89a84f6b6694a42f5?pvs=21),9418
2024/04/01,匯給媽,"
","NT$6,000.00",Family (https://app.notion.com/p/Family-1de52a1550c181faa107fcc0a73d8120?pvs=21),Fixed (https://app.notion.com/p/Fixed-1de52a1550c180f19995d25cbc6f1038?pvs=21),33107
2024/04/01,健保費,"
",NT$990.00,Insurance (https://app.notion.com/p/Insurance-1de52a1550c181f09d1dfb6d85985a86?pvs=21),Fixed (https://app.notion.com/p/Fixed-1de52a1550c180f19995d25cbc6f1038?pvs=21),33107
2024/04/01,勞保費,"
","NT$1,100.00",Insurance (https://app.notion.com/p/Insurance-1de52a1550c181f09d1dfb6d85985a86?pvs=21),Fixed (https://app.notion.com/p/Fixed-1de52a1550c180f19995d25cbc6f1038?pvs=21),33107
2024/04/01,慧通停車費,,"NT$5,000.00",Traffic (https://app.notion.com/p/Traffic-1de52a1550c1807b8ff6e40f804e1127?pvs=21),Savings (https://app.notion.com/p/Savings-1de52a1550c18029b280dc7d9d36cb03?pvs=21),332769
2024/04/01,全聯,,NT$706.00,Food (https://app.notion.com/p/Food-1de52a1550c1808585f7c8d0cbbab341?pvs=21),General (https://app.notion.com/p/General-1fe52a1550c180d89a84f6b6694a42f5?pvs=21),9868
2024/03/31,加油費,,"NT$1,714.00",Traffic (https://app.notion.com/p/Traffic-1de52a1550c1807b8ff6e40f804e1127?pvs=21),Dream (https://app.notion.com/p/Dream-1de52a1550c180a4bc6eee5e921cbc2d?pvs=21),67381
2024/03/31,大茗,,NT$105.00,Food (https://app.notion.com/p/Food-1de52a1550c1808585f7c8d0cbbab341?pvs=21),General (https://app.notion.com/p/General-1fe52a1550c180d89a84f6b6694a42f5?pvs=21),5067
2024/03/31,饗AJoy,媽60大壽,"NT$10,824.00",Family (https://app.notion.com/p/Family-1de52a1550c181faa107fcc0a73d8120?pvs=21),Dream (https://app.notion.com/p/Dream-1de52a1550c180a4bc6eee5e921cbc2d?pvs=21),67381
2024/03/31,麥當勞,,NT$138.00,Food (https://app.notion.com/p/Food-1de52a1550c1808585f7c8d0cbbab341?pvs=21),General (https://app.notion.com/p/General-1fe52a1550c180d89a84f6b6694a42f5?pvs=21),5067
2024/03/31,ETC,,NT$82.00,Traffic (https://app.notion.com/p/Traffic-1de52a1550c1807b8ff6e40f804e1127?pvs=21),General (https://app.notion.com/p/General-1fe52a1550c180d89a84f6b6694a42f5?pvs=21),5067
2024/03/31,IKEA,,"NT$1,856.00",Groceries (https://app.notion.com/p/Groceries-1de52a1550c180c6be6cdfaeb95cee9a?pvs=21),Dream (https://app.notion.com/p/Dream-1de52a1550c180a4bc6eee5e921cbc2d?pvs=21),67381
2024/03/30,東門雞肉飯,,NT$170.00,Food (https://app.notion.com/p/Food-1de52a1550c1808585f7c8d0cbbab341?pvs=21),General (https://app.notion.com/p/General-1fe52a1550c180d89a84f6b6694a42f5?pvs=21),5392
2024/03/30,小木屋鬆餅,,NT$60.00,Food (https://app.notion.com/p/Food-1de52a1550c1808585f7c8d0cbbab341?pvs=21),General (https://app.notion.com/p/General-1fe52a1550c180d89a84f6b6694a42f5?pvs=21),5392
2024/03/30,一沐日,,NT$60.00,Food (https://app.notion.com/p/Food-1de52a1550c1808585f7c8d0cbbab341?pvs=21),General (https://app.notion.com/p/General-1fe52a1550c180d89a84f6b6694a42f5?pvs=21),5392
2024/03/30,墊子,,NT$79.00,Groceries (https://app.notion.com/p/Groceries-1de52a1550c180c6be6cdfaeb95cee9a?pvs=21),General (https://app.notion.com/p/General-1fe52a1550c180d89a84f6b6694a42f5?pvs=21),5392
2024/03/30,滑鼠墊,,NT$39.00,Fun (https://app.notion.com/p/Fun-1de52a1550c180f197e2ff3116ec3fa2?pvs=21),General (https://app.notion.com/p/General-1fe52a1550c180d89a84f6b6694a42f5?pvs=21),5392
2024/03/30,3m掛鉤,,NT$139.00,Groceries (https://app.notion.com/p/Groceries-1de52a1550c180c6be6cdfaeb95cee9a?pvs=21),General (https://app.notion.com/p/General-1fe52a1550c180d89a84f6b6694a42f5?pvs=21),5392
2024/03/29,外匯手續費,,NT$800.00,Other (https://app.notion.com/p/Other-1de52a1550c1810a92c1c432337241e8?pvs=21),Investment (https://app.notion.com/p/Investment-1de52a1550c1802c9955ec4b84905202?pvs=21),175996
2024/03/29,外匯手續費,,NT$800.00,Other (https://app.notion.com/p/Other-1de52a1550c1810a92c1c432337241e8?pvs=21),Investment (https://app.notion.com/p/Investment-1de52a1550c1802c9955ec4b84905202?pvs=21),175996
2024/03/29,下午茶,,NT$135.00,Food (https://app.notion.com/p/Food-1de52a1550c1808585f7c8d0cbbab341?pvs=21),General (https://app.notion.com/p/General-1fe52a1550c180d89a84f6b6694a42f5?pvs=21),5939
2024/03/29,禾日香,,NT$250.00,Food (https://app.notion.com/p/Food-1de52a1550c1808585f7c8d0cbbab341?pvs=21),General (https://app.notion.com/p/General-1fe52a1550c180d89a84f6b6694a42f5?pvs=21),5939
2024/03/29,50嵐,,NT$90.00,Food (https://app.notion.com/p/Food-1de52a1550c1808585f7c8d0cbbab341?pvs=21),General (https://app.notion.com/p/General-1fe52a1550c180d89a84f6b6694a42f5?pvs=21),5939
2024/03/29,加油費,,NT$153.00,Traffic (https://app.notion.com/p/Traffic-1de52a1550c1807b8ff6e40f804e1127?pvs=21),General (https://app.notion.com/p/General-1fe52a1550c180d89a84f6b6694a42f5?pvs=21),5939
2024/03/29,新人勞工健檢,,"NT$1,950.00",Health (https://app.notion.com/p/Health-1de52a1550c180948ad5c45ef59a5bb8?pvs=21),Dream (https://app.notion.com/p/Dream-1de52a1550c180a4bc6eee5e921cbc2d?pvs=21),77451
2024/03/28,築間火鍋,,"NT$1,028.00",Food (https://app.notion.com/p/Food-1de52a1550c1808585f7c8d0cbbab341?pvs=21),Dream (https://app.notion.com/p/Dream-1de52a1550c180a4bc6eee5e921cbc2d?pvs=21),-16005
2024/03/27,立晉豆花,,NT$65.00,Food (https://app.notion.com/p/Food-1de52a1550c1808585f7c8d0cbbab341?pvs=21),General (https://app.notion.com/p/General-1fe52a1550c180d89a84f6b6694a42f5?pvs=21),1060
2024/03/27,小洞天,,NT$115.00,Food (https://app.notion.com/p/Food-1de52a1550c1808585f7c8d0cbbab341?pvs=21),General (https://app.notion.com/p/General-1fe52a1550c180d89a84f6b6694a42f5?pvs=21),1060
2024/03/26,全家,,NT$40.00,Food (https://app.notion.com/p/Food-1de52a1550c1808585f7c8d0cbbab341?pvs=21),General (https://app.notion.com/p/General-1fe52a1550c180d89a84f6b6694a42f5?pvs=21),1240
2024/03/26,停車費,,NT$125.00,Traffic (https://app.notion.com/p/Traffic-1de52a1550c1807b8ff6e40f804e1127?pvs=21),General (https://app.notion.com/p/General-1fe52a1550c180d89a84f6b6694a42f5?pvs=21),1240
2024/03/26,金飾項鍊,媽60大壽,"NT$12,800.00",Family (https://app.notion.com/p/Family-1de52a1550c181faa107fcc0a73d8120?pvs=21),Dream (https://app.notion.com/p/Dream-1de52a1550c180a4bc6eee5e921cbc2d?pvs=21),-14977
2024/03/26,ETC,,NT$140.00,Traffic (https://app.notion.com/p/Traffic-1de52a1550c1807b8ff6e40f804e1127?pvs=21),General (https://app.notion.com/p/General-1fe52a1550c180d89a84f6b6694a42f5?pvs=21),1240
2024/03/26,CoCo,,NT$60.00,Food (https://app.notion.com/p/Food-1de52a1550c1808585f7c8d0cbbab341?pvs=21),General (https://app.notion.com/p/General-1fe52a1550c180d89a84f6b6694a42f5?pvs=21),1240
2024/03/25,小販部,,NT$25.00,Food (https://app.notion.com/p/Food-1de52a1550c1808585f7c8d0cbbab341?pvs=21),General (https://app.notion.com/p/General-1fe52a1550c180d89a84f6b6694a42f5?pvs=21),1605
2024/03/24,水豚,,NT$210.00,Food (https://app.notion.com/p/Food-1de52a1550c1808585f7c8d0cbbab341?pvs=21),General (https://app.notion.com/p/General-1fe52a1550c180d89a84f6b6694a42f5?pvs=21),1630
2024/03/24,思茶,,NT$90.00,Food (https://app.notion.com/p/Food-1de52a1550c1808585f7c8d0cbbab341?pvs=21),General (https://app.notion.com/p/General-1fe52a1550c180d89a84f6b6694a42f5?pvs=21),1630
2024/03/24,潤餅,,NT$80.00,Food (https://app.notion.com/p/Food-1de52a1550c1808585f7c8d0cbbab341?pvs=21),General (https://app.notion.com/p/General-1fe52a1550c180d89a84f6b6694a42f5?pvs=21),1630
2024/03/23,必勝客,,"NT$1,035.00",Food (https://app.notion.com/p/Food-1de52a1550c1808585f7c8d0cbbab341?pvs=21),General (https://app.notion.com/p/General-1fe52a1550c180d89a84f6b6694a42f5?pvs=21),2010
2024/03/22,太河拉麵,,NT$240.00,Food (https://app.notion.com/p/Food-1de52a1550c1808585f7c8d0cbbab341?pvs=21),General (https://app.notion.com/p/General-1fe52a1550c180d89a84f6b6694a42f5?pvs=21),3045
2024/03/22,鶖茶,,NT$50.00,Food (https://app.notion.com/p/Food-1de52a1550c1808585f7c8d0cbbab341?pvs=21),General (https://app.notion.com/p/General-1fe52a1550c180d89a84f6b6694a42f5?pvs=21),3045
2024/03/22,全聯,,NT$76.00,Food (https://app.notion.com/p/Food-1de52a1550c1808585f7c8d0cbbab341?pvs=21),General (https://app.notion.com/p/General-1fe52a1550c180d89a84f6b6694a42f5?pvs=21),3045
2024/03/21,中華電信網路費,,NT$848.00,Fun (https://app.notion.com/p/Fun-1de52a1550c180f197e2ff3116ec3fa2?pvs=21),General (https://app.notion.com/p/General-1fe52a1550c180d89a84f6b6694a42f5?pvs=21),3411
2024/03/21,全聯,,NT$230.00,Food (https://app.notion.com/p/Food-1de52a1550c1808585f7c8d0cbbab341?pvs=21),General (https://app.notion.com/p/General-1fe52a1550c180d89a84f6b6694a42f5?pvs=21),3411
2024/03/21,手機費,,NT$664.00,Fun (https://app.notion.com/p/Fun-1de52a1550c180f197e2ff3116ec3fa2?pvs=21),General (https://app.notion.com/p/General-1fe52a1550c180d89a84f6b6694a42f5?pvs=21),3411
2024/03/21,全聯,,NT$85.00,Food (https://app.notion.com/p/Food-1de52a1550c1808585f7c8d0cbbab341?pvs=21),General (https://app.notion.com/p/General-1fe52a1550c180d89a84f6b6694a42f5?pvs=21),3411
2024/03/20,東門雞肉飯,,NT$320.00,Food (https://app.notion.com/p/Food-1de52a1550c1808585f7c8d0cbbab341?pvs=21),General (https://app.notion.com/p/General-1fe52a1550c180d89a84f6b6694a42f5?pvs=21),5238
2024/03/20,寶瀅洗衣精,,"NT$1,078.00",Groceries (https://app.notion.com/p/Groceries-1de52a1550c180c6be6cdfaeb95cee9a?pvs=21),General (https://app.notion.com/p/General-1fe52a1550c180d89a84f6b6694a42f5?pvs=21),5238
2024/03/20,50嵐,,NT$80.00,Food (https://app.notion.com/p/Food-1de52a1550c1808585f7c8d0cbbab341?pvs=21),General (https://app.notion.com/p/General-1fe52a1550c180d89a84f6b6694a42f5?pvs=21),5238
2024/03/20,刮鬍刀,,NT$529.00,Groceries (https://app.notion.com/p/Groceries-1de52a1550c180c6be6cdfaeb95cee9a?pvs=21),General (https://app.notion.com/p/General-1fe52a1550c180d89a84f6b6694a42f5?pvs=21),5238
2024/03/20,Adidas 慢跑鞋,,"NT$1,799.00",Clothes (https://app.notion.com/p/Clothes-1de52a1550c181c098ebee3f08c04f38?pvs=21),Dream (https://app.notion.com/p/Dream-1de52a1550c180a4bc6eee5e921cbc2d?pvs=21),-2177
2024/03/20,TC-Link TC70,,NT$749.00,Groceries (https://app.notion.com/p/Groceries-1de52a1550c180c6be6cdfaeb95cee9a?pvs=21),General (https://app.notion.com/p/General-1fe52a1550c180d89a84f6b6694a42f5?pvs=21),5238
2024/03/20,7-11,,NT$57.00,Food (https://app.notion.com/p/Food-1de52a1550c1808585f7c8d0cbbab341?pvs=21),General (https://app.notion.com/p/General-1fe52a1550c180d89a84f6b6694a42f5?pvs=21),5238
2024/03/19,竹東排骨酥,,NT$417.00,Food (https://app.notion.com/p/Food-1de52a1550c1808585f7c8d0cbbab341?pvs=21),General (https://app.notion.com/p/General-1fe52a1550c180d89a84f6b6694a42f5?pvs=21),8051
2024/03/19,7-11,,NT$55.00,Food (https://app.notion.com/p/Food-1de52a1550c1808585f7c8d0cbbab341?pvs=21),General (https://app.notion.com/p/General-1fe52a1550c180d89a84f6b6694a42f5?pvs=21),8051
2024/03/17,麵堂,,NT$170.00,Food (https://app.notion.com/p/Food-1de52a1550c1808585f7c8d0cbbab341?pvs=21),General (https://app.notion.com/p/General-1fe52a1550c180d89a84f6b6694a42f5?pvs=21),8523
2024/03/17,竹美港式,,NT$793.00,Food (https://app.notion.com/p/Food-1de52a1550c1808585f7c8d0cbbab341?pvs=21),General (https://app.notion.com/p/General-1fe52a1550c180d89a84f6b6694a42f5?pvs=21),8523
2024/03/17,上宇林,,NT$35.00,Food (https://app.notion.com/p/Food-1de52a1550c1808585f7c8d0cbbab341?pvs=21),General (https://app.notion.com/p/General-1fe52a1550c180d89a84f6b6694a42f5?pvs=21),8523
2024/03/17,全聯,,NT$972.00,Food (https://app.notion.com/p/Food-1de52a1550c1808585f7c8d0cbbab341?pvs=21),General (https://app.notion.com/p/General-1fe52a1550c180d89a84f6b6694a42f5?pvs=21),8523
2024/03/17,清大冰品,,NT$75.00,Food (https://app.notion.com/p/Food-1de52a1550c1808585f7c8d0cbbab341?pvs=21),General (https://app.notion.com/p/General-1fe52a1550c180d89a84f6b6694a42f5?pvs=21),8523
2024/03/16,綠茶,,NT$25.00,Food (https://app.notion.com/p/Food-1de52a1550c1808585f7c8d0cbbab341?pvs=21),General (https://app.notion.com/p/General-1fe52a1550c180d89a84f6b6694a42f5?pvs=21),10568
2024/03/16,韓虎嘯,,"NT$1,449.00",Food (https://app.notion.com/p/Food-1de52a1550c1808585f7c8d0cbbab341?pvs=21),General (https://app.notion.com/p/General-1fe52a1550c180d89a84f6b6694a42f5?pvs=21),10568
2024/03/15,房租,,"NT$6,750.00",Groceries (https://app.notion.com/p/Groceries-1de52a1550c180c6be6cdfaeb95cee9a?pvs=21),Fixed (https://app.notion.com/p/Fixed-1de52a1550c180f19995d25cbc6f1038?pvs=21),21677
2024/03/15,加油費,,NT$153.00,Traffic (https://app.notion.com/p/Traffic-1de52a1550c1807b8ff6e40f804e1127?pvs=21),General (https://app.notion.com/p/General-1fe52a1550c180d89a84f6b6694a42f5?pvs=21),12042
2024/03/15,潤餅,,NT$80.00,Food (https://app.notion.com/p/Food-1de52a1550c1808585f7c8d0cbbab341?pvs=21),General (https://app.notion.com/p/General-1fe52a1550c180d89a84f6b6694a42f5?pvs=21),12042
2024/03/15,皇后先生,,NT$60.00,Food (https://app.notion.com/p/Food-1de52a1550c1808585f7c8d0cbbab341?pvs=21),General (https://app.notion.com/p/General-1fe52a1550c180d89a84f6b6694a42f5?pvs=21),12042
2024/03/14,風味小廚,,NT$464.00,Food (https://app.notion.com/p/Food-1de52a1550c1808585f7c8d0cbbab341?pvs=21),General (https://app.notion.com/p/General-1fe52a1550c180d89a84f6b6694a42f5?pvs=21),12335
2024/03/13,阿婆早餐,,NT$55.00,Food (https://app.notion.com/p/Food-1de52a1550c1808585f7c8d0cbbab341?pvs=21),General (https://app.notion.com/p/General-1fe52a1550c180d89a84f6b6694a42f5?pvs=21),12799
2024/03/13,50嵐,,NT$50.00,Food (https://app.notion.com/p/Food-1de52a1550c1808585f7c8d0cbbab341?pvs=21),General (https://app.notion.com/p/General-1fe52a1550c180d89a84f6b6694a42f5?pvs=21),12799
2024/03/13,全聯,,NT$242.00,Food (https://app.notion.com/p/Food-1de52a1550c1808585f7c8d0cbbab341?pvs=21),General (https://app.notion.com/p/General-1fe52a1550c180d89a84f6b6694a42f5?pvs=21),12799
2024/03/12,第二春滷味,,NT$150.00,Food (https://app.notion.com/p/Food-1de52a1550c1808585f7c8d0cbbab341?pvs=21),General (https://app.notion.com/p/General-1fe52a1550c180d89a84f6b6694a42f5?pvs=21),13146
2024/03/12,Windows11 pro + offiec2019,,"NT$1,200.00",Fun (https://app.notion.com/p/Fun-1de52a1550c180f197e2ff3116ec3fa2?pvs=21),Dream (https://app.notion.com/p/Dream-1de52a1550c180a4bc6eee5e921cbc2d?pvs=21),-378
2024/03/12,香蕉煎餅,,NT$70.00,Food (https://app.notion.com/p/Food-1de52a1550c1808585f7c8d0cbbab341?pvs=21),General (https://app.notion.com/p/General-1fe52a1550c180d89a84f6b6694a42f5?pvs=21),13146
2024/03/12,本部活蝦,,"NT$1,126.00",Food (https://app.notion.com/p/Food-1de52a1550c1808585f7c8d0cbbab341?pvs=21),Couple's (https://app.notion.com/p/Couple-s-1de52a1550c181d39de7eebc343b38cd?pvs=21),-869
2024/03/12,寶拉身體乳,,"NT$1,650.00",Cosmetics (https://app.notion.com/p/Cosmetics-1de52a1550c181cb93fdfe1a610bf352?pvs=21),Dream (https://app.notion.com/p/Dream-1de52a1550c180a4bc6eee5e921cbc2d?pvs=21),-378
2024/03/10,7-11,,NT$60.00,Food (https://app.notion.com/p/Food-1de52a1550c1808585f7c8d0cbbab341?pvs=21),General (https://app.notion.com/p/General-1fe52a1550c180d89a84f6b6694a42f5?pvs=21),13366
2024/03/10,台北新竹(新竹),,NT$145.00,Traffic (https://app.notion.com/p/Traffic-1de52a1550c1807b8ff6e40f804e1127?pvs=21),Dream (https://app.notion.com/p/Dream-1de52a1550c180a4bc6eee5e921cbc2d?pvs=21),2472
2024/03/10,寄物櫃,,NT$20.00,Other (https://app.notion.com/p/Other-1de52a1550c1810a92c1c432337241e8?pvs=21),General (https://app.notion.com/p/General-1fe52a1550c180d89a84f6b6694a42f5?pvs=21),13366
2024/03/10,花蓮台北,,NT$440.00,Traffic (https://app.notion.com/p/Traffic-1de52a1550c1807b8ff6e40f804e1127?pvs=21),Dream (https://app.notion.com/p/Dream-1de52a1550c180a4bc6eee5e921cbc2d?pvs=21),2472
2024/03/08,新竹花蓮,,NT$618.00,Traffic (https://app.notion.com/p/Traffic-1de52a1550c1807b8ff6e40f804e1127?pvs=21),Dream (https://app.notion.com/p/Dream-1de52a1550c180a4bc6eee5e921cbc2d?pvs=21),3057
2024/03/07,全聯,,NT$93.00,Food (https://app.notion.com/p/Food-1de52a1550c1808585f7c8d0cbbab341?pvs=21),General (https://app.notion.com/p/General-1fe52a1550c180d89a84f6b6694a42f5?pvs=21),13446
2024/03/07,邱記滷味,,NT$250.00,Food (https://app.notion.com/p/Food-1de52a1550c1808585f7c8d0cbbab341?pvs=21),General (https://app.notion.com/p/General-1fe52a1550c180d89a84f6b6694a42f5?pvs=21),13446
2024/03/06,成功牛排,,NT$220.00,Food (https://app.notion.com/p/Food-1de52a1550c1808585f7c8d0cbbab341?pvs=21),General (https://app.notion.com/p/General-1fe52a1550c180d89a84f6b6694a42f5?pvs=21),13789
2024/03/05,小鵲幸,,NT$301.00,Food (https://app.notion.com/p/Food-1de52a1550c1808585f7c8d0cbbab341?pvs=21),Dream (https://app.notion.com/p/Dream-1de52a1550c180a4bc6eee5e921cbc2d?pvs=21),3675
2024/03/05,玉蘭,,NT$60.00,Food (https://app.notion.com/p/Food-1de52a1550c1808585f7c8d0cbbab341?pvs=21),General (https://app.notion.com/p/General-1fe52a1550c180d89a84f6b6694a42f5?pvs=21),14009
2024/03/05,老雲記,,NT$390.00,Food (https://app.notion.com/p/Food-1de52a1550c1808585f7c8d0cbbab341?pvs=21),General (https://app.notion.com/p/General-1fe52a1550c180d89a84f6b6694a42f5?pvs=21),14009
2024/03/05,大茗,,NT$95.00,Food (https://app.notion.com/p/Food-1de52a1550c1808585f7c8d0cbbab341?pvs=21),General (https://app.notion.com/p/General-1fe52a1550c180d89a84f6b6694a42f5?pvs=21),14009
2024/03/04,Spotify月費,,NT$202.00,Fun (https://app.notion.com/p/Fun-1de52a1550c180f197e2ff3116ec3fa2?pvs=21),General (https://app.notion.com/p/General-1fe52a1550c180d89a84f6b6694a42f5?pvs=21),14554
2024/03/04,下午茶,,NT$43.00,Food (https://app.notion.com/p/Food-1de52a1550c1808585f7c8d0cbbab341?pvs=21),General (https://app.notion.com/p/General-1fe52a1550c180d89a84f6b6694a42f5?pvs=21),14554
2024/03/03,米樂,,NT$270.00,Food (https://app.notion.com/p/Food-1de52a1550c1808585f7c8d0cbbab341?pvs=21),General (https://app.notion.com/p/General-1fe52a1550c180d89a84f6b6694a42f5?pvs=21),14799
2024/03/03,開鎖,,NT$500.00,Traffic (https://app.notion.com/p/Traffic-1de52a1550c1807b8ff6e40f804e1127?pvs=21),Dream (https://app.notion.com/p/Dream-1de52a1550c180a4bc6eee5e921cbc2d?pvs=21),3976
2024/03/03,大心,,NT$470.00,Food (https://app.notion.com/p/Food-1de52a1550c1808585f7c8d0cbbab341?pvs=21),General (https://app.notion.com/p/General-1fe52a1550c180d89a84f6b6694a42f5?pvs=21),14799
2024/03/03,沙丘2,,NT$618.00,Fun (https://app.notion.com/p/Fun-1de52a1550c180f197e2ff3116ec3fa2?pvs=21),Couple's (https://app.notion.com/p/Couple-s-1de52a1550c181d39de7eebc343b38cd?pvs=21),257
2024/03/03,全聯,,NT$518.00,Food (https://app.notion.com/p/Food-1de52a1550c1808585f7c8d0cbbab341?pvs=21),General (https://app.notion.com/p/General-1fe52a1550c180d89a84f6b6694a42f5?pvs=21),14799
2024/03/03,50嵐,,NT$100.00,Food (https://app.notion.com/p/Food-1de52a1550c1808585f7c8d0cbbab341?pvs=21),General (https://app.notion.com/p/General-1fe52a1550c180d89a84f6b6694a42f5?pvs=21),14799
2024/03/02,禾日香,,NT$380.00,Food (https://app.notion.com/p/Food-1de52a1550c1808585f7c8d0cbbab341?pvs=21),General (https://app.notion.com/p/General-1fe52a1550c180d89a84f6b6694a42f5?pvs=21),12634
2024/03/01,,,NT$488.00,Fun (https://app.notion.com/p/Fun-1de52a1550c180f197e2ff3116ec3fa2?pvs=21),Dream (https://app.notion.com/p/Dream-1de52a1550c180a4bc6eee5e921cbc2d?pvs=21),4476
2024/02/29,匯給媽,"
","NT$6,000.00",Family (https://app.notion.com/p/Family-1de52a1550c181faa107fcc0a73d8120?pvs=21),Fixed (https://app.notion.com/p/Fixed-1de52a1550c180f19995d25cbc6f1038?pvs=21),28427
2024/02/29,健保費,"
",NT$990.00,Insurance (https://app.notion.com/p/Insurance-1de52a1550c181f09d1dfb6d85985a86?pvs=21),Fixed (https://app.notion.com/p/Fixed-1de52a1550c180f19995d25cbc6f1038?pvs=21),28427
2024/02/29,勞保費,"
","NT$1,100.00",Insurance (https://app.notion.com/p/Insurance-1de52a1550c181f09d1dfb6d85985a86?pvs=21),Fixed (https://app.notion.com/p/Fixed-1de52a1550c180f19995d25cbc6f1038?pvs=21),28427
2024/02/29,豆漿,,NT$30.00,Food (https://app.notion.com/p/Food-1de52a1550c1808585f7c8d0cbbab341?pvs=21),General (https://app.notion.com/p/General-1fe52a1550c180d89a84f6b6694a42f5?pvs=21),13014
2024/02/29,福利金,,NT$325.00,Fun (https://app.notion.com/p/Fun-1de52a1550c180f197e2ff3116ec3fa2?pvs=21),General (https://app.notion.com/p/General-1fe52a1550c180d89a84f6b6694a42f5?pvs=21),13014
2024/02/28,吳記客家湯圓,,NT$275.00,Food (https://app.notion.com/p/Food-1de52a1550c1808585f7c8d0cbbab341?pvs=21),General (https://app.notion.com/p/General-1fe52a1550c180d89a84f6b6694a42f5?pvs=21),-6258
2024/02/28,金峰羽球場,,NT$267.00,Health (https://app.notion.com/p/Health-1de52a1550c180948ad5c45ef59a5bb8?pvs=21),General (https://app.notion.com/p/General-1fe52a1550c180d89a84f6b6694a42f5?pvs=21),-6258
2024/02/28,可愛家,,NT$348.00,Food (https://app.notion.com/p/Food-1de52a1550c1808585f7c8d0cbbab341?pvs=21),General (https://app.notion.com/p/General-1fe52a1550c180d89a84f6b6694a42f5?pvs=21),-6258
2024/02/28,50嵐,,NT$90.00,Food (https://app.notion.com/p/Food-1de52a1550c1808585f7c8d0cbbab341?pvs=21),General (https://app.notion.com/p/General-1fe52a1550c180d89a84f6b6694a42f5?pvs=21),-6258
2024/02/28,烘衣機,,NT$40.00,Groceries (https://app.notion.com/p/Groceries-1de52a1550c180c6be6cdfaeb95cee9a?pvs=21),General (https://app.notion.com/p/General-1fe52a1550c180d89a84f6b6694a42f5?pvs=21),-6258
2024/02/28,加油費,,NT$160.00,Traffic (https://app.notion.com/p/Traffic-1de52a1550c1807b8ff6e40f804e1127?pvs=21),General (https://app.notion.com/p/General-1fe52a1550c180d89a84f6b6694a42f5?pvs=21),-6258
2024/02/28,7-11,,NT$84.00,Food (https://app.notion.com/p/Food-1de52a1550c1808585f7c8d0cbbab341?pvs=21),General (https://app.notion.com/p/General-1fe52a1550c180d89a84f6b6694a42f5?pvs=21),-6258
2024/02/27,鶖茶,,NT$65.00,Food (https://app.notion.com/p/Food-1de52a1550c1808585f7c8d0cbbab341?pvs=21),General (https://app.notion.com/p/General-1fe52a1550c180d89a84f6b6694a42f5?pvs=21),-4994
2024/02/27,延平大飯店,,NT$500.00,Food (https://app.notion.com/p/Food-1de52a1550c1808585f7c8d0cbbab341?pvs=21),General (https://app.notion.com/p/General-1fe52a1550c180d89a84f6b6694a42f5?pvs=21),-4994
2024/02/26,雜物,,NT$33.00,Other (https://app.notion.com/p/Other-1de52a1550c1810a92c1c432337241e8?pvs=21),General (https://app.notion.com/p/General-1fe52a1550c180d89a84f6b6694a42f5?pvs=21),-4429
2024/02/26,茶湯會,,NT$70.00,Food (https://app.notion.com/p/Food-1de52a1550c1808585f7c8d0cbbab341?pvs=21),General (https://app.notion.com/p/General-1fe52a1550c180d89a84f6b6694a42f5?pvs=21),-4429
2024/02/25,全聯,,NT$865.00,Food (https://app.notion.com/p/Food-1de52a1550c1808585f7c8d0cbbab341?pvs=21),General (https://app.notion.com/p/General-1fe52a1550c180d89a84f6b6694a42f5?pvs=21),-4326
2024/02/25,皇膳湯包,,NT$155.00,Food (https://app.notion.com/p/Food-1de52a1550c1808585f7c8d0cbbab341?pvs=21),General (https://app.notion.com/p/General-1fe52a1550c180d89a84f6b6694a42f5?pvs=21),-4326
2024/02/24,蔣好的味道,,NT$430.00,Food (https://app.notion.com/p/Food-1de52a1550c1808585f7c8d0cbbab341?pvs=21),General (https://app.notion.com/p/General-1fe52a1550c180d89a84f6b6694a42f5?pvs=21),-3306
2024/02/24,小木屋鬆餅,,NT$54.00,Food (https://app.notion.com/p/Food-1de52a1550c1808585f7c8d0cbbab341?pvs=21),General (https://app.notion.com/p/General-1fe52a1550c180d89a84f6b6694a42f5?pvs=21),-3306
2024/02/24,遊麵館,,NT$265.00,Food (https://app.notion.com/p/Food-1de52a1550c1808585f7c8d0cbbab341?pvs=21),General (https://app.notion.com/p/General-1fe52a1550c180d89a84f6b6694a42f5?pvs=21),-3306
2024/02/23,肯德基,,NT$422.00,Food (https://app.notion.com/p/Food-1de52a1550c1808585f7c8d0cbbab341?pvs=21),General (https://app.notion.com/p/General-1fe52a1550c180d89a84f6b6694a42f5?pvs=21),-2557
2024/02/22,早餐,,NT$30.00,Food (https://app.notion.com/p/Food-1de52a1550c1808585f7c8d0cbbab341?pvs=21),General (https://app.notion.com/p/General-1fe52a1550c180d89a84f6b6694a42f5?pvs=21),-2135
2024/02/22,小販部,,NT$55.00,Food (https://app.notion.com/p/Food-1de52a1550c1808585f7c8d0cbbab341?pvs=21),General (https://app.notion.com/p/General-1fe52a1550c180d89a84f6b6694a42f5?pvs=21),-2135
2024/02/21,龜記,,NT$70.00,Food (https://app.notion.com/p/Food-1de52a1550c1808585f7c8d0cbbab341?pvs=21),General (https://app.notion.com/p/General-1fe52a1550c180d89a84f6b6694a42f5?pvs=21),-2050
2024/02/20,白鬍子牛排,,NT$450.00,Food (https://app.notion.com/p/Food-1de52a1550c1808585f7c8d0cbbab341?pvs=21),General (https://app.notion.com/p/General-1fe52a1550c180d89a84f6b6694a42f5?pvs=21),-1980
2024/02/20,Funte 升降桌,升降桌17600+掛鉤99+抽屜1490+收納槽699+Health墊1200,"NT$21,088.00",Groceries (https://app.notion.com/p/Groceries-1de52a1550c180c6be6cdfaeb95cee9a?pvs=21),Dream (https://app.notion.com/p/Dream-1de52a1550c180a4bc6eee5e921cbc2d?pvs=21),-17552
2024/02/20,驗車,,NT$450.00,Traffic (https://app.notion.com/p/Traffic-1de52a1550c1807b8ff6e40f804e1127?pvs=21),Dream (https://app.notion.com/p/Dream-1de52a1550c180a4bc6eee5e921cbc2d?pvs=21),-17552
2024/02/19,全聯,,NT$242.00,Food (https://app.notion.com/p/Food-1de52a1550c1808585f7c8d0cbbab341?pvs=21),General (https://app.notion.com/p/General-1fe52a1550c180d89a84f6b6694a42f5?pvs=21),-1530
2024/02/18,新竹台北(亞聯),,NT$170.00,Traffic (https://app.notion.com/p/Traffic-1de52a1550c1807b8ff6e40f804e1127?pvs=21),Dream (https://app.notion.com/p/Dream-1de52a1550c180a4bc6eee5e921cbc2d?pvs=21),3986
2024/02/18,嘉義雞肉飯,,NT$265.00,Food (https://app.notion.com/p/Food-1de52a1550c1808585f7c8d0cbbab341?pvs=21),General (https://app.notion.com/p/General-1fe52a1550c180d89a84f6b6694a42f5?pvs=21),-1288
2024/02/18,龜記,,NT$50.00,Food (https://app.notion.com/p/Food-1de52a1550c1808585f7c8d0cbbab341?pvs=21),General (https://app.notion.com/p/General-1fe52a1550c180d89a84f6b6694a42f5?pvs=21),-1288
2024/02/18,台北新竹(新竹),,NT$130.00,Traffic (https://app.notion.com/p/Traffic-1de52a1550c1807b8ff6e40f804e1127?pvs=21),Dream (https://app.notion.com/p/Dream-1de52a1550c180a4bc6eee5e921cbc2d?pvs=21),3986
2024/02/18,襪子,,"NT$1,115.00",Clothes (https://app.notion.com/p/Clothes-1de52a1550c181c098ebee3f08c04f38?pvs=21),Dream (https://app.notion.com/p/Dream-1de52a1550c180a4bc6eee5e921cbc2d?pvs=21),3986
2024/02/18,台北交通,,NT$57.00,Traffic (https://app.notion.com/p/Traffic-1de52a1550c1807b8ff6e40f804e1127?pvs=21),General (https://app.notion.com/p/General-1fe52a1550c180d89a84f6b6694a42f5?pvs=21),-1288
2024/02/17,咖啡*16,,NT$467.00,Food (https://app.notion.com/p/Food-1de52a1550c1808585f7c8d0cbbab341?pvs=21),General (https://app.notion.com/p/General-1fe52a1550c180d89a84f6b6694a42f5?pvs=21),-916
2024/02/17,申記麵食,,NT$390.00,Food (https://app.notion.com/p/Food-1de52a1550c1808585f7c8d0cbbab341?pvs=21),General (https://app.notion.com/p/General-1fe52a1550c180d89a84f6b6694a42f5?pvs=21),-916
2024/02/17,衛生紙,,NT$349.00,Groceries (https://app.notion.com/p/Groceries-1de52a1550c180c6be6cdfaeb95cee9a?pvs=21),General (https://app.notion.com/p/General-1fe52a1550c180d89a84f6b6694a42f5?pvs=21),-916
2024/02/17,濕式衛生紙,,NT$615.00,Groceries (https://app.notion.com/p/Groceries-1de52a1550c180c6be6cdfaeb95cee9a?pvs=21),General (https://app.notion.com/p/General-1fe52a1550c180d89a84f6b6694a42f5?pvs=21),-916
2024/02/17,益生菌,,NT$799.00,Health (https://app.notion.com/p/Health-1de52a1550c180948ad5c45ef59a5bb8?pvs=21),General (https://app.notion.com/p/General-1fe52a1550c180d89a84f6b6694a42f5?pvs=21),-916
2024/02/17,柳丁百香金萱,,NT$225.00,Food (https://app.notion.com/p/Food-1de52a1550c1808585f7c8d0cbbab341?pvs=21),General (https://app.notion.com/p/General-1fe52a1550c180d89a84f6b6694a42f5?pvs=21),-916
2024/02/17,香蕉牛奶,,NT$489.00,Food (https://app.notion.com/p/Food-1de52a1550c1808585f7c8d0cbbab341?pvs=21),General (https://app.notion.com/p/General-1fe52a1550c180d89a84f6b6694a42f5?pvs=21),-916
2024/02/17,ON蛋白粉,,"NT$2,399.00",Health (https://app.notion.com/p/Health-1de52a1550c180948ad5c45ef59a5bb8?pvs=21),General (https://app.notion.com/p/General-1fe52a1550c180d89a84f6b6694a42f5?pvs=21),-916
2024/02/16,戶籍謄本,,NT$40.00,Other (https://app.notion.com/p/Other-1de52a1550c1810a92c1c432337241e8?pvs=21),General (https://app.notion.com/p/General-1fe52a1550c180d89a84f6b6694a42f5?pvs=21),4666
2024/02/16,上山採藥洗髮精,,NT$149.00,Groceries (https://app.notion.com/p/Groceries-1de52a1550c180c6be6cdfaeb95cee9a?pvs=21),General (https://app.notion.com/p/General-1fe52a1550c180d89a84f6b6694a42f5?pvs=21),4666
2024/02/16,小販部,,NT$23.00,Food (https://app.notion.com/p/Food-1de52a1550c1808585f7c8d0cbbab341?pvs=21),General (https://app.notion.com/p/General-1fe52a1550c180d89a84f6b6694a42f5?pvs=21),4666
2024/02/16,全聯,,NT$900.00,Food (https://app.notion.com/p/Food-1de52a1550c1808585f7c8d0cbbab341?pvs=21),General (https://app.notion.com/p/General-1fe52a1550c180d89a84f6b6694a42f5?pvs=21),4666
2024/02/15,中華電信手機費,,NT$668.00,Fun (https://app.notion.com/p/Fun-1de52a1550c180f197e2ff3116ec3fa2?pvs=21),Dream (https://app.notion.com/p/Dream-1de52a1550c180a4bc6eee5e921cbc2d?pvs=21),5401
2024/02/15,房租,,"NT$6,750.00",Groceries (https://app.notion.com/p/Groceries-1de52a1550c180c6be6cdfaeb95cee9a?pvs=21),Fixed (https://app.notion.com/p/Fixed-1de52a1550c180f19995d25cbc6f1038?pvs=21),16996
2024/02/15,7-11,,NT$53.00,Food (https://app.notion.com/p/Food-1de52a1550c1808585f7c8d0cbbab341?pvs=21),General (https://app.notion.com/p/General-1fe52a1550c180d89a84f6b6694a42f5?pvs=21),5778
2024/02/15,停車費,,NT$10.00,Traffic (https://app.notion.com/p/Traffic-1de52a1550c1807b8ff6e40f804e1127?pvs=21),General (https://app.notion.com/p/General-1fe52a1550c180d89a84f6b6694a42f5?pvs=21),5778
2024/02/15,小販部,,NT$10.00,Food (https://app.notion.com/p/Food-1de52a1550c1808585f7c8d0cbbab341?pvs=21),General (https://app.notion.com/p/General-1fe52a1550c180d89a84f6b6694a42f5?pvs=21),5778
2024/02/15,第二春滷味,,NT$200.00,Food (https://app.notion.com/p/Food-1de52a1550c1808585f7c8d0cbbab341?pvs=21),General (https://app.notion.com/p/General-1fe52a1550c180d89a84f6b6694a42f5?pvs=21),5778
2024/02/14,機車加油,,NT$160.00,Traffic (https://app.notion.com/p/Traffic-1de52a1550c1807b8ff6e40f804e1127?pvs=21),General (https://app.notion.com/p/General-1fe52a1550c180d89a84f6b6694a42f5?pvs=21),6051
2024/02/14,饗泰多,,"NT$1,848.00",Food (https://app.notion.com/p/Food-1de52a1550c1808585f7c8d0cbbab341?pvs=21),Dream (https://app.notion.com/p/Dream-1de52a1550c180a4bc6eee5e921cbc2d?pvs=21),6069
2024/02/13,50嵐,,NT$155.00,Food (https://app.notion.com/p/Food-1de52a1550c1808585f7c8d0cbbab341?pvs=21),General (https://app.notion.com/p/General-1fe52a1550c180d89a84f6b6694a42f5?pvs=21),6211
2024/02/13,全聯,,NT$568.00,Food (https://app.notion.com/p/Food-1de52a1550c1808585f7c8d0cbbab341?pvs=21),General (https://app.notion.com/p/General-1fe52a1550c180d89a84f6b6694a42f5?pvs=21),6211
2024/02/13,起家雞,,"NT$1,049.00",Food (https://app.notion.com/p/Food-1de52a1550c1808585f7c8d0cbbab341?pvs=21),General (https://app.notion.com/p/General-1fe52a1550c180d89a84f6b6694a42f5?pvs=21),6211
2024/02/13,ETC,,NT$126.00,Traffic (https://app.notion.com/p/Traffic-1de52a1550c1807b8ff6e40f804e1127?pvs=21),Dream (https://app.notion.com/p/Dream-1de52a1550c180a4bc6eee5e921cbc2d?pvs=21),6069
2024/02/12,麥當勞,,NT$831.00,Food (https://app.notion.com/p/Food-1de52a1550c1808585f7c8d0cbbab341?pvs=21),General (https://app.notion.com/p/General-1fe52a1550c180d89a84f6b6694a42f5?pvs=21),7483
2024/02/12,康青龍,,NT$35.00,Food (https://app.notion.com/p/Food-1de52a1550c1808585f7c8d0cbbab341?pvs=21),General (https://app.notion.com/p/General-1fe52a1550c180d89a84f6b6694a42f5?pvs=21),7483
2024/02/12,貢丸,,NT$570.00,Food (https://app.notion.com/p/Food-1de52a1550c1808585f7c8d0cbbab341?pvs=21),General (https://app.notion.com/p/General-1fe52a1550c180d89a84f6b6694a42f5?pvs=21),7483
2024/02/11,咖啡,,NT$60.00,Food (https://app.notion.com/p/Food-1de52a1550c1808585f7c8d0cbbab341?pvs=21),General (https://app.notion.com/p/General-1fe52a1550c180d89a84f6b6694a42f5?pvs=21),8919
2024/02/10,邱記滷味,,NT$200.00,Food (https://app.notion.com/p/Food-1de52a1550c1808585f7c8d0cbbab341?pvs=21),General (https://app.notion.com/p/General-1fe52a1550c180d89a84f6b6694a42f5?pvs=21),8979
2024/02/10,7-11,,NT$25.00,Food (https://app.notion.com/p/Food-1de52a1550c1808585f7c8d0cbbab341?pvs=21),General (https://app.notion.com/p/General-1fe52a1550c180d89a84f6b6694a42f5?pvs=21),8979
2024/02/10,沙威馬,,NT$55.00,Food (https://app.notion.com/p/Food-1de52a1550c1808585f7c8d0cbbab341?pvs=21),General (https://app.notion.com/p/General-1fe52a1550c180d89a84f6b6694a42f5?pvs=21),8979
2024/02/10,安全剪,,NT$99.00,Groceries (https://app.notion.com/p/Groceries-1de52a1550c180c6be6cdfaeb95cee9a?pvs=21),General (https://app.notion.com/p/General-1fe52a1550c180d89a84f6b6694a42f5?pvs=21),8979
2024/02/10,嚕嚕米轉蛋,,NT$100.00,Other (https://app.notion.com/p/Other-1de52a1550c1810a92c1c432337241e8?pvs=21),General (https://app.notion.com/p/General-1fe52a1550c180d89a84f6b6694a42f5?pvs=21),8979
2024/02/10,置物櫃,,NT$30.00,Other (https://app.notion.com/p/Other-1de52a1550c1810a92c1c432337241e8?pvs=21),General (https://app.notion.com/p/General-1fe52a1550c180d89a84f6b6694a42f5?pvs=21),8979
2024/02/10,清心全福,,NT$55.00,Food (https://app.notion.com/p/Food-1de52a1550c1808585f7c8d0cbbab341?pvs=21),General (https://app.notion.com/p/General-1fe52a1550c180d89a84f6b6694a42f5?pvs=21),8979
2024/02/09,紅包(爸),,"NT$1,000.00",Family (https://app.notion.com/p/Family-1de52a1550c181faa107fcc0a73d8120?pvs=21),Dream (https://app.notion.com/p/Dream-1de52a1550c180a4bc6eee5e921cbc2d?pvs=21),6195
2024/02/09,紅包(阿嬤),,"NT$1,000.00",Family (https://app.notion.com/p/Family-1de52a1550c181faa107fcc0a73d8120?pvs=21),Dream (https://app.notion.com/p/Dream-1de52a1550c180a4bc6eee5e921cbc2d?pvs=21),6195
2024/02/09,紅包(哥),,"NT$1,000.00",Family (https://app.notion.com/p/Family-1de52a1550c181faa107fcc0a73d8120?pvs=21),Dream (https://app.notion.com/p/Dream-1de52a1550c180a4bc6eee5e921cbc2d?pvs=21),6195
2024/02/09,停車費,,NT$40.00,Traffic (https://app.notion.com/p/Traffic-1de52a1550c1807b8ff6e40f804e1127?pvs=21),General (https://app.notion.com/p/General-1fe52a1550c180d89a84f6b6694a42f5?pvs=21),9543
2024/02/09,紅包(媽),,"NT$3,000.00",Other (https://app.notion.com/p/Other-1de52a1550c1810a92c1c432337241e8?pvs=21),Dream (https://app.notion.com/p/Dream-1de52a1550c180a4bc6eee5e921cbc2d?pvs=21),6195
2024/02/07,斑馬騷莎,,NT$945.00,Food (https://app.notion.com/p/Food-1de52a1550c1808585f7c8d0cbbab341?pvs=21),General (https://app.notion.com/p/General-1fe52a1550c180d89a84f6b6694a42f5?pvs=21),7283
2024/02/07,咖啡,,NT$90.00,Food (https://app.notion.com/p/Food-1de52a1550c1808585f7c8d0cbbab341?pvs=21),General (https://app.notion.com/p/General-1fe52a1550c180d89a84f6b6694a42f5?pvs=21),7283
2024/02/07,加油費,,NT$910.00,Traffic (https://app.notion.com/p/Traffic-1de52a1550c1807b8ff6e40f804e1127?pvs=21),Dream (https://app.notion.com/p/Dream-1de52a1550c180a4bc6eee5e921cbc2d?pvs=21),11195
2024/02/07,台鐵花蓮台北,,NT$440.00,Traffic (https://app.notion.com/p/Traffic-1de52a1550c1807b8ff6e40f804e1127?pvs=21),Dream (https://app.notion.com/p/Dream-1de52a1550c180a4bc6eee5e921cbc2d?pvs=21),11195
2024/02/07,和欣台北台南,,NT$575.00,Traffic (https://app.notion.com/p/Traffic-1de52a1550c1807b8ff6e40f804e1127?pvs=21),Dream (https://app.notion.com/p/Dream-1de52a1550c180a4bc6eee5e921cbc2d?pvs=21),11195
2024/02/07,ETC,,NT$122.00,Traffic (https://app.notion.com/p/Traffic-1de52a1550c1807b8ff6e40f804e1127?pvs=21),Dream (https://app.notion.com/p/Dream-1de52a1550c180a4bc6eee5e921cbc2d?pvs=21),11195
2024/02/07,停車費,,NT$80.00,Traffic (https://app.notion.com/p/Traffic-1de52a1550c1807b8ff6e40f804e1127?pvs=21),General (https://app.notion.com/p/General-1fe52a1550c180d89a84f6b6694a42f5?pvs=21),7283
2024/02/07,Costco,芭樂檸檬綠189元+楊枝甘露265元,NT$454.00,Food (https://app.notion.com/p/Food-1de52a1550c1808585f7c8d0cbbab341?pvs=21),General (https://app.notion.com/p/General-1fe52a1550c180d89a84f6b6694a42f5?pvs=21),7283
2024/02/06,麥當勞,,NT$192.00,Food (https://app.notion.com/p/Food-1de52a1550c1808585f7c8d0cbbab341?pvs=21),General (https://app.notion.com/p/General-1fe52a1550c180d89a84f6b6694a42f5?pvs=21),8852
2024/02/06,すき家,,NT$523.00,Food (https://app.notion.com/p/Food-1de52a1550c1808585f7c8d0cbbab341?pvs=21),General (https://app.notion.com/p/General-1fe52a1550c180d89a84f6b6694a42f5?pvs=21),8852
2024/02/06,停車費,,NT$80.00,Traffic (https://app.notion.com/p/Traffic-1de52a1550c1807b8ff6e40f804e1127?pvs=21),General (https://app.notion.com/p/General-1fe52a1550c180d89a84f6b6694a42f5?pvs=21),8852
2024/02/05,沐苑,,"NT$3,500.00",Cosmetics (https://app.notion.com/p/Cosmetics-1de52a1550c181cb93fdfe1a610bf352?pvs=21),Dream (https://app.notion.com/p/Dream-1de52a1550c180a4bc6eee5e921cbc2d?pvs=21),13242
2024/02/05,茶湯會,,NT$35.00,Food (https://app.notion.com/p/Food-1de52a1550c1808585f7c8d0cbbab341?pvs=21),General (https://app.notion.com/p/General-1fe52a1550c180d89a84f6b6694a42f5?pvs=21),9447
2024/02/04,Spotify月費,,NT$202.00,Fun (https://app.notion.com/p/Fun-1de52a1550c180f197e2ff3116ec3fa2?pvs=21),General (https://app.notion.com/p/General-1fe52a1550c180d89a84f6b6694a42f5?pvs=21),9482
2024/02/04,一私,,NT$300.00,Food (https://app.notion.com/p/Food-1de52a1550c1808585f7c8d0cbbab341?pvs=21),General (https://app.notion.com/p/General-1fe52a1550c180d89a84f6b6694a42f5?pvs=21),9482
2024/02/04,Disney+,,NT$135.00,Fun (https://app.notion.com/p/Fun-1de52a1550c180f197e2ff3116ec3fa2?pvs=21),General (https://app.notion.com/p/General-1fe52a1550c180d89a84f6b6694a42f5?pvs=21),9482
2024/02/04,50嵐,,NT$80.00,Food (https://app.notion.com/p/Food-1de52a1550c1808585f7c8d0cbbab341?pvs=21),General (https://app.notion.com/p/General-1fe52a1550c180d89a84f6b6694a42f5?pvs=21),9482
2024/02/03,龜記,,NT$100.00,Food (https://app.notion.com/p/Food-1de52a1550c1808585f7c8d0cbbab341?pvs=21),General (https://app.notion.com/p/General-1fe52a1550c180d89a84f6b6694a42f5?pvs=21),1207
2024/02/03,小乖柵欄,,NT$969.00,Groceries (https://app.notion.com/p/Groceries-1de52a1550c180c6be6cdfaeb95cee9a?pvs=21),General (https://app.notion.com/p/General-1fe52a1550c180d89a84f6b6694a42f5?pvs=21),1207
2024/02/03,小乖床頭櫃,,"NT$1,416.00",Groceries (https://app.notion.com/p/Groceries-1de52a1550c180c6be6cdfaeb95cee9a?pvs=21),Dream (https://app.notion.com/p/Dream-1de52a1550c180a4bc6eee5e921cbc2d?pvs=21),16042
2024/02/03,邱記滷味,,NT$155.00,Food (https://app.notion.com/p/Food-1de52a1550c1808585f7c8d0cbbab341?pvs=21),General (https://app.notion.com/p/General-1fe52a1550c180d89a84f6b6694a42f5?pvs=21),1207
2024/02/03,竹東排骨酥,,NT$442.00,Food (https://app.notion.com/p/Food-1de52a1550c1808585f7c8d0cbbab341?pvs=21),General (https://app.notion.com/p/General-1fe52a1550c180d89a84f6b6694a42f5?pvs=21),1207
2024/02/03,滷味,,NT$190.00,Food (https://app.notion.com/p/Food-1de52a1550c1808585f7c8d0cbbab341?pvs=21),General (https://app.notion.com/p/General-1fe52a1550c180d89a84f6b6694a42f5?pvs=21),1207
2024/02/02,全聯,,NT$220.00,Food (https://app.notion.com/p/Food-1de52a1550c1808585f7c8d0cbbab341?pvs=21),General (https://app.notion.com/p/General-1fe52a1550c180d89a84f6b6694a42f5?pvs=21),3063
2024/02/01,7-11,,NT$53.00,Food (https://app.notion.com/p/Food-1de52a1550c1808585f7c8d0cbbab341?pvs=21),General (https://app.notion.com/p/General-1fe52a1550c180d89a84f6b6694a42f5?pvs=21),3283
2024/02/01,第二春滷味,,NT$305.00,Food (https://app.notion.com/p/Food-1de52a1550c1808585f7c8d0cbbab341?pvs=21),General (https://app.notion.com/p/General-1fe52a1550c180d89a84f6b6694a42f5?pvs=21),3283
2024/02/01,牛奶,,NT$35.00,Food (https://app.notion.com/p/Food-1de52a1550c1808585f7c8d0cbbab341?pvs=21),General (https://app.notion.com/p/General-1fe52a1550c180d89a84f6b6694a42f5?pvs=21),3283
2024/01/31,匯給媽,"
","NT$6,000.00",Family (https://app.notion.com/p/Family-1de52a1550c181faa107fcc0a73d8120?pvs=21),Fixed (https://app.notion.com/p/Fixed-1de52a1550c180f19995d25cbc6f1038?pvs=21),23746
2024/01/31,健保費,"
",NT$990.00,Insurance (https://app.notion.com/p/Insurance-1de52a1550c181f09d1dfb6d85985a86?pvs=21),Fixed (https://app.notion.com/p/Fixed-1de52a1550c180f19995d25cbc6f1038?pvs=21),23746
2024/01/31,勞保費,"
","NT$1,100.00",Insurance (https://app.notion.com/p/Insurance-1de52a1550c181f09d1dfb6d85985a86?pvs=21),Fixed (https://app.notion.com/p/Fixed-1de52a1550c180f19995d25cbc6f1038?pvs=21),23746
2024/01/31,福利金,,NT$325.00,Fun (https://app.notion.com/p/Fun-1de52a1550c180f197e2ff3116ec3fa2?pvs=21),General (https://app.notion.com/p/General-1fe52a1550c180d89a84f6b6694a42f5?pvs=21),3676
2024/01/31,所得稅扣繳,,"NT$6,380.00",Other (https://app.notion.com/p/Other-1de52a1550c1810a92c1c432337241e8?pvs=21),Dream (https://app.notion.com/p/Dream-1de52a1550c180a4bc6eee5e921cbc2d?pvs=21),17458
2024/01/31,立晉豆花,,NT$75.00,Food (https://app.notion.com/p/Food-1de52a1550c1808585f7c8d0cbbab341?pvs=21),General (https://app.notion.com/p/General-1fe52a1550c180d89a84f6b6694a42f5?pvs=21),3676
2024/01/31,汽車保費,,"NT$8,057.00",Insurance (https://app.notion.com/p/Insurance-1de52a1550c181f09d1dfb6d85985a86?pvs=21),General (https://app.notion.com/p/General-1fe52a1550c180d89a84f6b6694a42f5?pvs=21),3676
2024/01/30,停車費,,NT$20.00,Traffic (https://app.notion.com/p/Traffic-1de52a1550c1807b8ff6e40f804e1127?pvs=21),Dream (https://app.notion.com/p/Dream-1de52a1550c180a4bc6eee5e921cbc2d?pvs=21),-5586
2024/01/30,第二春滷味,,NT$310.00,Food (https://app.notion.com/p/Food-1de52a1550c1808585f7c8d0cbbab341?pvs=21),General (https://app.notion.com/p/General-1fe52a1550c180d89a84f6b6694a42f5?pvs=21),-9639
2024/01/30,要活就要動,-04/23,"NT$2,286.00",Health (https://app.notion.com/p/Health-1de52a1550c180948ad5c45ef59a5bb8?pvs=21),Dream (https://app.notion.com/p/Dream-1de52a1550c180a4bc6eee5e921cbc2d?pvs=21),-5586
2024/01/29,星盤解鎖,,NT$100.00,Fun (https://app.notion.com/p/Fun-1de52a1550c180f197e2ff3116ec3fa2?pvs=21),Dream (https://app.notion.com/p/Dream-1de52a1550c180a4bc6eee5e921cbc2d?pvs=21),-3280
2024/01/29,豆漿,,NT$58.00,Food (https://app.notion.com/p/Food-1de52a1550c1808585f7c8d0cbbab341?pvs=21),General (https://app.notion.com/p/General-1fe52a1550c180d89a84f6b6694a42f5?pvs=21),-9329
2024/01/29,全聯,,NT$122.00,Food (https://app.notion.com/p/Food-1de52a1550c1808585f7c8d0cbbab341?pvs=21),General (https://app.notion.com/p/General-1fe52a1550c180d89a84f6b6694a42f5?pvs=21),-9329
2024/01/28,清潔用品,,NT$612.00,Groceries (https://app.notion.com/p/Groceries-1de52a1550c180c6be6cdfaeb95cee9a?pvs=21),General (https://app.notion.com/p/General-1fe52a1550c180d89a84f6b6694a42f5?pvs=21),-9149
2024/01/28,延平大飯店,,NT$470.00,Food (https://app.notion.com/p/Food-1de52a1550c1808585f7c8d0cbbab341?pvs=21),General (https://app.notion.com/p/General-1fe52a1550c180d89a84f6b6694a42f5?pvs=21),-9149
2024/01/28,蔣好的味道,,NT$330.00,Food (https://app.notion.com/p/Food-1de52a1550c1808585f7c8d0cbbab341?pvs=21),General (https://app.notion.com/p/General-1fe52a1550c180d89a84f6b6694a42f5?pvs=21),-9149
2024/01/28,春陽茶室,,NT$65.00,Food (https://app.notion.com/p/Food-1de52a1550c1808585f7c8d0cbbab341?pvs=21),General (https://app.notion.com/p/General-1fe52a1550c180d89a84f6b6694a42f5?pvs=21),-9149
2024/01/28,烏弄,,NT$45.00,Food (https://app.notion.com/p/Food-1de52a1550c1808585f7c8d0cbbab341?pvs=21),General (https://app.notion.com/p/General-1fe52a1550c180d89a84f6b6694a42f5?pvs=21),-9149
2024/01/27,思茶,,NT$105.00,Food (https://app.notion.com/p/Food-1de52a1550c1808585f7c8d0cbbab341?pvs=21),General (https://app.notion.com/p/General-1fe52a1550c180d89a84f6b6694a42f5?pvs=21),-7627
2024/01/27,CostcoFood,金額3018抵扣1173實付1845,"NT$1,845.00",Food (https://app.notion.com/p/Food-1de52a1550c1808585f7c8d0cbbab341?pvs=21),General (https://app.notion.com/p/General-1fe52a1550c180d89a84f6b6694a42f5?pvs=21),-7627
2024/01/26,花蓮台北,,NT$440.00,Traffic (https://app.notion.com/p/Traffic-1de52a1550c1807b8ff6e40f804e1127?pvs=21),Dream (https://app.notion.com/p/Dream-1de52a1550c180a4bc6eee5e921cbc2d?pvs=21),-3180
2024/01/26,近燈燈泡,,NT$450.00,Traffic (https://app.notion.com/p/Traffic-1de52a1550c1807b8ff6e40f804e1127?pvs=21),General (https://app.notion.com/p/General-1fe52a1550c180d89a84f6b6694a42f5?pvs=21),-5677
2024/01/26,機油,,NT$250.00,Traffic (https://app.notion.com/p/Traffic-1de52a1550c1807b8ff6e40f804e1127?pvs=21),Dream (https://app.notion.com/p/Dream-1de52a1550c180a4bc6eee5e921cbc2d?pvs=21),-3180
2024/01/25,小米手環,,NT$296.00,Fun (https://app.notion.com/p/Fun-1de52a1550c180f197e2ff3116ec3fa2?pvs=21),Dream (https://app.notion.com/p/Dream-1de52a1550c180a4bc6eee5e921cbc2d?pvs=21),-2490
2024/01/25,全聯,,NT$132.00,Food (https://app.notion.com/p/Food-1de52a1550c1808585f7c8d0cbbab341?pvs=21),General (https://app.notion.com/p/General-1fe52a1550c180d89a84f6b6694a42f5?pvs=21),-5227
2024/01/25,洗碗精補充包,,NT$336.00,Groceries (https://app.notion.com/p/Groceries-1de52a1550c180c6be6cdfaeb95cee9a?pvs=21),General (https://app.notion.com/p/General-1fe52a1550c180d89a84f6b6694a42f5?pvs=21),-5227
2024/01/24,手機費,,NT$686.00,Fun (https://app.notion.com/p/Fun-1de52a1550c180f197e2ff3116ec3fa2?pvs=21),General (https://app.notion.com/p/General-1fe52a1550c180d89a84f6b6694a42f5?pvs=21),-4759
2024/01/23,小販部,,NT$70.00,Food (https://app.notion.com/p/Food-1de52a1550c1808585f7c8d0cbbab341?pvs=21),General (https://app.notion.com/p/General-1fe52a1550c180d89a84f6b6694a42f5?pvs=21),-4073
2024/01/23,全聯,,NT$575.00,Food (https://app.notion.com/p/Food-1de52a1550c1808585f7c8d0cbbab341?pvs=21),General (https://app.notion.com/p/General-1fe52a1550c180d89a84f6b6694a42f5?pvs=21),-4073
2024/01/22,粥大福,,NT$270.00,Food (https://app.notion.com/p/Food-1de52a1550c1808585f7c8d0cbbab341?pvs=21),General (https://app.notion.com/p/General-1fe52a1550c180d89a84f6b6694a42f5?pvs=21),-3428
2024/01/22,茶湯會,,NT$40.00,Food (https://app.notion.com/p/Food-1de52a1550c1808585f7c8d0cbbab341?pvs=21),General (https://app.notion.com/p/General-1fe52a1550c180d89a84f6b6694a42f5?pvs=21),-3428
2024/01/22,7-11,,NT$28.00,Food (https://app.notion.com/p/Food-1de52a1550c1808585f7c8d0cbbab341?pvs=21),General (https://app.notion.com/p/General-1fe52a1550c180d89a84f6b6694a42f5?pvs=21),-3428
2024/01/22,加油費,,NT$155.00,Traffic (https://app.notion.com/p/Traffic-1de52a1550c1807b8ff6e40f804e1127?pvs=21),General (https://app.notion.com/p/General-1fe52a1550c180d89a84f6b6694a42f5?pvs=21),-3428
2024/01/21,鶖茶,,NT$110.00,Food (https://app.notion.com/p/Food-1de52a1550c1808585f7c8d0cbbab341?pvs=21),General (https://app.notion.com/p/General-1fe52a1550c180d89a84f6b6694a42f5?pvs=21),-2935
2024/01/21,Haha baby扭蛋,,NT$150.00,Fun (https://app.notion.com/p/Fun-1de52a1550c180f197e2ff3116ec3fa2?pvs=21),Dream (https://app.notion.com/p/Dream-1de52a1550c180a4bc6eee5e921cbc2d?pvs=21),-2194
2024/01/21,一蘭,,NT$739.00,Food (https://app.notion.com/p/Food-1de52a1550c1808585f7c8d0cbbab341?pvs=21),General (https://app.notion.com/p/General-1fe52a1550c180d89a84f6b6694a42f5?pvs=21),-2935
2024/01/21,加油費,,"NT$1,402.00",Traffic (https://app.notion.com/p/Traffic-1de52a1550c1807b8ff6e40f804e1127?pvs=21),Dream (https://app.notion.com/p/Dream-1de52a1550c180a4bc6eee5e921cbc2d?pvs=21),-2194
2024/01/21,IKEA,推車、掛鉤、洗衣籃、杯架,"NT$1,516.00",Groceries (https://app.notion.com/p/Groceries-1de52a1550c180c6be6cdfaeb95cee9a?pvs=21),Dream (https://app.notion.com/p/Dream-1de52a1550c180a4bc6eee5e921cbc2d?pvs=21),-2194
2024/01/21,ETC,,NT$155.00,Traffic (https://app.notion.com/p/Traffic-1de52a1550c1807b8ff6e40f804e1127?pvs=21),Dream (https://app.notion.com/p/Dream-1de52a1550c180a4bc6eee5e921cbc2d?pvs=21),-2194
2024/01/21,IKEA,霜淇淋,NT$20.00,Food (https://app.notion.com/p/Food-1de52a1550c1808585f7c8d0cbbab341?pvs=21),General (https://app.notion.com/p/General-1fe52a1550c180d89a84f6b6694a42f5?pvs=21),-2935
2024/01/20,大茗,,NT$130.00,Food (https://app.notion.com/p/Food-1de52a1550c1808585f7c8d0cbbab341?pvs=21),General (https://app.notion.com/p/General-1fe52a1550c180d89a84f6b6694a42f5?pvs=21),-2066
2024/01/20,璽子牛肉麵,,NT$160.00,Food (https://app.notion.com/p/Food-1de52a1550c1808585f7c8d0cbbab341?pvs=21),General (https://app.notion.com/p/General-1fe52a1550c180d89a84f6b6694a42f5?pvs=21),-2066
2024/01/20,新竹動物園,,NT$50.00,Fun (https://app.notion.com/p/Fun-1de52a1550c180f197e2ff3116ec3fa2?pvs=21),Dream (https://app.notion.com/p/Dream-1de52a1550c180a4bc6eee5e921cbc2d?pvs=21),1029
2024/01/19,全聯,,NT$600.00,Food (https://app.notion.com/p/Food-1de52a1550c1808585f7c8d0cbbab341?pvs=21),General (https://app.notion.com/p/General-1fe52a1550c180d89a84f6b6694a42f5?pvs=21),-1776
2024/01/18,7-11,,NT$80.00,Food (https://app.notion.com/p/Food-1de52a1550c1808585f7c8d0cbbab341?pvs=21),General (https://app.notion.com/p/General-1fe52a1550c180d89a84f6b6694a42f5?pvs=21),-1176
2024/01/18,第二春滷味,,NT$360.00,Food (https://app.notion.com/p/Food-1de52a1550c1808585f7c8d0cbbab341?pvs=21),General (https://app.notion.com/p/General-1fe52a1550c180d89a84f6b6694a42f5?pvs=21),-1176
2024/01/17,丐幫滷味,,NT$125.00,Food (https://app.notion.com/p/Food-1de52a1550c1808585f7c8d0cbbab341?pvs=21),General (https://app.notion.com/p/General-1fe52a1550c180d89a84f6b6694a42f5?pvs=21),-736
2024/01/17,龜記,,NT$35.00,Food (https://app.notion.com/p/Food-1de52a1550c1808585f7c8d0cbbab341?pvs=21),General (https://app.notion.com/p/General-1fe52a1550c180d89a84f6b6694a42f5?pvs=21),-736
2024/01/16,咖啡,,NT$35.00,Food (https://app.notion.com/p/Food-1de52a1550c1808585f7c8d0cbbab341?pvs=21),General (https://app.notion.com/p/General-1fe52a1550c180d89a84f6b6694a42f5?pvs=21),-576
2024/01/16,五鮮級,,NT$726.00,Food (https://app.notion.com/p/Food-1de52a1550c1808585f7c8d0cbbab341?pvs=21),General (https://app.notion.com/p/General-1fe52a1550c180d89a84f6b6694a42f5?pvs=21),-576
2024/01/15,房租,,"NT$6,750.00",Groceries (https://app.notion.com/p/Groceries-1de52a1550c180c6be6cdfaeb95cee9a?pvs=21),Fixed (https://app.notion.com/p/Fixed-1de52a1550c180f19995d25cbc6f1038?pvs=21),20372
2024/01/15,全聯,,NT$242.00,Food (https://app.notion.com/p/Food-1de52a1550c1808585f7c8d0cbbab341?pvs=21),General (https://app.notion.com/p/General-1fe52a1550c180d89a84f6b6694a42f5?pvs=21),185
2024/01/14,小時厚牛排,,NT$290.00,Food (https://app.notion.com/p/Food-1de52a1550c1808585f7c8d0cbbab341?pvs=21),General (https://app.notion.com/p/General-1fe52a1550c180d89a84f6b6694a42f5?pvs=21),427
2024/01/14,新竹台北來回(豪泰),,NT$300.00,Traffic (https://app.notion.com/p/Traffic-1de52a1550c1807b8ff6e40f804e1127?pvs=21),Dream (https://app.notion.com/p/Dream-1de52a1550c180a4bc6eee5e921cbc2d?pvs=21),1079
2024/01/14,北車101,,NT$25.00,Traffic (https://app.notion.com/p/Traffic-1de52a1550c1807b8ff6e40f804e1127?pvs=21),Dream (https://app.notion.com/p/Dream-1de52a1550c180a4bc6eee5e921cbc2d?pvs=21),1079
2024/01/14,CoCo,,NT$60.00,Food (https://app.notion.com/p/Food-1de52a1550c1808585f7c8d0cbbab341?pvs=21),General (https://app.notion.com/p/General-1fe52a1550c180d89a84f6b6694a42f5?pvs=21),427
2024/01/12,麻古茶坊,,NT$50.00,Food (https://app.notion.com/p/Food-1de52a1550c1808585f7c8d0cbbab341?pvs=21),General (https://app.notion.com/p/General-1fe52a1550c180d89a84f6b6694a42f5?pvs=21),777
2024/01/12,咖啡,,NT$35.00,Food (https://app.notion.com/p/Food-1de52a1550c1808585f7c8d0cbbab341?pvs=21),General (https://app.notion.com/p/General-1fe52a1550c180d89a84f6b6694a42f5?pvs=21),777
2024/01/12,嘉鄉豆腐,,NT$100.00,Food (https://app.notion.com/p/Food-1de52a1550c1808585f7c8d0cbbab341?pvs=21),General (https://app.notion.com/p/General-1fe52a1550c180d89a84f6b6694a42f5?pvs=21),777
2024/01/12,全聯,,NT$194.00,Food (https://app.notion.com/p/Food-1de52a1550c1808585f7c8d0cbbab341?pvs=21),General (https://app.notion.com/p/General-1fe52a1550c180d89a84f6b6694a42f5?pvs=21),777
2024/01/12,良叔叔滷味,,NT$100.00,Food (https://app.notion.com/p/Food-1de52a1550c1808585f7c8d0cbbab341?pvs=21),General (https://app.notion.com/p/General-1fe52a1550c180d89a84f6b6694a42f5?pvs=21),777
2024/01/11,第二春滷味,,NT$350.00,Food (https://app.notion.com/p/Food-1de52a1550c1808585f7c8d0cbbab341?pvs=21),General (https://app.notion.com/p/General-1fe52a1550c180d89a84f6b6694a42f5?pvs=21),1256
2024/01/11,鴨肉油飯,,NT$120.00,Food (https://app.notion.com/p/Food-1de52a1550c1808585f7c8d0cbbab341?pvs=21),General (https://app.notion.com/p/General-1fe52a1550c180d89a84f6b6694a42f5?pvs=21),1256
2024/01/10,韓國占卜,,NT$138.00,Fun (https://app.notion.com/p/Fun-1de52a1550c180f197e2ff3116ec3fa2?pvs=21),Dream (https://app.notion.com/p/Dream-1de52a1550c180a4bc6eee5e921cbc2d?pvs=21),1404
2024/01/09,God of weapons,,NT$101.00,Fun (https://app.notion.com/p/Fun-1de52a1550c180f197e2ff3116ec3fa2?pvs=21),Dream (https://app.notion.com/p/Dream-1de52a1550c180a4bc6eee5e921cbc2d?pvs=21),1542
2024/01/09,第二春滷味,,NT$300.00,Food (https://app.notion.com/p/Food-1de52a1550c1808585f7c8d0cbbab341?pvs=21),General (https://app.notion.com/p/General-1fe52a1550c180d89a84f6b6694a42f5?pvs=21),1726
2024/01/09,花生牛奶,,NT$25.00,Food (https://app.notion.com/p/Food-1de52a1550c1808585f7c8d0cbbab341?pvs=21),General (https://app.notion.com/p/General-1fe52a1550c180d89a84f6b6694a42f5?pvs=21),1726
2024/01/08,加油費,,NT$154.00,Traffic (https://app.notion.com/p/Traffic-1de52a1550c1807b8ff6e40f804e1127?pvs=21),General (https://app.notion.com/p/General-1fe52a1550c180d89a84f6b6694a42f5?pvs=21),2051
2024/01/08,茶湯會,,NT$30.00,Food (https://app.notion.com/p/Food-1de52a1550c1808585f7c8d0cbbab341?pvs=21),General (https://app.notion.com/p/General-1fe52a1550c180d89a84f6b6694a42f5?pvs=21),2051
2024/01/08,全聯,,NT$170.00,Food (https://app.notion.com/p/Food-1de52a1550c1808585f7c8d0cbbab341?pvs=21),General (https://app.notion.com/p/General-1fe52a1550c180d89a84f6b6694a42f5?pvs=21),2051
2024/01/07,瓦城,,"NT$1,133.00",Food (https://app.notion.com/p/Food-1de52a1550c1808585f7c8d0cbbab341?pvs=21),General (https://app.notion.com/p/General-1fe52a1550c180d89a84f6b6694a42f5?pvs=21),2405
2024/01/07,皮夾,,"NT$1,500.00",Clothes (https://app.notion.com/p/Clothes-1de52a1550c181c098ebee3f08c04f38?pvs=21),Dream (https://app.notion.com/p/Dream-1de52a1550c180a4bc6eee5e921cbc2d?pvs=21),1643
2024/01/07,全聯,,NT$134.00,Food (https://app.notion.com/p/Food-1de52a1550c1808585f7c8d0cbbab341?pvs=21),General (https://app.notion.com/p/General-1fe52a1550c180d89a84f6b6694a42f5?pvs=21),2405
2024/01/07,娃娃機,,NT$130.00,Fun (https://app.notion.com/p/Fun-1de52a1550c180f197e2ff3116ec3fa2?pvs=21),Dream (https://app.notion.com/p/Dream-1de52a1550c180a4bc6eee5e921cbc2d?pvs=21),1643
2024/01/06,50嵐,,NT$90.00,Food (https://app.notion.com/p/Food-1de52a1550c1808585f7c8d0cbbab341?pvs=21),General (https://app.notion.com/p/General-1fe52a1550c180d89a84f6b6694a42f5?pvs=21),3672
2024/01/06,六吋盤,,NT$365.00,Food (https://app.notion.com/p/Food-1de52a1550c1808585f7c8d0cbbab341?pvs=21),General (https://app.notion.com/p/General-1fe52a1550c180d89a84f6b6694a42f5?pvs=21),3672
2024/01/05,中華電信網路費,,NT$848.00,Fun (https://app.notion.com/p/Fun-1de52a1550c180f197e2ff3116ec3fa2?pvs=21),General (https://app.notion.com/p/General-1fe52a1550c180d89a84f6b6694a42f5?pvs=21),4127
2024/01/04,Spotify月費,,NT$202.00,Fun (https://app.notion.com/p/Fun-1de52a1550c180f197e2ff3116ec3fa2?pvs=21),General (https://app.notion.com/p/General-1fe52a1550c180d89a84f6b6694a42f5?pvs=21),4975
2024/01/04,羊肉爐,,NT$650.00,Food (https://app.notion.com/p/Food-1de52a1550c1808585f7c8d0cbbab341?pvs=21),General (https://app.notion.com/p/General-1fe52a1550c180d89a84f6b6694a42f5?pvs=21),4975
2024/01/04,全聯,,NT$483.00,Food (https://app.notion.com/p/Food-1de52a1550c1808585f7c8d0cbbab341?pvs=21),General (https://app.notion.com/p/General-1fe52a1550c180d89a84f6b6694a42f5?pvs=21),4975
2024/01/04,嘉鄉豆腐,,NT$130.00,Food (https://app.notion.com/p/Food-1de52a1550c1808585f7c8d0cbbab341?pvs=21),General (https://app.notion.com/p/General-1fe52a1550c180d89a84f6b6694a42f5?pvs=21),4975
2024/01/03,全聯,,NT$181.00,Food (https://app.notion.com/p/Food-1de52a1550c1808585f7c8d0cbbab341?pvs=21),General (https://app.notion.com/p/General-1fe52a1550c180d89a84f6b6694a42f5?pvs=21),6440
2024/01/02,第二春滷味,,NT$310.00,Food (https://app.notion.com/p/Food-1de52a1550c1808585f7c8d0cbbab341?pvs=21),General (https://app.notion.com/p/General-1fe52a1550c180d89a84f6b6694a42f5?pvs=21),6621
2024/01/02,Disney+,,NT$135.00,Fun (https://app.notion.com/p/Fun-1de52a1550c180f197e2ff3116ec3fa2?pvs=21),Dream (https://app.notion.com/p/Dream-1de52a1550c180a4bc6eee5e921cbc2d?pvs=21),3273
2024/01/01,人類大歷史,,NT$329.00,Learning (https://app.notion.com/p/Learning-1de52a1550c181fba52ed20f1907d909?pvs=21),Dream (https://app.notion.com/p/Dream-1de52a1550c180a4bc6eee5e921cbc2d?pvs=21),3408
2024/01/01,全聯,,NT$116.00,Food (https://app.notion.com/p/Food-1de52a1550c1808585f7c8d0cbbab341?pvs=21),General (https://app.notion.com/p/General-1fe52a1550c180d89a84f6b6694a42f5?pvs=21),3408
2024/01/01,窮查理的普通常識,,NT$231.00,Learning (https://app.notion.com/p/Learning-1de52a1550c181fba52ed20f1907d909?pvs=21),Dream (https://app.notion.com/p/Dream-1de52a1550c180a4bc6eee5e921cbc2d?pvs=21),3408
2024/01/01,卡片盒筆記,,NT$231.00,Learning (https://app.notion.com/p/Learning-1de52a1550c181fba52ed20f1907d909?pvs=21),Dream (https://app.notion.com/p/Dream-1de52a1550c180a4bc6eee5e921cbc2d?pvs=21),3408
2023/12/31,匯給媽,,"NT$6,000.00",Family (https://app.notion.com/p/Family-1de52a1550c181faa107fcc0a73d8120?pvs=21),Fixed (https://app.notion.com/p/Fixed-1de52a1550c180f19995d25cbc6f1038?pvs=21),27122
2023/12/31,健保費,,NT$990.00,Insurance (https://app.notion.com/p/Insurance-1de52a1550c181f09d1dfb6d85985a86?pvs=21),Fixed (https://app.notion.com/p/Fixed-1de52a1550c180f19995d25cbc6f1038?pvs=21),27122
2023/12/31,勞保費,,"NT$1,100.00",Insurance (https://app.notion.com/p/Insurance-1de52a1550c181f09d1dfb6d85985a86?pvs=21),Fixed (https://app.notion.com/p/Fixed-1de52a1550c180f19995d25cbc6f1038?pvs=21),27122
2023/12/31,竹東排骨酥,,NT$384.00,Food (https://app.notion.com/p/Food-1de52a1550c1808585f7c8d0cbbab341?pvs=21),General (https://app.notion.com/p/General-1fe52a1550c180d89a84f6b6694a42f5?pvs=21),3524
2023/12/31,Costco,,"NT$4,657.00",Food (https://app.notion.com/p/Food-1de52a1550c1808585f7c8d0cbbab341?pvs=21),General (https://app.notion.com/p/General-1fe52a1550c180d89a84f6b6694a42f5?pvs=21),3524
2023/12/30,姜滿堂,,"NT$2,088.00",Food (https://app.notion.com/p/Food-1de52a1550c1808585f7c8d0cbbab341?pvs=21),General (https://app.notion.com/p/General-1fe52a1550c180d89a84f6b6694a42f5?pvs=21),8565
2023/12/30,射飛鏢,,NT$135.00,Fun (https://app.notion.com/p/Fun-1de52a1550c180f197e2ff3116ec3fa2?pvs=21),General (https://app.notion.com/p/General-1fe52a1550c180d89a84f6b6694a42f5?pvs=21),8565
2023/12/30,水行俠2,,NT$965.00,Fun (https://app.notion.com/p/Fun-1de52a1550c180f197e2ff3116ec3fa2?pvs=21),General (https://app.notion.com/p/General-1fe52a1550c180d89a84f6b6694a42f5?pvs=21),8565
2023/12/30,保齡球,,NT$897.00,Fun (https://app.notion.com/p/Fun-1de52a1550c180f197e2ff3116ec3fa2?pvs=21),General (https://app.notion.com/p/General-1fe52a1550c180d89a84f6b6694a42f5?pvs=21),8565
2023/12/29,全聯,,NT$430.00,Food (https://app.notion.com/p/Food-1de52a1550c1808585f7c8d0cbbab341?pvs=21),General (https://app.notion.com/p/General-1fe52a1550c180d89a84f6b6694a42f5?pvs=21),9850
2023/12/29,矽統福利金,,NT$271.00,Fun (https://app.notion.com/p/Fun-1de52a1550c180f197e2ff3116ec3fa2?pvs=21),Savings (https://app.notion.com/p/Savings-1de52a1550c18029b280dc7d9d36cb03?pvs=21),242733
2023/12/29,大戶屋,,NT$977.00,Food (https://app.notion.com/p/Food-1de52a1550c1808585f7c8d0cbbab341?pvs=21),General (https://app.notion.com/p/General-1fe52a1550c180d89a84f6b6694a42f5?pvs=21),9850
2023/12/28,酸菜魚,,"NT$1,614.00",Food (https://app.notion.com/p/Food-1de52a1550c1808585f7c8d0cbbab341?pvs=21),General (https://app.notion.com/p/General-1fe52a1550c180d89a84f6b6694a42f5?pvs=21),-12647
2023/12/28,DoomKeeper,,NT$151.00,Fun (https://app.notion.com/p/Fun-1de52a1550c180f197e2ff3116ec3fa2?pvs=21),General (https://app.notion.com/p/General-1fe52a1550c180d89a84f6b6694a42f5?pvs=21),-12647
2023/12/28,AD乳液,,NT$458.00,Health (https://app.notion.com/p/Health-1de52a1550c180948ad5c45ef59a5bb8?pvs=21),General (https://app.notion.com/p/General-1fe52a1550c180d89a84f6b6694a42f5?pvs=21),-12647
2023/12/27,丐幫滷味,,NT$140.00,Food (https://app.notion.com/p/Food-1de52a1550c1808585f7c8d0cbbab341?pvs=21),General (https://app.notion.com/p/General-1fe52a1550c180d89a84f6b6694a42f5?pvs=21),-10424
2023/12/27,咖啡,,NT$35.00,Food (https://app.notion.com/p/Food-1de52a1550c1808585f7c8d0cbbab341?pvs=21),General (https://app.notion.com/p/General-1fe52a1550c180d89a84f6b6694a42f5?pvs=21),-10424
2023/12/27,綠茶,,NT$20.00,Food (https://app.notion.com/p/Food-1de52a1550c1808585f7c8d0cbbab341?pvs=21),General (https://app.notion.com/p/General-1fe52a1550c180d89a84f6b6694a42f5?pvs=21),-10424
2023/12/26,五鮮級,,NT$922.00,Food (https://app.notion.com/p/Food-1de52a1550c1808585f7c8d0cbbab341?pvs=21),General (https://app.notion.com/p/General-1fe52a1550c180d89a84f6b6694a42f5?pvs=21),-15689
2023/12/26,咖啡,,NT$35.00,Food (https://app.notion.com/p/Food-1de52a1550c1808585f7c8d0cbbab341?pvs=21),General (https://app.notion.com/p/General-1fe52a1550c180d89a84f6b6694a42f5?pvs=21),-15689
2023/12/26,加油費,,NT$163.00,Traffic (https://app.notion.com/p/Traffic-1de52a1550c1807b8ff6e40f804e1127?pvs=21),General (https://app.notion.com/p/General-1fe52a1550c180d89a84f6b6694a42f5?pvs=21),-15689
2023/12/26,50嵐,,NT$40.00,Food (https://app.notion.com/p/Food-1de52a1550c1808585f7c8d0cbbab341?pvs=21),General (https://app.notion.com/p/General-1fe52a1550c180d89a84f6b6694a42f5?pvs=21),-15689
2023/12/25,7-11,,NT$60.00,Food (https://app.notion.com/p/Food-1de52a1550c1808585f7c8d0cbbab341?pvs=21),General (https://app.notion.com/p/General-1fe52a1550c180d89a84f6b6694a42f5?pvs=21),-14529
2023/12/25,Costco蛋白粉,,"NT$1,699.00",Other (https://app.notion.com/p/Other-1de52a1550c1810a92c1c432337241e8?pvs=21),General (https://app.notion.com/p/General-1fe52a1550c180d89a84f6b6694a42f5?pvs=21),-14529
2023/12/25,上菜,,NT$800.00,Food (https://app.notion.com/p/Food-1de52a1550c1808585f7c8d0cbbab341?pvs=21),General (https://app.notion.com/p/General-1fe52a1550c180d89a84f6b6694a42f5?pvs=21),-14529
2023/12/24,地墊,,"NT$3,720.00",Other (https://app.notion.com/p/Other-1de52a1550c1810a92c1c432337241e8?pvs=21),General (https://app.notion.com/p/General-1fe52a1550c180d89a84f6b6694a42f5?pvs=21),-11970
2023/12/22,龜記,,NT$100.00,Food (https://app.notion.com/p/Food-1de52a1550c1808585f7c8d0cbbab341?pvs=21),General (https://app.notion.com/p/General-1fe52a1550c180d89a84f6b6694a42f5?pvs=21),-9250
2023/12/21,Costco熱狗,,NT$50.00,Food (https://app.notion.com/p/Food-1de52a1550c1808585f7c8d0cbbab341?pvs=21),General (https://app.notion.com/p/General-1fe52a1550c180d89a84f6b6694a42f5?pvs=21),-9150
2023/12/21,萬歲牌總匯點心包*2,,NT$998.00,Other (https://app.notion.com/p/Other-1de52a1550c1810a92c1c432337241e8?pvs=21),General (https://app.notion.com/p/General-1fe52a1550c180d89a84f6b6694a42f5?pvs=21),-9150
2023/12/21,Campion 束口褲,,NT$639.00,Clothes (https://app.notion.com/p/Clothes-1de52a1550c181c098ebee3f08c04f38?pvs=21),General (https://app.notion.com/p/General-1fe52a1550c180d89a84f6b6694a42f5?pvs=21),-9150
2023/12/21,漱口水,,NT$529.00,Groceries (https://app.notion.com/p/Groceries-1de52a1550c180c6be6cdfaeb95cee9a?pvs=21),General (https://app.notion.com/p/General-1fe52a1550c180d89a84f6b6694a42f5?pvs=21),-9150
2023/12/21,豬頰肉,,NT$610.00,Food (https://app.notion.com/p/Food-1de52a1550c1808585f7c8d0cbbab341?pvs=21),General (https://app.notion.com/p/General-1fe52a1550c180d89a84f6b6694a42f5?pvs=21),-9150
2023/12/21,竹東排骨酥,,NT$448.00,Food (https://app.notion.com/p/Food-1de52a1550c1808585f7c8d0cbbab341?pvs=21),General (https://app.notion.com/p/General-1fe52a1550c180d89a84f6b6694a42f5?pvs=21),-9150
2023/12/20,羽球拍綁線,,NT$350.00,Health (https://app.notion.com/p/Health-1de52a1550c180948ad5c45ef59a5bb8?pvs=21),General (https://app.notion.com/p/General-1fe52a1550c180d89a84f6b6694a42f5?pvs=21),-5876
2023/12/20,50嵐,,NT$40.00,Food (https://app.notion.com/p/Food-1de52a1550c1808585f7c8d0cbbab341?pvs=21),General (https://app.notion.com/p/General-1fe52a1550c180d89a84f6b6694a42f5?pvs=21),-5876
2023/12/20,茶湯會,,NT$40.00,Food (https://app.notion.com/p/Food-1de52a1550c1808585f7c8d0cbbab341?pvs=21),General (https://app.notion.com/p/General-1fe52a1550c180d89a84f6b6694a42f5?pvs=21),-5876
2023/12/20,羽球拍袋,,NT$150.00,Health (https://app.notion.com/p/Health-1de52a1550c180948ad5c45ef59a5bb8?pvs=21),General (https://app.notion.com/p/General-1fe52a1550c180d89a84f6b6694a42f5?pvs=21),-5876
2023/12/20,全聯,,NT$154.00,Food (https://app.notion.com/p/Food-1de52a1550c1808585f7c8d0cbbab341?pvs=21),General (https://app.notion.com/p/General-1fe52a1550c180d89a84f6b6694a42f5?pvs=21),-5876
2023/12/19,全聯,,NT$346.00,Food (https://app.notion.com/p/Food-1de52a1550c1808585f7c8d0cbbab341?pvs=21),General (https://app.notion.com/p/General-1fe52a1550c180d89a84f6b6694a42f5?pvs=21),-5239
2023/12/18,房租,,"NT$6,750.00",Groceries (https://app.notion.com/p/Groceries-1de52a1550c180c6be6cdfaeb95cee9a?pvs=21),General (https://app.notion.com/p/General-1fe52a1550c180d89a84f6b6694a42f5?pvs=21),-4893
2023/12/18,全家,,NT$109.00,Food (https://app.notion.com/p/Food-1de52a1550c1808585f7c8d0cbbab341?pvs=21),General (https://app.notion.com/p/General-1fe52a1550c180d89a84f6b6694a42f5?pvs=21),-4893
2023/12/18,全聯,,NT$323.00,Food (https://app.notion.com/p/Food-1de52a1550c1808585f7c8d0cbbab341?pvs=21),General (https://app.notion.com/p/General-1fe52a1550c180d89a84f6b6694a42f5?pvs=21),-4893
2023/12/18,小鵲幸,,NT$46.00,Food (https://app.notion.com/p/Food-1de52a1550c1808585f7c8d0cbbab341?pvs=21),General (https://app.notion.com/p/General-1fe52a1550c180d89a84f6b6694a42f5?pvs=21),-4893
2023/12/18,水電費,,NT$947.00,Groceries (https://app.notion.com/p/Groceries-1de52a1550c180c6be6cdfaeb95cee9a?pvs=21),General (https://app.notion.com/p/General-1fe52a1550c180d89a84f6b6694a42f5?pvs=21),-4893
2023/12/17,尬鍋,,"NT$1,499.00",Food (https://app.notion.com/p/Food-1de52a1550c1808585f7c8d0cbbab341?pvs=21),Couple's (https://app.notion.com/p/Couple-s-1de52a1550c181d39de7eebc343b38cd?pvs=21),-13239
2023/12/17,新竹台北來回(豪泰),,NT$300.00,Traffic (https://app.notion.com/p/Traffic-1de52a1550c1807b8ff6e40f804e1127?pvs=21),General (https://app.notion.com/p/General-1fe52a1550c180d89a84f6b6694a42f5?pvs=21),3282
2023/12/17,龜記,,NT$109.00,Food (https://app.notion.com/p/Food-1de52a1550c1808585f7c8d0cbbab341?pvs=21),General (https://app.notion.com/p/General-1fe52a1550c180d89a84f6b6694a42f5?pvs=21),3282
2023/12/17,捷運,,NT$80.00,Traffic (https://app.notion.com/p/Traffic-1de52a1550c1807b8ff6e40f804e1127?pvs=21),General (https://app.notion.com/p/General-1fe52a1550c180d89a84f6b6694a42f5?pvs=21),3282
2023/12/16,全聯,,NT$264.00,Food (https://app.notion.com/p/Food-1de52a1550c1808585f7c8d0cbbab341?pvs=21),General (https://app.notion.com/p/General-1fe52a1550c180d89a84f6b6694a42f5?pvs=21),3771
2023/12/15,讚不絕口,,NT$520.00,Food (https://app.notion.com/p/Food-1de52a1550c1808585f7c8d0cbbab341?pvs=21),General (https://app.notion.com/p/General-1fe52a1550c180d89a84f6b6694a42f5?pvs=21),4035
2023/12/15,中華電信網路費,,NT$848.00,Fun (https://app.notion.com/p/Fun-1de52a1550c180f197e2ff3116ec3fa2?pvs=21),General (https://app.notion.com/p/General-1fe52a1550c180d89a84f6b6694a42f5?pvs=21),4035
2023/12/14,全聯,,NT$239.00,Food (https://app.notion.com/p/Food-1de52a1550c1808585f7c8d0cbbab341?pvs=21),General (https://app.notion.com/p/General-1fe52a1550c180d89a84f6b6694a42f5?pvs=21),5403
2023/12/13,樂房早午餐,,NT$180.00,Food (https://app.notion.com/p/Food-1de52a1550c1808585f7c8d0cbbab341?pvs=21),General (https://app.notion.com/p/General-1fe52a1550c180d89a84f6b6694a42f5?pvs=21),5642
2023/12/13,茶湯會,,NT$40.00,Food (https://app.notion.com/p/Food-1de52a1550c1808585f7c8d0cbbab341?pvs=21),General (https://app.notion.com/p/General-1fe52a1550c180d89a84f6b6694a42f5?pvs=21),5642
2023/12/13,咖啡,,NT$45.00,Food (https://app.notion.com/p/Food-1de52a1550c1808585f7c8d0cbbab341?pvs=21),General (https://app.notion.com/p/General-1fe52a1550c180d89a84f6b6694a42f5?pvs=21),5642
2023/12/12,全聯,,NT$419.00,Food (https://app.notion.com/p/Food-1de52a1550c1808585f7c8d0cbbab341?pvs=21),General (https://app.notion.com/p/General-1fe52a1550c180d89a84f6b6694a42f5?pvs=21),5907
2023/12/12,點爭鮮,,NT$640.00,Food (https://app.notion.com/p/Food-1de52a1550c1808585f7c8d0cbbab341?pvs=21),General (https://app.notion.com/p/General-1fe52a1550c180d89a84f6b6694a42f5?pvs=21),5907
2023/12/11,新竹花蓮來回,,"NT$1,235.00",Traffic (https://app.notion.com/p/Traffic-1de52a1550c1807b8ff6e40f804e1127?pvs=21),General (https://app.notion.com/p/General-1fe52a1550c180d89a84f6b6694a42f5?pvs=21),6966
2023/12/11,藏壽司,,NT$250.00,Food (https://app.notion.com/p/Food-1de52a1550c1808585f7c8d0cbbab341?pvs=21),General (https://app.notion.com/p/General-1fe52a1550c180d89a84f6b6694a42f5?pvs=21),6966
2023/12/11,全聯,,NT$418.00,Food (https://app.notion.com/p/Food-1de52a1550c1808585f7c8d0cbbab341?pvs=21),General (https://app.notion.com/p/General-1fe52a1550c180d89a84f6b6694a42f5?pvs=21),6966
2023/12/10,桃園機場到新竹,,NT$300.00,Travel (https://app.notion.com/p/Travel-1de52a1550c18102a04df0c968556b0b?pvs=21),Couple's (https://app.notion.com/p/Couple-s-1de52a1550c181d39de7eebc343b38cd?pvs=21),-19740
2023/12/10,蔣好的味道,,NT$600.00,Food (https://app.notion.com/p/Food-1de52a1550c1808585f7c8d0cbbab341?pvs=21),General (https://app.notion.com/p/General-1fe52a1550c180d89a84f6b6694a42f5?pvs=21),11869
2023/12/10,烏弄,,NT$110.00,Food (https://app.notion.com/p/Food-1de52a1550c1808585f7c8d0cbbab341?pvs=21),General (https://app.notion.com/p/General-1fe52a1550c180d89a84f6b6694a42f5?pvs=21),11869
2023/12/09,LOOOP Roof Cafe,,NT$708.00,Travel (https://app.notion.com/p/Travel-1de52a1550c18102a04df0c968556b0b?pvs=21),Couple's (https://app.notion.com/p/Couple-s-1de52a1550c181d39de7eebc343b38cd?pvs=21),-19440
2023/12/09,Shake Shack,,NT$785.00,Travel (https://app.notion.com/p/Travel-1de52a1550c18102a04df0c968556b0b?pvs=21),Couple's (https://app.notion.com/p/Couple-s-1de52a1550c181d39de7eebc343b38cd?pvs=21),-19440
2023/12/09,Egg drop,,NT$128.00,Travel (https://app.notion.com/p/Travel-1de52a1550c18102a04df0c968556b0b?pvs=21),Couple's (https://app.notion.com/p/Couple-s-1de52a1550c181d39de7eebc343b38cd?pvs=21),-19440
2023/12/09,湯泡飯,,NT$490.00,Travel (https://app.notion.com/p/Travel-1de52a1550c18102a04df0c968556b0b?pvs=21),Couple's (https://app.notion.com/p/Couple-s-1de52a1550c181d39de7eebc343b38cd?pvs=21),-19440
2023/12/09,鐵路車資,,NT$100.00,Travel (https://app.notion.com/p/Travel-1de52a1550c18102a04df0c968556b0b?pvs=21),General (https://app.notion.com/p/General-1fe52a1550c180d89a84f6b6694a42f5?pvs=21),12579
2023/12/08,BHC炸雞,,NT$565.00,Travel (https://app.notion.com/p/Travel-1de52a1550c18102a04df0c968556b0b?pvs=21),Couple's (https://app.notion.com/p/Couple-s-1de52a1550c181d39de7eebc343b38cd?pvs=21),-17329
2023/12/08,Harmony mart,,NT$899.00,Travel (https://app.notion.com/p/Travel-1de52a1550c18102a04df0c968556b0b?pvs=21),Couple's (https://app.notion.com/p/Couple-s-1de52a1550c181d39de7eebc343b38cd?pvs=21),-17329
2023/12/07,滑雪裝備購買+租用,,"NT$4,198.00",Travel (https://app.notion.com/p/Travel-1de52a1550c18102a04df0c968556b0b?pvs=21),Couple's (https://app.notion.com/p/Couple-s-1de52a1550c181d39de7eebc343b38cd?pvs=21),-15865
2023/12/07,鯛魚燒,,NT$84.00,Travel (https://app.notion.com/p/Travel-1de52a1550c18102a04df0c968556b0b?pvs=21),Couple's (https://app.notion.com/p/Couple-s-1de52a1550c181d39de7eebc343b38cd?pvs=21),-15865
2023/12/07,滑雪場星巴克,,NT$285.00,Travel (https://app.notion.com/p/Travel-1de52a1550c18102a04df0c968556b0b?pvs=21),Couple's (https://app.notion.com/p/Couple-s-1de52a1550c181d39de7eebc343b38cd?pvs=21),-15865
2023/12/07,CoCo,,NT$294.00,Travel (https://app.notion.com/p/Travel-1de52a1550c18102a04df0c968556b0b?pvs=21),Couple's (https://app.notion.com/p/Couple-s-1de52a1550c181d39de7eebc343b38cd?pvs=21),-15865
2023/12/07,亂打秀,,"NT$1,594.00",Travel (https://app.notion.com/p/Travel-1de52a1550c18102a04df0c968556b0b?pvs=21),Couple's (https://app.notion.com/p/Couple-s-1de52a1550c181d39de7eebc343b38cd?pvs=21),-15865
2023/12/06,ANKUK Noodles,,NT$653.00,Travel (https://app.notion.com/p/Travel-1de52a1550c18102a04df0c968556b0b?pvs=21),Couple's (https://app.notion.com/p/Couple-s-1de52a1550c181d39de7eebc343b38cd?pvs=21),-9410
2023/12/06,甜甜圈,,NT$240.00,Travel (https://app.notion.com/p/Travel-1de52a1550c18102a04df0c968556b0b?pvs=21),Couple's (https://app.notion.com/p/Couple-s-1de52a1550c181d39de7eebc343b38cd?pvs=21),-9410
2023/12/06,孔陵一隻雞,,NT$653.00,Travel (https://app.notion.com/p/Travel-1de52a1550c18102a04df0c968556b0b?pvs=21),Couple's (https://app.notion.com/p/Couple-s-1de52a1550c181d39de7eebc343b38cd?pvs=21),-9410
2023/12/06,大創,,NT$581.00,Travel (https://app.notion.com/p/Travel-1de52a1550c18102a04df0c968556b0b?pvs=21),General (https://app.notion.com/p/General-1fe52a1550c180d89a84f6b6694a42f5?pvs=21),12679
2023/12/06,Shoopen背包,,NT$966.00,Travel (https://app.notion.com/p/Travel-1de52a1550c18102a04df0c968556b0b?pvs=21),General (https://app.notion.com/p/General-1fe52a1550c180d89a84f6b6694a42f5?pvs=21),12679
2023/12/06,宵夜零食CU,,NT$470.00,Travel (https://app.notion.com/p/Travel-1de52a1550c18102a04df0c968556b0b?pvs=21),Couple's (https://app.notion.com/p/Couple-s-1de52a1550c181d39de7eebc343b38cd?pvs=21),-9410
2023/12/05,換韓幣,,"NT$3,000.00",Travel (https://app.notion.com/p/Travel-1de52a1550c18102a04df0c968556b0b?pvs=21),Couple's (https://app.notion.com/p/Couple-s-1de52a1550c181d39de7eebc343b38cd?pvs=21),-7394
2023/12/05,土豆豬排鍋,,"NT$1,416.00",Travel (https://app.notion.com/p/Travel-1de52a1550c18102a04df0c968556b0b?pvs=21),Couple's (https://app.notion.com/p/Couple-s-1de52a1550c181d39de7eebc343b38cd?pvs=21),-7394
2023/12/05,大創,,"NT$2,392.00",Travel (https://app.notion.com/p/Travel-1de52a1550c18102a04df0c968556b0b?pvs=21),Couple's (https://app.notion.com/p/Couple-s-1de52a1550c181d39de7eebc343b38cd?pvs=21),-7394
2023/12/05,貢茶,,NT$293.00,Travel (https://app.notion.com/p/Travel-1de52a1550c18102a04df0c968556b0b?pvs=21),Couple's (https://app.notion.com/p/Couple-s-1de52a1550c181d39de7eebc343b38cd?pvs=21),-7394
2023/12/05,宵夜零食CU,,NT$88.00,Travel (https://app.notion.com/p/Travel-1de52a1550c18102a04df0c968556b0b?pvs=21),Couple's (https://app.notion.com/p/Couple-s-1de52a1550c181d39de7eebc343b38cd?pvs=21),-7394
2023/12/05,Top ten,,"NT$1,865.00",Travel (https://app.notion.com/p/Travel-1de52a1550c18102a04df0c968556b0b?pvs=21),General (https://app.notion.com/p/General-1fe52a1550c180d89a84f6b6694a42f5?pvs=21),14226
2023/12/04,宵夜零食CU,,NT$342.00,Travel (https://app.notion.com/p/Travel-1de52a1550c18102a04df0c968556b0b?pvs=21),Couple's (https://app.notion.com/p/Couple-s-1de52a1550c181d39de7eebc343b38cd?pvs=21),-205
2023/12/04,棉褲,,NT$483.00,Travel (https://app.notion.com/p/Travel-1de52a1550c18102a04df0c968556b0b?pvs=21),Couple's (https://app.notion.com/p/Couple-s-1de52a1550c181d39de7eebc343b38cd?pvs=21),-205
2023/12/04,荒謬的生肉,,NT$767.00,Travel (https://app.notion.com/p/Travel-1de52a1550c18102a04df0c968556b0b?pvs=21),Couple's (https://app.notion.com/p/Couple-s-1de52a1550c181d39de7eebc343b38cd?pvs=21),-205
2023/12/04,網路eSIM,,NT$124.00,Travel (https://app.notion.com/p/Travel-1de52a1550c18102a04df0c968556b0b?pvs=21),General (https://app.notion.com/p/General-1fe52a1550c180d89a84f6b6694a42f5?pvs=21),16091
2023/12/04,南怡島滑索,,"NT$2,422.00",Travel (https://app.notion.com/p/Travel-1de52a1550c18102a04df0c968556b0b?pvs=21),General (https://app.notion.com/p/General-1fe52a1550c180d89a84f6b6694a42f5?pvs=21),16091
2023/12/04,春川炒雞,,NT$947.00,Travel (https://app.notion.com/p/Travel-1de52a1550c18102a04df0c968556b0b?pvs=21),Couple's (https://app.notion.com/p/Couple-s-1de52a1550c181d39de7eebc343b38cd?pvs=21),-205
2023/12/03,圍巾毛帽,,"NT$2,913.00",Travel (https://app.notion.com/p/Travel-1de52a1550c18102a04df0c968556b0b?pvs=21),Couple's (https://app.notion.com/p/Couple-s-1de52a1550c181d39de7eebc343b38cd?pvs=21),2334
2023/12/03,韓國晚餐,,"NT$1,284.00",Travel (https://app.notion.com/p/Travel-1de52a1550c18102a04df0c968556b0b?pvs=21),Couple's (https://app.notion.com/p/Couple-s-1de52a1550c181d39de7eebc343b38cd?pvs=21),2334
2023/12/02,韓國7-11晚餐,,NT$500.00,Travel (https://app.notion.com/p/Travel-1de52a1550c18102a04df0c968556b0b?pvs=21),Couple's (https://app.notion.com/p/Couple-s-1de52a1550c181d39de7eebc343b38cd?pvs=21),6531
2023/12/02,大師兄的銷魂麵鋪,,NT$360.00,Travel (https://app.notion.com/p/Travel-1de52a1550c18102a04df0c968556b0b?pvs=21),Couple's (https://app.notion.com/p/Couple-s-1de52a1550c181d39de7eebc343b38cd?pvs=21),6531
2023/12/02,新竹到桃園機場,,NT$300.00,Travel (https://app.notion.com/p/Travel-1de52a1550c18102a04df0c968556b0b?pvs=21),Couple's (https://app.notion.com/p/Couple-s-1de52a1550c181d39de7eebc343b38cd?pvs=21),6531
2023/12/02,想想咖喱,,NT$229.00,Travel (https://app.notion.com/p/Travel-1de52a1550c18102a04df0c968556b0b?pvs=21),Couple's (https://app.notion.com/p/Couple-s-1de52a1550c181d39de7eebc343b38cd?pvs=21),6531
2023/12/01,機車加油,,NT$161.00,Traffic (https://app.notion.com/p/Traffic-1de52a1550c1807b8ff6e40f804e1127?pvs=21),General (https://app.notion.com/p/General-1fe52a1550c180d89a84f6b6694a42f5?pvs=21),18637
2023/12/01,五桐起家雞,,NT$259.00,Food (https://app.notion.com/p/Food-1de52a1550c1808585f7c8d0cbbab341?pvs=21),General (https://app.notion.com/p/General-1fe52a1550c180d89a84f6b6694a42f5?pvs=21),18637
2023/12/01,美康乳膏,,NT$190.00,Health (https://app.notion.com/p/Health-1de52a1550c180948ad5c45ef59a5bb8?pvs=21),General (https://app.notion.com/p/General-1fe52a1550c180d89a84f6b6694a42f5?pvs=21),18637
2023/12/01,Travel用品,,"NT$1,056.00",Travel (https://app.notion.com/p/Travel-1de52a1550c18102a04df0c968556b0b?pvs=21),Couple's (https://app.notion.com/p/Couple-s-1de52a1550c181d39de7eebc343b38cd?pvs=21),7920
2023/12/01,肌力貼布,,NT$369.00,Health (https://app.notion.com/p/Health-1de52a1550c180948ad5c45ef59a5bb8?pvs=21),General (https://app.notion.com/p/General-1fe52a1550c180d89a84f6b6694a42f5?pvs=21),18637
2023/12/01,上宇林紅龍鮮奶茶加粉角,,NT$70.00,Food (https://app.notion.com/p/Food-1de52a1550c1808585f7c8d0cbbab341?pvs=21),General (https://app.notion.com/p/General-1fe52a1550c180d89a84f6b6694a42f5?pvs=21),18637
2023/11/30,午餐,,NT$70.00,Food (https://app.notion.com/p/Food-1de52a1550c1808585f7c8d0cbbab341?pvs=21),General (https://app.notion.com/p/General-1fe52a1550c180d89a84f6b6694a42f5?pvs=21),19686
2023/11/30,福利金,,NT$271.00,Fun (https://app.notion.com/p/Fun-1de52a1550c180f197e2ff3116ec3fa2?pvs=21),General (https://app.notion.com/p/General-1fe52a1550c180d89a84f6b6694a42f5?pvs=21),19686
2023/11/30,停車費,,NT$20.00,Traffic (https://app.notion.com/p/Traffic-1de52a1550c1807b8ff6e40f804e1127?pvs=21),General (https://app.notion.com/p/General-1fe52a1550c180d89a84f6b6694a42f5?pvs=21),19686
2023/11/30,健保費,,NT$990.00,Insurance (https://app.notion.com/p/Insurance-1de52a1550c181f09d1dfb6d85985a86?pvs=21),Fixed (https://app.notion.com/p/Fixed-1de52a1550c180f19995d25cbc6f1038?pvs=21),16210
2023/11/30,匯給媽,,"NT$6,000.00",Family (https://app.notion.com/p/Family-1de52a1550c181faa107fcc0a73d8120?pvs=21),Fixed (https://app.notion.com/p/Fixed-1de52a1550c180f19995d25cbc6f1038?pvs=21),16210
2023/11/30,病假校正,,"NT$13,250.00",Other (https://app.notion.com/p/Other-1de52a1550c1810a92c1c432337241e8?pvs=21),General (https://app.notion.com/p/General-1fe52a1550c180d89a84f6b6694a42f5?pvs=21),19686
2023/11/30,勞保費,,"NT$1,100.00",Insurance (https://app.notion.com/p/Insurance-1de52a1550c181f09d1dfb6d85985a86?pvs=21),Fixed (https://app.notion.com/p/Fixed-1de52a1550c180f19995d25cbc6f1038?pvs=21),16210
2023/11/30,全聯,,NT$53.00,Food (https://app.notion.com/p/Food-1de52a1550c1808585f7c8d0cbbab341?pvs=21),General (https://app.notion.com/p/General-1fe52a1550c180d89a84f6b6694a42f5?pvs=21),19686
2023/11/29,全聯,,NT$144.00,Food (https://app.notion.com/p/Food-1de52a1550c1808585f7c8d0cbbab341?pvs=21),General (https://app.notion.com/p/General-1fe52a1550c180d89a84f6b6694a42f5?pvs=21),24505
2023/11/29,早餐,,NT$64.00,Food (https://app.notion.com/p/Food-1de52a1550c1808585f7c8d0cbbab341?pvs=21),General (https://app.notion.com/p/General-1fe52a1550c180d89a84f6b6694a42f5?pvs=21),24505
2023/11/28,理髮,,"NT$1,200.00",Cosmetics (https://app.notion.com/p/Cosmetics-1de52a1550c181cb93fdfe1a610bf352?pvs=21),Dream (https://app.notion.com/p/Dream-1de52a1550c180a4bc6eee5e921cbc2d?pvs=21),1336
2023/11/28,晚餐,,NT$270.00,Food (https://app.notion.com/p/Food-1de52a1550c1808585f7c8d0cbbab341?pvs=21),General (https://app.notion.com/p/General-1fe52a1550c180d89a84f6b6694a42f5?pvs=21),3165
2023/11/28,[韓國]WowPass,,NT$292.00,Travel (https://app.notion.com/p/Travel-1de52a1550c18102a04df0c968556b0b?pvs=21),General (https://app.notion.com/p/General-1fe52a1550c180d89a84f6b6694a42f5?pvs=21),3165
2023/11/28,理髮,,NT$720.00,Other (https://app.notion.com/p/Other-1de52a1550c1810a92c1c432337241e8?pvs=21),Dream (https://app.notion.com/p/Dream-1de52a1550c180a4bc6eee5e921cbc2d?pvs=21),1336
2023/11/27,全聯,,NT$162.00,Food (https://app.notion.com/p/Food-1de52a1550c1808585f7c8d0cbbab341?pvs=21),General (https://app.notion.com/p/General-1fe52a1550c180d89a84f6b6694a42f5?pvs=21),3727
2023/11/26,午餐,,NT$110.00,Food (https://app.notion.com/p/Food-1de52a1550c1808585f7c8d0cbbab341?pvs=21),General (https://app.notion.com/p/General-1fe52a1550c180d89a84f6b6694a42f5?pvs=21),3889
2023/11/26,早餐,,NT$117.00,Food (https://app.notion.com/p/Food-1de52a1550c1808585f7c8d0cbbab341?pvs=21),General (https://app.notion.com/p/General-1fe52a1550c180d89a84f6b6694a42f5?pvs=21),3889
2023/11/25,[韓國]韓服,,"NT$1,140.00",Travel (https://app.notion.com/p/Travel-1de52a1550c18102a04df0c968556b0b?pvs=21),General (https://app.notion.com/p/General-1fe52a1550c180d89a84f6b6694a42f5?pvs=21),4116
2023/11/25,[韓國]南怡島接駁車,,"NT$1,356.00",Travel (https://app.notion.com/p/Travel-1de52a1550c18102a04df0c968556b0b?pvs=21),General (https://app.notion.com/p/General-1fe52a1550c180d89a84f6b6694a42f5?pvs=21),4116
2023/11/25,[韓國]eSIM,,NT$544.00,Travel (https://app.notion.com/p/Travel-1de52a1550c18102a04df0c968556b0b?pvs=21),General (https://app.notion.com/p/General-1fe52a1550c180d89a84f6b6694a42f5?pvs=21),4116
2023/11/25,宵夜,,NT$200.00,Food (https://app.notion.com/p/Food-1de52a1550c1808585f7c8d0cbbab341?pvs=21),General (https://app.notion.com/p/General-1fe52a1550c180d89a84f6b6694a42f5?pvs=21),4116
2023/11/25,早餐,,NT$250.00,Food (https://app.notion.com/p/Food-1de52a1550c1808585f7c8d0cbbab341?pvs=21),General (https://app.notion.com/p/General-1fe52a1550c180d89a84f6b6694a42f5?pvs=21),4116
2023/11/24,午餐,,NT$380.00,Food (https://app.notion.com/p/Food-1de52a1550c1808585f7c8d0cbbab341?pvs=21),General (https://app.notion.com/p/General-1fe52a1550c180d89a84f6b6694a42f5?pvs=21),7606
2023/11/23,全聯,,NT$414.00,Food (https://app.notion.com/p/Food-1de52a1550c1808585f7c8d0cbbab341?pvs=21),General (https://app.notion.com/p/General-1fe52a1550c180d89a84f6b6694a42f5?pvs=21),7986
2023/11/22,網路費,,NT$848.00,Fun (https://app.notion.com/p/Fun-1de52a1550c180f197e2ff3116ec3fa2?pvs=21),General (https://app.notion.com/p/General-1fe52a1550c180d89a84f6b6694a42f5?pvs=21),8400
2023/11/22,手機費,,NT$984.00,Fun (https://app.notion.com/p/Fun-1de52a1550c180f197e2ff3116ec3fa2?pvs=21),General (https://app.notion.com/p/General-1fe52a1550c180d89a84f6b6694a42f5?pvs=21),8400
2023/11/22,全聯,,NT$221.00,Food (https://app.notion.com/p/Food-1de52a1550c1808585f7c8d0cbbab341?pvs=21),General (https://app.notion.com/p/General-1fe52a1550c180d89a84f6b6694a42f5?pvs=21),8400
2023/11/21,犀牛盾,,"NT$1,150.00",Fun (https://app.notion.com/p/Fun-1de52a1550c180f197e2ff3116ec3fa2?pvs=21),General (https://app.notion.com/p/General-1fe52a1550c180d89a84f6b6694a42f5?pvs=21),10453
2023/11/21,羽球袋,,NT$250.00,Health (https://app.notion.com/p/Health-1de52a1550c180948ad5c45ef59a5bb8?pvs=21),General (https://app.notion.com/p/General-1fe52a1550c180d89a84f6b6694a42f5?pvs=21),10453
2023/11/21,白鬍子,,NT$450.00,Food (https://app.notion.com/p/Food-1de52a1550c1808585f7c8d0cbbab341?pvs=21),General (https://app.notion.com/p/General-1fe52a1550c180d89a84f6b6694a42f5?pvs=21),10453
2023/11/21,小米手環,,NT$350.00,Fun (https://app.notion.com/p/Fun-1de52a1550c180f197e2ff3116ec3fa2?pvs=21),General (https://app.notion.com/p/General-1fe52a1550c180d89a84f6b6694a42f5?pvs=21),10453
2023/11/21,全聯,,NT$392.00,Food (https://app.notion.com/p/Food-1de52a1550c1808585f7c8d0cbbab341?pvs=21),General (https://app.notion.com/p/General-1fe52a1550c180d89a84f6b6694a42f5?pvs=21),10453
2023/11/20,羊肉爐,,NT$550.00,Food (https://app.notion.com/p/Food-1de52a1550c1808585f7c8d0cbbab341?pvs=21),General (https://app.notion.com/p/General-1fe52a1550c180d89a84f6b6694a42f5?pvs=21),13045
2023/11/19,城隍廟伴手禮,,NT$500.00,Social (https://app.notion.com/p/Social-1de52a1550c180eaa21cea69f136a638?pvs=21),General (https://app.notion.com/p/General-1fe52a1550c180d89a84f6b6694a42f5?pvs=21),13595
2023/11/17,伙食費(退費),,"NT$1,500.00",Food (https://app.notion.com/p/Food-1de52a1550c1808585f7c8d0cbbab341?pvs=21),General (https://app.notion.com/p/General-1fe52a1550c180d89a84f6b6694a42f5?pvs=21),14095
2023/11/17,阿婆早餐,,NT$75.00,Food (https://app.notion.com/p/Food-1de52a1550c1808585f7c8d0cbbab341?pvs=21),General (https://app.notion.com/p/General-1fe52a1550c180d89a84f6b6694a42f5?pvs=21),14095
2023/11/17,全聯,,NT$626.00,Food (https://app.notion.com/p/Food-1de52a1550c1808585f7c8d0cbbab341?pvs=21),General (https://app.notion.com/p/General-1fe52a1550c180d89a84f6b6694a42f5?pvs=21),14095
2023/11/17,全聯,,NT$626.00,Food (https://app.notion.com/p/Food-1de52a1550c1808585f7c8d0cbbab341?pvs=21),General (https://app.notion.com/p/General-1fe52a1550c180d89a84f6b6694a42f5?pvs=21),14095
2023/11/15,加油費,,NT$157.00,Traffic (https://app.notion.com/p/Traffic-1de52a1550c1807b8ff6e40f804e1127?pvs=21),General (https://app.notion.com/p/General-1fe52a1550c180d89a84f6b6694a42f5?pvs=21),16922
2023/11/15,全聯,,NT$324.00,Food (https://app.notion.com/p/Food-1de52a1550c1808585f7c8d0cbbab341?pvs=21),General (https://app.notion.com/p/General-1fe52a1550c180d89a84f6b6694a42f5?pvs=21),16922
2023/11/15,房租,,"NT$6,750.00",Groceries (https://app.notion.com/p/Groceries-1de52a1550c180c6be6cdfaeb95cee9a?pvs=21),General (https://app.notion.com/p/General-1fe52a1550c180d89a84f6b6694a42f5?pvs=21),16922
2023/11/14,早餐,,NT$110.00,Food (https://app.notion.com/p/Food-1de52a1550c1808585f7c8d0cbbab341?pvs=21),General (https://app.notion.com/p/General-1fe52a1550c180d89a84f6b6694a42f5?pvs=21),24153
2023/11/13,晚餐,,NT$180.00,Food (https://app.notion.com/p/Food-1de52a1550c1808585f7c8d0cbbab341?pvs=21),General (https://app.notion.com/p/General-1fe52a1550c180d89a84f6b6694a42f5?pvs=21),24263
2023/11/13,晚餐,,NT$850.00,Food (https://app.notion.com/p/Food-1de52a1550c1808585f7c8d0cbbab341?pvs=21),General (https://app.notion.com/p/General-1fe52a1550c180d89a84f6b6694a42f5?pvs=21),24263
2023/11/12,捷運,,NT$25.00,Traffic (https://app.notion.com/p/Traffic-1de52a1550c1807b8ff6e40f804e1127?pvs=21),General (https://app.notion.com/p/General-1fe52a1550c180d89a84f6b6694a42f5?pvs=21),25293
2023/11/12,茶湯會,,NT$45.00,Food (https://app.notion.com/p/Food-1de52a1550c1808585f7c8d0cbbab341?pvs=21),General (https://app.notion.com/p/General-1fe52a1550c180d89a84f6b6694a42f5?pvs=21),25293
2023/11/12,高鐵,,NT$290.00,Traffic (https://app.notion.com/p/Traffic-1de52a1550c1807b8ff6e40f804e1127?pvs=21),General (https://app.notion.com/p/General-1fe52a1550c180d89a84f6b6694a42f5?pvs=21),25293
2023/11/12,午餐,,NT$121.00,Food (https://app.notion.com/p/Food-1de52a1550c1808585f7c8d0cbbab341?pvs=21),General (https://app.notion.com/p/General-1fe52a1550c180d89a84f6b6694a42f5?pvs=21),25293
2023/11/12,早餐,,NT$65.00,Food (https://app.notion.com/p/Food-1de52a1550c1808585f7c8d0cbbab341?pvs=21),General (https://app.notion.com/p/General-1fe52a1550c180d89a84f6b6694a42f5?pvs=21),25293
2023/11/12,全聯,,NT$298.00,Food (https://app.notion.com/p/Food-1de52a1550c1808585f7c8d0cbbab341?pvs=21),General (https://app.notion.com/p/General-1fe52a1550c180d89a84f6b6694a42f5?pvs=21),25293
2023/11/11,客運,,NT$290.00,Traffic (https://app.notion.com/p/Traffic-1de52a1550c1807b8ff6e40f804e1127?pvs=21),General (https://app.notion.com/p/General-1fe52a1550c180d89a84f6b6694a42f5?pvs=21),26137
2023/11/11,全家,,NT$98.00,Food (https://app.notion.com/p/Food-1de52a1550c1808585f7c8d0cbbab341?pvs=21),General (https://app.notion.com/p/General-1fe52a1550c180d89a84f6b6694a42f5?pvs=21),26137
2023/11/11,小南門麵,,NT$315.00,Food (https://app.notion.com/p/Food-1de52a1550c1808585f7c8d0cbbab341?pvs=21),General (https://app.notion.com/p/General-1fe52a1550c180d89a84f6b6694a42f5?pvs=21),26137
2023/11/10,鼎泰豐,,NT$150.00,Food (https://app.notion.com/p/Food-1de52a1550c1808585f7c8d0cbbab341?pvs=21),General (https://app.notion.com/p/General-1fe52a1550c180d89a84f6b6694a42f5?pvs=21),26840
2023/11/10,飲料,,NT$90.00,Food (https://app.notion.com/p/Food-1de52a1550c1808585f7c8d0cbbab341?pvs=21),General (https://app.notion.com/p/General-1fe52a1550c180d89a84f6b6694a42f5?pvs=21),26840
2023/11/10,星巴克,,NT$300.00,Food (https://app.notion.com/p/Food-1de52a1550c1808585f7c8d0cbbab341?pvs=21),General (https://app.notion.com/p/General-1fe52a1550c180d89a84f6b6694a42f5?pvs=21),26840
2023/11/09,麥當勞,,NT$270.00,Food (https://app.notion.com/p/Food-1de52a1550c1808585f7c8d0cbbab341?pvs=21),General (https://app.notion.com/p/General-1fe52a1550c180d89a84f6b6694a42f5?pvs=21),27380
2023/11/08,早餐,,NT$60.00,Food (https://app.notion.com/p/Food-1de52a1550c1808585f7c8d0cbbab341?pvs=21),General (https://app.notion.com/p/General-1fe52a1550c180d89a84f6b6694a42f5?pvs=21),27650
2023/11/07,宵夜,,NT$90.00,Food (https://app.notion.com/p/Food-1de52a1550c1808585f7c8d0cbbab341?pvs=21),General (https://app.notion.com/p/General-1fe52a1550c180d89a84f6b6694a42f5?pvs=21),27710
2023/11/07,飲料,,NT$75.00,Food (https://app.notion.com/p/Food-1de52a1550c1808585f7c8d0cbbab341?pvs=21),General (https://app.notion.com/p/General-1fe52a1550c180d89a84f6b6694a42f5?pvs=21),27710
2023/11/07,藍芽卡,,NT$750.00,Fun (https://app.notion.com/p/Fun-1de52a1550c180f197e2ff3116ec3fa2?pvs=21),General (https://app.notion.com/p/General-1fe52a1550c180d89a84f6b6694a42f5?pvs=21),27710
2023/11/07,hooter*2,,"NT$1,140.00",Food (https://app.notion.com/p/Food-1de52a1550c1808585f7c8d0cbbab341?pvs=21),Couple's (https://app.notion.com/p/Couple-s-1de52a1550c181d39de7eebc343b38cd?pvs=21),3820
2023/11/06,早餐,,NT$55.00,Food (https://app.notion.com/p/Food-1de52a1550c1808585f7c8d0cbbab341?pvs=21),General (https://app.notion.com/p/General-1fe52a1550c180d89a84f6b6694a42f5?pvs=21),28625
2023/11/06,嘉鄉豆腐,,NT$115.00,Food (https://app.notion.com/p/Food-1de52a1550c1808585f7c8d0cbbab341?pvs=21),General (https://app.notion.com/p/General-1fe52a1550c180d89a84f6b6694a42f5?pvs=21),28625
2023/11/06,全聯,,NT$677.00,Food (https://app.notion.com/p/Food-1de52a1550c1808585f7c8d0cbbab341?pvs=21),General (https://app.notion.com/p/General-1fe52a1550c180d89a84f6b6694a42f5?pvs=21),28625
2023/11/05,小鵲幸,,NT$76.00,Food (https://app.notion.com/p/Food-1de52a1550c1808585f7c8d0cbbab341?pvs=21),General (https://app.notion.com/p/General-1fe52a1550c180d89a84f6b6694a42f5?pvs=21),29472
2023/11/05,飲料,,NT$80.00,Food (https://app.notion.com/p/Food-1de52a1550c1808585f7c8d0cbbab341?pvs=21),General (https://app.notion.com/p/General-1fe52a1550c180d89a84f6b6694a42f5?pvs=21),29472
2023/11/05,Procreate,,NT$390.00,Fun (https://app.notion.com/p/Fun-1de52a1550c180f197e2ff3116ec3fa2?pvs=21),General (https://app.notion.com/p/General-1fe52a1550c180d89a84f6b6694a42f5?pvs=21),29472
2023/11/05,里肌起司可頌,,NT$85.00,Food (https://app.notion.com/p/Food-1de52a1550c1808585f7c8d0cbbab341?pvs=21),General (https://app.notion.com/p/General-1fe52a1550c180d89a84f6b6694a42f5?pvs=21),29472
2023/11/05,STX熱美式*2,,NT$220.00,Food (https://app.notion.com/p/Food-1de52a1550c1808585f7c8d0cbbab341?pvs=21),General (https://app.notion.com/p/General-1fe52a1550c180d89a84f6b6694a42f5?pvs=21),29472
2023/11/04,咖啡,,NT$50.00,Food (https://app.notion.com/p/Food-1de52a1550c1808585f7c8d0cbbab341?pvs=21),General (https://app.notion.com/p/General-1fe52a1550c180d89a84f6b6694a42f5?pvs=21),30323
2023/11/04,飲料,,NT$120.00,Food (https://app.notion.com/p/Food-1de52a1550c1808585f7c8d0cbbab341?pvs=21),General (https://app.notion.com/p/General-1fe52a1550c180d89a84f6b6694a42f5?pvs=21),30323
2023/11/04,八月堂,,NT$158.00,Food (https://app.notion.com/p/Food-1de52a1550c1808585f7c8d0cbbab341?pvs=21),General (https://app.notion.com/p/General-1fe52a1550c180d89a84f6b6694a42f5?pvs=21),30323
2023/11/04,客運,,NT$300.00,Traffic (https://app.notion.com/p/Traffic-1de52a1550c1807b8ff6e40f804e1127?pvs=21),General (https://app.notion.com/p/General-1fe52a1550c180d89a84f6b6694a42f5?pvs=21),30323
2023/11/04,捷運,,NT$50.00,Traffic (https://app.notion.com/p/Traffic-1de52a1550c1807b8ff6e40f804e1127?pvs=21),General (https://app.notion.com/p/General-1fe52a1550c180d89a84f6b6694a42f5?pvs=21),30323
2023/11/03,Netfilex,,NT$570.00,Fun (https://app.notion.com/p/Fun-1de52a1550c180f197e2ff3116ec3fa2?pvs=21),General (https://app.notion.com/p/General-1fe52a1550c180d89a84f6b6694a42f5?pvs=21),26478
2023/11/03,飲料,,NT$150.00,Food (https://app.notion.com/p/Food-1de52a1550c1808585f7c8d0cbbab341?pvs=21),General (https://app.notion.com/p/General-1fe52a1550c180d89a84f6b6694a42f5?pvs=21),26478
2023/11/03,午餐,,NT$235.00,Food (https://app.notion.com/p/Food-1de52a1550c1808585f7c8d0cbbab341?pvs=21),General (https://app.notion.com/p/General-1fe52a1550c180d89a84f6b6694a42f5?pvs=21),26478
2023/11/03,咻咻熊行李帶,,"NT$1,250.00",Travel (https://app.notion.com/p/Travel-1de52a1550c18102a04df0c968556b0b?pvs=21),General (https://app.notion.com/p/General-1fe52a1550c180d89a84f6b6694a42f5?pvs=21),26478
2023/11/03,早餐,,NT$50.00,Food (https://app.notion.com/p/Food-1de52a1550c1808585f7c8d0cbbab341?pvs=21),General (https://app.notion.com/p/General-1fe52a1550c180d89a84f6b6694a42f5?pvs=21),26478
2023/11/02,全聯,,NT$151.00,Food (https://app.notion.com/p/Food-1de52a1550c1808585f7c8d0cbbab341?pvs=21),General (https://app.notion.com/p/General-1fe52a1550c180d89a84f6b6694a42f5?pvs=21),28733
2023/11/01,早餐,,NT$55.00,Food (https://app.notion.com/p/Food-1de52a1550c1808585f7c8d0cbbab341?pvs=21),General (https://app.notion.com/p/General-1fe52a1550c180d89a84f6b6694a42f5?pvs=21),28884
2023/11/01,下午茶,,NT$50.00,Food (https://app.notion.com/p/Food-1de52a1550c1808585f7c8d0cbbab341?pvs=21),General (https://app.notion.com/p/General-1fe52a1550c180d89a84f6b6694a42f5?pvs=21),28884
2023/11/01,全聯,,NT$98.00,Food (https://app.notion.com/p/Food-1de52a1550c1808585f7c8d0cbbab341?pvs=21),General (https://app.notion.com/p/General-1fe52a1550c180d89a84f6b6694a42f5?pvs=21),28884
2023/10/31,機車加油,,NT$157.00,Traffic (https://app.notion.com/p/Traffic-1de52a1550c1807b8ff6e40f804e1127?pvs=21),General (https://app.notion.com/p/General-1fe52a1550c180d89a84f6b6694a42f5?pvs=21),29087
2023/10/31,綠茶,,NT$10.00,Food (https://app.notion.com/p/Food-1de52a1550c1808585f7c8d0cbbab341?pvs=21),General (https://app.notion.com/p/General-1fe52a1550c180d89a84f6b6694a42f5?pvs=21),29087
2023/10/31,早餐,,NT$50.00,Food (https://app.notion.com/p/Food-1de52a1550c1808585f7c8d0cbbab341?pvs=21),General (https://app.notion.com/p/General-1fe52a1550c180d89a84f6b6694a42f5?pvs=21),29087
2023/10/31,福利金,,NT$271.00,Fun (https://app.notion.com/p/Fun-1de52a1550c180f197e2ff3116ec3fa2?pvs=21),General (https://app.notion.com/p/General-1fe52a1550c180d89a84f6b6694a42f5?pvs=21),29087
2023/10/31,勞保費,,"NT$1,100.00",Insurance (https://app.notion.com/p/Insurance-1de52a1550c181f09d1dfb6d85985a86?pvs=21),Fixed (https://app.notion.com/p/Fixed-1de52a1550c180f19995d25cbc6f1038?pvs=21),5321
2023/10/31,匯給媽,,"NT$6,000.00",Family (https://app.notion.com/p/Family-1de52a1550c181faa107fcc0a73d8120?pvs=21),Fixed (https://app.notion.com/p/Fixed-1de52a1550c180f19995d25cbc6f1038?pvs=21),5321
2023/10/31,健保費,,NT$990.00,Insurance (https://app.notion.com/p/Insurance-1de52a1550c181f09d1dfb6d85985a86?pvs=21),Fixed (https://app.notion.com/p/Fixed-1de52a1550c180f19995d25cbc6f1038?pvs=21),5321
2023/10/31,全聯,,NT$718.00,Food (https://app.notion.com/p/Food-1de52a1550c1808585f7c8d0cbbab341?pvs=21),General (https://app.notion.com/p/General-1fe52a1550c180d89a84f6b6694a42f5?pvs=21),29087
2023/10/30,老井燒肉,,"NT$3,239.00",Social (https://app.notion.com/p/Social-1de52a1550c180eaa21cea69f136a638?pvs=21),Dream (https://app.notion.com/p/Dream-1de52a1550c180a4bc6eee5e921cbc2d?pvs=21),545
2023/10/29,甜甜圈,,NT$100.00,Food (https://app.notion.com/p/Food-1de52a1550c1808585f7c8d0cbbab341?pvs=21),General (https://app.notion.com/p/General-1fe52a1550c180d89a84f6b6694a42f5?pvs=21),1620
2023/10/29,麵包,,NT$185.00,Food (https://app.notion.com/p/Food-1de52a1550c1808585f7c8d0cbbab341?pvs=21),General (https://app.notion.com/p/General-1fe52a1550c180d89a84f6b6694a42f5?pvs=21),1620
2023/10/29,晚餐,,NT$577.00,Food (https://app.notion.com/p/Food-1de52a1550c1808585f7c8d0cbbab341?pvs=21),General (https://app.notion.com/p/General-1fe52a1550c180d89a84f6b6694a42f5?pvs=21),1620
2023/10/28,卡片材料,,NT$100.00,Social (https://app.notion.com/p/Social-1de52a1550c180eaa21cea69f136a638?pvs=21),General (https://app.notion.com/p/General-1fe52a1550c180d89a84f6b6694a42f5?pvs=21),2482
2023/10/28,鹽水雞,,NT$250.00,Food (https://app.notion.com/p/Food-1de52a1550c1808585f7c8d0cbbab341?pvs=21),General (https://app.notion.com/p/General-1fe52a1550c180d89a84f6b6694a42f5?pvs=21),2482
2023/10/28,機油,,NT$200.00,Other (https://app.notion.com/p/Other-1de52a1550c1810a92c1c432337241e8?pvs=21),General (https://app.notion.com/p/General-1fe52a1550c180d89a84f6b6694a42f5?pvs=21),2482
2023/10/27,冰淇淋,,NT$72.00,Food (https://app.notion.com/p/Food-1de52a1550c1808585f7c8d0cbbab341?pvs=21),General (https://app.notion.com/p/General-1fe52a1550c180d89a84f6b6694a42f5?pvs=21),3032
2023/10/26,小鵲幸,,NT$42.00,Food (https://app.notion.com/p/Food-1de52a1550c1808585f7c8d0cbbab341?pvs=21),General (https://app.notion.com/p/General-1fe52a1550c180d89a84f6b6694a42f5?pvs=21),3104
2023/10/26,早餐,,NT$69.00,Food (https://app.notion.com/p/Food-1de52a1550c1808585f7c8d0cbbab341?pvs=21),General (https://app.notion.com/p/General-1fe52a1550c180d89a84f6b6694a42f5?pvs=21),3104
2023/10/26,綠豆沙,,NT$40.00,Food (https://app.notion.com/p/Food-1de52a1550c1808585f7c8d0cbbab341?pvs=21),General (https://app.notion.com/p/General-1fe52a1550c180d89a84f6b6694a42f5?pvs=21),3104
2023/10/26,全聯,,NT$307.00,Food (https://app.notion.com/p/Food-1de52a1550c1808585f7c8d0cbbab341?pvs=21),General (https://app.notion.com/p/General-1fe52a1550c180d89a84f6b6694a42f5?pvs=21),3104
2023/10/25,豆花,,NT$60.00,Food (https://app.notion.com/p/Food-1de52a1550c1808585f7c8d0cbbab341?pvs=21),General (https://app.notion.com/p/General-1fe52a1550c180d89a84f6b6694a42f5?pvs=21),3562
2023/10/25,晚餐,,NT$130.00,Food (https://app.notion.com/p/Food-1de52a1550c1808585f7c8d0cbbab341?pvs=21),General (https://app.notion.com/p/General-1fe52a1550c180d89a84f6b6694a42f5?pvs=21),3562
2023/10/25,下午茶,,NT$85.00,Food (https://app.notion.com/p/Food-1de52a1550c1808585f7c8d0cbbab341?pvs=21),General (https://app.notion.com/p/General-1fe52a1550c180d89a84f6b6694a42f5?pvs=21),3562
2023/10/24,Sukiya,,NT$383.00,Food (https://app.notion.com/p/Food-1de52a1550c1808585f7c8d0cbbab341?pvs=21),General (https://app.notion.com/p/General-1fe52a1550c180d89a84f6b6694a42f5?pvs=21),3837
2023/10/24,早餐,,NT$75.00,Food (https://app.notion.com/p/Food-1de52a1550c1808585f7c8d0cbbab341?pvs=21),General (https://app.notion.com/p/General-1fe52a1550c180d89a84f6b6694a42f5?pvs=21),3837
2023/10/24,水費,,NT$238.00,Groceries (https://app.notion.com/p/Groceries-1de52a1550c180c6be6cdfaeb95cee9a?pvs=21),General (https://app.notion.com/p/General-1fe52a1550c180d89a84f6b6694a42f5?pvs=21),3837
2023/10/24,電費,,"NT$3,064.00",Groceries (https://app.notion.com/p/Groceries-1de52a1550c180c6be6cdfaeb95cee9a?pvs=21),General (https://app.notion.com/p/General-1fe52a1550c180d89a84f6b6694a42f5?pvs=21),3837
2023/10/23,早餐,,NT$40.00,Food (https://app.notion.com/p/Food-1de52a1550c1808585f7c8d0cbbab341?pvs=21),General (https://app.notion.com/p/General-1fe52a1550c180d89a84f6b6694a42f5?pvs=21),7597
2023/10/22,早餐,,NT$50.00,Food (https://app.notion.com/p/Food-1de52a1550c1808585f7c8d0cbbab341?pvs=21),General (https://app.notion.com/p/General-1fe52a1550c180d89a84f6b6694a42f5?pvs=21),7637
2023/10/22,停車費,,NT$90.00,Traffic (https://app.notion.com/p/Traffic-1de52a1550c1807b8ff6e40f804e1127?pvs=21),General (https://app.notion.com/p/General-1fe52a1550c180d89a84f6b6694a42f5?pvs=21),7637
2023/10/22,晚餐,,NT$319.00,Food (https://app.notion.com/p/Food-1de52a1550c1808585f7c8d0cbbab341?pvs=21),General (https://app.notion.com/p/General-1fe52a1550c180d89a84f6b6694a42f5?pvs=21),7637
2023/10/22,豆花,,NT$135.00,Food (https://app.notion.com/p/Food-1de52a1550c1808585f7c8d0cbbab341?pvs=21),General (https://app.notion.com/p/General-1fe52a1550c180d89a84f6b6694a42f5?pvs=21),7637
2023/10/22,泡芙,,NT$165.00,Food (https://app.notion.com/p/Food-1de52a1550c1808585f7c8d0cbbab341?pvs=21),General (https://app.notion.com/p/General-1fe52a1550c180d89a84f6b6694a42f5?pvs=21),7637
2023/10/22,銀櫃,,"NT$1,125.00",Fun (https://app.notion.com/p/Fun-1de52a1550c180f197e2ff3116ec3fa2?pvs=21),Couple's (https://app.notion.com/p/Couple-s-1de52a1550c181d39de7eebc343b38cd?pvs=21),2960
2023/10/21,韓國滑雪費用,,"NT$5,615.00",Travel (https://app.notion.com/p/Travel-1de52a1550c18102a04df0c968556b0b?pvs=21),General (https://app.notion.com/p/General-1fe52a1550c180d89a84f6b6694a42f5?pvs=21),8396
2023/10/21,50嵐,,NT$90.00,Food (https://app.notion.com/p/Food-1de52a1550c1808585f7c8d0cbbab341?pvs=21),General (https://app.notion.com/p/General-1fe52a1550c180d89a84f6b6694a42f5?pvs=21),8396
2023/10/21,石二鍋,,NT$595.00,Food (https://app.notion.com/p/Food-1de52a1550c1808585f7c8d0cbbab341?pvs=21),General (https://app.notion.com/p/General-1fe52a1550c180d89a84f6b6694a42f5?pvs=21),8396
2023/10/21,晚餐,,NT$220.00,Food (https://app.notion.com/p/Food-1de52a1550c1808585f7c8d0cbbab341?pvs=21),General (https://app.notion.com/p/General-1fe52a1550c180d89a84f6b6694a42f5?pvs=21),8396
2023/10/20,蔣好的味道,,NT$250.00,Food (https://app.notion.com/p/Food-1de52a1550c1808585f7c8d0cbbab341?pvs=21),General (https://app.notion.com/p/General-1fe52a1550c180d89a84f6b6694a42f5?pvs=21),14916
2023/10/20,柳橙汁,,NT$45.00,Food (https://app.notion.com/p/Food-1de52a1550c1808585f7c8d0cbbab341?pvs=21),General (https://app.notion.com/p/General-1fe52a1550c180d89a84f6b6694a42f5?pvs=21),14916
2023/10/19,全聯,,NT$277.00,Food (https://app.notion.com/p/Food-1de52a1550c1808585f7c8d0cbbab341?pvs=21),General (https://app.notion.com/p/General-1fe52a1550c180d89a84f6b6694a42f5?pvs=21),15211
2023/10/19,早餐,,NT$67.00,Food (https://app.notion.com/p/Food-1de52a1550c1808585f7c8d0cbbab341?pvs=21),General (https://app.notion.com/p/General-1fe52a1550c180d89a84f6b6694a42f5?pvs=21),15211
2023/10/18,早餐,,NT$91.00,Food (https://app.notion.com/p/Food-1de52a1550c1808585f7c8d0cbbab341?pvs=21),General (https://app.notion.com/p/General-1fe52a1550c180d89a84f6b6694a42f5?pvs=21),15555
2023/10/17,機車加油,,NT$159.00,Traffic (https://app.notion.com/p/Traffic-1de52a1550c1807b8ff6e40f804e1127?pvs=21),General (https://app.notion.com/p/General-1fe52a1550c180d89a84f6b6694a42f5?pvs=21),15646
2023/10/15,房租,,"NT$4,650.00",Groceries (https://app.notion.com/p/Groceries-1de52a1550c180c6be6cdfaeb95cee9a?pvs=21),General (https://app.notion.com/p/General-1fe52a1550c180d89a84f6b6694a42f5?pvs=21),15805
2023/10/15,手機費,,"NT$1,054.00",Fun (https://app.notion.com/p/Fun-1de52a1550c180f197e2ff3116ec3fa2?pvs=21),General (https://app.notion.com/p/General-1fe52a1550c180d89a84f6b6694a42f5?pvs=21),15805
2023/10/15,網路費,,NT$848.00,Fun (https://app.notion.com/p/Fun-1de52a1550c180f197e2ff3116ec3fa2?pvs=21),General (https://app.notion.com/p/General-1fe52a1550c180d89a84f6b6694a42f5?pvs=21),15805
2023/10/14,筷子架,,NT$149.00,Groceries (https://app.notion.com/p/Groceries-1de52a1550c180c6be6cdfaeb95cee9a?pvs=21),General (https://app.notion.com/p/General-1fe52a1550c180d89a84f6b6694a42f5?pvs=21),22357
2023/10/14,一品堂,,"NT$1,670.00",Health (https://app.notion.com/p/Health-1de52a1550c180948ad5c45ef59a5bb8?pvs=21),General (https://app.notion.com/p/General-1fe52a1550c180d89a84f6b6694a42f5?pvs=21),22357
2023/10/13,海鮮捲餅,,NT$99.00,Food (https://app.notion.com/p/Food-1de52a1550c1808585f7c8d0cbbab341?pvs=21),General (https://app.notion.com/p/General-1fe52a1550c180d89a84f6b6694a42f5?pvs=21),24176
2023/10/13,蛤蜊濃湯,,NT$89.00,Food (https://app.notion.com/p/Food-1de52a1550c1808585f7c8d0cbbab341?pvs=21),General (https://app.notion.com/p/General-1fe52a1550c180d89a84f6b6694a42f5?pvs=21),24176
2023/10/13,河粉,,NT$349.00,Food (https://app.notion.com/p/Food-1de52a1550c1808585f7c8d0cbbab341?pvs=21),General (https://app.notion.com/p/General-1fe52a1550c180d89a84f6b6694a42f5?pvs=21),24176
2023/10/13,普拿疼,,NT$599.00,Health (https://app.notion.com/p/Health-1de52a1550c180948ad5c45ef59a5bb8?pvs=21),General (https://app.notion.com/p/General-1fe52a1550c180d89a84f6b6694a42f5?pvs=21),24176
2023/10/12,耳鼻喉科,,NT$200.00,Health (https://app.notion.com/p/Health-1de52a1550c180948ad5c45ef59a5bb8?pvs=21),General (https://app.notion.com/p/General-1fe52a1550c180d89a84f6b6694a42f5?pvs=21),25312
2023/10/12,全聯,,NT$167.00,Food (https://app.notion.com/p/Food-1de52a1550c1808585f7c8d0cbbab341?pvs=21),General (https://app.notion.com/p/General-1fe52a1550c180d89a84f6b6694a42f5?pvs=21),25312
2023/10/11,林宥嘉演唱會,,"NT$5,000.00",Fun (https://app.notion.com/p/Fun-1de52a1550c180f197e2ff3116ec3fa2?pvs=21),General (https://app.notion.com/p/General-1fe52a1550c180d89a84f6b6694a42f5?pvs=21),25679
2023/10/10,全聯,,NT$401.00,Food (https://app.notion.com/p/Food-1de52a1550c1808585f7c8d0cbbab341?pvs=21),General (https://app.notion.com/p/General-1fe52a1550c180d89a84f6b6694a42f5?pvs=21),30679
2023/10/10,申記,,NT$335.00,Food (https://app.notion.com/p/Food-1de52a1550c1808585f7c8d0cbbab341?pvs=21),General (https://app.notion.com/p/General-1fe52a1550c180d89a84f6b6694a42f5?pvs=21),30679
2023/10/10,50嵐,,NT$80.00,Food (https://app.notion.com/p/Food-1de52a1550c1808585f7c8d0cbbab341?pvs=21),General (https://app.notion.com/p/General-1fe52a1550c180d89a84f6b6694a42f5?pvs=21),30679
2023/10/10,蛋糕,,NT$110.00,Food (https://app.notion.com/p/Food-1de52a1550c1808585f7c8d0cbbab341?pvs=21),General (https://app.notion.com/p/General-1fe52a1550c180d89a84f6b6694a42f5?pvs=21),30679
2023/10/10,moon早午餐,,NT$655.00,Food (https://app.notion.com/p/Food-1de52a1550c1808585f7c8d0cbbab341?pvs=21),General (https://app.notion.com/p/General-1fe52a1550c180d89a84f6b6694a42f5?pvs=21),30679
2023/10/09,玉蘭,,NT$100.00,Food (https://app.notion.com/p/Food-1de52a1550c1808585f7c8d0cbbab341?pvs=21),General (https://app.notion.com/p/General-1fe52a1550c180d89a84f6b6694a42f5?pvs=21),27737
2023/10/09,小鵲幸,,NT$81.00,Food (https://app.notion.com/p/Food-1de52a1550c1808585f7c8d0cbbab341?pvs=21),General (https://app.notion.com/p/General-1fe52a1550c180d89a84f6b6694a42f5?pvs=21),27737
2023/10/09,停車費,,NT$220.00,Traffic (https://app.notion.com/p/Traffic-1de52a1550c1807b8ff6e40f804e1127?pvs=21),General (https://app.notion.com/p/General-1fe52a1550c180d89a84f6b6694a42f5?pvs=21),27737
2023/10/09,汽車加油,,"NT$1,620.00",Traffic (https://app.notion.com/p/Traffic-1de52a1550c1807b8ff6e40f804e1127?pvs=21),General (https://app.notion.com/p/General-1fe52a1550c180d89a84f6b6694a42f5?pvs=21),27737
2023/10/09,ETC,,NT$62.00,Traffic (https://app.notion.com/p/Traffic-1de52a1550c1807b8ff6e40f804e1127?pvs=21),General (https://app.notion.com/p/General-1fe52a1550c180d89a84f6b6694a42f5?pvs=21),27737
2023/10/09,Costco,,"NT$2,180.00",Other (https://app.notion.com/p/Other-1de52a1550c1810a92c1c432337241e8?pvs=21),General (https://app.notion.com/p/General-1fe52a1550c180d89a84f6b6694a42f5?pvs=21),27737
2023/10/09,Costco,,NT$374.00,Other (https://app.notion.com/p/Other-1de52a1550c1810a92c1c432337241e8?pvs=21),General (https://app.notion.com/p/General-1fe52a1550c180d89a84f6b6694a42f5?pvs=21),27737
2023/10/08,停車費,,NT$100.00,Traffic (https://app.notion.com/p/Traffic-1de52a1550c1807b8ff6e40f804e1127?pvs=21),General (https://app.notion.com/p/General-1fe52a1550c180d89a84f6b6694a42f5?pvs=21),28330
2023/10/08,停車費,,NT$60.00,Traffic (https://app.notion.com/p/Traffic-1de52a1550c1807b8ff6e40f804e1127?pvs=21),General (https://app.notion.com/p/General-1fe52a1550c180d89a84f6b6694a42f5?pvs=21),28330
2023/10/08,停車費,,NT$190.00,Traffic (https://app.notion.com/p/Traffic-1de52a1550c1807b8ff6e40f804e1127?pvs=21),General (https://app.notion.com/p/General-1fe52a1550c180d89a84f6b6694a42f5?pvs=21),28330
2023/10/08,ETC,,NT$32.00,Traffic (https://app.notion.com/p/Traffic-1de52a1550c1807b8ff6e40f804e1127?pvs=21),General (https://app.notion.com/p/General-1fe52a1550c180d89a84f6b6694a42f5?pvs=21),28330
2023/10/07,停車費,,NT$90.00,Traffic (https://app.notion.com/p/Traffic-1de52a1550c1807b8ff6e40f804e1127?pvs=21),General (https://app.notion.com/p/General-1fe52a1550c180d89a84f6b6694a42f5?pvs=21),28712
2023/10/07,停車費,,NT$40.00,Traffic (https://app.notion.com/p/Traffic-1de52a1550c1807b8ff6e40f804e1127?pvs=21),General (https://app.notion.com/p/General-1fe52a1550c180d89a84f6b6694a42f5?pvs=21),28712
2023/10/07,ETC,,NT$57.00,Traffic (https://app.notion.com/p/Traffic-1de52a1550c1807b8ff6e40f804e1127?pvs=21),General (https://app.notion.com/p/General-1fe52a1550c180d89a84f6b6694a42f5?pvs=21),28712
2023/10/06,停車費,,NT$60.00,Traffic (https://app.notion.com/p/Traffic-1de52a1550c1807b8ff6e40f804e1127?pvs=21),General (https://app.notion.com/p/General-1fe52a1550c180d89a84f6b6694a42f5?pvs=21),28899
2023/10/06,海鮮卷,,NT$99.00,Food (https://app.notion.com/p/Food-1de52a1550c1808585f7c8d0cbbab341?pvs=21),General (https://app.notion.com/p/General-1fe52a1550c180d89a84f6b6694a42f5?pvs=21),28899
2023/10/06,茶湯會,,NT$60.00,Food (https://app.notion.com/p/Food-1de52a1550c1808585f7c8d0cbbab341?pvs=21),General (https://app.notion.com/p/General-1fe52a1550c180d89a84f6b6694a42f5?pvs=21),28899
2023/10/06,早餐,,NT$45.00,Food (https://app.notion.com/p/Food-1de52a1550c1808585f7c8d0cbbab341?pvs=21),General (https://app.notion.com/p/General-1fe52a1550c180d89a84f6b6694a42f5?pvs=21),28899
2023/10/06,口香糖,,NT$417.00,Food (https://app.notion.com/p/Food-1de52a1550c1808585f7c8d0cbbab341?pvs=21),General (https://app.notion.com/p/General-1fe52a1550c180d89a84f6b6694a42f5?pvs=21),28899
2023/10/05,大創,,NT$147.00,Groceries (https://app.notion.com/p/Groceries-1de52a1550c180c6be6cdfaeb95cee9a?pvs=21),General (https://app.notion.com/p/General-1fe52a1550c180d89a84f6b6694a42f5?pvs=21),29580
2023/10/05,龜記,,NT$95.00,Food (https://app.notion.com/p/Food-1de52a1550c1808585f7c8d0cbbab341?pvs=21),General (https://app.notion.com/p/General-1fe52a1550c180d89a84f6b6694a42f5?pvs=21),29580
2023/10/05,大心,,NT$570.00,Food (https://app.notion.com/p/Food-1de52a1550c1808585f7c8d0cbbab341?pvs=21),General (https://app.notion.com/p/General-1fe52a1550c180d89a84f6b6694a42f5?pvs=21),29580
2023/10/04,早餐,,NT$93.00,Food (https://app.notion.com/p/Food-1de52a1550c1808585f7c8d0cbbab341?pvs=21),General (https://app.notion.com/p/General-1fe52a1550c180d89a84f6b6694a42f5?pvs=21),30392
2023/10/04,咖啡,,NT$35.00,Food (https://app.notion.com/p/Food-1de52a1550c1808585f7c8d0cbbab341?pvs=21),General (https://app.notion.com/p/General-1fe52a1550c180d89a84f6b6694a42f5?pvs=21),30392
2023/10/04,下午茶,,NT$50.00,Food (https://app.notion.com/p/Food-1de52a1550c1808585f7c8d0cbbab341?pvs=21),General (https://app.notion.com/p/General-1fe52a1550c180d89a84f6b6694a42f5?pvs=21),30392
2023/10/03,落地窗維修費,,"NT$2,100.00",Groceries (https://app.notion.com/p/Groceries-1de52a1550c180c6be6cdfaeb95cee9a?pvs=21),General (https://app.notion.com/p/General-1fe52a1550c180d89a84f6b6694a42f5?pvs=21),30570
2023/10/03,滾鍋吧,,NT$410.00,Food (https://app.notion.com/p/Food-1de52a1550c1808585f7c8d0cbbab341?pvs=21),General (https://app.notion.com/p/General-1fe52a1550c180d89a84f6b6694a42f5?pvs=21),30570
2023/10/03,50嵐,,NT$90.00,Food (https://app.notion.com/p/Food-1de52a1550c1808585f7c8d0cbbab341?pvs=21),General (https://app.notion.com/p/General-1fe52a1550c180d89a84f6b6694a42f5?pvs=21),30570
2023/10/03,東門雞肉飯,,NT$295.00,Food (https://app.notion.com/p/Food-1de52a1550c1808585f7c8d0cbbab341?pvs=21),General (https://app.notion.com/p/General-1fe52a1550c180d89a84f6b6694a42f5?pvs=21),30570
2023/10/02,麥當勞,,NT$100.00,Food (https://app.notion.com/p/Food-1de52a1550c1808585f7c8d0cbbab341?pvs=21),General (https://app.notion.com/p/General-1fe52a1550c180d89a84f6b6694a42f5?pvs=21),33465
2023/10/02,全聯,,NT$460.00,Food (https://app.notion.com/p/Food-1de52a1550c1808585f7c8d0cbbab341?pvs=21),General (https://app.notion.com/p/General-1fe52a1550c180d89a84f6b6694a42f5?pvs=21),33465
2023/10/01,早餐,,NT$45.00,Food (https://app.notion.com/p/Food-1de52a1550c1808585f7c8d0cbbab341?pvs=21),General (https://app.notion.com/p/General-1fe52a1550c180d89a84f6b6694a42f5?pvs=21),34025
2023/09/30,福委會,,NT$261.00,Fun (https://app.notion.com/p/Fun-1de52a1550c180f197e2ff3116ec3fa2?pvs=21),General (https://app.notion.com/p/General-1fe52a1550c180d89a84f6b6694a42f5?pvs=21),34070
2023/09/30,勞保費,,"NT$1,100.00",Insurance (https://app.notion.com/p/Insurance-1de52a1550c181f09d1dfb6d85985a86?pvs=21),Fixed (https://app.notion.com/p/Fixed-1de52a1550c180f19995d25cbc6f1038?pvs=21),-145
2023/09/30,文博會,,NT$620.00,Fun (https://app.notion.com/p/Fun-1de52a1550c180f197e2ff3116ec3fa2?pvs=21),Dream (https://app.notion.com/p/Dream-1de52a1550c180a4bc6eee5e921cbc2d?pvs=21),3784
2023/09/30,健保費,,NT$990.00,Insurance (https://app.notion.com/p/Insurance-1de52a1550c181f09d1dfb6d85985a86?pvs=21),Fixed (https://app.notion.com/p/Fixed-1de52a1550c180f19995d25cbc6f1038?pvs=21),-145
2023/09/30,早餐,,NT$250.00,Food (https://app.notion.com/p/Food-1de52a1550c1808585f7c8d0cbbab341?pvs=21),General (https://app.notion.com/p/General-1fe52a1550c180d89a84f6b6694a42f5?pvs=21),34070
2023/09/30,沐牧鍋物,,"NT$1,000.00",Food (https://app.notion.com/p/Food-1de52a1550c1808585f7c8d0cbbab341?pvs=21),Couple's (https://app.notion.com/p/Couple-s-1de52a1550c181d39de7eebc343b38cd?pvs=21),4085
2023/09/30,捷運,,NT$85.00,Traffic (https://app.notion.com/p/Traffic-1de52a1550c1807b8ff6e40f804e1127?pvs=21),General (https://app.notion.com/p/General-1fe52a1550c180d89a84f6b6694a42f5?pvs=21),34070
2023/09/30,精品咖啡*22,,"NT$1,100.00",Food (https://app.notion.com/p/Food-1de52a1550c1808585f7c8d0cbbab341?pvs=21),General (https://app.notion.com/p/General-1fe52a1550c180d89a84f6b6694a42f5?pvs=21),34070
2023/09/30,客運,,NT$120.00,Traffic (https://app.notion.com/p/Traffic-1de52a1550c1807b8ff6e40f804e1127?pvs=21),General (https://app.notion.com/p/General-1fe52a1550c180d89a84f6b6694a42f5?pvs=21),34070
2023/09/30,客運,,NT$110.00,Traffic (https://app.notion.com/p/Traffic-1de52a1550c1807b8ff6e40f804e1127?pvs=21),General (https://app.notion.com/p/General-1fe52a1550c180d89a84f6b6694a42f5?pvs=21),34070
2023/09/29,機車加油,,NT$170.00,Traffic (https://app.notion.com/p/Traffic-1de52a1550c1807b8ff6e40f804e1127?pvs=21),General (https://app.notion.com/p/General-1fe52a1550c180d89a84f6b6694a42f5?pvs=21),35996
2023/09/29,飲料,,NT$145.00,Food (https://app.notion.com/p/Food-1de52a1550c1808585f7c8d0cbbab341?pvs=21),General (https://app.notion.com/p/General-1fe52a1550c180d89a84f6b6694a42f5?pvs=21),35996
2023/09/29,甜點,,NT$150.00,Food (https://app.notion.com/p/Food-1de52a1550c1808585f7c8d0cbbab341?pvs=21),General (https://app.notion.com/p/General-1fe52a1550c180d89a84f6b6694a42f5?pvs=21),35996
2023/09/29,熊讀冊,,NT$100.00,Learning (https://app.notion.com/p/Learning-1de52a1550c181fba52ed20f1907d909?pvs=21),General (https://app.notion.com/p/General-1fe52a1550c180d89a84f6b6694a42f5?pvs=21),35996
2023/09/29,蔣好的味道,,NT$285.00,Food (https://app.notion.com/p/Food-1de52a1550c1808585f7c8d0cbbab341?pvs=21),General (https://app.notion.com/p/General-1fe52a1550c180d89a84f6b6694a42f5?pvs=21),35996
2023/09/29,米樂早餐,,NT$245.00,Food (https://app.notion.com/p/Food-1de52a1550c1808585f7c8d0cbbab341?pvs=21),General (https://app.notion.com/p/General-1fe52a1550c180d89a84f6b6694a42f5?pvs=21),35996
2023/09/28,雞排,,NT$143.00,Food (https://app.notion.com/p/Food-1de52a1550c1808585f7c8d0cbbab341?pvs=21),General (https://app.notion.com/p/General-1fe52a1550c180d89a84f6b6694a42f5?pvs=21),37091
2023/09/28,上宇林,,NT$100.00,Food (https://app.notion.com/p/Food-1de52a1550c1808585f7c8d0cbbab341?pvs=21),General (https://app.notion.com/p/General-1fe52a1550c180d89a84f6b6694a42f5?pvs=21),37091
2023/09/28,匯給媽,,"NT$6,000.00",Family (https://app.notion.com/p/Family-1de52a1550c181faa107fcc0a73d8120?pvs=21),Fixed (https://app.notion.com/p/Fixed-1de52a1550c180f19995d25cbc6f1038?pvs=21),1945
2023/09/27,早餐,,NT$89.00,Food (https://app.notion.com/p/Food-1de52a1550c1808585f7c8d0cbbab341?pvs=21),General (https://app.notion.com/p/General-1fe52a1550c180d89a84f6b6694a42f5?pvs=21),-12482
2023/09/27,綠茶,,NT$35.00,Food (https://app.notion.com/p/Food-1de52a1550c1808585f7c8d0cbbab341?pvs=21),General (https://app.notion.com/p/General-1fe52a1550c180d89a84f6b6694a42f5?pvs=21),-12482
2023/09/27,全聯,,NT$442.00,Food (https://app.notion.com/p/Food-1de52a1550c1808585f7c8d0cbbab341?pvs=21),General (https://app.notion.com/p/General-1fe52a1550c180d89a84f6b6694a42f5?pvs=21),-12482
2023/09/26,早餐,,NT$58.00,Food (https://app.notion.com/p/Food-1de52a1550c1808585f7c8d0cbbab341?pvs=21),General (https://app.notion.com/p/General-1fe52a1550c180d89a84f6b6694a42f5?pvs=21),-11916
2023/09/26,紅豆抹茶冰,,NT$110.00,Food (https://app.notion.com/p/Food-1de52a1550c1808585f7c8d0cbbab341?pvs=21),General (https://app.notion.com/p/General-1fe52a1550c180d89a84f6b6694a42f5?pvs=21),-11916
2023/09/26,一私,,NT$255.00,Food (https://app.notion.com/p/Food-1de52a1550c1808585f7c8d0cbbab341?pvs=21),General (https://app.notion.com/p/General-1fe52a1550c180d89a84f6b6694a42f5?pvs=21),-11916
2023/09/25,中華電信手機費,,NT$650.00,Fun (https://app.notion.com/p/Fun-1de52a1550c180f197e2ff3116ec3fa2?pvs=21),General (https://app.notion.com/p/General-1fe52a1550c180d89a84f6b6694a42f5?pvs=21),-11493
2023/09/24,彈跳床,,NT$700.00,Fun (https://app.notion.com/p/Fun-1de52a1550c180f197e2ff3116ec3fa2?pvs=21),Couple's (https://app.notion.com/p/Couple-s-1de52a1550c181d39de7eebc343b38cd?pvs=21),3085
2023/09/24,寶慶堂,,NT$245.00,Food (https://app.notion.com/p/Food-1de52a1550c1808585f7c8d0cbbab341?pvs=21),General (https://app.notion.com/p/General-1fe52a1550c180d89a84f6b6694a42f5?pvs=21),-10843
2023/09/23,鉅大剉冰,,NT$130.00,Food (https://app.notion.com/p/Food-1de52a1550c1808585f7c8d0cbbab341?pvs=21),General (https://app.notion.com/p/General-1fe52a1550c180d89a84f6b6694a42f5?pvs=21),-10598
2023/09/23,蔣好的味道,,NT$285.00,Food (https://app.notion.com/p/Food-1de52a1550c1808585f7c8d0cbbab341?pvs=21),General (https://app.notion.com/p/General-1fe52a1550c180d89a84f6b6694a42f5?pvs=21),-10598
2023/09/23,烏弄,,NT$100.00,Food (https://app.notion.com/p/Food-1de52a1550c1808585f7c8d0cbbab341?pvs=21),General (https://app.notion.com/p/General-1fe52a1550c180d89a84f6b6694a42f5?pvs=21),-10598
2023/09/23,停車費,,NT$60.00,Traffic (https://app.notion.com/p/Traffic-1de52a1550c1807b8ff6e40f804e1127?pvs=21),General (https://app.notion.com/p/General-1fe52a1550c180d89a84f6b6694a42f5?pvs=21),-10598
2023/09/23,艾森諾多功能剪刀,,NT$720.00,Groceries (https://app.notion.com/p/Groceries-1de52a1550c180c6be6cdfaeb95cee9a?pvs=21),General (https://app.notion.com/p/General-1fe52a1550c180d89a84f6b6694a42f5?pvs=21),-10598
2023/09/22,玉蘭茶,,NT$90.00,Food (https://app.notion.com/p/Food-1de52a1550c1808585f7c8d0cbbab341?pvs=21),General (https://app.notion.com/p/General-1fe52a1550c180d89a84f6b6694a42f5?pvs=21),-9303
2023/09/22,品菀,,NT$310.00,Food (https://app.notion.com/p/Food-1de52a1550c1808585f7c8d0cbbab341?pvs=21),General (https://app.notion.com/p/General-1fe52a1550c180d89a84f6b6694a42f5?pvs=21),-9303
2023/09/19,Costco,,"NT$1,300.00",Food (https://app.notion.com/p/Food-1de52a1550c1808585f7c8d0cbbab341?pvs=21),General (https://app.notion.com/p/General-1fe52a1550c180d89a84f6b6694a42f5?pvs=21),-8903
2023/09/19,夜市晚餐,,NT$435.00,Food (https://app.notion.com/p/Food-1de52a1550c1808585f7c8d0cbbab341?pvs=21),General (https://app.notion.com/p/General-1fe52a1550c180d89a84f6b6694a42f5?pvs=21),-8903
2023/09/19,早餐,,NT$60.00,Food (https://app.notion.com/p/Food-1de52a1550c1808585f7c8d0cbbab341?pvs=21),General (https://app.notion.com/p/General-1fe52a1550c180d89a84f6b6694a42f5?pvs=21),-8903
2023/09/18,晚餐,,NT$210.00,Food (https://app.notion.com/p/Food-1de52a1550c1808585f7c8d0cbbab341?pvs=21),General (https://app.notion.com/p/General-1fe52a1550c180d89a84f6b6694a42f5?pvs=21),-7108
2023/09/18,失能險保費,,"NT$13,741.00",Insurance (https://app.notion.com/p/Insurance-1de52a1550c181f09d1dfb6d85985a86?pvs=21),Fixed (https://app.notion.com/p/Fixed-1de52a1550c180f19995d25cbc6f1038?pvs=21),-5086
2023/09/18,房租,,"NT$6,750.00",Groceries (https://app.notion.com/p/Groceries-1de52a1550c180c6be6cdfaeb95cee9a?pvs=21),General (https://app.notion.com/p/General-1fe52a1550c180d89a84f6b6694a42f5?pvs=21),-7108
2023/09/17,剉冰,,NT$60.00,Food (https://app.notion.com/p/Food-1de52a1550c1808585f7c8d0cbbab341?pvs=21),General (https://app.notion.com/p/General-1fe52a1550c180d89a84f6b6694a42f5?pvs=21),-148
2023/09/17,竹東排骨酥,,NT$488.00,Food (https://app.notion.com/p/Food-1de52a1550c1808585f7c8d0cbbab341?pvs=21),General (https://app.notion.com/p/General-1fe52a1550c180d89a84f6b6694a42f5?pvs=21),-148
2023/09/17,飲料,,NT$90.00,Food (https://app.notion.com/p/Food-1de52a1550c1808585f7c8d0cbbab341?pvs=21),General (https://app.notion.com/p/General-1fe52a1550c180d89a84f6b6694a42f5?pvs=21),-148
2023/09/17,米樂,,NT$195.00,Food (https://app.notion.com/p/Food-1de52a1550c1808585f7c8d0cbbab341?pvs=21),General (https://app.notion.com/p/General-1fe52a1550c180d89a84f6b6694a42f5?pvs=21),-148
2023/09/17,星巴克,,NT$95.00,Food (https://app.notion.com/p/Food-1de52a1550c1808585f7c8d0cbbab341?pvs=21),General (https://app.notion.com/p/General-1fe52a1550c180d89a84f6b6694a42f5?pvs=21),-148
2023/09/17,洗髮精+護髮乳,,"NT$1,080.00",Groceries (https://app.notion.com/p/Groceries-1de52a1550c180c6be6cdfaeb95cee9a?pvs=21),General (https://app.notion.com/p/General-1fe52a1550c180d89a84f6b6694a42f5?pvs=21),-148
2023/09/17,汽車加油,,"NT$1,371.00",Traffic (https://app.notion.com/p/Traffic-1de52a1550c1807b8ff6e40f804e1127?pvs=21),General (https://app.notion.com/p/General-1fe52a1550c180d89a84f6b6694a42f5?pvs=21),-148
2023/09/15,咖啡,,NT$85.00,Food (https://app.notion.com/p/Food-1de52a1550c1808585f7c8d0cbbab341?pvs=21),General (https://app.notion.com/p/General-1fe52a1550c180d89a84f6b6694a42f5?pvs=21),3231
2023/09/15,寶杏堂,,NT$335.00,Food (https://app.notion.com/p/Food-1de52a1550c1808585f7c8d0cbbab341?pvs=21),General (https://app.notion.com/p/General-1fe52a1550c180d89a84f6b6694a42f5?pvs=21),3231
2023/09/15,機車加油,,NT$160.00,Traffic (https://app.notion.com/p/Traffic-1de52a1550c1807b8ff6e40f804e1127?pvs=21),General (https://app.notion.com/p/General-1fe52a1550c180d89a84f6b6694a42f5?pvs=21),3231
2023/09/14,可愛家,,NT$299.00,Food (https://app.notion.com/p/Food-1de52a1550c1808585f7c8d0cbbab341?pvs=21),General (https://app.notion.com/p/General-1fe52a1550c180d89a84f6b6694a42f5?pvs=21),3811
2023/09/14,一沐日,,NT$60.00,Food (https://app.notion.com/p/Food-1de52a1550c1808585f7c8d0cbbab341?pvs=21),General (https://app.notion.com/p/General-1fe52a1550c180d89a84f6b6694a42f5?pvs=21),3811
2023/09/13,飲料,,NT$35.00,Food (https://app.notion.com/p/Food-1de52a1550c1808585f7c8d0cbbab341?pvs=21),General (https://app.notion.com/p/General-1fe52a1550c180d89a84f6b6694a42f5?pvs=21),4170
2023/09/13,下午茶,,NT$50.00,Food (https://app.notion.com/p/Food-1de52a1550c1808585f7c8d0cbbab341?pvs=21),General (https://app.notion.com/p/General-1fe52a1550c180d89a84f6b6694a42f5?pvs=21),4170
2023/09/12,飲料,,NT$90.00,Food (https://app.notion.com/p/Food-1de52a1550c1808585f7c8d0cbbab341?pvs=21),General (https://app.notion.com/p/General-1fe52a1550c180d89a84f6b6694a42f5?pvs=21),4255
2023/09/12,延平大飯店,,NT$430.00,Food (https://app.notion.com/p/Food-1de52a1550c1808585f7c8d0cbbab341?pvs=21),General (https://app.notion.com/p/General-1fe52a1550c180d89a84f6b6694a42f5?pvs=21),4255
2023/09/11,早餐,,NT$70.00,Food (https://app.notion.com/p/Food-1de52a1550c1808585f7c8d0cbbab341?pvs=21),General (https://app.notion.com/p/General-1fe52a1550c180d89a84f6b6694a42f5?pvs=21),4775
2023/09/11,紅茶,,NT$10.00,Food (https://app.notion.com/p/Food-1de52a1550c1808585f7c8d0cbbab341?pvs=21),General (https://app.notion.com/p/General-1fe52a1550c180d89a84f6b6694a42f5?pvs=21),4775
2023/09/11,綠茶,,NT$20.00,Food (https://app.notion.com/p/Food-1de52a1550c1808585f7c8d0cbbab341?pvs=21),General (https://app.notion.com/p/General-1fe52a1550c180d89a84f6b6694a42f5?pvs=21),4775
2023/09/11,肯德基,,NT$417.00,Food (https://app.notion.com/p/Food-1de52a1550c1808585f7c8d0cbbab341?pvs=21),General (https://app.notion.com/p/General-1fe52a1550c180d89a84f6b6694a42f5?pvs=21),4775
2023/09/10,全聯,,NT$787.00,Food (https://app.notion.com/p/Food-1de52a1550c1808585f7c8d0cbbab341?pvs=21),General (https://app.notion.com/p/General-1fe52a1550c180d89a84f6b6694a42f5?pvs=21),5292
2023/09/09,早餐,,NT$60.00,Food (https://app.notion.com/p/Food-1de52a1550c1808585f7c8d0cbbab341?pvs=21),General (https://app.notion.com/p/General-1fe52a1550c180d89a84f6b6694a42f5?pvs=21),6079
2023/09/08,麥當勞,,NT$212.00,Food (https://app.notion.com/p/Food-1de52a1550c1808585f7c8d0cbbab341?pvs=21),General (https://app.notion.com/p/General-1fe52a1550c180d89a84f6b6694a42f5?pvs=21),6139
2023/09/08,飲料,,NT$45.00,Food (https://app.notion.com/p/Food-1de52a1550c1808585f7c8d0cbbab341?pvs=21),General (https://app.notion.com/p/General-1fe52a1550c180d89a84f6b6694a42f5?pvs=21),6139
2023/09/08,手套,,NT$49.00,Groceries (https://app.notion.com/p/Groceries-1de52a1550c180c6be6cdfaeb95cee9a?pvs=21),General (https://app.notion.com/p/General-1fe52a1550c180d89a84f6b6694a42f5?pvs=21),6139
2023/09/07,早餐,,NT$265.00,Food (https://app.notion.com/p/Food-1de52a1550c1808585f7c8d0cbbab341?pvs=21),General (https://app.notion.com/p/General-1fe52a1550c180d89a84f6b6694a42f5?pvs=21),6445
2023/09/07,飲料,,NT$90.00,Food (https://app.notion.com/p/Food-1de52a1550c1808585f7c8d0cbbab341?pvs=21),General (https://app.notion.com/p/General-1fe52a1550c180d89a84f6b6694a42f5?pvs=21),6445
2023/09/07,飲料,,NT$60.00,Food (https://app.notion.com/p/Food-1de52a1550c1808585f7c8d0cbbab341?pvs=21),General (https://app.notion.com/p/General-1fe52a1550c180d89a84f6b6694a42f5?pvs=21),6445
2023/09/07,藍象廷,,"NT$1,184.00",Food (https://app.notion.com/p/Food-1de52a1550c1808585f7c8d0cbbab341?pvs=21),General (https://app.notion.com/p/General-1fe52a1550c180d89a84f6b6694a42f5?pvs=21),6445
2023/09/07,射飛鏢,,NT$120.00,Fun (https://app.notion.com/p/Fun-1de52a1550c180f197e2ff3116ec3fa2?pvs=21),General (https://app.notion.com/p/General-1fe52a1550c180d89a84f6b6694a42f5?pvs=21),6445
2023/09/07,髮夾*3,,NT$147.00,Other (https://app.notion.com/p/Other-1de52a1550c1810a92c1c432337241e8?pvs=21),General (https://app.notion.com/p/General-1fe52a1550c180d89a84f6b6694a42f5?pvs=21),6445
2023/09/06,中華電信網路費,,NT$848.00,Fun (https://app.notion.com/p/Fun-1de52a1550c180f197e2ff3116ec3fa2?pvs=21),General (https://app.notion.com/p/General-1fe52a1550c180d89a84f6b6694a42f5?pvs=21),7211
2023/09/05,水果,,NT$329.00,Food (https://app.notion.com/p/Food-1de52a1550c1808585f7c8d0cbbab341?pvs=21),General (https://app.notion.com/p/General-1fe52a1550c180d89a84f6b6694a42f5?pvs=21),8059
2023/09/04,紅茶,,NT$20.00,Food (https://app.notion.com/p/Food-1de52a1550c1808585f7c8d0cbbab341?pvs=21),General (https://app.notion.com/p/General-1fe52a1550c180d89a84f6b6694a42f5?pvs=21),8388
2023/09/04,牛奶,,NT$25.00,Food (https://app.notion.com/p/Food-1de52a1550c1808585f7c8d0cbbab341?pvs=21),General (https://app.notion.com/p/General-1fe52a1550c180d89a84f6b6694a42f5?pvs=21),8388
2023/09/04,早餐,,NT$55.00,Food (https://app.notion.com/p/Food-1de52a1550c1808585f7c8d0cbbab341?pvs=21),General (https://app.notion.com/p/General-1fe52a1550c180d89a84f6b6694a42f5?pvs=21),8388
2023/09/03,Costco食材,,"NT$3,524.00",Food (https://app.notion.com/p/Food-1de52a1550c1808585f7c8d0cbbab341?pvs=21),General (https://app.notion.com/p/General-1fe52a1550c180d89a84f6b6694a42f5?pvs=21),8488
2023/09/03,飲料,,NT$50.00,Food (https://app.notion.com/p/Food-1de52a1550c1808585f7c8d0cbbab341?pvs=21),General (https://app.notion.com/p/General-1fe52a1550c180d89a84f6b6694a42f5?pvs=21),8488
2023/09/03,大創,,NT$399.00,Groceries (https://app.notion.com/p/Groceries-1de52a1550c180c6be6cdfaeb95cee9a?pvs=21),General (https://app.notion.com/p/General-1fe52a1550c180d89a84f6b6694a42f5?pvs=21),8488
2023/09/03,丸龜,,NT$313.00,Food (https://app.notion.com/p/Food-1de52a1550c1808585f7c8d0cbbab341?pvs=21),General (https://app.notion.com/p/General-1fe52a1550c180d89a84f6b6694a42f5?pvs=21),8488
2023/09/02,晚餐,,NT$119.00,Food (https://app.notion.com/p/Food-1de52a1550c1808585f7c8d0cbbab341?pvs=21),General (https://app.notion.com/p/General-1fe52a1550c180d89a84f6b6694a42f5?pvs=21),12774
2023/09/02,早餐,,NT$152.00,Food (https://app.notion.com/p/Food-1de52a1550c1808585f7c8d0cbbab341?pvs=21),General (https://app.notion.com/p/General-1fe52a1550c180d89a84f6b6694a42f5?pvs=21),12774
2023/09/02,茶湯會,,NT$35.00,Food (https://app.notion.com/p/Food-1de52a1550c1808585f7c8d0cbbab341?pvs=21),General (https://app.notion.com/p/General-1fe52a1550c180d89a84f6b6694a42f5?pvs=21),12774
2023/09/01,早餐,,NT$48.00,Food (https://app.notion.com/p/Food-1de52a1550c1808585f7c8d0cbbab341?pvs=21),General (https://app.notion.com/p/General-1fe52a1550c180d89a84f6b6694a42f5?pvs=21),8257
2023/08/31,勞保費,,"NT$1,100.00",Insurance (https://app.notion.com/p/Insurance-1de52a1550c181f09d1dfb6d85985a86?pvs=21),Fixed (https://app.notion.com/p/Fixed-1de52a1550c180f19995d25cbc6f1038?pvs=21),8655
2023/08/31,福委會,,NT$261.00,Fun (https://app.notion.com/p/Fun-1de52a1550c180f197e2ff3116ec3fa2?pvs=21),General (https://app.notion.com/p/General-1fe52a1550c180d89a84f6b6694a42f5?pvs=21),8305
2023/08/31,健保費,,NT$990.00,Insurance (https://app.notion.com/p/Insurance-1de52a1550c181f09d1dfb6d85985a86?pvs=21),Fixed (https://app.notion.com/p/Fixed-1de52a1550c180f19995d25cbc6f1038?pvs=21),8655
2023/08/31,飲料,,NT$90.00,Food (https://app.notion.com/p/Food-1de52a1550c1808585f7c8d0cbbab341?pvs=21),General (https://app.notion.com/p/General-1fe52a1550c180d89a84f6b6694a42f5?pvs=21),8305
2023/08/31,番茄鐘APP,,NT$390.00,Fun (https://app.notion.com/p/Fun-1de52a1550c180f197e2ff3116ec3fa2?pvs=21),General (https://app.notion.com/p/General-1fe52a1550c180d89a84f6b6694a42f5?pvs=21),8305
2023/08/31,吐司,,NT$35.00,Food (https://app.notion.com/p/Food-1de52a1550c1808585f7c8d0cbbab341?pvs=21),General (https://app.notion.com/p/General-1fe52a1550c180d89a84f6b6694a42f5?pvs=21),8305
2023/08/31,剉冰,,NT$170.00,Food (https://app.notion.com/p/Food-1de52a1550c1808585f7c8d0cbbab341?pvs=21),General (https://app.notion.com/p/General-1fe52a1550c180d89a84f6b6694a42f5?pvs=21),8305
2023/08/31,飲料,,NT$20.00,Food (https://app.notion.com/p/Food-1de52a1550c1808585f7c8d0cbbab341?pvs=21),General (https://app.notion.com/p/General-1fe52a1550c180d89a84f6b6694a42f5?pvs=21),8305
2023/08/31,一私,,NT$270.00,Food (https://app.notion.com/p/Food-1de52a1550c1808585f7c8d0cbbab341?pvs=21),General (https://app.notion.com/p/General-1fe52a1550c180d89a84f6b6694a42f5?pvs=21),8305
2023/08/31,匯給媽,,"NT$6,000.00",Family (https://app.notion.com/p/Family-1de52a1550c181faa107fcc0a73d8120?pvs=21),Fixed (https://app.notion.com/p/Fixed-1de52a1550c180f19995d25cbc6f1038?pvs=21),8655
2023/08/30,機車加油,,NT$167.00,Traffic (https://app.notion.com/p/Traffic-1de52a1550c1807b8ff6e40f804e1127?pvs=21),General (https://app.notion.com/p/General-1fe52a1550c180d89a84f6b6694a42f5?pvs=21),-12563
2023/08/29,早餐,,NT$45.00,Food (https://app.notion.com/p/Food-1de52a1550c1808585f7c8d0cbbab341?pvs=21),General (https://app.notion.com/p/General-1fe52a1550c180d89a84f6b6694a42f5?pvs=21),-12396
2023/08/29,麥當勞,,NT$385.00,Food (https://app.notion.com/p/Food-1de52a1550c1808585f7c8d0cbbab341?pvs=21),General (https://app.notion.com/p/General-1fe52a1550c180d89a84f6b6694a42f5?pvs=21),-12396
2023/08/29,機車保費(2025/11),,"NT$4,143.00",Traffic (https://app.notion.com/p/Traffic-1de52a1550c1807b8ff6e40f804e1127?pvs=21),Fixed (https://app.notion.com/p/Fixed-1de52a1550c180f19995d25cbc6f1038?pvs=21),5714
2023/08/27,國道費用,,NT$129.00,Traffic (https://app.notion.com/p/Traffic-1de52a1550c1807b8ff6e40f804e1127?pvs=21),General (https://app.notion.com/p/General-1fe52a1550c180d89a84f6b6694a42f5?pvs=21),-11966
2023/08/27,汽車加油Other,,"NT$1,514.00",Other (https://app.notion.com/p/Other-1de52a1550c1810a92c1c432337241e8?pvs=21),General (https://app.notion.com/p/General-1fe52a1550c180d89a84f6b6694a42f5?pvs=21),-11966
2023/08/27,小乖住宿,,"NT$1,300.00",Other (https://app.notion.com/p/Other-1de52a1550c1810a92c1c432337241e8?pvs=21),General (https://app.notion.com/p/General-1fe52a1550c180d89a84f6b6694a42f5?pvs=21),-11966
2023/08/26,台東住宿,,"NT$5,730.00",Travel (https://app.notion.com/p/Travel-1de52a1550c18102a04df0c968556b0b?pvs=21),General (https://app.notion.com/p/General-1fe52a1550c180d89a84f6b6694a42f5?pvs=21),-18023
2023/08/25,國道費用,,NT$115.00,Traffic (https://app.notion.com/p/Traffic-1de52a1550c1807b8ff6e40f804e1127?pvs=21),General (https://app.notion.com/p/General-1fe52a1550c180d89a84f6b6694a42f5?pvs=21),-12293
2023/08/25,汽車加油Other,,"NT$1,350.00",Other (https://app.notion.com/p/Other-1de52a1550c1810a92c1c432337241e8?pvs=21),General (https://app.notion.com/p/General-1fe52a1550c180d89a84f6b6694a42f5?pvs=21),-12293
2023/08/23,飲料,,NT$175.00,Food (https://app.notion.com/p/Food-1de52a1550c1808585f7c8d0cbbab341?pvs=21),General (https://app.notion.com/p/General-1fe52a1550c180d89a84f6b6694a42f5?pvs=21),-10828
2023/08/23,起司,,NT$400.00,Food (https://app.notion.com/p/Food-1de52a1550c1808585f7c8d0cbbab341?pvs=21),General (https://app.notion.com/p/General-1fe52a1550c180d89a84f6b6694a42f5?pvs=21),-10828
2023/08/23,CostcoD3,,"NT$1,407.00",Other (https://app.notion.com/p/Other-1de52a1550c1810a92c1c432337241e8?pvs=21),General (https://app.notion.com/p/General-1fe52a1550c180d89a84f6b6694a42f5?pvs=21),-10828
2023/08/23,Costco牛肋條,,"NT$1,630.00",Other (https://app.notion.com/p/Other-1de52a1550c1810a92c1c432337241e8?pvs=21),General (https://app.notion.com/p/General-1fe52a1550c180d89a84f6b6694a42f5?pvs=21),-10828
2023/08/23,蝦皮海藻鈣,,NT$768.00,Other (https://app.notion.com/p/Other-1de52a1550c1810a92c1c432337241e8?pvs=21),General (https://app.notion.com/p/General-1fe52a1550c180d89a84f6b6694a42f5?pvs=21),-10828
2023/08/22,開飯川,,"NT$1,236.00",Food (https://app.notion.com/p/Food-1de52a1550c1808585f7c8d0cbbab341?pvs=21),General (https://app.notion.com/p/General-1fe52a1550c180d89a84f6b6694a42f5?pvs=21),-6448
2023/08/22,充電線,,"NT$1,630.00",Fun (https://app.notion.com/p/Fun-1de52a1550c180f197e2ff3116ec3fa2?pvs=21),General (https://app.notion.com/p/General-1fe52a1550c180d89a84f6b6694a42f5?pvs=21),-6448
2023/08/22,早餐,,NT$45.00,Food (https://app.notion.com/p/Food-1de52a1550c1808585f7c8d0cbbab341?pvs=21),General (https://app.notion.com/p/General-1fe52a1550c180d89a84f6b6694a42f5?pvs=21),-6448
2023/08/21,早餐,,NT$49.00,Food (https://app.notion.com/p/Food-1de52a1550c1808585f7c8d0cbbab341?pvs=21),General (https://app.notion.com/p/General-1fe52a1550c180d89a84f6b6694a42f5?pvs=21),-3537
2023/08/20,剉冰,,NT$75.00,Food (https://app.notion.com/p/Food-1de52a1550c1808585f7c8d0cbbab341?pvs=21),General (https://app.notion.com/p/General-1fe52a1550c180d89a84f6b6694a42f5?pvs=21),-3488
2023/08/20,飲料,,NT$85.00,Food (https://app.notion.com/p/Food-1de52a1550c1808585f7c8d0cbbab341?pvs=21),General (https://app.notion.com/p/General-1fe52a1550c180d89a84f6b6694a42f5?pvs=21),-3488
2023/08/20,麥當勞,,NT$298.00,Food (https://app.notion.com/p/Food-1de52a1550c1808585f7c8d0cbbab341?pvs=21),General (https://app.notion.com/p/General-1fe52a1550c180d89a84f6b6694a42f5?pvs=21),-3488
2023/08/20,房租,,"NT$6,750.00",Groceries (https://app.notion.com/p/Groceries-1de52a1550c180c6be6cdfaeb95cee9a?pvs=21),General (https://app.notion.com/p/General-1fe52a1550c180d89a84f6b6694a42f5?pvs=21),-3488
2023/08/19,早餐,,NT$50.00,Food (https://app.notion.com/p/Food-1de52a1550c1808585f7c8d0cbbab341?pvs=21),General (https://app.notion.com/p/General-1fe52a1550c180d89a84f6b6694a42f5?pvs=21),3720
2023/08/19,飲料,,NT$100.00,Food (https://app.notion.com/p/Food-1de52a1550c1808585f7c8d0cbbab341?pvs=21),General (https://app.notion.com/p/General-1fe52a1550c180d89a84f6b6694a42f5?pvs=21),3720
2023/08/19,油芯紙,,NT$300.00,Traffic (https://app.notion.com/p/Traffic-1de52a1550c1807b8ff6e40f804e1127?pvs=21),Fixed (https://app.notion.com/p/Fixed-1de52a1550c180f19995d25cbc6f1038?pvs=21),9857
2023/08/19,晚餐,,NT$598.00,Food (https://app.notion.com/p/Food-1de52a1550c1808585f7c8d0cbbab341?pvs=21),General (https://app.notion.com/p/General-1fe52a1550c180d89a84f6b6694a42f5?pvs=21),3720
2023/08/19,機車加油,,NT$129.00,Traffic (https://app.notion.com/p/Traffic-1de52a1550c1807b8ff6e40f804e1127?pvs=21),General (https://app.notion.com/p/General-1fe52a1550c180d89a84f6b6694a42f5?pvs=21),3720
2023/08/19,汽車加機油(工本費),,NT$600.00,Traffic (https://app.notion.com/p/Traffic-1de52a1550c1807b8ff6e40f804e1127?pvs=21),Fixed (https://app.notion.com/p/Fixed-1de52a1550c180f19995d25cbc6f1038?pvs=21),9857
2023/08/19,石二鍋,,NT$580.00,Food (https://app.notion.com/p/Food-1de52a1550c1808585f7c8d0cbbab341?pvs=21),General (https://app.notion.com/p/General-1fe52a1550c180d89a84f6b6694a42f5?pvs=21),3720
2023/08/18,潤餅,,NT$40.00,Food (https://app.notion.com/p/Food-1de52a1550c1808585f7c8d0cbbab341?pvs=21),General (https://app.notion.com/p/General-1fe52a1550c180d89a84f6b6694a42f5?pvs=21),5177
2023/08/18,柳家,,NT$170.00,Food (https://app.notion.com/p/Food-1de52a1550c1808585f7c8d0cbbab341?pvs=21),General (https://app.notion.com/p/General-1fe52a1550c180d89a84f6b6694a42f5?pvs=21),5177
2023/08/17,驗車,,NT$300.00,Traffic (https://app.notion.com/p/Traffic-1de52a1550c1807b8ff6e40f804e1127?pvs=21),Fixed (https://app.notion.com/p/Fixed-1de52a1550c180f19995d25cbc6f1038?pvs=21),10757
2023/08/16,全聯,,NT$587.00,Food (https://app.notion.com/p/Food-1de52a1550c1808585f7c8d0cbbab341?pvs=21),General (https://app.notion.com/p/General-1fe52a1550c180d89a84f6b6694a42f5?pvs=21),5387
2023/08/15,中華電信帳單,,"NT$1,865.00",Fun (https://app.notion.com/p/Fun-1de52a1550c180f197e2ff3116ec3fa2?pvs=21),General (https://app.notion.com/p/General-1fe52a1550c180d89a84f6b6694a42f5?pvs=21),5974
2023/08/15,早餐,,NT$60.00,Food (https://app.notion.com/p/Food-1de52a1550c1808585f7c8d0cbbab341?pvs=21),General (https://app.notion.com/p/General-1fe52a1550c180d89a84f6b6694a42f5?pvs=21),5974
2023/08/14,要活就要動,,"NT$2,000.00",Health (https://app.notion.com/p/Health-1de52a1550c180948ad5c45ef59a5bb8?pvs=21),Dream (https://app.notion.com/p/Dream-1de52a1550c180a4bc6eee5e921cbc2d?pvs=21),-808
2023/08/14,飲料,,NT$44.00,Food (https://app.notion.com/p/Food-1de52a1550c1808585f7c8d0cbbab341?pvs=21),General (https://app.notion.com/p/General-1fe52a1550c180d89a84f6b6694a42f5?pvs=21),7899
2023/08/14,咖啡,,NT$35.00,Food (https://app.notion.com/p/Food-1de52a1550c1808585f7c8d0cbbab341?pvs=21),General (https://app.notion.com/p/General-1fe52a1550c180d89a84f6b6694a42f5?pvs=21),7899
2023/08/14,晚餐,,NT$150.00,Food (https://app.notion.com/p/Food-1de52a1550c1808585f7c8d0cbbab341?pvs=21),General (https://app.notion.com/p/General-1fe52a1550c180d89a84f6b6694a42f5?pvs=21),7899
2023/08/13,小鵲幸,,NT$81.00,Food (https://app.notion.com/p/Food-1de52a1550c1808585f7c8d0cbbab341?pvs=21),General (https://app.notion.com/p/General-1fe52a1550c180d89a84f6b6694a42f5?pvs=21),8128
2023/08/13,麥當勞,,NT$239.00,Food (https://app.notion.com/p/Food-1de52a1550c1808585f7c8d0cbbab341?pvs=21),General (https://app.notion.com/p/General-1fe52a1550c180d89a84f6b6694a42f5?pvs=21),8128
2023/08/12,新甘樫,,NT$369.00,Health (https://app.notion.com/p/Health-1de52a1550c180948ad5c45ef59a5bb8?pvs=21),General (https://app.notion.com/p/General-1fe52a1550c180d89a84f6b6694a42f5?pvs=21),8448
2023/08/12,機車加油,,NT$165.00,Traffic (https://app.notion.com/p/Traffic-1de52a1550c1807b8ff6e40f804e1127?pvs=21),General (https://app.notion.com/p/General-1fe52a1550c180d89a84f6b6694a42f5?pvs=21),8448
2023/08/12,wakamoto,,NT$819.00,Health (https://app.notion.com/p/Health-1de52a1550c180948ad5c45ef59a5bb8?pvs=21),General (https://app.notion.com/p/General-1fe52a1550c180d89a84f6b6694a42f5?pvs=21),8448
2023/08/12,燕麥,,NT$269.00,Food (https://app.notion.com/p/Food-1de52a1550c1808585f7c8d0cbbab341?pvs=21),General (https://app.notion.com/p/General-1fe52a1550c180d89a84f6b6694a42f5?pvs=21),8448
2023/08/12,柳丁百香金萱,,NT$225.00,Food (https://app.notion.com/p/Food-1de52a1550c1808585f7c8d0cbbab341?pvs=21),General (https://app.notion.com/p/General-1fe52a1550c180d89a84f6b6694a42f5?pvs=21),8448
2023/08/12,什錦豆,,NT$375.00,Food (https://app.notion.com/p/Food-1de52a1550c1808585f7c8d0cbbab341?pvs=21),General (https://app.notion.com/p/General-1fe52a1550c180d89a84f6b6694a42f5?pvs=21),8448
2023/08/12,布丁,,NT$239.00,Food (https://app.notion.com/p/Food-1de52a1550c1808585f7c8d0cbbab341?pvs=21),General (https://app.notion.com/p/General-1fe52a1550c180d89a84f6b6694a42f5?pvs=21),8448
2023/08/12,蜂蜜冰淇淋,,NT$239.00,Food (https://app.notion.com/p/Food-1de52a1550c1808585f7c8d0cbbab341?pvs=21),General (https://app.notion.com/p/General-1fe52a1550c180d89a84f6b6694a42f5?pvs=21),8448
2023/08/12,青醬三明治,,NT$399.00,Food (https://app.notion.com/p/Food-1de52a1550c1808585f7c8d0cbbab341?pvs=21),General (https://app.notion.com/p/General-1fe52a1550c180d89a84f6b6694a42f5?pvs=21),8448
2023/08/12,花舞豬,,"NT$1,098.00",Food (https://app.notion.com/p/Food-1de52a1550c1808585f7c8d0cbbab341?pvs=21),General (https://app.notion.com/p/General-1fe52a1550c180d89a84f6b6694a42f5?pvs=21),8448
2023/08/12,Milky,,NT$439.00,Food (https://app.notion.com/p/Food-1de52a1550c1808585f7c8d0cbbab341?pvs=21),General (https://app.notion.com/p/General-1fe52a1550c180d89a84f6b6694a42f5?pvs=21),8448
2023/08/12,濾水箱,,"NT$1,939.00",Groceries (https://app.notion.com/p/Groceries-1de52a1550c180c6be6cdfaeb95cee9a?pvs=21),General (https://app.notion.com/p/General-1fe52a1550c180d89a84f6b6694a42f5?pvs=21),8448
2023/08/12,airwaves,,NT$429.00,Food (https://app.notion.com/p/Food-1de52a1550c1808585f7c8d0cbbab341?pvs=21),General (https://app.notion.com/p/General-1fe52a1550c180d89a84f6b6694a42f5?pvs=21),8448
2023/08/11,水電費,,"NT$1,774.00",Groceries (https://app.notion.com/p/Groceries-1de52a1550c180c6be6cdfaeb95cee9a?pvs=21),General (https://app.notion.com/p/General-1fe52a1550c180d89a84f6b6694a42f5?pvs=21),15452
2023/08/11,早餐,,NT$49.00,Food (https://app.notion.com/p/Food-1de52a1550c1808585f7c8d0cbbab341?pvs=21),General (https://app.notion.com/p/General-1fe52a1550c180d89a84f6b6694a42f5?pvs=21),15452
2023/08/11,飲料,,NT$90.00,Food (https://app.notion.com/p/Food-1de52a1550c1808585f7c8d0cbbab341?pvs=21),General (https://app.notion.com/p/General-1fe52a1550c180d89a84f6b6694a42f5?pvs=21),15452
2023/08/11,逆思維,,NT$230.00,Learning (https://app.notion.com/p/Learning-1de52a1550c181fba52ed20f1907d909?pvs=21),General (https://app.notion.com/p/General-1fe52a1550c180d89a84f6b6694a42f5?pvs=21),15452
2023/08/11,打造第二大腦,,NT$207.00,Learning (https://app.notion.com/p/Learning-1de52a1550c181fba52ed20f1907d909?pvs=21),General (https://app.notion.com/p/General-1fe52a1550c180d89a84f6b6694a42f5?pvs=21),15452
2023/08/11,原子習慣,,NT$180.00,Learning (https://app.notion.com/p/Learning-1de52a1550c181fba52ed20f1907d909?pvs=21),General (https://app.notion.com/p/General-1fe52a1550c180d89a84f6b6694a42f5?pvs=21),15452
2023/08/10,晚餐,,NT$50.00,Food (https://app.notion.com/p/Food-1de52a1550c1808585f7c8d0cbbab341?pvs=21),General (https://app.notion.com/p/General-1fe52a1550c180d89a84f6b6694a42f5?pvs=21),17982
2023/08/10,早餐,,NT$49.00,Food (https://app.notion.com/p/Food-1de52a1550c1808585f7c8d0cbbab341?pvs=21),General (https://app.notion.com/p/General-1fe52a1550c180d89a84f6b6694a42f5?pvs=21),17982
2023/08/09,晚餐,,NT$80.00,Food (https://app.notion.com/p/Food-1de52a1550c1808585f7c8d0cbbab341?pvs=21),General (https://app.notion.com/p/General-1fe52a1550c180d89a84f6b6694a42f5?pvs=21),18081
2023/08/09,全聯,,NT$159.00,Food (https://app.notion.com/p/Food-1de52a1550c1808585f7c8d0cbbab341?pvs=21),General (https://app.notion.com/p/General-1fe52a1550c180d89a84f6b6694a42f5?pvs=21),18081
2023/08/09,早餐,,NT$135.00,Food (https://app.notion.com/p/Food-1de52a1550c1808585f7c8d0cbbab341?pvs=21),General (https://app.notion.com/p/General-1fe52a1550c180d89a84f6b6694a42f5?pvs=21),18081
2023/08/08,奶茶包,,NT$650.00,Food (https://app.notion.com/p/Food-1de52a1550c1808585f7c8d0cbbab341?pvs=21),General (https://app.notion.com/p/General-1fe52a1550c180d89a84f6b6694a42f5?pvs=21),18455
2023/08/08,早餐,,NT$49.00,Food (https://app.notion.com/p/Food-1de52a1550c1808585f7c8d0cbbab341?pvs=21),General (https://app.notion.com/p/General-1fe52a1550c180d89a84f6b6694a42f5?pvs=21),18455
2023/08/08,白鬍子牛排,,NT$360.00,Food (https://app.notion.com/p/Food-1de52a1550c1808585f7c8d0cbbab341?pvs=21),General (https://app.notion.com/p/General-1fe52a1550c180d89a84f6b6694a42f5?pvs=21),18455
2023/08/07,早餐,,NT$60.00,Food (https://app.notion.com/p/Food-1de52a1550c1808585f7c8d0cbbab341?pvs=21),General (https://app.notion.com/p/General-1fe52a1550c180d89a84f6b6694a42f5?pvs=21),19514
2023/08/07,下午茶,,NT$40.00,Food (https://app.notion.com/p/Food-1de52a1550c1808585f7c8d0cbbab341?pvs=21),General (https://app.notion.com/p/General-1fe52a1550c180d89a84f6b6694a42f5?pvs=21),19514
2023/08/07,全聯,,NT$102.00,Food (https://app.notion.com/p/Food-1de52a1550c1808585f7c8d0cbbab341?pvs=21),General (https://app.notion.com/p/General-1fe52a1550c180d89a84f6b6694a42f5?pvs=21),19514
2023/08/06,國道費用,,NT$215.00,Traffic (https://app.notion.com/p/Traffic-1de52a1550c1807b8ff6e40f804e1127?pvs=21),General (https://app.notion.com/p/General-1fe52a1550c180d89a84f6b6694a42f5?pvs=21),19716
2023/08/06,停車費,,NT$105.00,Traffic (https://app.notion.com/p/Traffic-1de52a1550c1807b8ff6e40f804e1127?pvs=21),General (https://app.notion.com/p/General-1fe52a1550c180d89a84f6b6694a42f5?pvs=21),19716
2023/08/06,汽車加油,,"NT$1,572.00",Traffic (https://app.notion.com/p/Traffic-1de52a1550c1807b8ff6e40f804e1127?pvs=21),General (https://app.notion.com/p/General-1fe52a1550c180d89a84f6b6694a42f5?pvs=21),19716
2023/08/05,飲料,,NT$32.00,Food (https://app.notion.com/p/Food-1de52a1550c1808585f7c8d0cbbab341?pvs=21),General (https://app.notion.com/p/General-1fe52a1550c180d89a84f6b6694a42f5?pvs=21),21608
2023/08/05,國道費用,,NT$66.00,Traffic (https://app.notion.com/p/Traffic-1de52a1550c1807b8ff6e40f804e1127?pvs=21),General (https://app.notion.com/p/General-1fe52a1550c180d89a84f6b6694a42f5?pvs=21),21608
2023/08/05,汽車換輪胎,,"NT$2,400.00",Traffic (https://app.notion.com/p/Traffic-1de52a1550c1807b8ff6e40f804e1127?pvs=21),Fixed (https://app.notion.com/p/Fixed-1de52a1550c180f19995d25cbc6f1038?pvs=21),11057
2023/08/05,烏弄,,NT$65.00,Food (https://app.notion.com/p/Food-1de52a1550c1808585f7c8d0cbbab341?pvs=21),General (https://app.notion.com/p/General-1fe52a1550c180d89a84f6b6694a42f5?pvs=21),21608
2023/08/04,國道費用,,NT$224.00,Traffic (https://app.notion.com/p/Traffic-1de52a1550c1807b8ff6e40f804e1127?pvs=21),General (https://app.notion.com/p/General-1fe52a1550c180d89a84f6b6694a42f5?pvs=21),21771
2023/08/04,汽車加油,,"NT$1,481.00",Traffic (https://app.notion.com/p/Traffic-1de52a1550c1807b8ff6e40f804e1127?pvs=21),Couple's (https://app.notion.com/p/Couple-s-1de52a1550c181d39de7eebc343b38cd?pvs=21),1785
2023/08/04,奶茶,,NT$23.00,Food (https://app.notion.com/p/Food-1de52a1550c1808585f7c8d0cbbab341?pvs=21),General (https://app.notion.com/p/General-1fe52a1550c180d89a84f6b6694a42f5?pvs=21),21771
2023/08/04,早餐,,NT$60.00,Food (https://app.notion.com/p/Food-1de52a1550c1808585f7c8d0cbbab341?pvs=21),General (https://app.notion.com/p/General-1fe52a1550c180d89a84f6b6694a42f5?pvs=21),21771
2023/08/03,點心,,NT$45.00,Food (https://app.notion.com/p/Food-1de52a1550c1808585f7c8d0cbbab341?pvs=21),General (https://app.notion.com/p/General-1fe52a1550c180d89a84f6b6694a42f5?pvs=21),22078
2023/08/03,咖啡,,NT$35.00,Food (https://app.notion.com/p/Food-1de52a1550c1808585f7c8d0cbbab341?pvs=21),General (https://app.notion.com/p/General-1fe52a1550c180d89a84f6b6694a42f5?pvs=21),22078
2023/08/03,滷味,,NT$135.00,Food (https://app.notion.com/p/Food-1de52a1550c1808585f7c8d0cbbab341?pvs=21),General (https://app.notion.com/p/General-1fe52a1550c180d89a84f6b6694a42f5?pvs=21),22078
2023/08/03,50嵐1號,,NT$50.00,Food (https://app.notion.com/p/Food-1de52a1550c1808585f7c8d0cbbab341?pvs=21),General (https://app.notion.com/p/General-1fe52a1550c180d89a84f6b6694a42f5?pvs=21),22078
2023/08/02,龜記,,NT$40.00,Food (https://app.notion.com/p/Food-1de52a1550c1808585f7c8d0cbbab341?pvs=21),General (https://app.notion.com/p/General-1fe52a1550c180d89a84f6b6694a42f5?pvs=21),22343
2023/08/02,滷味,,NT$150.00,Food (https://app.notion.com/p/Food-1de52a1550c1808585f7c8d0cbbab341?pvs=21),General (https://app.notion.com/p/General-1fe52a1550c180d89a84f6b6694a42f5?pvs=21),22343
2023/08/01,獎金分紅(給女友,,"NT$5,009.00",Other (https://app.notion.com/p/Other-1de52a1550c1810a92c1c432337241e8?pvs=21),Dream (https://app.notion.com/p/Dream-1de52a1550c180a4bc6eee5e921cbc2d?pvs=21),1192
2023/08/01,飲料,,NT$55.00,Food (https://app.notion.com/p/Food-1de52a1550c1808585f7c8d0cbbab341?pvs=21),General (https://app.notion.com/p/General-1fe52a1550c180d89a84f6b6694a42f5?pvs=21),22533
2023/08/01,老雲記,,NT$360.00,Food (https://app.notion.com/p/Food-1de52a1550c1808585f7c8d0cbbab341?pvs=21),General (https://app.notion.com/p/General-1fe52a1550c180d89a84f6b6694a42f5?pvs=21),22533
2023/08/01,全家早餐,,NT$49.00,Food (https://app.notion.com/p/Food-1de52a1550c1808585f7c8d0cbbab341?pvs=21),General (https://app.notion.com/p/General-1fe52a1550c180d89a84f6b6694a42f5?pvs=21),22533
2023/07/31,衛生紙,,NT$369.00,Groceries (https://app.notion.com/p/Groceries-1de52a1550c180c6be6cdfaeb95cee9a?pvs=21),General (https://app.notion.com/p/General-1fe52a1550c180d89a84f6b6694a42f5?pvs=21),17945
2023/07/31,菠菜,,NT$107.00,Food (https://app.notion.com/p/Food-1de52a1550c1808585f7c8d0cbbab341?pvs=21),General (https://app.notion.com/p/General-1fe52a1550c180d89a84f6b6694a42f5?pvs=21),17945
2023/07/31,烤雞腿,,NT$349.00,Food (https://app.notion.com/p/Food-1de52a1550c1808585f7c8d0cbbab341?pvs=21),General (https://app.notion.com/p/General-1fe52a1550c180d89a84f6b6694a42f5?pvs=21),17945
2023/07/31,匯給媽,,"NT$6,000.00",Family (https://app.notion.com/p/Family-1de52a1550c181faa107fcc0a73d8120?pvs=21),Fixed (https://app.notion.com/p/Fixed-1de52a1550c180f19995d25cbc6f1038?pvs=21),13457
2023/07/31,早餐,,NT$85.00,Food (https://app.notion.com/p/Food-1de52a1550c1808585f7c8d0cbbab341?pvs=21),General (https://app.notion.com/p/General-1fe52a1550c180d89a84f6b6694a42f5?pvs=21),17945
2023/07/30,一私,,NT$315.00,Food (https://app.notion.com/p/Food-1de52a1550c1808585f7c8d0cbbab341?pvs=21),General (https://app.notion.com/p/General-1fe52a1550c180d89a84f6b6694a42f5?pvs=21),-3834
2023/07/30,電影,,NT$734.00,Learning (https://app.notion.com/p/Learning-1de52a1550c181fba52ed20f1907d909?pvs=21),Couple's (https://app.notion.com/p/Couple-s-1de52a1550c181d39de7eebc343b38cd?pvs=21),1266
2023/07/29,飲料,,NT$100.00,Food (https://app.notion.com/p/Food-1de52a1550c1808585f7c8d0cbbab341?pvs=21),General (https://app.notion.com/p/General-1fe52a1550c180d89a84f6b6694a42f5?pvs=21),-3519
2023/07/29,全聯Food,,NT$609.00,Food (https://app.notion.com/p/Food-1de52a1550c1808585f7c8d0cbbab341?pvs=21),General (https://app.notion.com/p/General-1fe52a1550c180d89a84f6b6694a42f5?pvs=21),-3519
2023/07/29,綠茶,,NT$40.00,Food (https://app.notion.com/p/Food-1de52a1550c1808585f7c8d0cbbab341?pvs=21),General (https://app.notion.com/p/General-1fe52a1550c180d89a84f6b6694a42f5?pvs=21),-3519
2023/07/28,勃肯鞋修復,,"NT$1,000.00",Clothes (https://app.notion.com/p/Clothes-1de52a1550c181c098ebee3f08c04f38?pvs=21),General (https://app.notion.com/p/General-1fe52a1550c180d89a84f6b6694a42f5?pvs=21),-2770
2023/07/28,全聯Food,,NT$332.00,Food (https://app.notion.com/p/Food-1de52a1550c1808585f7c8d0cbbab341?pvs=21),General (https://app.notion.com/p/General-1fe52a1550c180d89a84f6b6694a42f5?pvs=21),-2770
2023/07/27,一風堂,,NT$700.00,Food (https://app.notion.com/p/Food-1de52a1550c1808585f7c8d0cbbab341?pvs=21),General (https://app.notion.com/p/General-1fe52a1550c180d89a84f6b6694a42f5?pvs=21),-1438
2023/07/26,滷味,,NT$140.00,Food (https://app.notion.com/p/Food-1de52a1550c1808585f7c8d0cbbab341?pvs=21),General (https://app.notion.com/p/General-1fe52a1550c180d89a84f6b6694a42f5?pvs=21),-738
2023/07/26,飲料,,NT$50.00,Food (https://app.notion.com/p/Food-1de52a1550c1808585f7c8d0cbbab341?pvs=21),General (https://app.notion.com/p/General-1fe52a1550c180d89a84f6b6694a42f5?pvs=21),-738
2023/07/26,早餐,,NT$60.00,Food (https://app.notion.com/p/Food-1de52a1550c1808585f7c8d0cbbab341?pvs=21),General (https://app.notion.com/p/General-1fe52a1550c180d89a84f6b6694a42f5?pvs=21),-738
2023/07/25,零食,,NT$119.00,Food (https://app.notion.com/p/Food-1de52a1550c1808585f7c8d0cbbab341?pvs=21),General (https://app.notion.com/p/General-1fe52a1550c180d89a84f6b6694a42f5?pvs=21),-488
2023/07/25,肯德基,,NT$449.00,Food (https://app.notion.com/p/Food-1de52a1550c1808585f7c8d0cbbab341?pvs=21),General (https://app.notion.com/p/General-1fe52a1550c180d89a84f6b6694a42f5?pvs=21),-488
2023/07/24,綠茶,,NT$20.00,Food (https://app.notion.com/p/Food-1de52a1550c1808585f7c8d0cbbab341?pvs=21),General (https://app.notion.com/p/General-1fe52a1550c180d89a84f6b6694a42f5?pvs=21),80
2023/07/23,太郎燒肉,,NT$638.00,Food (https://app.notion.com/p/Food-1de52a1550c1808585f7c8d0cbbab341?pvs=21),General (https://app.notion.com/p/General-1fe52a1550c180d89a84f6b6694a42f5?pvs=21),100
2023/07/23,小鵲幸,,NT$76.00,Food (https://app.notion.com/p/Food-1de52a1550c1808585f7c8d0cbbab341?pvs=21),General (https://app.notion.com/p/General-1fe52a1550c180d89a84f6b6694a42f5?pvs=21),100
2023/07/23,全聯,,NT$250.00,Food (https://app.notion.com/p/Food-1de52a1550c1808585f7c8d0cbbab341?pvs=21),General (https://app.notion.com/p/General-1fe52a1550c180d89a84f6b6694a42f5?pvs=21),100
2023/07/23,飲料,,NT$100.00,Food (https://app.notion.com/p/Food-1de52a1550c1808585f7c8d0cbbab341?pvs=21),General (https://app.notion.com/p/General-1fe52a1550c180d89a84f6b6694a42f5?pvs=21),100
2023/07/23,一私麵店,,NT$500.00,Food (https://app.notion.com/p/Food-1de52a1550c1808585f7c8d0cbbab341?pvs=21),General (https://app.notion.com/p/General-1fe52a1550c180d89a84f6b6694a42f5?pvs=21),100
2023/07/23,蘭花,,"NT$1,440.00",Other (https://app.notion.com/p/Other-1de52a1550c1810a92c1c432337241e8?pvs=21),General (https://app.notion.com/p/General-1fe52a1550c180d89a84f6b6694a42f5?pvs=21),100
2023/07/22,飲料,,NT$100.00,Food (https://app.notion.com/p/Food-1de52a1550c1808585f7c8d0cbbab341?pvs=21),General (https://app.notion.com/p/General-1fe52a1550c180d89a84f6b6694a42f5?pvs=21),1664
2023/07/22,麵堂,,NT$305.00,Food (https://app.notion.com/p/Food-1de52a1550c1808585f7c8d0cbbab341?pvs=21),General (https://app.notion.com/p/General-1fe52a1550c180d89a84f6b6694a42f5?pvs=21),1664
2023/07/22,剪頭髮,,NT$560.00,Cosmetics (https://app.notion.com/p/Cosmetics-1de52a1550c181cb93fdfe1a610bf352?pvs=21),General (https://app.notion.com/p/General-1fe52a1550c180d89a84f6b6694a42f5?pvs=21),1664
2023/07/22,綠茶,,NT$20.00,Food (https://app.notion.com/p/Food-1de52a1550c1808585f7c8d0cbbab341?pvs=21),General (https://app.notion.com/p/General-1fe52a1550c180d89a84f6b6694a42f5?pvs=21),1664
2023/07/22,藜剪髮,,"NT$1,520.00",Other (https://app.notion.com/p/Other-1de52a1550c1810a92c1c432337241e8?pvs=21),General (https://app.notion.com/p/General-1fe52a1550c180d89a84f6b6694a42f5?pvs=21),1664
2023/07/21,房租,,"NT$6,750.00",Groceries (https://app.notion.com/p/Groceries-1de52a1550c180c6be6cdfaeb95cee9a?pvs=21),General (https://app.notion.com/p/General-1fe52a1550c180d89a84f6b6694a42f5?pvs=21),4169
2023/07/21,延平大飯店,,NT$500.00,Food (https://app.notion.com/p/Food-1de52a1550c1808585f7c8d0cbbab341?pvs=21),General (https://app.notion.com/p/General-1fe52a1550c180d89a84f6b6694a42f5?pvs=21),4169
2023/07/20,光世代網路,,NT$848.00,Fun (https://app.notion.com/p/Fun-1de52a1550c180f197e2ff3116ec3fa2?pvs=21),General (https://app.notion.com/p/General-1fe52a1550c180d89a84f6b6694a42f5?pvs=21),11419
2023/07/19,Subway,,NT$105.00,Food (https://app.notion.com/p/Food-1de52a1550c1808585f7c8d0cbbab341?pvs=21),General (https://app.notion.com/p/General-1fe52a1550c180d89a84f6b6694a42f5?pvs=21),12267
2023/07/18,握把布,,NT$50.00,Groceries (https://app.notion.com/p/Groceries-1de52a1550c180c6be6cdfaeb95cee9a?pvs=21),General (https://app.notion.com/p/General-1fe52a1550c180d89a84f6b6694a42f5?pvs=21),12372
2023/07/18,全家咖啡,,NT$49.00,Food (https://app.notion.com/p/Food-1de52a1550c1808585f7c8d0cbbab341?pvs=21),General (https://app.notion.com/p/General-1fe52a1550c180d89a84f6b6694a42f5?pvs=21),12372
2023/07/16,韓國住宿,,"NT$14,214.00",Travel (https://app.notion.com/p/Travel-1de52a1550c18102a04df0c968556b0b?pvs=21),Dream (https://app.notion.com/p/Dream-1de52a1550c180a4bc6eee5e921cbc2d?pvs=21),3595
2023/07/16,小鵲幸,,NT$51.00,Food (https://app.notion.com/p/Food-1de52a1550c1808585f7c8d0cbbab341?pvs=21),General (https://app.notion.com/p/General-1fe52a1550c180d89a84f6b6694a42f5?pvs=21),12471
2023/07/16,50嵐,,NT$90.00,Food (https://app.notion.com/p/Food-1de52a1550c1808585f7c8d0cbbab341?pvs=21),General (https://app.notion.com/p/General-1fe52a1550c180d89a84f6b6694a42f5?pvs=21),12471
2023/07/16,牛奶,,NT$102.00,Food (https://app.notion.com/p/Food-1de52a1550c1808585f7c8d0cbbab341?pvs=21),General (https://app.notion.com/p/General-1fe52a1550c180d89a84f6b6694a42f5?pvs=21),12471
2023/07/16,高麗菜,,NT$38.00,Food (https://app.notion.com/p/Food-1de52a1550c1808585f7c8d0cbbab341?pvs=21),General (https://app.notion.com/p/General-1fe52a1550c180d89a84f6b6694a42f5?pvs=21),12471
2023/07/16,蘿蔔,,NT$36.00,Food (https://app.notion.com/p/Food-1de52a1550c1808585f7c8d0cbbab341?pvs=21),General (https://app.notion.com/p/General-1fe52a1550c180d89a84f6b6694a42f5?pvs=21),12471
2023/07/16,布丁,,NT$17.00,Food (https://app.notion.com/p/Food-1de52a1550c1808585f7c8d0cbbab341?pvs=21),General (https://app.notion.com/p/General-1fe52a1550c180d89a84f6b6694a42f5?pvs=21),12471
2023/07/16,客運（台中→新竹）,,NT$320.00,Social (https://app.notion.com/p/Social-1de52a1550c180eaa21cea69f136a638?pvs=21),General (https://app.notion.com/p/General-1fe52a1550c180d89a84f6b6694a42f5?pvs=21),12471
2023/07/16,金色三麥,,NT$978.00,Social (https://app.notion.com/p/Social-1de52a1550c180eaa21cea69f136a638?pvs=21),General (https://app.notion.com/p/General-1fe52a1550c180d89a84f6b6694a42f5?pvs=21),12471
2023/07/15,蛋,,NT$60.00,Food (https://app.notion.com/p/Food-1de52a1550c1808585f7c8d0cbbab341?pvs=21),General (https://app.notion.com/p/General-1fe52a1550c180d89a84f6b6694a42f5?pvs=21),14103
2023/07/15,娃娃菜,,NT$48.00,Food (https://app.notion.com/p/Food-1de52a1550c1808585f7c8d0cbbab341?pvs=21),General (https://app.notion.com/p/General-1fe52a1550c180d89a84f6b6694a42f5?pvs=21),14103
2023/07/15,洋蔥,,NT$42.00,Food (https://app.notion.com/p/Food-1de52a1550c1808585f7c8d0cbbab341?pvs=21),General (https://app.notion.com/p/General-1fe52a1550c180d89a84f6b6694a42f5?pvs=21),14103
2023/07/15,水蓮,,NT$49.00,Food (https://app.notion.com/p/Food-1de52a1550c1808585f7c8d0cbbab341?pvs=21),General (https://app.notion.com/p/General-1fe52a1550c180d89a84f6b6694a42f5?pvs=21),14103
2023/07/15,麵筋,,NT$23.00,Food (https://app.notion.com/p/Food-1de52a1550c1808585f7c8d0cbbab341?pvs=21),General (https://app.notion.com/p/General-1fe52a1550c180d89a84f6b6694a42f5?pvs=21),14103
2023/07/15,豆芽菜,,NT$20.00,Food (https://app.notion.com/p/Food-1de52a1550c1808585f7c8d0cbbab341?pvs=21),General (https://app.notion.com/p/General-1fe52a1550c180d89a84f6b6694a42f5?pvs=21),14103
2023/07/15,除塵紙*4,,NT$238.00,Groceries (https://app.notion.com/p/Groceries-1de52a1550c180c6be6cdfaeb95cee9a?pvs=21),General (https://app.notion.com/p/General-1fe52a1550c180d89a84f6b6694a42f5?pvs=21),14103
2023/07/15,玉米筍,,NT$27.00,Food (https://app.notion.com/p/Food-1de52a1550c1808585f7c8d0cbbab341?pvs=21),General (https://app.notion.com/p/General-1fe52a1550c180d89a84f6b6694a42f5?pvs=21),14103
2023/07/15,五花肉,,NT$76.00,Food (https://app.notion.com/p/Food-1de52a1550c1808585f7c8d0cbbab341?pvs=21),General (https://app.notion.com/p/General-1fe52a1550c180d89a84f6b6694a42f5?pvs=21),14103
2023/07/15,豆皮,,NT$55.00,Food (https://app.notion.com/p/Food-1de52a1550c1808585f7c8d0cbbab341?pvs=21),General (https://app.notion.com/p/General-1fe52a1550c180d89a84f6b6694a42f5?pvs=21),14103
2023/07/14,飲料,,NT$125.00,Food (https://app.notion.com/p/Food-1de52a1550c1808585f7c8d0cbbab341?pvs=21),General (https://app.notion.com/p/General-1fe52a1550c180d89a84f6b6694a42f5?pvs=21),14741
2023/07/14,中餐,,NT$214.00,Food (https://app.notion.com/p/Food-1de52a1550c1808585f7c8d0cbbab341?pvs=21),General (https://app.notion.com/p/General-1fe52a1550c180d89a84f6b6694a42f5?pvs=21),14741
2023/07/14,木瓜冰淇淋,,NT$98.00,Food (https://app.notion.com/p/Food-1de52a1550c1808585f7c8d0cbbab341?pvs=21),General (https://app.notion.com/p/General-1fe52a1550c180d89a84f6b6694a42f5?pvs=21),14741
2023/07/14,GoodNote,,NT$330.00,Fun (https://app.notion.com/p/Fun-1de52a1550c180f197e2ff3116ec3fa2?pvs=21),General (https://app.notion.com/p/General-1fe52a1550c180d89a84f6b6694a42f5?pvs=21),14741
2023/07/14,Poly bridge(Steam),,NT$300.00,Fun (https://app.notion.com/p/Fun-1de52a1550c180f197e2ff3116ec3fa2?pvs=21),General (https://app.notion.com/p/General-1fe52a1550c180d89a84f6b6694a42f5?pvs=21),14741
2023/07/13,上宇林,,NT$120.00,Food (https://app.notion.com/p/Food-1de52a1550c1808585f7c8d0cbbab341?pvs=21),General (https://app.notion.com/p/General-1fe52a1550c180d89a84f6b6694a42f5?pvs=21),15808
2023/07/13,排骨酥麵,,NT$424.00,Food (https://app.notion.com/p/Food-1de52a1550c1808585f7c8d0cbbab341?pvs=21),General (https://app.notion.com/p/General-1fe52a1550c180d89a84f6b6694a42f5?pvs=21),15808
2023/07/12,早餐,,NT$225.00,Food (https://app.notion.com/p/Food-1de52a1550c1808585f7c8d0cbbab341?pvs=21),General (https://app.notion.com/p/General-1fe52a1550c180d89a84f6b6694a42f5?pvs=21),16352
2023/07/11,麵包,,NT$191.00,Food (https://app.notion.com/p/Food-1de52a1550c1808585f7c8d0cbbab341?pvs=21),General (https://app.notion.com/p/General-1fe52a1550c180d89a84f6b6694a42f5?pvs=21),16577
2023/07/11,午餐,,NT$779.00,Food (https://app.notion.com/p/Food-1de52a1550c1808585f7c8d0cbbab341?pvs=21),General (https://app.notion.com/p/General-1fe52a1550c180d89a84f6b6694a42f5?pvs=21),16577
2023/07/11,小蘇打,,NT$45.00,Other (https://app.notion.com/p/Other-1de52a1550c1810a92c1c432337241e8?pvs=21),General (https://app.notion.com/p/General-1fe52a1550c180d89a84f6b6694a42f5?pvs=21),16577
2023/07/11,麥當勞,,NT$107.00,Food (https://app.notion.com/p/Food-1de52a1550c1808585f7c8d0cbbab341?pvs=21),General (https://app.notion.com/p/General-1fe52a1550c180d89a84f6b6694a42f5?pvs=21),16577
2023/07/10,潤餅,,NT$40.00,Food (https://app.notion.com/p/Food-1de52a1550c1808585f7c8d0cbbab341?pvs=21),General (https://app.notion.com/p/General-1fe52a1550c180d89a84f6b6694a42f5?pvs=21),17699
2023/07/10,雞蛋糕,,NT$40.00,Food (https://app.notion.com/p/Food-1de52a1550c1808585f7c8d0cbbab341?pvs=21),General (https://app.notion.com/p/General-1fe52a1550c180d89a84f6b6694a42f5?pvs=21),17699
2023/07/10,全聯,,NT$811.00,Food (https://app.notion.com/p/Food-1de52a1550c1808585f7c8d0cbbab341?pvs=21),General (https://app.notion.com/p/General-1fe52a1550c180d89a84f6b6694a42f5?pvs=21),17699
2023/07/10,除蝸牛藥,,NT$100.00,Other (https://app.notion.com/p/Other-1de52a1550c1810a92c1c432337241e8?pvs=21),General (https://app.notion.com/p/General-1fe52a1550c180d89a84f6b6694a42f5?pvs=21),17699
2023/07/09,笠方格,,NT$80.00,Food (https://app.notion.com/p/Food-1de52a1550c1808585f7c8d0cbbab341?pvs=21),General (https://app.notion.com/p/General-1fe52a1550c180d89a84f6b6694a42f5?pvs=21),16890
2023/07/09,申記麵食,,NT$300.00,Food (https://app.notion.com/p/Food-1de52a1550c1808585f7c8d0cbbab341?pvs=21),General (https://app.notion.com/p/General-1fe52a1550c180d89a84f6b6694a42f5?pvs=21),16890
2023/07/09,全家小點心,,NT$139.00,Food (https://app.notion.com/p/Food-1de52a1550c1808585f7c8d0cbbab341?pvs=21),General (https://app.notion.com/p/General-1fe52a1550c180d89a84f6b6694a42f5?pvs=21),16890
2023/07/09,玉蘭,,NT$110.00,Food (https://app.notion.com/p/Food-1de52a1550c1808585f7c8d0cbbab341?pvs=21),General (https://app.notion.com/p/General-1fe52a1550c180d89a84f6b6694a42f5?pvs=21),16890
2023/07/08,取票手續費,,NT$20.00,Fun (https://app.notion.com/p/Fun-1de52a1550c180f197e2ff3116ec3fa2?pvs=21),General (https://app.notion.com/p/General-1fe52a1550c180d89a84f6b6694a42f5?pvs=21),12880
2023/07/08,大王千金,,NT$197.00,Food (https://app.notion.com/p/Food-1de52a1550c1808585f7c8d0cbbab341?pvs=21),General (https://app.notion.com/p/General-1fe52a1550c180d89a84f6b6694a42f5?pvs=21),12880
2023/07/08,小鵲幸,,NT$61.00,Food (https://app.notion.com/p/Food-1de52a1550c1808585f7c8d0cbbab341?pvs=21),General (https://app.notion.com/p/General-1fe52a1550c180d89a84f6b6694a42f5?pvs=21),12880
2023/07/08,三韻紅萱加珍珠*2,,NT$90.00,Food (https://app.notion.com/p/Food-1de52a1550c1808585f7c8d0cbbab341?pvs=21),General (https://app.notion.com/p/General-1fe52a1550c180d89a84f6b6694a42f5?pvs=21),12880
2023/07/08,捷運,,NT$60.00,Traffic (https://app.notion.com/p/Traffic-1de52a1550c1807b8ff6e40f804e1127?pvs=21),General (https://app.notion.com/p/General-1fe52a1550c180d89a84f6b6694a42f5?pvs=21),12880
2023/07/08,點心世界(午餐,,NT$505.00,Food (https://app.notion.com/p/Food-1de52a1550c1808585f7c8d0cbbab341?pvs=21),General (https://app.notion.com/p/General-1fe52a1550c180d89a84f6b6694a42f5?pvs=21),12880
2023/07/08,綠茶,,NT$20.00,Food (https://app.notion.com/p/Food-1de52a1550c1808585f7c8d0cbbab341?pvs=21),General (https://app.notion.com/p/General-1fe52a1550c180d89a84f6b6694a42f5?pvs=21),12880
2023/07/08,新竹客運(來回*2,,NT$540.00,Traffic (https://app.notion.com/p/Traffic-1de52a1550c1807b8ff6e40f804e1127?pvs=21),General (https://app.notion.com/p/General-1fe52a1550c180d89a84f6b6694a42f5?pvs=21),12880
2023/07/07,奶茶,,NT$23.00,Food (https://app.notion.com/p/Food-1de52a1550c1808585f7c8d0cbbab341?pvs=21),General (https://app.notion.com/p/General-1fe52a1550c180d89a84f6b6694a42f5?pvs=21),14373
2023/07/07,綠茶,,NT$20.00,Food (https://app.notion.com/p/Food-1de52a1550c1808585f7c8d0cbbab341?pvs=21),General (https://app.notion.com/p/General-1fe52a1550c180d89a84f6b6694a42f5?pvs=21),14373
2023/07/07,吐司,,NT$35.00,Food (https://app.notion.com/p/Food-1de52a1550c1808585f7c8d0cbbab341?pvs=21),General (https://app.notion.com/p/General-1fe52a1550c180d89a84f6b6694a42f5?pvs=21),14373
2023/07/06,馬鈴薯,,NT$26.00,Food (https://app.notion.com/p/Food-1de52a1550c1808585f7c8d0cbbab341?pvs=21),General (https://app.notion.com/p/General-1fe52a1550c180d89a84f6b6694a42f5?pvs=21),14451
2023/07/06,洋蔥,,NT$23.00,Food (https://app.notion.com/p/Food-1de52a1550c1808585f7c8d0cbbab341?pvs=21),General (https://app.notion.com/p/General-1fe52a1550c180d89a84f6b6694a42f5?pvs=21),14451
2023/07/06,雞湯,,NT$42.00,Food (https://app.notion.com/p/Food-1de52a1550c1808585f7c8d0cbbab341?pvs=21),General (https://app.notion.com/p/General-1fe52a1550c180d89a84f6b6694a42f5?pvs=21),14451
2023/07/06,番茄,,NT$36.00,Food (https://app.notion.com/p/Food-1de52a1550c1808585f7c8d0cbbab341?pvs=21),General (https://app.notion.com/p/General-1fe52a1550c180d89a84f6b6694a42f5?pvs=21),14451
2023/07/06,火鍋片,,NT$109.00,Food (https://app.notion.com/p/Food-1de52a1550c1808585f7c8d0cbbab341?pvs=21),General (https://app.notion.com/p/General-1fe52a1550c180d89a84f6b6694a42f5?pvs=21),14451
2023/07/06,可樂,,NT$28.00,Food (https://app.notion.com/p/Food-1de52a1550c1808585f7c8d0cbbab341?pvs=21),General (https://app.notion.com/p/General-1fe52a1550c180d89a84f6b6694a42f5?pvs=21),14451
2023/07/06,機車燃料費,,NT$450.00,Traffic (https://app.notion.com/p/Traffic-1de52a1550c1807b8ff6e40f804e1127?pvs=21),Fixed (https://app.notion.com/p/Fixed-1de52a1550c180f19995d25cbc6f1038?pvs=21),6426
2023/07/06,奶茶,,NT$10.00,Food (https://app.notion.com/p/Food-1de52a1550c1808585f7c8d0cbbab341?pvs=21),General (https://app.notion.com/p/General-1fe52a1550c180d89a84f6b6694a42f5?pvs=21),14451
2023/07/06,咖啡,,NT$40.00,Food (https://app.notion.com/p/Food-1de52a1550c1808585f7c8d0cbbab341?pvs=21),General (https://app.notion.com/p/General-1fe52a1550c180d89a84f6b6694a42f5?pvs=21),14451
2023/07/05,豆花,,NT$55.00,Food (https://app.notion.com/p/Food-1de52a1550c1808585f7c8d0cbbab341?pvs=21),General (https://app.notion.com/p/General-1fe52a1550c180d89a84f6b6694a42f5?pvs=21),14765
2023/07/05,金針菇,,NT$11.00,Food (https://app.notion.com/p/Food-1de52a1550c1808585f7c8d0cbbab341?pvs=21),General (https://app.notion.com/p/General-1fe52a1550c180d89a84f6b6694a42f5?pvs=21),14765
2023/07/05,滷味,,NT$135.00,Food (https://app.notion.com/p/Food-1de52a1550c1808585f7c8d0cbbab341?pvs=21),General (https://app.notion.com/p/General-1fe52a1550c180d89a84f6b6694a42f5?pvs=21),14765
2023/07/05,豬肉,,NT$84.00,Food (https://app.notion.com/p/Food-1de52a1550c1808585f7c8d0cbbab341?pvs=21),General (https://app.notion.com/p/General-1fe52a1550c180d89a84f6b6694a42f5?pvs=21),14765
2023/07/05,雞蛋,,NT$67.00,Food (https://app.notion.com/p/Food-1de52a1550c1808585f7c8d0cbbab341?pvs=21),General (https://app.notion.com/p/General-1fe52a1550c180d89a84f6b6694a42f5?pvs=21),14765
2023/07/05,銅鑼燒,,NT$63.00,Food (https://app.notion.com/p/Food-1de52a1550c1808585f7c8d0cbbab341?pvs=21),General (https://app.notion.com/p/General-1fe52a1550c180d89a84f6b6694a42f5?pvs=21),14765
2023/07/05,牛奶,,NT$102.00,Food (https://app.notion.com/p/Food-1de52a1550c1808585f7c8d0cbbab341?pvs=21),General (https://app.notion.com/p/General-1fe52a1550c180d89a84f6b6694a42f5?pvs=21),14765
2023/07/05,iPad Air 5 Penoval AX Ultra iPad觸控筆,,"NT$1,830.00",Fun (https://app.notion.com/p/Fun-1de52a1550c180f197e2ff3116ec3fa2?pvs=21),Dream (https://app.notion.com/p/Dream-1de52a1550c180a4bc6eee5e921cbc2d?pvs=21),17809
2023/07/05,iPad Air 5 Magnetix 防摔磁吸可拆式藍牙無線鍵盤保護殼,,"NT$1,700.00",Fun (https://app.notion.com/p/Fun-1de52a1550c180f197e2ff3116ec3fa2?pvs=21),Dream (https://app.notion.com/p/Dream-1de52a1550c180a4bc6eee5e921cbc2d?pvs=21),17809
2023/07/05,iPad Air 5,,"NT$22,899.00",Fun (https://app.notion.com/p/Fun-1de52a1550c180f197e2ff3116ec3fa2?pvs=21),Dream (https://app.notion.com/p/Dream-1de52a1550c180a4bc6eee5e921cbc2d?pvs=21),17809
2023/07/05,iPad Air 5 保護貼,,NT$790.00,Fun (https://app.notion.com/p/Fun-1de52a1550c180f197e2ff3116ec3fa2?pvs=21),Dream (https://app.notion.com/p/Dream-1de52a1550c180a4bc6eee5e921cbc2d?pvs=21),17809
2023/07/05,綠茶,,NT$20.00,Food (https://app.notion.com/p/Food-1de52a1550c1808585f7c8d0cbbab341?pvs=21),General (https://app.notion.com/p/General-1fe52a1550c180d89a84f6b6694a42f5?pvs=21),14765
2023/07/05,汽車燃料費,,"NT$6,180.00",Traffic (https://app.notion.com/p/Traffic-1de52a1550c1807b8ff6e40f804e1127?pvs=21),Fixed (https://app.notion.com/p/Fixed-1de52a1550c180f19995d25cbc6f1038?pvs=21),6876
2023/07/05,紅茶,,NT$20.00,Food (https://app.notion.com/p/Food-1de52a1550c1808585f7c8d0cbbab341?pvs=21),General (https://app.notion.com/p/General-1fe52a1550c180d89a84f6b6694a42f5?pvs=21),14765
2023/07/05,牛奶,,NT$35.00,Food (https://app.notion.com/p/Food-1de52a1550c1808585f7c8d0cbbab341?pvs=21),General (https://app.notion.com/p/General-1fe52a1550c180d89a84f6b6694a42f5?pvs=21),14765
2023/07/04,豆漿,,NT$18.00,Food (https://app.notion.com/p/Food-1de52a1550c1808585f7c8d0cbbab341?pvs=21),General (https://app.notion.com/p/General-1fe52a1550c180d89a84f6b6694a42f5?pvs=21),15357
2023/07/04,冬片仔加珍珠,,NT$55.00,Food (https://app.notion.com/p/Food-1de52a1550c1808585f7c8d0cbbab341?pvs=21),General (https://app.notion.com/p/General-1fe52a1550c180d89a84f6b6694a42f5?pvs=21),15357
2023/07/04,遊麵館涼麵*2,,NT$140.00,Food (https://app.notion.com/p/Food-1de52a1550c1808585f7c8d0cbbab341?pvs=21),General (https://app.notion.com/p/General-1fe52a1550c180d89a84f6b6694a42f5?pvs=21),15357
2023/07/03,零食,,NT$20.00,Food (https://app.notion.com/p/Food-1de52a1550c1808585f7c8d0cbbab341?pvs=21),General (https://app.notion.com/p/General-1fe52a1550c180d89a84f6b6694a42f5?pvs=21),15570
2023/07/03,綠茶,,NT$25.00,Food (https://app.notion.com/p/Food-1de52a1550c1808585f7c8d0cbbab341?pvs=21),General (https://app.notion.com/p/General-1fe52a1550c180d89a84f6b6694a42f5?pvs=21),15570
2023/07/03,紅茶,,NT$20.00,Food (https://app.notion.com/p/Food-1de52a1550c1808585f7c8d0cbbab341?pvs=21),General (https://app.notion.com/p/General-1fe52a1550c180d89a84f6b6694a42f5?pvs=21),15570
2023/07/02,牛肋條,,"NT$1,193.00",Food (https://app.notion.com/p/Food-1de52a1550c1808585f7c8d0cbbab341?pvs=21),General (https://app.notion.com/p/General-1fe52a1550c180d89a84f6b6694a42f5?pvs=21),15635
2023/07/02,香蒜海鮮義大利麵,,NT$569.00,Food (https://app.notion.com/p/Food-1de52a1550c1808585f7c8d0cbbab341?pvs=21),General (https://app.notion.com/p/General-1fe52a1550c180d89a84f6b6694a42f5?pvs=21),15635
2023/07/02,巧克力法式薄餅,,NT$195.00,Food (https://app.notion.com/p/Food-1de52a1550c1808585f7c8d0cbbab341?pvs=21),General (https://app.notion.com/p/General-1fe52a1550c180d89a84f6b6694a42f5?pvs=21),15635
2023/07/02,洋蔥牛肉米漢堡,,NT$549.00,Food (https://app.notion.com/p/Food-1de52a1550c1808585f7c8d0cbbab341?pvs=21),General (https://app.notion.com/p/General-1fe52a1550c180d89a84f6b6694a42f5?pvs=21),15635
2023/07/02,汽車加油,,"NT$1,629.00",Traffic (https://app.notion.com/p/Traffic-1de52a1550c1807b8ff6e40f804e1127?pvs=21),General (https://app.notion.com/p/General-1fe52a1550c180d89a84f6b6694a42f5?pvs=21),15635
2023/07/02,奇異果綜合果汁,,NT$214.00,Food (https://app.notion.com/p/Food-1de52a1550c1808585f7c8d0cbbab341?pvs=21),General (https://app.notion.com/p/General-1fe52a1550c180d89a84f6b6694a42f5?pvs=21),15635
2023/07/02,叮哥,,NT$90.00,Food (https://app.notion.com/p/Food-1de52a1550c1808585f7c8d0cbbab341?pvs=21),General (https://app.notion.com/p/General-1fe52a1550c180d89a84f6b6694a42f5?pvs=21),15635
2023/07/02,衛生棉條(量多)*2,,NT$588.00,Other (https://app.notion.com/p/Other-1de52a1550c1810a92c1c432337241e8?pvs=21),General (https://app.notion.com/p/General-1fe52a1550c180d89a84f6b6694a42f5?pvs=21),15635
2023/07/02,衛生棉條(一般)*2,,NT$528.00,Other (https://app.notion.com/p/Other-1de52a1550c1810a92c1c432337241e8?pvs=21),General (https://app.notion.com/p/General-1fe52a1550c180d89a84f6b6694a42f5?pvs=21),15635
2023/07/02,匯給媽,,"NT$6,000.00",Family (https://app.notion.com/p/Family-1de52a1550c181faa107fcc0a73d8120?pvs=21),Fixed (https://app.notion.com/p/Fixed-1de52a1550c180f19995d25cbc6f1038?pvs=21),13056
2023/06/30,花旗6月General Account,,"NT$4,787.00",Other (https://app.notion.com/p/Other-1de52a1550c1810a92c1c432337241e8?pvs=21),General (https://app.notion.com/p/General-1fe52a1550c180d89a84f6b6694a42f5?pvs=21),-21070
2023/06/30,國泰6月General Account,,"NT$13,478.00",Other (https://app.notion.com/p/Other-1de52a1550c1810a92c1c432337241e8?pvs=21),General (https://app.notion.com/p/General-1fe52a1550c180d89a84f6b6694a42f5?pvs=21),-21070
2023/06/30,六月富邦General Account,,"NT$3,601.00",Other (https://app.notion.com/p/Other-1de52a1550c1810a92c1c432337241e8?pvs=21),General (https://app.notion.com/p/General-1fe52a1550c180d89a84f6b6694a42f5?pvs=21),-21070
2023/06/18,飲料,,NT$90.00,Food (https://app.notion.com/p/Food-1de52a1550c1808585f7c8d0cbbab341?pvs=21),General (https://app.notion.com/p/General-1fe52a1550c180d89a84f6b6694a42f5?pvs=21),-204
2023/06/18,咖啡,,NT$49.00,Food (https://app.notion.com/p/Food-1de52a1550c1808585f7c8d0cbbab341?pvs=21),General (https://app.notion.com/p/General-1fe52a1550c180d89a84f6b6694a42f5?pvs=21),-204
2023/06/18,飲料,,NT$65.00,Food (https://app.notion.com/p/Food-1de52a1550c1808585f7c8d0cbbab341?pvs=21),General (https://app.notion.com/p/General-1fe52a1550c180d89a84f6b6694a42f5?pvs=21),-204